version,run_id,experiment_kind,condition_id,replicate_index,batch.version,batch.batch_run_id,batch.shuffle,batch.order_seed,batch.warmup_runs,execution_order_index,timestamp_utc,seed,profile,artifact.experiment_record_json_bytes,environment.python_version,environment.python_implementation,environment.numpy_version,environment.liboqs_python_version,environment.liboqs_version,environment.cryptography_version,environment.quantumsec_version,environment.os,environment.os_release,environment.os_version,environment.machine_architecture,environment.cpu_identifier,environment.git_commit_sha,environment.git_worktree_dirty,config.version,config.experiment_kind,config.condition_id,config.replicate_index,config.seed,config.session.version,config.session.profile,config.session.qkd_authentication_profile,config.session.qkd_signal_count,config.session.qkd_postprocessing,config.session.internal_pqc_profile,config.tags,config_json,qkd_stages_json,provisioning.pqc_identities,provisioning.qkd_authentication_material,provisioning.qkd_authentication_material_bytes_per_direction,provisioning.pqc_alice_identity_generation_time_ns,provisioning.pqc_bob_identity_generation_time_ns,provisioning.pqc_total_identity_generation_time_ns,provisioning.pqc_public_identity_bytes,provisioning.included_in_session_timings,result.version,result.session_id,result.profile,result.status,result.abort_reason,result.established_key.type,result.established_key.bit_length,result.provenance_json,result.authentication_json,result.public_context_json,metrics.qkd.simulation_time_ns,metrics.qkd.n_raw,metrics.qkd.n_sifted,metrics.qkd.n_disclosed,metrics.qkd.n_candidate,metrics.qkd.n_reconciled,metrics.qkd.n_final,metrics.qkd.sifting_efficiency,metrics.qkd.final_secret_fraction,metrics.qkd.estimated_qber_z,metrics.qkd.estimated_qber_x,metrics.qkd.estimated_qber_aggregated,metrics.qkd.estimated_z_errors,metrics.qkd.estimated_z_trials,metrics.qkd.estimated_x_errors,metrics.qkd.estimated_x_trials,metrics.qkd.estimated_aggregate_errors,metrics.qkd.estimated_aggregate_trials,metrics.qkd.phase_error_bound,metrics.qkd.diagnostic_full_sifted_qber,metrics.qkd.diagnostic_qber_z,metrics.qkd.diagnostic_qber_x,metrics.qkd.diagnostic_qber_aggregated,metrics.qkd.transcript_bytes,metrics.pqc.internal_profile,metrics.pqc.algorithms,metrics.pqc.server_offer_time_ns,metrics.pqc.server_processing_time_ns,metrics.pqc.client_exchange_time_ns,metrics.pqc.client_processing_time_ns,metrics.pqc.key_schedule_time_ns,metrics.pqc.confirmation_time_ns,metrics.pqc.crypto_software_time_ns,metrics.pqc.ml_kem_keygen_time_ns,metrics.pqc.hqc_keygen_time_ns,metrics.pqc.server_offer_sign_time_ns,metrics.pqc.server_offer_verify_time_ns,metrics.pqc.ml_kem_encapsulate_time_ns,metrics.pqc.hqc_encapsulate_time_ns,metrics.pqc.client_exchange_sign_time_ns,metrics.pqc.client_exchange_verify_time_ns,metrics.pqc.ml_kem_decapsulate_time_ns,metrics.pqc.hqc_decapsulate_time_ns,metrics.pqc.transcript_construction_hash_time_ns,metrics.pqc.kem_combiner_encoding_time_ns,metrics.pqc.hkdf_session_time_ns,metrics.pqc.hkdf_confirmation_time_ns,metrics.pqc.finished_generation_time_ns,metrics.pqc.finished_verification_time_ns,metrics.pqc.kem_public_key_bytes,metrics.pqc.kem_ciphertext_bytes,metrics.pqc.canonical_protocol_bytes,metrics.pqc.transcript_bytes,metrics.pqc.signature_bytes,metrics.pqc.finished_bytes,metrics.pqc.public_key_provisioning_bytes,metrics.pqc.serialized_transport_bytes,metrics.qkd_authentication.mechanism,metrics.qkd_authentication.algorithm,metrics.qkd_authentication.family,metrics.qkd_authentication.authenticated_bytes,metrics.qkd_authentication.evidence_bytes,metrics.qkd_authentication.checkpoints,metrics.qkd_authentication.generation_operations,metrics.qkd_authentication.verification_operations,metrics.qkd_authentication.generation_time_ns,metrics.qkd_authentication.verification_time_ns,metrics.qkd_authentication.total_time_ns,metrics.qkd_authentication.trust_assumption,metrics.qkd_authentication.secret_bits_consumed,metrics.qkd_authentication.public_key_provisioning_bytes,metrics.qkd_authentication.forgery_bound,metrics.qkd_authentication.runtime_environment,metrics.pqc_authentication.mechanism,metrics.pqc_authentication.algorithm,metrics.pqc_authentication.executed,metrics.pqc_authentication.verified,metrics.pqc_authentication.signatures_generated,metrics.pqc_authentication.signatures_verified,metrics.pqc_authentication.signature_bytes,metrics.pqc_authentication.trust_assumption,metrics.hybrid.component_count,metrics.hybrid.component_metadata_bytes,metrics.hybrid.qkd_contribution_bits,metrics.hybrid.ml_kem_contribution_bytes,metrics.hybrid.hqc_contribution_bytes,metrics.hybrid.canonical_combiner_input_bytes,metrics.hybrid.encoding_overhead_bytes,metrics.hybrid.public_context_bytes,metrics.hybrid.encoding_time_ns,metrics.hybrid.hkdf_session_time_ns,metrics.hybrid.hkdf_confirmation_time_ns,metrics.hybrid.finished_generation_time_ns,metrics.hybrid.finished_verification_time_ns,metrics.hybrid.finished_responder_bytes,metrics.hybrid.finished_initiator_bytes,metrics.hybrid.derived_session_key_bits,metrics.orchestration_software_wall_time_ns,trace_json
1,e48d65d2-9238-46cc-8d9d-3f2d404f0cbd,E4,qkd-assumed,0,1,56c8ad76-db70-4b39-af35-178c87347a7f,false,,0,0,2026-09-08T08:14:41.689713+00:00,14327934917155077723,QKD-ASSUMED,6197,3.14.7,CPython,2.5.0,0.16.0,0.16.0,50.0.1,0.1.0,Windows,11,10.0.26200,AMD64,"Intel64 Family 6 Model 158 Stepping 12, GenuineIntel",ac46477bb374bde1c0ace1ef0bcfbc26b199dcfa,true,1,E4,qkd-assumed,0,14327934917155077723,1,QKD-ASSUMED,QKD-ASSUMED,8192,"{""cascade_initial_block_factor"":0.73,""cascade_maximum_initial_block_size"":null,""cascade_maximum_lookback_steps"":null,""cascade_passes"":4,""phase_error_abort_threshold"":0.11,""sample_fraction"":0.2,""security_margin_bits"":0,""verification_tag_length"":32}",,[],"{""condition_id"":""qkd-assumed"",""experiment_kind"":""E4"",""qkd_stages"":[{""type"":""identity""}],""replicate_index"":0,""seed"":14327934917155077723,""session"":{""internal_pqc_profile"":null,""profile"":""QKD-ASSUMED"",""qkd_authentication_profile"":""QKD-ASSUMED"",""qkd_postprocessing"":{""cascade_initial_block_factor"":0.73,""cascade_maximum_initial_block_size"":null,""cascade_maximum_lookback_steps"":null,""cascade_passes"":4,""phase_error_abort_threshold"":0.11,""sample_fraction"":0.2,""security_margin_bits"":0,""verification_tag_length"":32},""qkd_signal_count"":8192,""version"":1},""tags"":[],""version"":1}","[{""type"":""identity""}]",,authentication explicitly assumed; no runtime material,,,,,,false,1,e3ff03d1705b4417ffdd1dd70bb2f661,QKD-ASSUMED,established,,qkd_bitstring,3254,"[{""algorithm"":""privacy-amplified-bitstring"",""bit_length"":3254,""byte_length"":407,""encoding"":""big-endian packed bits with explicit bit length"",""position"":1,""protocol"":""BB84"",""source"":""qkd""}]","{""pqc_exchange"":null,""qkd_classical"":{""algorithm"":""none"",""executed"":false,""mechanism"":""assumed"",""purpose"":""QKD classical transcript authentication"",""trust_assumption"":""The classical BB84 channel is assumed authenticated externally."",""verified"":null}}","{""qkd_transcript_hash_sha384"":""2a08b7b4e17414778541f729bb8342189925606506174e4514bbf6a3de04a53d48b1c4a029b92934d435a2cf93c2a886"",""qkd_transcript_version"":1}",1211913600,8192,4114,824,3290,3290,3254,0.502197265625,0.397216796875,0.0,0.0,0.0,0,408,0,416,0,824,0.0,0.0,0.0,0.0,0.0,385957,,,,,,,,,,,,,,,,,,,,,,,,,,,,,,,,,,assumed,none,none,0,0,0,0,0,0,0,0,The classical BB84 channel is assumed authenticated externally.,,,,"{""implementation"":""cpython"",""platform"":""Windows-11-10.0.26200-SP0"",""processor"":""Intel64 Family 6 Model 158 Stepping 12, GenuineIntel"",""python"":""3.14.7""}",,,,,,,,,,,,,,,,,,,,,,,,,1211913600,"{""events"":[{""detail"":""QKD-ASSUMED"",""sequence"":0,""source"":""session"",""stage"":""session"",""state"":""started""},{""detail"":""BB84 post-processing completed."",""sequence"":1,""source"":""qkd"",""stage"":""bb84"",""state"":""completed""},{""detail"":""The classical BB84 channel is assumed authenticated externally."",""sequence"":2,""source"":""qkd"",""stage"":""classical_authentication"",""state"":""assumed_not_executed""},{""detail"":""Final key released after all profile checks."",""sequence"":3,""source"":""qkd"",""stage"":""key_release"",""state"":""released""},{""detail"":""Authenticated QKD key released."",""sequence"":4,""source"":""session"",""stage"":""session"",""state"":""established""}],""version"":1}"
1,6f4afb4e-5e80-465b-af08-fad380e80828,E4,qkd-assumed,1,1,56c8ad76-db70-4b39-af35-178c87347a7f,false,,0,1,2026-09-08T08:14:42.964603+00:00,413816883879677169,QKD-ASSUMED,6189,3.14.7,CPython,2.5.0,0.16.0,0.16.0,50.0.1,0.1.0,Windows,11,10.0.26200,AMD64,"Intel64 Family 6 Model 158 Stepping 12, GenuineIntel",ac46477bb374bde1c0ace1ef0bcfbc26b199dcfa,true,1,E4,qkd-assumed,1,413816883879677169,1,QKD-ASSUMED,QKD-ASSUMED,8192,"{""cascade_initial_block_factor"":0.73,""cascade_maximum_initial_block_size"":null,""cascade_maximum_lookback_steps"":null,""cascade_passes"":4,""phase_error_abort_threshold"":0.11,""sample_fraction"":0.2,""security_margin_bits"":0,""verification_tag_length"":32}",,[],"{""condition_id"":""qkd-assumed"",""experiment_kind"":""E4"",""qkd_stages"":[{""type"":""identity""}],""replicate_index"":1,""seed"":413816883879677169,""session"":{""internal_pqc_profile"":null,""profile"":""QKD-ASSUMED"",""qkd_authentication_profile"":""QKD-ASSUMED"",""qkd_postprocessing"":{""cascade_initial_block_factor"":0.73,""cascade_maximum_initial_block_size"":null,""cascade_maximum_lookback_steps"":null,""cascade_passes"":4,""phase_error_abort_threshold"":0.11,""sample_fraction"":0.2,""security_margin_bits"":0,""verification_tag_length"":32},""qkd_signal_count"":8192,""version"":1},""tags"":[],""version"":1}","[{""type"":""identity""}]",,authentication explicitly assumed; no runtime material,,,,,,false,1,d0c3c7752ade3aed6bed1dd0cebb0163,QKD-ASSUMED,established,,qkd_bitstring,3266,"[{""algorithm"":""privacy-amplified-bitstring"",""bit_length"":3266,""byte_length"":409,""encoding"":""big-endian packed bits with explicit bit length"",""position"":1,""protocol"":""BB84"",""source"":""qkd""}]","{""pqc_exchange"":null,""qkd_classical"":{""algorithm"":""none"",""executed"":false,""mechanism"":""assumed"",""purpose"":""QKD classical transcript authentication"",""trust_assumption"":""The classical BB84 channel is assumed authenticated externally."",""verified"":null}}","{""qkd_transcript_hash_sha384"":""fc99fd9455b826014f117b224d9bda526f5d14065ef707d0647dab52e7d6abcc1cbc3f3bb39c284f53f2dff6a569f358"",""qkd_transcript_version"":1}",1202516700,8192,4128,826,3302,3302,3266,0.50390625,0.398681640625,0.0,0.0,0.0,0,413,0,413,0,826,0.0,0.0,0.0,0.0,0.0,387263,,,,,,,,,,,,,,,,,,,,,,,,,,,,,,,,,,assumed,none,none,0,0,0,0,0,0,0,0,The classical BB84 channel is assumed authenticated externally.,,,,"{""implementation"":""cpython"",""platform"":""Windows-11-10.0.26200-SP0"",""processor"":""Intel64 Family 6 Model 158 Stepping 12, GenuineIntel"",""python"":""3.14.7""}",,,,,,,,,,,,,,,,,,,,,,,,,1202516700,"{""events"":[{""detail"":""QKD-ASSUMED"",""sequence"":0,""source"":""session"",""stage"":""session"",""state"":""started""},{""detail"":""BB84 post-processing completed."",""sequence"":1,""source"":""qkd"",""stage"":""bb84"",""state"":""completed""},{""detail"":""The classical BB84 channel is assumed authenticated externally."",""sequence"":2,""source"":""qkd"",""stage"":""classical_authentication"",""state"":""assumed_not_executed""},{""detail"":""Final key released after all profile checks."",""sequence"":3,""source"":""qkd"",""stage"":""key_release"",""state"":""released""},{""detail"":""Authenticated QKD key released."",""sequence"":4,""source"":""session"",""stage"":""session"",""state"":""established""}],""version"":1}"
1,b7af42f3-6287-492a-b186-980e665e3d0b,E4,qkd-assumed,2,1,56c8ad76-db70-4b39-af35-178c87347a7f,false,,0,2,2026-09-08T08:14:44.220745+00:00,4329508962185659615,QKD-ASSUMED,6197,3.14.7,CPython,2.5.0,0.16.0,0.16.0,50.0.1,0.1.0,Windows,11,10.0.26200,AMD64,"Intel64 Family 6 Model 158 Stepping 12, GenuineIntel",ac46477bb374bde1c0ace1ef0bcfbc26b199dcfa,true,1,E4,qkd-assumed,2,4329508962185659615,1,QKD-ASSUMED,QKD-ASSUMED,8192,"{""cascade_initial_block_factor"":0.73,""cascade_maximum_initial_block_size"":null,""cascade_maximum_lookback_steps"":null,""cascade_passes"":4,""phase_error_abort_threshold"":0.11,""sample_fraction"":0.2,""security_margin_bits"":0,""verification_tag_length"":32}",,[],"{""condition_id"":""qkd-assumed"",""experiment_kind"":""E4"",""qkd_stages"":[{""type"":""identity""}],""replicate_index"":2,""seed"":4329508962185659615,""session"":{""internal_pqc_profile"":null,""profile"":""QKD-ASSUMED"",""qkd_authentication_profile"":""QKD-ASSUMED"",""qkd_postprocessing"":{""cascade_initial_block_factor"":0.73,""cascade_maximum_initial_block_size"":null,""cascade_maximum_lookback_steps"":null,""cascade_passes"":4,""phase_error_abort_threshold"":0.11,""sample_fraction"":0.2,""security_margin_bits"":0,""verification_tag_length"":32},""qkd_signal_count"":8192,""version"":1},""tags"":[],""version"":1}","[{""type"":""identity""}]",,authentication explicitly assumed; no runtime material,,,,,,false,1,aff8ad5033cb5df7c8324bb7808b7778,QKD-ASSUMED,established,,qkd_bitstring,3287,"[{""algorithm"":""privacy-amplified-bitstring"",""bit_length"":3287,""byte_length"":411,""encoding"":""big-endian packed bits with explicit bit length"",""position"":1,""protocol"":""BB84"",""source"":""qkd""}]","{""pqc_exchange"":null,""qkd_classical"":{""algorithm"":""none"",""executed"":false,""mechanism"":""assumed"",""purpose"":""QKD classical transcript authentication"",""trust_assumption"":""The classical BB84 channel is assumed authenticated externally."",""verified"":null}}","{""qkd_transcript_hash_sha384"":""8e0e22d2a255fec16c06c061f3310cb5441b5cc605f62831df366527073edc48df2f4cd1016522c291c9c4dd385ffe0c"",""qkd_transcript_version"":1}",1196532200,8192,4155,832,3323,3323,3287,0.5072021484375,0.4012451171875,0.0,0.0,0.0,0,418,0,414,0,832,0.0,0.0,0.0,0.0,0.0,389612,,,,,,,,,,,,,,,,,,,,,,,,,,,,,,,,,,assumed,none,none,0,0,0,0,0,0,0,0,The classical BB84 channel is assumed authenticated externally.,,,,"{""implementation"":""cpython"",""platform"":""Windows-11-10.0.26200-SP0"",""processor"":""Intel64 Family 6 Model 158 Stepping 12, GenuineIntel"",""python"":""3.14.7""}",,,,,,,,,,,,,,,,,,,,,,,,,1196532200,"{""events"":[{""detail"":""QKD-ASSUMED"",""sequence"":0,""source"":""session"",""stage"":""session"",""state"":""started""},{""detail"":""BB84 post-processing completed."",""sequence"":1,""source"":""qkd"",""stage"":""bb84"",""state"":""completed""},{""detail"":""The classical BB84 channel is assumed authenticated externally."",""sequence"":2,""source"":""qkd"",""stage"":""classical_authentication"",""state"":""assumed_not_executed""},{""detail"":""Final key released after all profile checks."",""sequence"":3,""source"":""qkd"",""stage"":""key_release"",""state"":""released""},{""detail"":""Authenticated QKD key released."",""sequence"":4,""source"":""session"",""stage"":""session"",""state"":""established""}],""version"":1}"
1,f3ea9f56-a426-498c-a058-1d89ffc3800c,E4,qkd-assumed,3,1,56c8ad76-db70-4b39-af35-178c87347a7f,false,,0,3,2026-09-08T08:14:45.476545+00:00,6532525794140855910,QKD-ASSUMED,6192,3.14.7,CPython,2.5.0,0.16.0,0.16.0,50.0.1,0.1.0,Windows,11,10.0.26200,AMD64,"Intel64 Family 6 Model 158 Stepping 12, GenuineIntel",ac46477bb374bde1c0ace1ef0bcfbc26b199dcfa,true,1,E4,qkd-assumed,3,6532525794140855910,1,QKD-ASSUMED,QKD-ASSUMED,8192,"{""cascade_initial_block_factor"":0.73,""cascade_maximum_initial_block_size"":null,""cascade_maximum_lookback_steps"":null,""cascade_passes"":4,""phase_error_abort_threshold"":0.11,""sample_fraction"":0.2,""security_margin_bits"":0,""verification_tag_length"":32}",,[],"{""condition_id"":""qkd-assumed"",""experiment_kind"":""E4"",""qkd_stages"":[{""type"":""identity""}],""replicate_index"":3,""seed"":6532525794140855910,""session"":{""internal_pqc_profile"":null,""profile"":""QKD-ASSUMED"",""qkd_authentication_profile"":""QKD-ASSUMED"",""qkd_postprocessing"":{""cascade_initial_block_factor"":0.73,""cascade_maximum_initial_block_size"":null,""cascade_maximum_lookback_steps"":null,""cascade_passes"":4,""phase_error_abort_threshold"":0.11,""sample_fraction"":0.2,""security_margin_bits"":0,""verification_tag_length"":32},""qkd_signal_count"":8192,""version"":1},""tags"":[],""version"":1}","[{""type"":""identity""}]",,authentication explicitly assumed; no runtime material,,,,,,false,1,f6273124f1e6fb55c4ae65b4ce0f8d04,QKD-ASSUMED,established,,qkd_bitstring,3248,"[{""algorithm"":""privacy-amplified-bitstring"",""bit_length"":3248,""byte_length"":406,""encoding"":""big-endian packed bits with explicit bit length"",""position"":1,""protocol"":""BB84"",""source"":""qkd""}]","{""pqc_exchange"":null,""qkd_classical"":{""algorithm"":""none"",""executed"":false,""mechanism"":""assumed"",""purpose"":""QKD classical transcript authentication"",""trust_assumption"":""The classical BB84 channel is assumed authenticated externally."",""verified"":null}}","{""qkd_transcript_hash_sha384"":""a2f76d573a14429abc34f768b18a24699e0325f45549ce68ab827177f6f8efb1811bf99c914e8bd8318721508c31e600"",""qkd_transcript_version"":1}",1194609900,8192,4106,822,3284,3284,3248,0.501220703125,0.396484375,0.0,0.0,0.0,0,414,0,408,0,822,0.0,0.0,0.0,0.0,0.0,385279,,,,,,,,,,,,,,,,,,,,,,,,,,,,,,,,,,assumed,none,none,0,0,0,0,0,0,0,0,The classical BB84 channel is assumed authenticated externally.,,,,"{""implementation"":""cpython"",""platform"":""Windows-11-10.0.26200-SP0"",""processor"":""Intel64 Family 6 Model 158 Stepping 12, GenuineIntel"",""python"":""3.14.7""}",,,,,,,,,,,,,,,,,,,,,,,,,1194609900,"{""events"":[{""detail"":""QKD-ASSUMED"",""sequence"":0,""source"":""session"",""stage"":""session"",""state"":""started""},{""detail"":""BB84 post-processing completed."",""sequence"":1,""source"":""qkd"",""stage"":""bb84"",""state"":""completed""},{""detail"":""The classical BB84 channel is assumed authenticated externally."",""sequence"":2,""source"":""qkd"",""stage"":""classical_authentication"",""state"":""assumed_not_executed""},{""detail"":""Final key released after all profile checks."",""sequence"":3,""source"":""qkd"",""stage"":""key_release"",""state"":""released""},{""detail"":""Authenticated QKD key released."",""sequence"":4,""source"":""session"",""stage"":""session"",""state"":""established""}],""version"":1}"
1,c3417644-90fb-4584-b0af-8d1a81781aa7,E4,qkd-assumed,4,1,56c8ad76-db70-4b39-af35-178c87347a7f,false,,0,4,2026-09-08T08:14:46.711903+00:00,7811283088207913226,QKD-ASSUMED,6197,3.14.7,CPython,2.5.0,0.16.0,0.16.0,50.0.1,0.1.0,Windows,11,10.0.26200,AMD64,"Intel64 Family 6 Model 158 Stepping 12, GenuineIntel",ac46477bb374bde1c0ace1ef0bcfbc26b199dcfa,true,1,E4,qkd-assumed,4,7811283088207913226,1,QKD-ASSUMED,QKD-ASSUMED,8192,"{""cascade_initial_block_factor"":0.73,""cascade_maximum_initial_block_size"":null,""cascade_maximum_lookback_steps"":null,""cascade_passes"":4,""phase_error_abort_threshold"":0.11,""sample_fraction"":0.2,""security_margin_bits"":0,""verification_tag_length"":32}",,[],"{""condition_id"":""qkd-assumed"",""experiment_kind"":""E4"",""qkd_stages"":[{""type"":""identity""}],""replicate_index"":4,""seed"":7811283088207913226,""session"":{""internal_pqc_profile"":null,""profile"":""QKD-ASSUMED"",""qkd_authentication_profile"":""QKD-ASSUMED"",""qkd_postprocessing"":{""cascade_initial_block_factor"":0.73,""cascade_maximum_initial_block_size"":null,""cascade_maximum_lookback_steps"":null,""cascade_passes"":4,""phase_error_abort_threshold"":0.11,""sample_fraction"":0.2,""security_margin_bits"":0,""verification_tag_length"":32},""qkd_signal_count"":8192,""version"":1},""tags"":[],""version"":1}","[{""type"":""identity""}]",,authentication explicitly assumed; no runtime material,,,,,,false,1,ac03720334195382a63177d071bf9c44,QKD-ASSUMED,established,,qkd_bitstring,3223,"[{""algorithm"":""privacy-amplified-bitstring"",""bit_length"":3223,""byte_length"":403,""encoding"":""big-endian packed bits with explicit bit length"",""position"":1,""protocol"":""BB84"",""source"":""qkd""}]","{""pqc_exchange"":null,""qkd_classical"":{""algorithm"":""none"",""executed"":false,""mechanism"":""assumed"",""purpose"":""QKD classical transcript authentication"",""trust_assumption"":""The classical BB84 channel is assumed authenticated externally."",""verified"":null}}","{""qkd_transcript_hash_sha384"":""bfa6a5f0213d259f8363e6850919ce369ee1023ea908a8d76154b53784d67672293852cd4c21149249759c7f18b362a8"",""qkd_transcript_version"":1}",1175873600,8192,4075,816,3259,3259,3223,0.4974365234375,0.3934326171875,0.0,0.0,0.0,0,407,0,409,0,816,0.0,0.0,0.0,0.0,0.0,382512,,,,,,,,,,,,,,,,,,,,,,,,,,,,,,,,,,assumed,none,none,0,0,0,0,0,0,0,0,The classical BB84 channel is assumed authenticated externally.,,,,"{""implementation"":""cpython"",""platform"":""Windows-11-10.0.26200-SP0"",""processor"":""Intel64 Family 6 Model 158 Stepping 12, GenuineIntel"",""python"":""3.14.7""}",,,,,,,,,,,,,,,,,,,,,,,,,1175873600,"{""events"":[{""detail"":""QKD-ASSUMED"",""sequence"":0,""source"":""session"",""stage"":""session"",""state"":""started""},{""detail"":""BB84 post-processing completed."",""sequence"":1,""source"":""qkd"",""stage"":""bb84"",""state"":""completed""},{""detail"":""The classical BB84 channel is assumed authenticated externally."",""sequence"":2,""source"":""qkd"",""stage"":""classical_authentication"",""state"":""assumed_not_executed""},{""detail"":""Final key released after all profile checks."",""sequence"":3,""source"":""qkd"",""stage"":""key_release"",""state"":""released""},{""detail"":""Authenticated QKD key released."",""sequence"":4,""source"":""session"",""stage"":""session"",""state"":""established""}],""version"":1}"
1,90b0e658-aa5a-4773-98ce-424502bb6371,E4,qkd-assumed,5,1,56c8ad76-db70-4b39-af35-178c87347a7f,false,,0,5,2026-09-08T08:14:47.965451+00:00,17512099039323472428,QKD-ASSUMED,6197,3.14.7,CPython,2.5.0,0.16.0,0.16.0,50.0.1,0.1.0,Windows,11,10.0.26200,AMD64,"Intel64 Family 6 Model 158 Stepping 12, GenuineIntel",ac46477bb374bde1c0ace1ef0bcfbc26b199dcfa,true,1,E4,qkd-assumed,5,17512099039323472428,1,QKD-ASSUMED,QKD-ASSUMED,8192,"{""cascade_initial_block_factor"":0.73,""cascade_maximum_initial_block_size"":null,""cascade_maximum_lookback_steps"":null,""cascade_passes"":4,""phase_error_abort_threshold"":0.11,""sample_fraction"":0.2,""security_margin_bits"":0,""verification_tag_length"":32}",,[],"{""condition_id"":""qkd-assumed"",""experiment_kind"":""E4"",""qkd_stages"":[{""type"":""identity""}],""replicate_index"":5,""seed"":17512099039323472428,""session"":{""internal_pqc_profile"":null,""profile"":""QKD-ASSUMED"",""qkd_authentication_profile"":""QKD-ASSUMED"",""qkd_postprocessing"":{""cascade_initial_block_factor"":0.73,""cascade_maximum_initial_block_size"":null,""cascade_maximum_lookback_steps"":null,""cascade_passes"":4,""phase_error_abort_threshold"":0.11,""sample_fraction"":0.2,""security_margin_bits"":0,""verification_tag_length"":32},""qkd_signal_count"":8192,""version"":1},""tags"":[],""version"":1}","[{""type"":""identity""}]",,authentication explicitly assumed; no runtime material,,,,,,false,1,8db504bab8370b28c0b165ccdb8781b1,QKD-ASSUMED,established,,qkd_bitstring,3252,"[{""algorithm"":""privacy-amplified-bitstring"",""bit_length"":3252,""byte_length"":407,""encoding"":""big-endian packed bits with explicit bit length"",""position"":1,""protocol"":""BB84"",""source"":""qkd""}]","{""pqc_exchange"":null,""qkd_classical"":{""algorithm"":""none"",""executed"":false,""mechanism"":""assumed"",""purpose"":""QKD classical transcript authentication"",""trust_assumption"":""The classical BB84 channel is assumed authenticated externally."",""verified"":null}}","{""qkd_transcript_hash_sha384"":""05b3d5cad03c71d248b8f79b73fe0333a5ad1e48d3279ce3ae0ccb16665b909ebf28e96cf94518c4112e6835be7230c4"",""qkd_transcript_version"":1}",1191508900,8192,4111,823,3288,3288,3252,0.5018310546875,0.39697265625,0.0,0.0,0.0,0,402,0,421,0,823,0.0,0.0,0.0,0.0,0.0,385722,,,,,,,,,,,,,,,,,,,,,,,,,,,,,,,,,,assumed,none,none,0,0,0,0,0,0,0,0,The classical BB84 channel is assumed authenticated externally.,,,,"{""implementation"":""cpython"",""platform"":""Windows-11-10.0.26200-SP0"",""processor"":""Intel64 Family 6 Model 158 Stepping 12, GenuineIntel"",""python"":""3.14.7""}",,,,,,,,,,,,,,,,,,,,,,,,,1191508900,"{""events"":[{""detail"":""QKD-ASSUMED"",""sequence"":0,""source"":""session"",""stage"":""session"",""state"":""started""},{""detail"":""BB84 post-processing completed."",""sequence"":1,""source"":""qkd"",""stage"":""bb84"",""state"":""completed""},{""detail"":""The classical BB84 channel is assumed authenticated externally."",""sequence"":2,""source"":""qkd"",""stage"":""classical_authentication"",""state"":""assumed_not_executed""},{""detail"":""Final key released after all profile checks."",""sequence"":3,""source"":""qkd"",""stage"":""key_release"",""state"":""released""},{""detail"":""Authenticated QKD key released."",""sequence"":4,""source"":""session"",""stage"":""session"",""state"":""established""}],""version"":1}"
1,0face441-7003-4a8a-91bf-33edf4f86718,E4,qkd-assumed,6,1,56c8ad76-db70-4b39-af35-178c87347a7f,false,,0,6,2026-09-08T08:14:49.219046+00:00,12891939805919851488,QKD-ASSUMED,6194,3.14.7,CPython,2.5.0,0.16.0,0.16.0,50.0.1,0.1.0,Windows,11,10.0.26200,AMD64,"Intel64 Family 6 Model 158 Stepping 12, GenuineIntel",ac46477bb374bde1c0ace1ef0bcfbc26b199dcfa,true,1,E4,qkd-assumed,6,12891939805919851488,1,QKD-ASSUMED,QKD-ASSUMED,8192,"{""cascade_initial_block_factor"":0.73,""cascade_maximum_initial_block_size"":null,""cascade_maximum_lookback_steps"":null,""cascade_passes"":4,""phase_error_abort_threshold"":0.11,""sample_fraction"":0.2,""security_margin_bits"":0,""verification_tag_length"":32}",,[],"{""condition_id"":""qkd-assumed"",""experiment_kind"":""E4"",""qkd_stages"":[{""type"":""identity""}],""replicate_index"":6,""seed"":12891939805919851488,""session"":{""internal_pqc_profile"":null,""profile"":""QKD-ASSUMED"",""qkd_authentication_profile"":""QKD-ASSUMED"",""qkd_postprocessing"":{""cascade_initial_block_factor"":0.73,""cascade_maximum_initial_block_size"":null,""cascade_maximum_lookback_steps"":null,""cascade_passes"":4,""phase_error_abort_threshold"":0.11,""sample_fraction"":0.2,""security_margin_bits"":0,""verification_tag_length"":32},""qkd_signal_count"":8192,""version"":1},""tags"":[],""version"":1}","[{""type"":""identity""}]",,authentication explicitly assumed; no runtime material,,,,,,false,1,20e5c3862c674e25d8088ce5cd2cff01,QKD-ASSUMED,established,,qkd_bitstring,3256,"[{""algorithm"":""privacy-amplified-bitstring"",""bit_length"":3256,""byte_length"":407,""encoding"":""big-endian packed bits with explicit bit length"",""position"":1,""protocol"":""BB84"",""source"":""qkd""}]","{""pqc_exchange"":null,""qkd_classical"":{""algorithm"":""none"",""executed"":false,""mechanism"":""assumed"",""purpose"":""QKD classical transcript authentication"",""trust_assumption"":""The classical BB84 channel is assumed authenticated externally."",""verified"":null}}","{""qkd_transcript_hash_sha384"":""701e352ba061cf8f9f1ba9c440487b13ae56f073b639ab85d11487edcc57c065f8a7de4eae86ef28e1aa9a386f313794"",""qkd_transcript_version"":1}",1192880500,8192,4116,824,3292,3292,3256,0.50244140625,0.3974609375,0.0,0.0,0.0,0,401,0,423,0,824,0.0,0.0,0.0,0.0,0.0,386166,,,,,,,,,,,,,,,,,,,,,,,,,,,,,,,,,,assumed,none,none,0,0,0,0,0,0,0,0,The classical BB84 channel is assumed authenticated externally.,,,,"{""implementation"":""cpython"",""platform"":""Windows-11-10.0.26200-SP0"",""processor"":""Intel64 Family 6 Model 158 Stepping 12, GenuineIntel"",""python"":""3.14.7""}",,,,,,,,,,,,,,,,,,,,,,,,,1192880500,"{""events"":[{""detail"":""QKD-ASSUMED"",""sequence"":0,""source"":""session"",""stage"":""session"",""state"":""started""},{""detail"":""BB84 post-processing completed."",""sequence"":1,""source"":""qkd"",""stage"":""bb84"",""state"":""completed""},{""detail"":""The classical BB84 channel is assumed authenticated externally."",""sequence"":2,""source"":""qkd"",""stage"":""classical_authentication"",""state"":""assumed_not_executed""},{""detail"":""Final key released after all profile checks."",""sequence"":3,""source"":""qkd"",""stage"":""key_release"",""state"":""released""},{""detail"":""Authenticated QKD key released."",""sequence"":4,""source"":""session"",""stage"":""session"",""state"":""established""}],""version"":1}"
1,8937d583-89f9-41a5-aeb4-513d0c5d09a5,E4,qkd-assumed,7,1,56c8ad76-db70-4b39-af35-178c87347a7f,false,,0,7,2026-09-08T08:14:50.513782+00:00,11038604306369993338,QKD-ASSUMED,6198,3.14.7,CPython,2.5.0,0.16.0,0.16.0,50.0.1,0.1.0,Windows,11,10.0.26200,AMD64,"Intel64 Family 6 Model 158 Stepping 12, GenuineIntel",ac46477bb374bde1c0ace1ef0bcfbc26b199dcfa,true,1,E4,qkd-assumed,7,11038604306369993338,1,QKD-ASSUMED,QKD-ASSUMED,8192,"{""cascade_initial_block_factor"":0.73,""cascade_maximum_initial_block_size"":null,""cascade_maximum_lookback_steps"":null,""cascade_passes"":4,""phase_error_abort_threshold"":0.11,""sample_fraction"":0.2,""security_margin_bits"":0,""verification_tag_length"":32}",,[],"{""condition_id"":""qkd-assumed"",""experiment_kind"":""E4"",""qkd_stages"":[{""type"":""identity""}],""replicate_index"":7,""seed"":11038604306369993338,""session"":{""internal_pqc_profile"":null,""profile"":""QKD-ASSUMED"",""qkd_authentication_profile"":""QKD-ASSUMED"",""qkd_postprocessing"":{""cascade_initial_block_factor"":0.73,""cascade_maximum_initial_block_size"":null,""cascade_maximum_lookback_steps"":null,""cascade_passes"":4,""phase_error_abort_threshold"":0.11,""sample_fraction"":0.2,""security_margin_bits"":0,""verification_tag_length"":32},""qkd_signal_count"":8192,""version"":1},""tags"":[],""version"":1}","[{""type"":""identity""}]",,authentication explicitly assumed; no runtime material,,,,,,false,1,eec30e132d8e7338018520900c6d315f,QKD-ASSUMED,established,,qkd_bitstring,3229,"[{""algorithm"":""privacy-amplified-bitstring"",""bit_length"":3229,""byte_length"":404,""encoding"":""big-endian packed bits with explicit bit length"",""position"":1,""protocol"":""BB84"",""source"":""qkd""}]","{""pqc_exchange"":null,""qkd_classical"":{""algorithm"":""none"",""executed"":false,""mechanism"":""assumed"",""purpose"":""QKD classical transcript authentication"",""trust_assumption"":""The classical BB84 channel is assumed authenticated externally."",""verified"":null}}","{""qkd_transcript_hash_sha384"":""7546ddd853c9aebbded5be72e1ef2d9ccf798460fe440ab3d099d635d450ebe2f512b303c14e83787d4fb3ce07f1e8d1"",""qkd_transcript_version"":1}",1233382700,8192,4082,817,3265,3265,3229,0.498291015625,0.3941650390625,0.0,0.0,0.0,0,424,0,393,0,817,0.0,0.0,0.0,0.0,0.0,383165,,,,,,,,,,,,,,,,,,,,,,,,,,,,,,,,,,assumed,none,none,0,0,0,0,0,0,0,0,The classical BB84 channel is assumed authenticated externally.,,,,"{""implementation"":""cpython"",""platform"":""Windows-11-10.0.26200-SP0"",""processor"":""Intel64 Family 6 Model 158 Stepping 12, GenuineIntel"",""python"":""3.14.7""}",,,,,,,,,,,,,,,,,,,,,,,,,1233382700,"{""events"":[{""detail"":""QKD-ASSUMED"",""sequence"":0,""source"":""session"",""stage"":""session"",""state"":""started""},{""detail"":""BB84 post-processing completed."",""sequence"":1,""source"":""qkd"",""stage"":""bb84"",""state"":""completed""},{""detail"":""The classical BB84 channel is assumed authenticated externally."",""sequence"":2,""source"":""qkd"",""stage"":""classical_authentication"",""state"":""assumed_not_executed""},{""detail"":""Final key released after all profile checks."",""sequence"":3,""source"":""qkd"",""stage"":""key_release"",""state"":""released""},{""detail"":""Authenticated QKD key released."",""sequence"":4,""source"":""session"",""stage"":""session"",""state"":""established""}],""version"":1}"
1,1acb279d-bef0-4cdd-b5ee-46a5458646ed,E4,qkd-assumed,8,1,56c8ad76-db70-4b39-af35-178c87347a7f,false,,0,8,2026-09-08T08:14:51.779382+00:00,1654550042592705083,QKD-ASSUMED,6196,3.14.7,CPython,2.5.0,0.16.0,0.16.0,50.0.1,0.1.0,Windows,11,10.0.26200,AMD64,"Intel64 Family 6 Model 158 Stepping 12, GenuineIntel",ac46477bb374bde1c0ace1ef0bcfbc26b199dcfa,true,1,E4,qkd-assumed,8,1654550042592705083,1,QKD-ASSUMED,QKD-ASSUMED,8192,"{""cascade_initial_block_factor"":0.73,""cascade_maximum_initial_block_size"":null,""cascade_maximum_lookback_steps"":null,""cascade_passes"":4,""phase_error_abort_threshold"":0.11,""sample_fraction"":0.2,""security_margin_bits"":0,""verification_tag_length"":32}",,[],"{""condition_id"":""qkd-assumed"",""experiment_kind"":""E4"",""qkd_stages"":[{""type"":""identity""}],""replicate_index"":8,""seed"":1654550042592705083,""session"":{""internal_pqc_profile"":null,""profile"":""QKD-ASSUMED"",""qkd_authentication_profile"":""QKD-ASSUMED"",""qkd_postprocessing"":{""cascade_initial_block_factor"":0.73,""cascade_maximum_initial_block_size"":null,""cascade_maximum_lookback_steps"":null,""cascade_passes"":4,""phase_error_abort_threshold"":0.11,""sample_fraction"":0.2,""security_margin_bits"":0,""verification_tag_length"":32},""qkd_signal_count"":8192,""version"":1},""tags"":[],""version"":1}","[{""type"":""identity""}]",,authentication explicitly assumed; no runtime material,,,,,,false,1,a02bb780638debce704c32ddef21ee79,QKD-ASSUMED,established,,qkd_bitstring,3235,"[{""algorithm"":""privacy-amplified-bitstring"",""bit_length"":3235,""byte_length"":405,""encoding"":""big-endian packed bits with explicit bit length"",""position"":1,""protocol"":""BB84"",""source"":""qkd""}]","{""pqc_exchange"":null,""qkd_classical"":{""algorithm"":""none"",""executed"":false,""mechanism"":""assumed"",""purpose"":""QKD classical transcript authentication"",""trust_assumption"":""The classical BB84 channel is assumed authenticated externally."",""verified"":null}}","{""qkd_transcript_hash_sha384"":""52f72b3c6413f9aff4c765d00aaf07adbe03892d0d3b127bba3649ecad3a53ed43d721b39647e8a24f7140836a355491"",""qkd_transcript_version"":1}",1204941500,8192,4090,819,3271,3271,3235,0.499267578125,0.3948974609375,0.0,0.0,0.0,0,398,0,421,0,819,0.0,0.0,0.0,0.0,0.0,383844,,,,,,,,,,,,,,,,,,,,,,,,,,,,,,,,,,assumed,none,none,0,0,0,0,0,0,0,0,The classical BB84 channel is assumed authenticated externally.,,,,"{""implementation"":""cpython"",""platform"":""Windows-11-10.0.26200-SP0"",""processor"":""Intel64 Family 6 Model 158 Stepping 12, GenuineIntel"",""python"":""3.14.7""}",,,,,,,,,,,,,,,,,,,,,,,,,1204941500,"{""events"":[{""detail"":""QKD-ASSUMED"",""sequence"":0,""source"":""session"",""stage"":""session"",""state"":""started""},{""detail"":""BB84 post-processing completed."",""sequence"":1,""source"":""qkd"",""stage"":""bb84"",""state"":""completed""},{""detail"":""The classical BB84 channel is assumed authenticated externally."",""sequence"":2,""source"":""qkd"",""stage"":""classical_authentication"",""state"":""assumed_not_executed""},{""detail"":""Final key released after all profile checks."",""sequence"":3,""source"":""qkd"",""stage"":""key_release"",""state"":""released""},{""detail"":""Authenticated QKD key released."",""sequence"":4,""source"":""session"",""stage"":""session"",""state"":""established""}],""version"":1}"
1,7a01c350-a03f-4ad5-bb28-f1f29b000c77,E4,qkd-assumed,9,1,56c8ad76-db70-4b39-af35-178c87347a7f,false,,0,9,2026-09-08T08:14:53.063324+00:00,3720130282010790284,QKD-ASSUMED,6195,3.14.7,CPython,2.5.0,0.16.0,0.16.0,50.0.1,0.1.0,Windows,11,10.0.26200,AMD64,"Intel64 Family 6 Model 158 Stepping 12, GenuineIntel",ac46477bb374bde1c0ace1ef0bcfbc26b199dcfa,true,1,E4,qkd-assumed,9,3720130282010790284,1,QKD-ASSUMED,QKD-ASSUMED,8192,"{""cascade_initial_block_factor"":0.73,""cascade_maximum_initial_block_size"":null,""cascade_maximum_lookback_steps"":null,""cascade_passes"":4,""phase_error_abort_threshold"":0.11,""sample_fraction"":0.2,""security_margin_bits"":0,""verification_tag_length"":32}",,[],"{""condition_id"":""qkd-assumed"",""experiment_kind"":""E4"",""qkd_stages"":[{""type"":""identity""}],""replicate_index"":9,""seed"":3720130282010790284,""session"":{""internal_pqc_profile"":null,""profile"":""QKD-ASSUMED"",""qkd_authentication_profile"":""QKD-ASSUMED"",""qkd_postprocessing"":{""cascade_initial_block_factor"":0.73,""cascade_maximum_initial_block_size"":null,""cascade_maximum_lookback_steps"":null,""cascade_passes"":4,""phase_error_abort_threshold"":0.11,""sample_fraction"":0.2,""security_margin_bits"":0,""verification_tag_length"":32},""qkd_signal_count"":8192,""version"":1},""tags"":[],""version"":1}","[{""type"":""identity""}]",,authentication explicitly assumed; no runtime material,,,,,,false,1,d6dcdcfa63bb3bcfb07ce2bce834d6d9,QKD-ASSUMED,established,,qkd_bitstring,3236,"[{""algorithm"":""privacy-amplified-bitstring"",""bit_length"":3236,""byte_length"":405,""encoding"":""big-endian packed bits with explicit bit length"",""position"":1,""protocol"":""BB84"",""source"":""qkd""}]","{""pqc_exchange"":null,""qkd_classical"":{""algorithm"":""none"",""executed"":false,""mechanism"":""assumed"",""purpose"":""QKD classical transcript authentication"",""trust_assumption"":""The classical BB84 channel is assumed authenticated externally."",""verified"":null}}","{""qkd_transcript_hash_sha384"":""aa5a5083b185bc98408599a29b28a657f5e1abc29874ac0512e1c954dcd34e642c965491a05f8315f8f5d88087d66c98"",""qkd_transcript_version"":1}",1220297000,8192,4091,819,3272,3272,3236,0.4993896484375,0.39501953125,0.0,0.0,0.0,0,413,0,406,0,819,0.0,0.0,0.0,0.0,0.0,383948,,,,,,,,,,,,,,,,,,,,,,,,,,,,,,,,,,assumed,none,none,0,0,0,0,0,0,0,0,The classical BB84 channel is assumed authenticated externally.,,,,"{""implementation"":""cpython"",""platform"":""Windows-11-10.0.26200-SP0"",""processor"":""Intel64 Family 6 Model 158 Stepping 12, GenuineIntel"",""python"":""3.14.7""}",,,,,,,,,,,,,,,,,,,,,,,,,1220297000,"{""events"":[{""detail"":""QKD-ASSUMED"",""sequence"":0,""source"":""session"",""stage"":""session"",""state"":""started""},{""detail"":""BB84 post-processing completed."",""sequence"":1,""source"":""qkd"",""stage"":""bb84"",""state"":""completed""},{""detail"":""The classical BB84 channel is assumed authenticated externally."",""sequence"":2,""source"":""qkd"",""stage"":""classical_authentication"",""state"":""assumed_not_executed""},{""detail"":""Final key released after all profile checks."",""sequence"":3,""source"":""qkd"",""stage"":""key_release"",""state"":""released""},{""detail"":""Authenticated QKD key released."",""sequence"":4,""source"":""session"",""stage"":""session"",""state"":""established""}],""version"":1}"
1,be31e4bd-ee2c-4c0a-8fe6-f7ff7a28cfb3,E4,qkd-assumed,10,1,56c8ad76-db70-4b39-af35-178c87347a7f,false,,0,10,2026-09-08T08:14:54.320904+00:00,9112755253469767927,QKD-ASSUMED,6199,3.14.7,CPython,2.5.0,0.16.0,0.16.0,50.0.1,0.1.0,Windows,11,10.0.26200,AMD64,"Intel64 Family 6 Model 158 Stepping 12, GenuineIntel",ac46477bb374bde1c0ace1ef0bcfbc26b199dcfa,true,1,E4,qkd-assumed,10,9112755253469767927,1,QKD-ASSUMED,QKD-ASSUMED,8192,"{""cascade_initial_block_factor"":0.73,""cascade_maximum_initial_block_size"":null,""cascade_maximum_lookback_steps"":null,""cascade_passes"":4,""phase_error_abort_threshold"":0.11,""sample_fraction"":0.2,""security_margin_bits"":0,""verification_tag_length"":32}",,[],"{""condition_id"":""qkd-assumed"",""experiment_kind"":""E4"",""qkd_stages"":[{""type"":""identity""}],""replicate_index"":10,""seed"":9112755253469767927,""session"":{""internal_pqc_profile"":null,""profile"":""QKD-ASSUMED"",""qkd_authentication_profile"":""QKD-ASSUMED"",""qkd_postprocessing"":{""cascade_initial_block_factor"":0.73,""cascade_maximum_initial_block_size"":null,""cascade_maximum_lookback_steps"":null,""cascade_passes"":4,""phase_error_abort_threshold"":0.11,""sample_fraction"":0.2,""security_margin_bits"":0,""verification_tag_length"":32},""qkd_signal_count"":8192,""version"":1},""tags"":[],""version"":1}","[{""type"":""identity""}]",,authentication explicitly assumed; no runtime material,,,,,,false,1,956f3d100aed3db53ddfa17e0eca3a80,QKD-ASSUMED,established,,qkd_bitstring,3123,"[{""algorithm"":""privacy-amplified-bitstring"",""bit_length"":3123,""byte_length"":391,""encoding"":""big-endian packed bits with explicit bit length"",""position"":1,""protocol"":""BB84"",""source"":""qkd""}]","{""pqc_exchange"":null,""qkd_classical"":{""algorithm"":""none"",""executed"":false,""mechanism"":""assumed"",""purpose"":""QKD classical transcript authentication"",""trust_assumption"":""The classical BB84 channel is assumed authenticated externally."",""verified"":null}}","{""qkd_transcript_hash_sha384"":""bf2641d039ada7180da080ea488136e831f1e6816037ad99bed32590b90b27fb1da7048b019c562d7c9b22cd45986780"",""qkd_transcript_version"":1}",1196011200,8192,3950,791,3159,3159,3123,0.482177734375,0.3812255859375,0.0,0.0,0.0,0,399,0,392,0,791,0.0,0.0,0.0,0.0,0.0,371418,,,,,,,,,,,,,,,,,,,,,,,,,,,,,,,,,,assumed,none,none,0,0,0,0,0,0,0,0,The classical BB84 channel is assumed authenticated externally.,,,,"{""implementation"":""cpython"",""platform"":""Windows-11-10.0.26200-SP0"",""processor"":""Intel64 Family 6 Model 158 Stepping 12, GenuineIntel"",""python"":""3.14.7""}",,,,,,,,,,,,,,,,,,,,,,,,,1196011200,"{""events"":[{""detail"":""QKD-ASSUMED"",""sequence"":0,""source"":""session"",""stage"":""session"",""state"":""started""},{""detail"":""BB84 post-processing completed."",""sequence"":1,""source"":""qkd"",""stage"":""bb84"",""state"":""completed""},{""detail"":""The classical BB84 channel is assumed authenticated externally."",""sequence"":2,""source"":""qkd"",""stage"":""classical_authentication"",""state"":""assumed_not_executed""},{""detail"":""Final key released after all profile checks."",""sequence"":3,""source"":""qkd"",""stage"":""key_release"",""state"":""released""},{""detail"":""Authenticated QKD key released."",""sequence"":4,""source"":""session"",""stage"":""session"",""state"":""established""}],""version"":1}"
1,bd0c188a-7bb4-4233-8ce8-f1ef9f25b526,E4,qkd-assumed,11,1,56c8ad76-db70-4b39-af35-178c87347a7f,false,,0,11,2026-09-08T08:14:55.554686+00:00,530151389313561538,QKD-ASSUMED,6197,3.14.7,CPython,2.5.0,0.16.0,0.16.0,50.0.1,0.1.0,Windows,11,10.0.26200,AMD64,"Intel64 Family 6 Model 158 Stepping 12, GenuineIntel",ac46477bb374bde1c0ace1ef0bcfbc26b199dcfa,true,1,E4,qkd-assumed,11,530151389313561538,1,QKD-ASSUMED,QKD-ASSUMED,8192,"{""cascade_initial_block_factor"":0.73,""cascade_maximum_initial_block_size"":null,""cascade_maximum_lookback_steps"":null,""cascade_passes"":4,""phase_error_abort_threshold"":0.11,""sample_fraction"":0.2,""security_margin_bits"":0,""verification_tag_length"":32}",,[],"{""condition_id"":""qkd-assumed"",""experiment_kind"":""E4"",""qkd_stages"":[{""type"":""identity""}],""replicate_index"":11,""seed"":530151389313561538,""session"":{""internal_pqc_profile"":null,""profile"":""QKD-ASSUMED"",""qkd_authentication_profile"":""QKD-ASSUMED"",""qkd_postprocessing"":{""cascade_initial_block_factor"":0.73,""cascade_maximum_initial_block_size"":null,""cascade_maximum_lookback_steps"":null,""cascade_passes"":4,""phase_error_abort_threshold"":0.11,""sample_fraction"":0.2,""security_margin_bits"":0,""verification_tag_length"":32},""qkd_signal_count"":8192,""version"":1},""tags"":[],""version"":1}","[{""type"":""identity""}]",,authentication explicitly assumed; no runtime material,,,,,,false,1,c5d7e3a2b8e01e33a56e51cd52b369a6,QKD-ASSUMED,established,,qkd_bitstring,3193,"[{""algorithm"":""privacy-amplified-bitstring"",""bit_length"":3193,""byte_length"":400,""encoding"":""big-endian packed bits with explicit bit length"",""position"":1,""protocol"":""BB84"",""source"":""qkd""}]","{""pqc_exchange"":null,""qkd_classical"":{""algorithm"":""none"",""executed"":false,""mechanism"":""assumed"",""purpose"":""QKD classical transcript authentication"",""trust_assumption"":""The classical BB84 channel is assumed authenticated externally."",""verified"":null}}","{""qkd_transcript_hash_sha384"":""98873768802a947c9a1191f82eb87cdd599920be6dae63cbd715a9733f6ba8f1afb8eab4b518a9a16be7f0c4b17f03a2"",""qkd_transcript_version"":1}",1172934200,8192,4038,809,3229,3229,3193,0.492919921875,0.3897705078125,0.0,0.0,0.0,0,397,0,412,0,809,0.0,0.0,0.0,0.0,0.0,379198,,,,,,,,,,,,,,,,,,,,,,,,,,,,,,,,,,assumed,none,none,0,0,0,0,0,0,0,0,The classical BB84 channel is assumed authenticated externally.,,,,"{""implementation"":""cpython"",""platform"":""Windows-11-10.0.26200-SP0"",""processor"":""Intel64 Family 6 Model 158 Stepping 12, GenuineIntel"",""python"":""3.14.7""}",,,,,,,,,,,,,,,,,,,,,,,,,1172934200,"{""events"":[{""detail"":""QKD-ASSUMED"",""sequence"":0,""source"":""session"",""stage"":""session"",""state"":""started""},{""detail"":""BB84 post-processing completed."",""sequence"":1,""source"":""qkd"",""stage"":""bb84"",""state"":""completed""},{""detail"":""The classical BB84 channel is assumed authenticated externally."",""sequence"":2,""source"":""qkd"",""stage"":""classical_authentication"",""state"":""assumed_not_executed""},{""detail"":""Final key released after all profile checks."",""sequence"":3,""source"":""qkd"",""stage"":""key_release"",""state"":""released""},{""detail"":""Authenticated QKD key released."",""sequence"":4,""source"":""session"",""stage"":""session"",""state"":""established""}],""version"":1}"
1,4c041eda-ff50-411f-ae4c-a81b14f54a76,E4,qkd-assumed,12,1,56c8ad76-db70-4b39-af35-178c87347a7f,false,,0,12,2026-09-08T08:14:56.809213+00:00,17480168451092991006,QKD-ASSUMED,6201,3.14.7,CPython,2.5.0,0.16.0,0.16.0,50.0.1,0.1.0,Windows,11,10.0.26200,AMD64,"Intel64 Family 6 Model 158 Stepping 12, GenuineIntel",ac46477bb374bde1c0ace1ef0bcfbc26b199dcfa,true,1,E4,qkd-assumed,12,17480168451092991006,1,QKD-ASSUMED,QKD-ASSUMED,8192,"{""cascade_initial_block_factor"":0.73,""cascade_maximum_initial_block_size"":null,""cascade_maximum_lookback_steps"":null,""cascade_passes"":4,""phase_error_abort_threshold"":0.11,""sample_fraction"":0.2,""security_margin_bits"":0,""verification_tag_length"":32}",,[],"{""condition_id"":""qkd-assumed"",""experiment_kind"":""E4"",""qkd_stages"":[{""type"":""identity""}],""replicate_index"":12,""seed"":17480168451092991006,""session"":{""internal_pqc_profile"":null,""profile"":""QKD-ASSUMED"",""qkd_authentication_profile"":""QKD-ASSUMED"",""qkd_postprocessing"":{""cascade_initial_block_factor"":0.73,""cascade_maximum_initial_block_size"":null,""cascade_maximum_lookback_steps"":null,""cascade_passes"":4,""phase_error_abort_threshold"":0.11,""sample_fraction"":0.2,""security_margin_bits"":0,""verification_tag_length"":32},""qkd_signal_count"":8192,""version"":1},""tags"":[],""version"":1}","[{""type"":""identity""}]",,authentication explicitly assumed; no runtime material,,,,,,false,1,9ee141256c284de690bf44c02259413e,QKD-ASSUMED,established,,qkd_bitstring,3278,"[{""algorithm"":""privacy-amplified-bitstring"",""bit_length"":3278,""byte_length"":410,""encoding"":""big-endian packed bits with explicit bit length"",""position"":1,""protocol"":""BB84"",""source"":""qkd""}]","{""pqc_exchange"":null,""qkd_classical"":{""algorithm"":""none"",""executed"":false,""mechanism"":""assumed"",""purpose"":""QKD classical transcript authentication"",""trust_assumption"":""The classical BB84 channel is assumed authenticated externally."",""verified"":null}}","{""qkd_transcript_hash_sha384"":""c7412e258d7344d81a2c032740da2d15defa286a08218d1c49769f8b083289131aa7863a4468db300cf15dac96ecabb9"",""qkd_transcript_version"":1}",1193685300,8192,4143,829,3314,3314,3278,0.5057373046875,0.400146484375,0.0,0.0,0.0,0,415,0,414,0,829,0.0,0.0,0.0,0.0,0.0,388594,,,,,,,,,,,,,,,,,,,,,,,,,,,,,,,,,,assumed,none,none,0,0,0,0,0,0,0,0,The classical BB84 channel is assumed authenticated externally.,,,,"{""implementation"":""cpython"",""platform"":""Windows-11-10.0.26200-SP0"",""processor"":""Intel64 Family 6 Model 158 Stepping 12, GenuineIntel"",""python"":""3.14.7""}",,,,,,,,,,,,,,,,,,,,,,,,,1193685300,"{""events"":[{""detail"":""QKD-ASSUMED"",""sequence"":0,""source"":""session"",""stage"":""session"",""state"":""started""},{""detail"":""BB84 post-processing completed."",""sequence"":1,""source"":""qkd"",""stage"":""bb84"",""state"":""completed""},{""detail"":""The classical BB84 channel is assumed authenticated externally."",""sequence"":2,""source"":""qkd"",""stage"":""classical_authentication"",""state"":""assumed_not_executed""},{""detail"":""Final key released after all profile checks."",""sequence"":3,""source"":""qkd"",""stage"":""key_release"",""state"":""released""},{""detail"":""Authenticated QKD key released."",""sequence"":4,""source"":""session"",""stage"":""session"",""state"":""established""}],""version"":1}"
1,6b3a8fdc-3691-4194-a6a5-5b2d3d1f0264,E4,qkd-assumed,13,1,56c8ad76-db70-4b39-af35-178c87347a7f,false,,0,13,2026-09-08T08:14:58.056297+00:00,9670080710752589718,QKD-ASSUMED,6195,3.14.7,CPython,2.5.0,0.16.0,0.16.0,50.0.1,0.1.0,Windows,11,10.0.26200,AMD64,"Intel64 Family 6 Model 158 Stepping 12, GenuineIntel",ac46477bb374bde1c0ace1ef0bcfbc26b199dcfa,true,1,E4,qkd-assumed,13,9670080710752589718,1,QKD-ASSUMED,QKD-ASSUMED,8192,"{""cascade_initial_block_factor"":0.73,""cascade_maximum_initial_block_size"":null,""cascade_maximum_lookback_steps"":null,""cascade_passes"":4,""phase_error_abort_threshold"":0.11,""sample_fraction"":0.2,""security_margin_bits"":0,""verification_tag_length"":32}",,[],"{""condition_id"":""qkd-assumed"",""experiment_kind"":""E4"",""qkd_stages"":[{""type"":""identity""}],""replicate_index"":13,""seed"":9670080710752589718,""session"":{""internal_pqc_profile"":null,""profile"":""QKD-ASSUMED"",""qkd_authentication_profile"":""QKD-ASSUMED"",""qkd_postprocessing"":{""cascade_initial_block_factor"":0.73,""cascade_maximum_initial_block_size"":null,""cascade_maximum_lookback_steps"":null,""cascade_passes"":4,""phase_error_abort_threshold"":0.11,""sample_fraction"":0.2,""security_margin_bits"":0,""verification_tag_length"":32},""qkd_signal_count"":8192,""version"":1},""tags"":[],""version"":1}","[{""type"":""identity""}]",,authentication explicitly assumed; no runtime material,,,,,,false,1,06c473d4850a4370a7313c46588cefc1,QKD-ASSUMED,established,,qkd_bitstring,3224,"[{""algorithm"":""privacy-amplified-bitstring"",""bit_length"":3224,""byte_length"":403,""encoding"":""big-endian packed bits with explicit bit length"",""position"":1,""protocol"":""BB84"",""source"":""qkd""}]","{""pqc_exchange"":null,""qkd_classical"":{""algorithm"":""none"",""executed"":false,""mechanism"":""assumed"",""purpose"":""QKD classical transcript authentication"",""trust_assumption"":""The classical BB84 channel is assumed authenticated externally."",""verified"":null}}","{""qkd_transcript_hash_sha384"":""508d6e76f9c177c5b0458d40774bfb42b8560c1d07d977be36c91f28470fc3240a338ff2f19f0a5bb4103deb58f01e82"",""qkd_transcript_version"":1}",1183769300,8192,4076,816,3260,3260,3224,0.49755859375,0.3935546875,0.0,0.0,0.0,0,410,0,406,0,816,0.0,0.0,0.0,0.0,0.0,382616,,,,,,,,,,,,,,,,,,,,,,,,,,,,,,,,,,assumed,none,none,0,0,0,0,0,0,0,0,The classical BB84 channel is assumed authenticated externally.,,,,"{""implementation"":""cpython"",""platform"":""Windows-11-10.0.26200-SP0"",""processor"":""Intel64 Family 6 Model 158 Stepping 12, GenuineIntel"",""python"":""3.14.7""}",,,,,,,,,,,,,,,,,,,,,,,,,1183769300,"{""events"":[{""detail"":""QKD-ASSUMED"",""sequence"":0,""source"":""session"",""stage"":""session"",""state"":""started""},{""detail"":""BB84 post-processing completed."",""sequence"":1,""source"":""qkd"",""stage"":""bb84"",""state"":""completed""},{""detail"":""The classical BB84 channel is assumed authenticated externally."",""sequence"":2,""source"":""qkd"",""stage"":""classical_authentication"",""state"":""assumed_not_executed""},{""detail"":""Final key released after all profile checks."",""sequence"":3,""source"":""qkd"",""stage"":""key_release"",""state"":""released""},{""detail"":""Authenticated QKD key released."",""sequence"":4,""source"":""session"",""stage"":""session"",""state"":""established""}],""version"":1}"
1,67e9c1ca-c4e1-49c5-9187-9e19caa5870b,E4,qkd-assumed,14,1,56c8ad76-db70-4b39-af35-178c87347a7f,false,,0,14,2026-09-08T08:14:59.304205+00:00,9716852560069246718,QKD-ASSUMED,6199,3.14.7,CPython,2.5.0,0.16.0,0.16.0,50.0.1,0.1.0,Windows,11,10.0.26200,AMD64,"Intel64 Family 6 Model 158 Stepping 12, GenuineIntel",ac46477bb374bde1c0ace1ef0bcfbc26b199dcfa,true,1,E4,qkd-assumed,14,9716852560069246718,1,QKD-ASSUMED,QKD-ASSUMED,8192,"{""cascade_initial_block_factor"":0.73,""cascade_maximum_initial_block_size"":null,""cascade_maximum_lookback_steps"":null,""cascade_passes"":4,""phase_error_abort_threshold"":0.11,""sample_fraction"":0.2,""security_margin_bits"":0,""verification_tag_length"":32}",,[],"{""condition_id"":""qkd-assumed"",""experiment_kind"":""E4"",""qkd_stages"":[{""type"":""identity""}],""replicate_index"":14,""seed"":9716852560069246718,""session"":{""internal_pqc_profile"":null,""profile"":""QKD-ASSUMED"",""qkd_authentication_profile"":""QKD-ASSUMED"",""qkd_postprocessing"":{""cascade_initial_block_factor"":0.73,""cascade_maximum_initial_block_size"":null,""cascade_maximum_lookback_steps"":null,""cascade_passes"":4,""phase_error_abort_threshold"":0.11,""sample_fraction"":0.2,""security_margin_bits"":0,""verification_tag_length"":32},""qkd_signal_count"":8192,""version"":1},""tags"":[],""version"":1}","[{""type"":""identity""}]",,authentication explicitly assumed; no runtime material,,,,,,false,1,09f75818debb91e63289ffea00bbbcfd,QKD-ASSUMED,established,,qkd_bitstring,3239,"[{""algorithm"":""privacy-amplified-bitstring"",""bit_length"":3239,""byte_length"":405,""encoding"":""big-endian packed bits with explicit bit length"",""position"":1,""protocol"":""BB84"",""source"":""qkd""}]","{""pqc_exchange"":null,""qkd_classical"":{""algorithm"":""none"",""executed"":false,""mechanism"":""assumed"",""purpose"":""QKD classical transcript authentication"",""trust_assumption"":""The classical BB84 channel is assumed authenticated externally."",""verified"":null}}","{""qkd_transcript_hash_sha384"":""2d980abdcbfbe68167bcb297a94180d3b69c90f91724044242bd1c7ee10260f8426336bfebdbb2fab32110edf676449d"",""qkd_transcript_version"":1}",1177136700,8192,4094,819,3275,3275,3239,0.499755859375,0.3953857421875,0.0,0.0,0.0,0,417,0,402,0,819,0.0,0.0,0.0,0.0,0.0,384262,,,,,,,,,,,,,,,,,,,,,,,,,,,,,,,,,,assumed,none,none,0,0,0,0,0,0,0,0,The classical BB84 channel is assumed authenticated externally.,,,,"{""implementation"":""cpython"",""platform"":""Windows-11-10.0.26200-SP0"",""processor"":""Intel64 Family 6 Model 158 Stepping 12, GenuineIntel"",""python"":""3.14.7""}",,,,,,,,,,,,,,,,,,,,,,,,,1177136700,"{""events"":[{""detail"":""QKD-ASSUMED"",""sequence"":0,""source"":""session"",""stage"":""session"",""state"":""started""},{""detail"":""BB84 post-processing completed."",""sequence"":1,""source"":""qkd"",""stage"":""bb84"",""state"":""completed""},{""detail"":""The classical BB84 channel is assumed authenticated externally."",""sequence"":2,""source"":""qkd"",""stage"":""classical_authentication"",""state"":""assumed_not_executed""},{""detail"":""Final key released after all profile checks."",""sequence"":3,""source"":""qkd"",""stage"":""key_release"",""state"":""released""},{""detail"":""Authenticated QKD key released."",""sequence"":4,""source"":""session"",""stage"":""session"",""state"":""established""}],""version"":1}"
1,04de1cbf-b7a7-4873-b788-7f7eda41b0bf,E4,qkd-assumed,15,1,56c8ad76-db70-4b39-af35-178c87347a7f,false,,0,15,2026-09-08T08:15:00.589523+00:00,7784863567325825951,QKD-ASSUMED,6200,3.14.7,CPython,2.5.0,0.16.0,0.16.0,50.0.1,0.1.0,Windows,11,10.0.26200,AMD64,"Intel64 Family 6 Model 158 Stepping 12, GenuineIntel",ac46477bb374bde1c0ace1ef0bcfbc26b199dcfa,true,1,E4,qkd-assumed,15,7784863567325825951,1,QKD-ASSUMED,QKD-ASSUMED,8192,"{""cascade_initial_block_factor"":0.73,""cascade_maximum_initial_block_size"":null,""cascade_maximum_lookback_steps"":null,""cascade_passes"":4,""phase_error_abort_threshold"":0.11,""sample_fraction"":0.2,""security_margin_bits"":0,""verification_tag_length"":32}",,[],"{""condition_id"":""qkd-assumed"",""experiment_kind"":""E4"",""qkd_stages"":[{""type"":""identity""}],""replicate_index"":15,""seed"":7784863567325825951,""session"":{""internal_pqc_profile"":null,""profile"":""QKD-ASSUMED"",""qkd_authentication_profile"":""QKD-ASSUMED"",""qkd_postprocessing"":{""cascade_initial_block_factor"":0.73,""cascade_maximum_initial_block_size"":null,""cascade_maximum_lookback_steps"":null,""cascade_passes"":4,""phase_error_abort_threshold"":0.11,""sample_fraction"":0.2,""security_margin_bits"":0,""verification_tag_length"":32},""qkd_signal_count"":8192,""version"":1},""tags"":[],""version"":1}","[{""type"":""identity""}]",,authentication explicitly assumed; no runtime material,,,,,,false,1,15e6a82d3653690096782b8abce33755,QKD-ASSUMED,established,,qkd_bitstring,3203,"[{""algorithm"":""privacy-amplified-bitstring"",""bit_length"":3203,""byte_length"":401,""encoding"":""big-endian packed bits with explicit bit length"",""position"":1,""protocol"":""BB84"",""source"":""qkd""}]","{""pqc_exchange"":null,""qkd_classical"":{""algorithm"":""none"",""executed"":false,""mechanism"":""assumed"",""purpose"":""QKD classical transcript authentication"",""trust_assumption"":""The classical BB84 channel is assumed authenticated externally."",""verified"":null}}","{""qkd_transcript_hash_sha384"":""6e9a874abf556a466bb7d6a144185eea096f8a552f7a264eb2d54c10f0e0aa9f598378dbaca6f2284c00a95ac2970d5d"",""qkd_transcript_version"":1}",1223003000,8192,4049,810,3239,3239,3203,0.4942626953125,0.3909912109375,0.0,0.0,0.0,0,397,0,413,0,810,0.0,0.0,0.0,0.0,0.0,380268,,,,,,,,,,,,,,,,,,,,,,,,,,,,,,,,,,assumed,none,none,0,0,0,0,0,0,0,0,The classical BB84 channel is assumed authenticated externally.,,,,"{""implementation"":""cpython"",""platform"":""Windows-11-10.0.26200-SP0"",""processor"":""Intel64 Family 6 Model 158 Stepping 12, GenuineIntel"",""python"":""3.14.7""}",,,,,,,,,,,,,,,,,,,,,,,,,1223003000,"{""events"":[{""detail"":""QKD-ASSUMED"",""sequence"":0,""source"":""session"",""stage"":""session"",""state"":""started""},{""detail"":""BB84 post-processing completed."",""sequence"":1,""source"":""qkd"",""stage"":""bb84"",""state"":""completed""},{""detail"":""The classical BB84 channel is assumed authenticated externally."",""sequence"":2,""source"":""qkd"",""stage"":""classical_authentication"",""state"":""assumed_not_executed""},{""detail"":""Final key released after all profile checks."",""sequence"":3,""source"":""qkd"",""stage"":""key_release"",""state"":""released""},{""detail"":""Authenticated QKD key released."",""sequence"":4,""source"":""session"",""stage"":""session"",""state"":""established""}],""version"":1}"
1,317ab03d-49b3-4a1e-8624-c08dc4eff88e,E4,qkd-assumed,16,1,56c8ad76-db70-4b39-af35-178c87347a7f,false,,0,16,2026-09-08T08:15:01.853932+00:00,1682422145767915087,QKD-ASSUMED,6195,3.14.7,CPython,2.5.0,0.16.0,0.16.0,50.0.1,0.1.0,Windows,11,10.0.26200,AMD64,"Intel64 Family 6 Model 158 Stepping 12, GenuineIntel",ac46477bb374bde1c0ace1ef0bcfbc26b199dcfa,true,1,E4,qkd-assumed,16,1682422145767915087,1,QKD-ASSUMED,QKD-ASSUMED,8192,"{""cascade_initial_block_factor"":0.73,""cascade_maximum_initial_block_size"":null,""cascade_maximum_lookback_steps"":null,""cascade_passes"":4,""phase_error_abort_threshold"":0.11,""sample_fraction"":0.2,""security_margin_bits"":0,""verification_tag_length"":32}",,[],"{""condition_id"":""qkd-assumed"",""experiment_kind"":""E4"",""qkd_stages"":[{""type"":""identity""}],""replicate_index"":16,""seed"":1682422145767915087,""session"":{""internal_pqc_profile"":null,""profile"":""QKD-ASSUMED"",""qkd_authentication_profile"":""QKD-ASSUMED"",""qkd_postprocessing"":{""cascade_initial_block_factor"":0.73,""cascade_maximum_initial_block_size"":null,""cascade_maximum_lookback_steps"":null,""cascade_passes"":4,""phase_error_abort_threshold"":0.11,""sample_fraction"":0.2,""security_margin_bits"":0,""verification_tag_length"":32},""qkd_signal_count"":8192,""version"":1},""tags"":[],""version"":1}","[{""type"":""identity""}]",,authentication explicitly assumed; no runtime material,,,,,,false,1,e1e120208cc8e29072ab4df5679f5c29,QKD-ASSUMED,established,,qkd_bitstring,3296,"[{""algorithm"":""privacy-amplified-bitstring"",""bit_length"":3296,""byte_length"":412,""encoding"":""big-endian packed bits with explicit bit length"",""position"":1,""protocol"":""BB84"",""source"":""qkd""}]","{""pqc_exchange"":null,""qkd_classical"":{""algorithm"":""none"",""executed"":false,""mechanism"":""assumed"",""purpose"":""QKD classical transcript authentication"",""trust_assumption"":""The classical BB84 channel is assumed authenticated externally."",""verified"":null}}","{""qkd_transcript_hash_sha384"":""f2e2cd80a81e4826f0e32e9a7b434af8f554eab63bd264a6fdbe79f7f54ce53cc074e679eb7769b5d6290c948730e2fa"",""qkd_transcript_version"":1}",1198286200,8192,4167,835,3332,3332,3296,0.5086669921875,0.40234375,0.0,0.0,0.0,0,420,0,415,0,835,0.0,0.0,0.0,0.0,0.0,390631,,,,,,,,,,,,,,,,,,,,,,,,,,,,,,,,,,assumed,none,none,0,0,0,0,0,0,0,0,The classical BB84 channel is assumed authenticated externally.,,,,"{""implementation"":""cpython"",""platform"":""Windows-11-10.0.26200-SP0"",""processor"":""Intel64 Family 6 Model 158 Stepping 12, GenuineIntel"",""python"":""3.14.7""}",,,,,,,,,,,,,,,,,,,,,,,,,1198286200,"{""events"":[{""detail"":""QKD-ASSUMED"",""sequence"":0,""source"":""session"",""stage"":""session"",""state"":""started""},{""detail"":""BB84 post-processing completed."",""sequence"":1,""source"":""qkd"",""stage"":""bb84"",""state"":""completed""},{""detail"":""The classical BB84 channel is assumed authenticated externally."",""sequence"":2,""source"":""qkd"",""stage"":""classical_authentication"",""state"":""assumed_not_executed""},{""detail"":""Final key released after all profile checks."",""sequence"":3,""source"":""qkd"",""stage"":""key_release"",""state"":""released""},{""detail"":""Authenticated QKD key released."",""sequence"":4,""source"":""session"",""stage"":""session"",""state"":""established""}],""version"":1}"
1,538f8b0a-cba2-4d8f-abe9-6ab0e4aeed25,E4,qkd-assumed,17,1,56c8ad76-db70-4b39-af35-178c87347a7f,false,,0,17,2026-09-08T08:15:03.086146+00:00,4342109493251583931,QKD-ASSUMED,6199,3.14.7,CPython,2.5.0,0.16.0,0.16.0,50.0.1,0.1.0,Windows,11,10.0.26200,AMD64,"Intel64 Family 6 Model 158 Stepping 12, GenuineIntel",ac46477bb374bde1c0ace1ef0bcfbc26b199dcfa,true,1,E4,qkd-assumed,17,4342109493251583931,1,QKD-ASSUMED,QKD-ASSUMED,8192,"{""cascade_initial_block_factor"":0.73,""cascade_maximum_initial_block_size"":null,""cascade_maximum_lookback_steps"":null,""cascade_passes"":4,""phase_error_abort_threshold"":0.11,""sample_fraction"":0.2,""security_margin_bits"":0,""verification_tag_length"":32}",,[],"{""condition_id"":""qkd-assumed"",""experiment_kind"":""E4"",""qkd_stages"":[{""type"":""identity""}],""replicate_index"":17,""seed"":4342109493251583931,""session"":{""internal_pqc_profile"":null,""profile"":""QKD-ASSUMED"",""qkd_authentication_profile"":""QKD-ASSUMED"",""qkd_postprocessing"":{""cascade_initial_block_factor"":0.73,""cascade_maximum_initial_block_size"":null,""cascade_maximum_lookback_steps"":null,""cascade_passes"":4,""phase_error_abort_threshold"":0.11,""sample_fraction"":0.2,""security_margin_bits"":0,""verification_tag_length"":32},""qkd_signal_count"":8192,""version"":1},""tags"":[],""version"":1}","[{""type"":""identity""}]",,authentication explicitly assumed; no runtime material,,,,,,false,1,5c947848f2389a989f6efd43cb2f83fe,QKD-ASSUMED,established,,qkd_bitstring,3267,"[{""algorithm"":""privacy-amplified-bitstring"",""bit_length"":3267,""byte_length"":409,""encoding"":""big-endian packed bits with explicit bit length"",""position"":1,""protocol"":""BB84"",""source"":""qkd""}]","{""pqc_exchange"":null,""qkd_classical"":{""algorithm"":""none"",""executed"":false,""mechanism"":""assumed"",""purpose"":""QKD classical transcript authentication"",""trust_assumption"":""The classical BB84 channel is assumed authenticated externally."",""verified"":null}}","{""qkd_transcript_hash_sha384"":""00ca750d8cf4ec4ea68b4eae37f913a9a92e6598b2fd2d73583c40cf031ec1e17f8344c6d559b4a232e6004493a0a04c"",""qkd_transcript_version"":1}",1171093300,8192,4130,827,3303,3303,3267,0.504150390625,0.3988037109375,0.0,0.0,0.0,0,409,0,418,0,827,0.0,0.0,0.0,0.0,0.0,387394,,,,,,,,,,,,,,,,,,,,,,,,,,,,,,,,,,assumed,none,none,0,0,0,0,0,0,0,0,The classical BB84 channel is assumed authenticated externally.,,,,"{""implementation"":""cpython"",""platform"":""Windows-11-10.0.26200-SP0"",""processor"":""Intel64 Family 6 Model 158 Stepping 12, GenuineIntel"",""python"":""3.14.7""}",,,,,,,,,,,,,,,,,,,,,,,,,1171093300,"{""events"":[{""detail"":""QKD-ASSUMED"",""sequence"":0,""source"":""session"",""stage"":""session"",""state"":""started""},{""detail"":""BB84 post-processing completed."",""sequence"":1,""source"":""qkd"",""stage"":""bb84"",""state"":""completed""},{""detail"":""The classical BB84 channel is assumed authenticated externally."",""sequence"":2,""source"":""qkd"",""stage"":""classical_authentication"",""state"":""assumed_not_executed""},{""detail"":""Final key released after all profile checks."",""sequence"":3,""source"":""qkd"",""stage"":""key_release"",""state"":""released""},{""detail"":""Authenticated QKD key released."",""sequence"":4,""source"":""session"",""stage"":""session"",""state"":""established""}],""version"":1}"
1,7be80fe5-1878-4efd-8a31-5e7526fe9d86,E4,qkd-assumed,18,1,56c8ad76-db70-4b39-af35-178c87347a7f,false,,0,18,2026-09-08T08:15:04.317529+00:00,4875940110458465299,QKD-ASSUMED,6198,3.14.7,CPython,2.5.0,0.16.0,0.16.0,50.0.1,0.1.0,Windows,11,10.0.26200,AMD64,"Intel64 Family 6 Model 158 Stepping 12, GenuineIntel",ac46477bb374bde1c0ace1ef0bcfbc26b199dcfa,true,1,E4,qkd-assumed,18,4875940110458465299,1,QKD-ASSUMED,QKD-ASSUMED,8192,"{""cascade_initial_block_factor"":0.73,""cascade_maximum_initial_block_size"":null,""cascade_maximum_lookback_steps"":null,""cascade_passes"":4,""phase_error_abort_threshold"":0.11,""sample_fraction"":0.2,""security_margin_bits"":0,""verification_tag_length"":32}",,[],"{""condition_id"":""qkd-assumed"",""experiment_kind"":""E4"",""qkd_stages"":[{""type"":""identity""}],""replicate_index"":18,""seed"":4875940110458465299,""session"":{""internal_pqc_profile"":null,""profile"":""QKD-ASSUMED"",""qkd_authentication_profile"":""QKD-ASSUMED"",""qkd_postprocessing"":{""cascade_initial_block_factor"":0.73,""cascade_maximum_initial_block_size"":null,""cascade_maximum_lookback_steps"":null,""cascade_passes"":4,""phase_error_abort_threshold"":0.11,""sample_fraction"":0.2,""security_margin_bits"":0,""verification_tag_length"":32},""qkd_signal_count"":8192,""version"":1},""tags"":[],""version"":1}","[{""type"":""identity""}]",,authentication explicitly assumed; no runtime material,,,,,,false,1,8f5ff9d6a2fd1efb92fa259c202f9bc2,QKD-ASSUMED,established,,qkd_bitstring,3212,"[{""algorithm"":""privacy-amplified-bitstring"",""bit_length"":3212,""byte_length"":402,""encoding"":""big-endian packed bits with explicit bit length"",""position"":1,""protocol"":""BB84"",""source"":""qkd""}]","{""pqc_exchange"":null,""qkd_classical"":{""algorithm"":""none"",""executed"":false,""mechanism"":""assumed"",""purpose"":""QKD classical transcript authentication"",""trust_assumption"":""The classical BB84 channel is assumed authenticated externally."",""verified"":null}}","{""qkd_transcript_hash_sha384"":""e280e505f1e960979a0bbfbdb5c1e5c3f9feff16e18539a8e0906aa09dc187221eb03b2e58a73ec668bfb0007a6fba52"",""qkd_transcript_version"":1}",1169523200,8192,4061,813,3248,3248,3212,0.4957275390625,0.39208984375,0.0,0.0,0.0,0,408,0,405,0,813,0.0,0.0,0.0,0.0,0.0,381285,,,,,,,,,,,,,,,,,,,,,,,,,,,,,,,,,,assumed,none,none,0,0,0,0,0,0,0,0,The classical BB84 channel is assumed authenticated externally.,,,,"{""implementation"":""cpython"",""platform"":""Windows-11-10.0.26200-SP0"",""processor"":""Intel64 Family 6 Model 158 Stepping 12, GenuineIntel"",""python"":""3.14.7""}",,,,,,,,,,,,,,,,,,,,,,,,,1169523200,"{""events"":[{""detail"":""QKD-ASSUMED"",""sequence"":0,""source"":""session"",""stage"":""session"",""state"":""started""},{""detail"":""BB84 post-processing completed."",""sequence"":1,""source"":""qkd"",""stage"":""bb84"",""state"":""completed""},{""detail"":""The classical BB84 channel is assumed authenticated externally."",""sequence"":2,""source"":""qkd"",""stage"":""classical_authentication"",""state"":""assumed_not_executed""},{""detail"":""Final key released after all profile checks."",""sequence"":3,""source"":""qkd"",""stage"":""key_release"",""state"":""released""},{""detail"":""Authenticated QKD key released."",""sequence"":4,""source"":""session"",""stage"":""session"",""state"":""established""}],""version"":1}"
1,b9460af8-fe03-4f5b-b4dd-f9c866d2bddf,E4,qkd-assumed,19,1,56c8ad76-db70-4b39-af35-178c87347a7f,false,,0,19,2026-09-08T08:15:05.561614+00:00,3747759391326887283,QKD-ASSUMED,6200,3.14.7,CPython,2.5.0,0.16.0,0.16.0,50.0.1,0.1.0,Windows,11,10.0.26200,AMD64,"Intel64 Family 6 Model 158 Stepping 12, GenuineIntel",ac46477bb374bde1c0ace1ef0bcfbc26b199dcfa,true,1,E4,qkd-assumed,19,3747759391326887283,1,QKD-ASSUMED,QKD-ASSUMED,8192,"{""cascade_initial_block_factor"":0.73,""cascade_maximum_initial_block_size"":null,""cascade_maximum_lookback_steps"":null,""cascade_passes"":4,""phase_error_abort_threshold"":0.11,""sample_fraction"":0.2,""security_margin_bits"":0,""verification_tag_length"":32}",,[],"{""condition_id"":""qkd-assumed"",""experiment_kind"":""E4"",""qkd_stages"":[{""type"":""identity""}],""replicate_index"":19,""seed"":3747759391326887283,""session"":{""internal_pqc_profile"":null,""profile"":""QKD-ASSUMED"",""qkd_authentication_profile"":""QKD-ASSUMED"",""qkd_postprocessing"":{""cascade_initial_block_factor"":0.73,""cascade_maximum_initial_block_size"":null,""cascade_maximum_lookback_steps"":null,""cascade_passes"":4,""phase_error_abort_threshold"":0.11,""sample_fraction"":0.2,""security_margin_bits"":0,""verification_tag_length"":32},""qkd_signal_count"":8192,""version"":1},""tags"":[],""version"":1}","[{""type"":""identity""}]",,authentication explicitly assumed; no runtime material,,,,,,false,1,3be24ac8f54d15286c48fb7e2d8aac58,QKD-ASSUMED,established,,qkd_bitstring,3215,"[{""algorithm"":""privacy-amplified-bitstring"",""bit_length"":3215,""byte_length"":402,""encoding"":""big-endian packed bits with explicit bit length"",""position"":1,""protocol"":""BB84"",""source"":""qkd""}]","{""pqc_exchange"":null,""qkd_classical"":{""algorithm"":""none"",""executed"":false,""mechanism"":""assumed"",""purpose"":""QKD classical transcript authentication"",""trust_assumption"":""The classical BB84 channel is assumed authenticated externally."",""verified"":null}}","{""qkd_transcript_hash_sha384"":""1c95357bca50e73b6c49921be2e5b0ffc254b9cf2ff70c4de5c450d548caf9e7651c88f61f96ebd2a7a4f5970073f0e7"",""qkd_transcript_version"":1}",1182978600,8192,4065,814,3251,3251,3215,0.4962158203125,0.3924560546875,0.0,0.0,0.0,0,412,0,402,0,814,0.0,0.0,0.0,0.0,0.0,381625,,,,,,,,,,,,,,,,,,,,,,,,,,,,,,,,,,assumed,none,none,0,0,0,0,0,0,0,0,The classical BB84 channel is assumed authenticated externally.,,,,"{""implementation"":""cpython"",""platform"":""Windows-11-10.0.26200-SP0"",""processor"":""Intel64 Family 6 Model 158 Stepping 12, GenuineIntel"",""python"":""3.14.7""}",,,,,,,,,,,,,,,,,,,,,,,,,1182978600,"{""events"":[{""detail"":""QKD-ASSUMED"",""sequence"":0,""source"":""session"",""stage"":""session"",""state"":""started""},{""detail"":""BB84 post-processing completed."",""sequence"":1,""source"":""qkd"",""stage"":""bb84"",""state"":""completed""},{""detail"":""The classical BB84 channel is assumed authenticated externally."",""sequence"":2,""source"":""qkd"",""stage"":""classical_authentication"",""state"":""assumed_not_executed""},{""detail"":""Final key released after all profile checks."",""sequence"":3,""source"":""qkd"",""stage"":""key_release"",""state"":""released""},{""detail"":""Authenticated QKD key released."",""sequence"":4,""source"":""session"",""stage"":""session"",""state"":""established""}],""version"":1}"
1,63e73591-4044-41bf-9bf8-c34fb8fb242c,E4,qkd-assumed,20,1,56c8ad76-db70-4b39-af35-178c87347a7f,false,,0,20,2026-09-08T08:15:06.813333+00:00,13586409394073499889,QKD-ASSUMED,6202,3.14.7,CPython,2.5.0,0.16.0,0.16.0,50.0.1,0.1.0,Windows,11,10.0.26200,AMD64,"Intel64 Family 6 Model 158 Stepping 12, GenuineIntel",ac46477bb374bde1c0ace1ef0bcfbc26b199dcfa,true,1,E4,qkd-assumed,20,13586409394073499889,1,QKD-ASSUMED,QKD-ASSUMED,8192,"{""cascade_initial_block_factor"":0.73,""cascade_maximum_initial_block_size"":null,""cascade_maximum_lookback_steps"":null,""cascade_passes"":4,""phase_error_abort_threshold"":0.11,""sample_fraction"":0.2,""security_margin_bits"":0,""verification_tag_length"":32}",,[],"{""condition_id"":""qkd-assumed"",""experiment_kind"":""E4"",""qkd_stages"":[{""type"":""identity""}],""replicate_index"":20,""seed"":13586409394073499889,""session"":{""internal_pqc_profile"":null,""profile"":""QKD-ASSUMED"",""qkd_authentication_profile"":""QKD-ASSUMED"",""qkd_postprocessing"":{""cascade_initial_block_factor"":0.73,""cascade_maximum_initial_block_size"":null,""cascade_maximum_lookback_steps"":null,""cascade_passes"":4,""phase_error_abort_threshold"":0.11,""sample_fraction"":0.2,""security_margin_bits"":0,""verification_tag_length"":32},""qkd_signal_count"":8192,""version"":1},""tags"":[],""version"":1}","[{""type"":""identity""}]",,authentication explicitly assumed; no runtime material,,,,,,false,1,bc37563233592cda9567c26b704f0cdf,QKD-ASSUMED,established,,qkd_bitstring,3249,"[{""algorithm"":""privacy-amplified-bitstring"",""bit_length"":3249,""byte_length"":407,""encoding"":""big-endian packed bits with explicit bit length"",""position"":1,""protocol"":""BB84"",""source"":""qkd""}]","{""pqc_exchange"":null,""qkd_classical"":{""algorithm"":""none"",""executed"":false,""mechanism"":""assumed"",""purpose"":""QKD classical transcript authentication"",""trust_assumption"":""The classical BB84 channel is assumed authenticated externally."",""verified"":null}}","{""qkd_transcript_hash_sha384"":""7d28157263522ba9bd78112bbec957e048dd04a3485fffc4c3a43ea19ff15bdfcea0dde2f241bb2b784304ce3f8c5ebd"",""qkd_transcript_version"":1}",1191273500,8192,4107,822,3285,3285,3249,0.5013427734375,0.3966064453125,0.0,0.0,0.0,0,416,0,406,0,822,0.0,0.0,0.0,0.0,0.0,385383,,,,,,,,,,,,,,,,,,,,,,,,,,,,,,,,,,assumed,none,none,0,0,0,0,0,0,0,0,The classical BB84 channel is assumed authenticated externally.,,,,"{""implementation"":""cpython"",""platform"":""Windows-11-10.0.26200-SP0"",""processor"":""Intel64 Family 6 Model 158 Stepping 12, GenuineIntel"",""python"":""3.14.7""}",,,,,,,,,,,,,,,,,,,,,,,,,1191273500,"{""events"":[{""detail"":""QKD-ASSUMED"",""sequence"":0,""source"":""session"",""stage"":""session"",""state"":""started""},{""detail"":""BB84 post-processing completed."",""sequence"":1,""source"":""qkd"",""stage"":""bb84"",""state"":""completed""},{""detail"":""The classical BB84 channel is assumed authenticated externally."",""sequence"":2,""source"":""qkd"",""stage"":""classical_authentication"",""state"":""assumed_not_executed""},{""detail"":""Final key released after all profile checks."",""sequence"":3,""source"":""qkd"",""stage"":""key_release"",""state"":""released""},{""detail"":""Authenticated QKD key released."",""sequence"":4,""source"":""session"",""stage"":""session"",""state"":""established""}],""version"":1}"
1,44e49c87-b09e-47ec-8bfb-2f42cd84df87,E4,qkd-assumed,21,1,56c8ad76-db70-4b39-af35-178c87347a7f,false,,0,21,2026-09-08T08:15:08.064378+00:00,8462341723292264769,QKD-ASSUMED,6199,3.14.7,CPython,2.5.0,0.16.0,0.16.0,50.0.1,0.1.0,Windows,11,10.0.26200,AMD64,"Intel64 Family 6 Model 158 Stepping 12, GenuineIntel",ac46477bb374bde1c0ace1ef0bcfbc26b199dcfa,true,1,E4,qkd-assumed,21,8462341723292264769,1,QKD-ASSUMED,QKD-ASSUMED,8192,"{""cascade_initial_block_factor"":0.73,""cascade_maximum_initial_block_size"":null,""cascade_maximum_lookback_steps"":null,""cascade_passes"":4,""phase_error_abort_threshold"":0.11,""sample_fraction"":0.2,""security_margin_bits"":0,""verification_tag_length"":32}",,[],"{""condition_id"":""qkd-assumed"",""experiment_kind"":""E4"",""qkd_stages"":[{""type"":""identity""}],""replicate_index"":21,""seed"":8462341723292264769,""session"":{""internal_pqc_profile"":null,""profile"":""QKD-ASSUMED"",""qkd_authentication_profile"":""QKD-ASSUMED"",""qkd_postprocessing"":{""cascade_initial_block_factor"":0.73,""cascade_maximum_initial_block_size"":null,""cascade_maximum_lookback_steps"":null,""cascade_passes"":4,""phase_error_abort_threshold"":0.11,""sample_fraction"":0.2,""security_margin_bits"":0,""verification_tag_length"":32},""qkd_signal_count"":8192,""version"":1},""tags"":[],""version"":1}","[{""type"":""identity""}]",,authentication explicitly assumed; no runtime material,,,,,,false,1,6baca015fee4a1f3dd15847449863afc,QKD-ASSUMED,established,,qkd_bitstring,3210,"[{""algorithm"":""privacy-amplified-bitstring"",""bit_length"":3210,""byte_length"":402,""encoding"":""big-endian packed bits with explicit bit length"",""position"":1,""protocol"":""BB84"",""source"":""qkd""}]","{""pqc_exchange"":null,""qkd_classical"":{""algorithm"":""none"",""executed"":false,""mechanism"":""assumed"",""purpose"":""QKD classical transcript authentication"",""trust_assumption"":""The classical BB84 channel is assumed authenticated externally."",""verified"":null}}","{""qkd_transcript_hash_sha384"":""d871ff1ba0c5d3652c787ba3f7b6549ec9767295c81aa75b43fc6da003a0f2dd9c479a9a9d27b518b20d18503111dc8e"",""qkd_transcript_version"":1}",1188983300,8192,4059,813,3246,3246,3210,0.4954833984375,0.391845703125,0.0,0.0,0.0,0,406,0,407,0,813,0.0,0.0,0.0,0.0,0.0,381076,,,,,,,,,,,,,,,,,,,,,,,,,,,,,,,,,,assumed,none,none,0,0,0,0,0,0,0,0,The classical BB84 channel is assumed authenticated externally.,,,,"{""implementation"":""cpython"",""platform"":""Windows-11-10.0.26200-SP0"",""processor"":""Intel64 Family 6 Model 158 Stepping 12, GenuineIntel"",""python"":""3.14.7""}",,,,,,,,,,,,,,,,,,,,,,,,,1188983300,"{""events"":[{""detail"":""QKD-ASSUMED"",""sequence"":0,""source"":""session"",""stage"":""session"",""state"":""started""},{""detail"":""BB84 post-processing completed."",""sequence"":1,""source"":""qkd"",""stage"":""bb84"",""state"":""completed""},{""detail"":""The classical BB84 channel is assumed authenticated externally."",""sequence"":2,""source"":""qkd"",""stage"":""classical_authentication"",""state"":""assumed_not_executed""},{""detail"":""Final key released after all profile checks."",""sequence"":3,""source"":""qkd"",""stage"":""key_release"",""state"":""released""},{""detail"":""Authenticated QKD key released."",""sequence"":4,""source"":""session"",""stage"":""session"",""state"":""established""}],""version"":1}"
1,f9a97154-7b7d-4e0c-92b4-fdc0618290f4,E4,qkd-assumed,22,1,56c8ad76-db70-4b39-af35-178c87347a7f,false,,0,22,2026-09-08T08:15:09.296462+00:00,8461503239743638741,QKD-ASSUMED,6198,3.14.7,CPython,2.5.0,0.16.0,0.16.0,50.0.1,0.1.0,Windows,11,10.0.26200,AMD64,"Intel64 Family 6 Model 158 Stepping 12, GenuineIntel",ac46477bb374bde1c0ace1ef0bcfbc26b199dcfa,true,1,E4,qkd-assumed,22,8461503239743638741,1,QKD-ASSUMED,QKD-ASSUMED,8192,"{""cascade_initial_block_factor"":0.73,""cascade_maximum_initial_block_size"":null,""cascade_maximum_lookback_steps"":null,""cascade_passes"":4,""phase_error_abort_threshold"":0.11,""sample_fraction"":0.2,""security_margin_bits"":0,""verification_tag_length"":32}",,[],"{""condition_id"":""qkd-assumed"",""experiment_kind"":""E4"",""qkd_stages"":[{""type"":""identity""}],""replicate_index"":22,""seed"":8461503239743638741,""session"":{""internal_pqc_profile"":null,""profile"":""QKD-ASSUMED"",""qkd_authentication_profile"":""QKD-ASSUMED"",""qkd_postprocessing"":{""cascade_initial_block_factor"":0.73,""cascade_maximum_initial_block_size"":null,""cascade_maximum_lookback_steps"":null,""cascade_passes"":4,""phase_error_abort_threshold"":0.11,""sample_fraction"":0.2,""security_margin_bits"":0,""verification_tag_length"":32},""qkd_signal_count"":8192,""version"":1},""tags"":[],""version"":1}","[{""type"":""identity""}]",,authentication explicitly assumed; no runtime material,,,,,,false,1,3dbce1e2853f4e35e51a5ae74083fba2,QKD-ASSUMED,established,,qkd_bitstring,3206,"[{""algorithm"":""privacy-amplified-bitstring"",""bit_length"":3206,""byte_length"":401,""encoding"":""big-endian packed bits with explicit bit length"",""position"":1,""protocol"":""BB84"",""source"":""qkd""}]","{""pqc_exchange"":null,""qkd_classical"":{""algorithm"":""none"",""executed"":false,""mechanism"":""assumed"",""purpose"":""QKD classical transcript authentication"",""trust_assumption"":""The classical BB84 channel is assumed authenticated externally."",""verified"":null}}","{""qkd_transcript_hash_sha384"":""cccaa865c9d6335b3c84c759f19e85e371e3f3338c9c185d9f9ac455948148639bd20ae261e913bf6c0781213402f90d"",""qkd_transcript_version"":1}",1170821100,8192,4054,812,3242,3242,3206,0.494873046875,0.391357421875,0.0,0.0,0.0,0,397,0,415,0,812,0.0,0.0,0.0,0.0,0.0,380633,,,,,,,,,,,,,,,,,,,,,,,,,,,,,,,,,,assumed,none,none,0,0,0,0,0,0,0,0,The classical BB84 channel is assumed authenticated externally.,,,,"{""implementation"":""cpython"",""platform"":""Windows-11-10.0.26200-SP0"",""processor"":""Intel64 Family 6 Model 158 Stepping 12, GenuineIntel"",""python"":""3.14.7""}",,,,,,,,,,,,,,,,,,,,,,,,,1170821100,"{""events"":[{""detail"":""QKD-ASSUMED"",""sequence"":0,""source"":""session"",""stage"":""session"",""state"":""started""},{""detail"":""BB84 post-processing completed."",""sequence"":1,""source"":""qkd"",""stage"":""bb84"",""state"":""completed""},{""detail"":""The classical BB84 channel is assumed authenticated externally."",""sequence"":2,""source"":""qkd"",""stage"":""classical_authentication"",""state"":""assumed_not_executed""},{""detail"":""Final key released after all profile checks."",""sequence"":3,""source"":""qkd"",""stage"":""key_release"",""state"":""released""},{""detail"":""Authenticated QKD key released."",""sequence"":4,""source"":""session"",""stage"":""session"",""state"":""established""}],""version"":1}"
1,0377f8ee-9deb-4419-b135-f70ac1fe1614,E4,qkd-assumed,23,1,56c8ad76-db70-4b39-af35-178c87347a7f,false,,0,23,2026-09-08T08:15:10.532878+00:00,15744960315248446715,QKD-ASSUMED,6202,3.14.7,CPython,2.5.0,0.16.0,0.16.0,50.0.1,0.1.0,Windows,11,10.0.26200,AMD64,"Intel64 Family 6 Model 158 Stepping 12, GenuineIntel",ac46477bb374bde1c0ace1ef0bcfbc26b199dcfa,true,1,E4,qkd-assumed,23,15744960315248446715,1,QKD-ASSUMED,QKD-ASSUMED,8192,"{""cascade_initial_block_factor"":0.73,""cascade_maximum_initial_block_size"":null,""cascade_maximum_lookback_steps"":null,""cascade_passes"":4,""phase_error_abort_threshold"":0.11,""sample_fraction"":0.2,""security_margin_bits"":0,""verification_tag_length"":32}",,[],"{""condition_id"":""qkd-assumed"",""experiment_kind"":""E4"",""qkd_stages"":[{""type"":""identity""}],""replicate_index"":23,""seed"":15744960315248446715,""session"":{""internal_pqc_profile"":null,""profile"":""QKD-ASSUMED"",""qkd_authentication_profile"":""QKD-ASSUMED"",""qkd_postprocessing"":{""cascade_initial_block_factor"":0.73,""cascade_maximum_initial_block_size"":null,""cascade_maximum_lookback_steps"":null,""cascade_passes"":4,""phase_error_abort_threshold"":0.11,""sample_fraction"":0.2,""security_margin_bits"":0,""verification_tag_length"":32},""qkd_signal_count"":8192,""version"":1},""tags"":[],""version"":1}","[{""type"":""identity""}]",,authentication explicitly assumed; no runtime material,,,,,,false,1,a8a266218c8d0fdc7d39b18fc396f24b,QKD-ASSUMED,established,,qkd_bitstring,3235,"[{""algorithm"":""privacy-amplified-bitstring"",""bit_length"":3235,""byte_length"":405,""encoding"":""big-endian packed bits with explicit bit length"",""position"":1,""protocol"":""BB84"",""source"":""qkd""}]","{""pqc_exchange"":null,""qkd_classical"":{""algorithm"":""none"",""executed"":false,""mechanism"":""assumed"",""purpose"":""QKD classical transcript authentication"",""trust_assumption"":""The classical BB84 channel is assumed authenticated externally."",""verified"":null}}","{""qkd_transcript_hash_sha384"":""8b204294bf46626fb34e088c1d1534e750bc6e29ed117493861e91b6666fcbc63bee9fd1c464f6faa7291f65deac9ca1"",""qkd_transcript_version"":1}",1174262600,8192,4089,818,3271,3271,3235,0.4991455078125,0.3948974609375,0.0,0.0,0.0,0,408,0,410,0,818,0.0,0.0,0.0,0.0,0.0,383818,,,,,,,,,,,,,,,,,,,,,,,,,,,,,,,,,,assumed,none,none,0,0,0,0,0,0,0,0,The classical BB84 channel is assumed authenticated externally.,,,,"{""implementation"":""cpython"",""platform"":""Windows-11-10.0.26200-SP0"",""processor"":""Intel64 Family 6 Model 158 Stepping 12, GenuineIntel"",""python"":""3.14.7""}",,,,,,,,,,,,,,,,,,,,,,,,,1174262600,"{""events"":[{""detail"":""QKD-ASSUMED"",""sequence"":0,""source"":""session"",""stage"":""session"",""state"":""started""},{""detail"":""BB84 post-processing completed."",""sequence"":1,""source"":""qkd"",""stage"":""bb84"",""state"":""completed""},{""detail"":""The classical BB84 channel is assumed authenticated externally."",""sequence"":2,""source"":""qkd"",""stage"":""classical_authentication"",""state"":""assumed_not_executed""},{""detail"":""Final key released after all profile checks."",""sequence"":3,""source"":""qkd"",""stage"":""key_release"",""state"":""released""},{""detail"":""Authenticated QKD key released."",""sequence"":4,""source"":""session"",""stage"":""session"",""state"":""established""}],""version"":1}"
1,a2bbceb9-042d-42b0-ab4e-7fe9054aaf37,E4,qkd-assumed,24,1,56c8ad76-db70-4b39-af35-178c87347a7f,false,,0,24,2026-09-08T08:15:11.771500+00:00,16136230971014270418,QKD-ASSUMED,6199,3.14.7,CPython,2.5.0,0.16.0,0.16.0,50.0.1,0.1.0,Windows,11,10.0.26200,AMD64,"Intel64 Family 6 Model 158 Stepping 12, GenuineIntel",ac46477bb374bde1c0ace1ef0bcfbc26b199dcfa,true,1,E4,qkd-assumed,24,16136230971014270418,1,QKD-ASSUMED,QKD-ASSUMED,8192,"{""cascade_initial_block_factor"":0.73,""cascade_maximum_initial_block_size"":null,""cascade_maximum_lookback_steps"":null,""cascade_passes"":4,""phase_error_abort_threshold"":0.11,""sample_fraction"":0.2,""security_margin_bits"":0,""verification_tag_length"":32}",,[],"{""condition_id"":""qkd-assumed"",""experiment_kind"":""E4"",""qkd_stages"":[{""type"":""identity""}],""replicate_index"":24,""seed"":16136230971014270418,""session"":{""internal_pqc_profile"":null,""profile"":""QKD-ASSUMED"",""qkd_authentication_profile"":""QKD-ASSUMED"",""qkd_postprocessing"":{""cascade_initial_block_factor"":0.73,""cascade_maximum_initial_block_size"":null,""cascade_maximum_lookback_steps"":null,""cascade_passes"":4,""phase_error_abort_threshold"":0.11,""sample_fraction"":0.2,""security_margin_bits"":0,""verification_tag_length"":32},""qkd_signal_count"":8192,""version"":1},""tags"":[],""version"":1}","[{""type"":""identity""}]",,authentication explicitly assumed; no runtime material,,,,,,false,1,76119c6d40b0e88b58642881b7c290ba,QKD-ASSUMED,established,,qkd_bitstring,3250,"[{""algorithm"":""privacy-amplified-bitstring"",""bit_length"":3250,""byte_length"":407,""encoding"":""big-endian packed bits with explicit bit length"",""position"":1,""protocol"":""BB84"",""source"":""qkd""}]","{""pqc_exchange"":null,""qkd_classical"":{""algorithm"":""none"",""executed"":false,""mechanism"":""assumed"",""purpose"":""QKD classical transcript authentication"",""trust_assumption"":""The classical BB84 channel is assumed authenticated externally."",""verified"":null}}","{""qkd_transcript_hash_sha384"":""82ef0858b6fc91f561967c626719d7873bfe4df8406d741b01f0eb4db5f7e1dcbcaf379ec84dcd97b42eca8efa737cc3"",""qkd_transcript_version"":1}",1175875200,8192,4108,822,3286,3286,3250,0.50146484375,0.396728515625,0.0,0.0,0.0,0,419,0,403,0,822,0.0,0.0,0.0,0.0,0.0,385487,,,,,,,,,,,,,,,,,,,,,,,,,,,,,,,,,,assumed,none,none,0,0,0,0,0,0,0,0,The classical BB84 channel is assumed authenticated externally.,,,,"{""implementation"":""cpython"",""platform"":""Windows-11-10.0.26200-SP0"",""processor"":""Intel64 Family 6 Model 158 Stepping 12, GenuineIntel"",""python"":""3.14.7""}",,,,,,,,,,,,,,,,,,,,,,,,,1175875200,"{""events"":[{""detail"":""QKD-ASSUMED"",""sequence"":0,""source"":""session"",""stage"":""session"",""state"":""started""},{""detail"":""BB84 post-processing completed."",""sequence"":1,""source"":""qkd"",""stage"":""bb84"",""state"":""completed""},{""detail"":""The classical BB84 channel is assumed authenticated externally."",""sequence"":2,""source"":""qkd"",""stage"":""classical_authentication"",""state"":""assumed_not_executed""},{""detail"":""Final key released after all profile checks."",""sequence"":3,""source"":""qkd"",""stage"":""key_release"",""state"":""released""},{""detail"":""Authenticated QKD key released."",""sequence"":4,""source"":""session"",""stage"":""session"",""state"":""established""}],""version"":1}"
1,25d98406-05ae-4da8-a394-ba2239f25f88,E4,qkd-assumed,25,1,56c8ad76-db70-4b39-af35-178c87347a7f,false,,0,25,2026-09-08T08:15:13.036542+00:00,3677795242345442013,QKD-ASSUMED,6194,3.14.7,CPython,2.5.0,0.16.0,0.16.0,50.0.1,0.1.0,Windows,11,10.0.26200,AMD64,"Intel64 Family 6 Model 158 Stepping 12, GenuineIntel",ac46477bb374bde1c0ace1ef0bcfbc26b199dcfa,true,1,E4,qkd-assumed,25,3677795242345442013,1,QKD-ASSUMED,QKD-ASSUMED,8192,"{""cascade_initial_block_factor"":0.73,""cascade_maximum_initial_block_size"":null,""cascade_maximum_lookback_steps"":null,""cascade_passes"":4,""phase_error_abort_threshold"":0.11,""sample_fraction"":0.2,""security_margin_bits"":0,""verification_tag_length"":32}",,[],"{""condition_id"":""qkd-assumed"",""experiment_kind"":""E4"",""qkd_stages"":[{""type"":""identity""}],""replicate_index"":25,""seed"":3677795242345442013,""session"":{""internal_pqc_profile"":null,""profile"":""QKD-ASSUMED"",""qkd_authentication_profile"":""QKD-ASSUMED"",""qkd_postprocessing"":{""cascade_initial_block_factor"":0.73,""cascade_maximum_initial_block_size"":null,""cascade_maximum_lookback_steps"":null,""cascade_passes"":4,""phase_error_abort_threshold"":0.11,""sample_fraction"":0.2,""security_margin_bits"":0,""verification_tag_length"":32},""qkd_signal_count"":8192,""version"":1},""tags"":[],""version"":1}","[{""type"":""identity""}]",,authentication explicitly assumed; no runtime material,,,,,,false,1,ef1f45c1af836719b8c6a68255b404d5,QKD-ASSUMED,established,,qkd_bitstring,3208,"[{""algorithm"":""privacy-amplified-bitstring"",""bit_length"":3208,""byte_length"":401,""encoding"":""big-endian packed bits with explicit bit length"",""position"":1,""protocol"":""BB84"",""source"":""qkd""}]","{""pqc_exchange"":null,""qkd_classical"":{""algorithm"":""none"",""executed"":false,""mechanism"":""assumed"",""purpose"":""QKD classical transcript authentication"",""trust_assumption"":""The classical BB84 channel is assumed authenticated externally."",""verified"":null}}","{""qkd_transcript_hash_sha384"":""11fff8abd0d7b2663924e061852c8c2fd2968bdbb5e1365740a1e7d15bd56ee5bcdb1fa43226cc5f69fa8f96cbd17d89"",""qkd_transcript_version"":1}",1205711900,8192,4056,812,3244,3244,3208,0.4951171875,0.3916015625,0.0,0.0,0.0,0,416,0,396,0,812,0.0,0.0,0.0,0.0,0.0,380842,,,,,,,,,,,,,,,,,,,,,,,,,,,,,,,,,,assumed,none,none,0,0,0,0,0,0,0,0,The classical BB84 channel is assumed authenticated externally.,,,,"{""implementation"":""cpython"",""platform"":""Windows-11-10.0.26200-SP0"",""processor"":""Intel64 Family 6 Model 158 Stepping 12, GenuineIntel"",""python"":""3.14.7""}",,,,,,,,,,,,,,,,,,,,,,,,,1205711900,"{""events"":[{""detail"":""QKD-ASSUMED"",""sequence"":0,""source"":""session"",""stage"":""session"",""state"":""started""},{""detail"":""BB84 post-processing completed."",""sequence"":1,""source"":""qkd"",""stage"":""bb84"",""state"":""completed""},{""detail"":""The classical BB84 channel is assumed authenticated externally."",""sequence"":2,""source"":""qkd"",""stage"":""classical_authentication"",""state"":""assumed_not_executed""},{""detail"":""Final key released after all profile checks."",""sequence"":3,""source"":""qkd"",""stage"":""key_release"",""state"":""released""},{""detail"":""Authenticated QKD key released."",""sequence"":4,""source"":""session"",""stage"":""session"",""state"":""established""}],""version"":1}"
1,a8889be0-2e80-41a4-876d-35b27b64e136,E4,qkd-assumed,26,1,56c8ad76-db70-4b39-af35-178c87347a7f,false,,0,26,2026-09-08T08:15:14.291183+00:00,12689988155540825294,QKD-ASSUMED,6198,3.14.7,CPython,2.5.0,0.16.0,0.16.0,50.0.1,0.1.0,Windows,11,10.0.26200,AMD64,"Intel64 Family 6 Model 158 Stepping 12, GenuineIntel",ac46477bb374bde1c0ace1ef0bcfbc26b199dcfa,true,1,E4,qkd-assumed,26,12689988155540825294,1,QKD-ASSUMED,QKD-ASSUMED,8192,"{""cascade_initial_block_factor"":0.73,""cascade_maximum_initial_block_size"":null,""cascade_maximum_lookback_steps"":null,""cascade_passes"":4,""phase_error_abort_threshold"":0.11,""sample_fraction"":0.2,""security_margin_bits"":0,""verification_tag_length"":32}",,[],"{""condition_id"":""qkd-assumed"",""experiment_kind"":""E4"",""qkd_stages"":[{""type"":""identity""}],""replicate_index"":26,""seed"":12689988155540825294,""session"":{""internal_pqc_profile"":null,""profile"":""QKD-ASSUMED"",""qkd_authentication_profile"":""QKD-ASSUMED"",""qkd_postprocessing"":{""cascade_initial_block_factor"":0.73,""cascade_maximum_initial_block_size"":null,""cascade_maximum_lookback_steps"":null,""cascade_passes"":4,""phase_error_abort_threshold"":0.11,""sample_fraction"":0.2,""security_margin_bits"":0,""verification_tag_length"":32},""qkd_signal_count"":8192,""version"":1},""tags"":[],""version"":1}","[{""type"":""identity""}]",,authentication explicitly assumed; no runtime material,,,,,,false,1,101a27fd0ee0e7e07a38eddb68cb9286,QKD-ASSUMED,established,,qkd_bitstring,3298,"[{""algorithm"":""privacy-amplified-bitstring"",""bit_length"":3298,""byte_length"":413,""encoding"":""big-endian packed bits with explicit bit length"",""position"":1,""protocol"":""BB84"",""source"":""qkd""}]","{""pqc_exchange"":null,""qkd_classical"":{""algorithm"":""none"",""executed"":false,""mechanism"":""assumed"",""purpose"":""QKD classical transcript authentication"",""trust_assumption"":""The classical BB84 channel is assumed authenticated externally."",""verified"":null}}","{""qkd_transcript_hash_sha384"":""05346a6900c93320be7e1ab8913adca9d0d9810a5d39268871b09be3af754498ebab2fa84d4bf4037453fd70f46a4e4b"",""qkd_transcript_version"":1}",1193804700,8192,4168,834,3334,3334,3298,0.5087890625,0.402587890625,0.0,0.0,0.0,0,425,0,409,0,834,0.0,0.0,0.0,0.0,0.0,390813,,,,,,,,,,,,,,,,,,,,,,,,,,,,,,,,,,assumed,none,none,0,0,0,0,0,0,0,0,The classical BB84 channel is assumed authenticated externally.,,,,"{""implementation"":""cpython"",""platform"":""Windows-11-10.0.26200-SP0"",""processor"":""Intel64 Family 6 Model 158 Stepping 12, GenuineIntel"",""python"":""3.14.7""}",,,,,,,,,,,,,,,,,,,,,,,,,1193804700,"{""events"":[{""detail"":""QKD-ASSUMED"",""sequence"":0,""source"":""session"",""stage"":""session"",""state"":""started""},{""detail"":""BB84 post-processing completed."",""sequence"":1,""source"":""qkd"",""stage"":""bb84"",""state"":""completed""},{""detail"":""The classical BB84 channel is assumed authenticated externally."",""sequence"":2,""source"":""qkd"",""stage"":""classical_authentication"",""state"":""assumed_not_executed""},{""detail"":""Final key released after all profile checks."",""sequence"":3,""source"":""qkd"",""stage"":""key_release"",""state"":""released""},{""detail"":""Authenticated QKD key released."",""sequence"":4,""source"":""session"",""stage"":""session"",""state"":""established""}],""version"":1}"
1,96af176e-fcd5-46b1-bc40-a63d60629802,E4,qkd-assumed,27,1,56c8ad76-db70-4b39-af35-178c87347a7f,false,,0,27,2026-09-08T08:15:15.544888+00:00,8215383501404857476,QKD-ASSUMED,6195,3.14.7,CPython,2.5.0,0.16.0,0.16.0,50.0.1,0.1.0,Windows,11,10.0.26200,AMD64,"Intel64 Family 6 Model 158 Stepping 12, GenuineIntel",ac46477bb374bde1c0ace1ef0bcfbc26b199dcfa,true,1,E4,qkd-assumed,27,8215383501404857476,1,QKD-ASSUMED,QKD-ASSUMED,8192,"{""cascade_initial_block_factor"":0.73,""cascade_maximum_initial_block_size"":null,""cascade_maximum_lookback_steps"":null,""cascade_passes"":4,""phase_error_abort_threshold"":0.11,""sample_fraction"":0.2,""security_margin_bits"":0,""verification_tag_length"":32}",,[],"{""condition_id"":""qkd-assumed"",""experiment_kind"":""E4"",""qkd_stages"":[{""type"":""identity""}],""replicate_index"":27,""seed"":8215383501404857476,""session"":{""internal_pqc_profile"":null,""profile"":""QKD-ASSUMED"",""qkd_authentication_profile"":""QKD-ASSUMED"",""qkd_postprocessing"":{""cascade_initial_block_factor"":0.73,""cascade_maximum_initial_block_size"":null,""cascade_maximum_lookback_steps"":null,""cascade_passes"":4,""phase_error_abort_threshold"":0.11,""sample_fraction"":0.2,""security_margin_bits"":0,""verification_tag_length"":32},""qkd_signal_count"":8192,""version"":1},""tags"":[],""version"":1}","[{""type"":""identity""}]",,authentication explicitly assumed; no runtime material,,,,,,false,1,f3ea2541348ee52bf58dcedccbe4e851,QKD-ASSUMED,established,,qkd_bitstring,3284,"[{""algorithm"":""privacy-amplified-bitstring"",""bit_length"":3284,""byte_length"":411,""encoding"":""big-endian packed bits with explicit bit length"",""position"":1,""protocol"":""BB84"",""source"":""qkd""}]","{""pqc_exchange"":null,""qkd_classical"":{""algorithm"":""none"",""executed"":false,""mechanism"":""assumed"",""purpose"":""QKD classical transcript authentication"",""trust_assumption"":""The classical BB84 channel is assumed authenticated externally."",""verified"":null}}","{""qkd_transcript_hash_sha384"":""6058a7bd7ca9c816b498da8a9587e0824a951a7263c18789ea592f0b2d0bf66a261fa39bd1e37e1c9f5dce13c4a93d7f"",""qkd_transcript_version"":1}",1190358400,8192,4152,832,3320,3320,3284,0.5068359375,0.40087890625,0.0,0.0,0.0,0,423,0,409,0,832,0.0,0.0,0.0,0.0,0.0,389298,,,,,,,,,,,,,,,,,,,,,,,,,,,,,,,,,,assumed,none,none,0,0,0,0,0,0,0,0,The classical BB84 channel is assumed authenticated externally.,,,,"{""implementation"":""cpython"",""platform"":""Windows-11-10.0.26200-SP0"",""processor"":""Intel64 Family 6 Model 158 Stepping 12, GenuineIntel"",""python"":""3.14.7""}",,,,,,,,,,,,,,,,,,,,,,,,,1190358400,"{""events"":[{""detail"":""QKD-ASSUMED"",""sequence"":0,""source"":""session"",""stage"":""session"",""state"":""started""},{""detail"":""BB84 post-processing completed."",""sequence"":1,""source"":""qkd"",""stage"":""bb84"",""state"":""completed""},{""detail"":""The classical BB84 channel is assumed authenticated externally."",""sequence"":2,""source"":""qkd"",""stage"":""classical_authentication"",""state"":""assumed_not_executed""},{""detail"":""Final key released after all profile checks."",""sequence"":3,""source"":""qkd"",""stage"":""key_release"",""state"":""released""},{""detail"":""Authenticated QKD key released."",""sequence"":4,""source"":""session"",""stage"":""session"",""state"":""established""}],""version"":1}"
1,e8ad52e2-d737-42ad-864c-b3d2c4478d4b,E4,qkd-assumed,28,1,56c8ad76-db70-4b39-af35-178c87347a7f,false,,0,28,2026-09-08T08:15:16.799057+00:00,13394359127903597066,QKD-ASSUMED,6198,3.14.7,CPython,2.5.0,0.16.0,0.16.0,50.0.1,0.1.0,Windows,11,10.0.26200,AMD64,"Intel64 Family 6 Model 158 Stepping 12, GenuineIntel",ac46477bb374bde1c0ace1ef0bcfbc26b199dcfa,true,1,E4,qkd-assumed,28,13394359127903597066,1,QKD-ASSUMED,QKD-ASSUMED,8192,"{""cascade_initial_block_factor"":0.73,""cascade_maximum_initial_block_size"":null,""cascade_maximum_lookback_steps"":null,""cascade_passes"":4,""phase_error_abort_threshold"":0.11,""sample_fraction"":0.2,""security_margin_bits"":0,""verification_tag_length"":32}",,[],"{""condition_id"":""qkd-assumed"",""experiment_kind"":""E4"",""qkd_stages"":[{""type"":""identity""}],""replicate_index"":28,""seed"":13394359127903597066,""session"":{""internal_pqc_profile"":null,""profile"":""QKD-ASSUMED"",""qkd_authentication_profile"":""QKD-ASSUMED"",""qkd_postprocessing"":{""cascade_initial_block_factor"":0.73,""cascade_maximum_initial_block_size"":null,""cascade_maximum_lookback_steps"":null,""cascade_passes"":4,""phase_error_abort_threshold"":0.11,""sample_fraction"":0.2,""security_margin_bits"":0,""verification_tag_length"":32},""qkd_signal_count"":8192,""version"":1},""tags"":[],""version"":1}","[{""type"":""identity""}]",,authentication explicitly assumed; no runtime material,,,,,,false,1,8d8feb7e8e379f7bb1ea86dc9efa0dce,QKD-ASSUMED,established,,qkd_bitstring,3253,"[{""algorithm"":""privacy-amplified-bitstring"",""bit_length"":3253,""byte_length"":407,""encoding"":""big-endian packed bits with explicit bit length"",""position"":1,""protocol"":""BB84"",""source"":""qkd""}]","{""pqc_exchange"":null,""qkd_classical"":{""algorithm"":""none"",""executed"":false,""mechanism"":""assumed"",""purpose"":""QKD classical transcript authentication"",""trust_assumption"":""The classical BB84 channel is assumed authenticated externally."",""verified"":null}}","{""qkd_transcript_hash_sha384"":""b5669151b1b20c7b7f85932393d8990e95c275a9007e13d997d92a9165b2b0d2cd1fdcbcdeeb5430ea22a0c61c5aaca8"",""qkd_transcript_version"":1}",1193132500,8192,4112,823,3289,3289,3253,0.501953125,0.3970947265625,0.0,0.0,0.0,0,416,0,407,0,823,0.0,0.0,0.0,0.0,0.0,385826,,,,,,,,,,,,,,,,,,,,,,,,,,,,,,,,,,assumed,none,none,0,0,0,0,0,0,0,0,The classical BB84 channel is assumed authenticated externally.,,,,"{""implementation"":""cpython"",""platform"":""Windows-11-10.0.26200-SP0"",""processor"":""Intel64 Family 6 Model 158 Stepping 12, GenuineIntel"",""python"":""3.14.7""}",,,,,,,,,,,,,,,,,,,,,,,,,1193132500,"{""events"":[{""detail"":""QKD-ASSUMED"",""sequence"":0,""source"":""session"",""stage"":""session"",""state"":""started""},{""detail"":""BB84 post-processing completed."",""sequence"":1,""source"":""qkd"",""stage"":""bb84"",""state"":""completed""},{""detail"":""The classical BB84 channel is assumed authenticated externally."",""sequence"":2,""source"":""qkd"",""stage"":""classical_authentication"",""state"":""assumed_not_executed""},{""detail"":""Final key released after all profile checks."",""sequence"":3,""source"":""qkd"",""stage"":""key_release"",""state"":""released""},{""detail"":""Authenticated QKD key released."",""sequence"":4,""source"":""session"",""stage"":""session"",""state"":""established""}],""version"":1}"
1,d39dd2d3-515a-4354-9ed1-6d43794a3365,E4,qkd-assumed,29,1,56c8ad76-db70-4b39-af35-178c87347a7f,false,,0,29,2026-09-08T08:15:18.034276+00:00,13354306584481114253,QKD-ASSUMED,6201,3.14.7,CPython,2.5.0,0.16.0,0.16.0,50.0.1,0.1.0,Windows,11,10.0.26200,AMD64,"Intel64 Family 6 Model 158 Stepping 12, GenuineIntel",ac46477bb374bde1c0ace1ef0bcfbc26b199dcfa,true,1,E4,qkd-assumed,29,13354306584481114253,1,QKD-ASSUMED,QKD-ASSUMED,8192,"{""cascade_initial_block_factor"":0.73,""cascade_maximum_initial_block_size"":null,""cascade_maximum_lookback_steps"":null,""cascade_passes"":4,""phase_error_abort_threshold"":0.11,""sample_fraction"":0.2,""security_margin_bits"":0,""verification_tag_length"":32}",,[],"{""condition_id"":""qkd-assumed"",""experiment_kind"":""E4"",""qkd_stages"":[{""type"":""identity""}],""replicate_index"":29,""seed"":13354306584481114253,""session"":{""internal_pqc_profile"":null,""profile"":""QKD-ASSUMED"",""qkd_authentication_profile"":""QKD-ASSUMED"",""qkd_postprocessing"":{""cascade_initial_block_factor"":0.73,""cascade_maximum_initial_block_size"":null,""cascade_maximum_lookback_steps"":null,""cascade_passes"":4,""phase_error_abort_threshold"":0.11,""sample_fraction"":0.2,""security_margin_bits"":0,""verification_tag_length"":32},""qkd_signal_count"":8192,""version"":1},""tags"":[],""version"":1}","[{""type"":""identity""}]",,authentication explicitly assumed; no runtime material,,,,,,false,1,3a42b0c2513bd363482163399ec6e285,QKD-ASSUMED,established,,qkd_bitstring,3262,"[{""algorithm"":""privacy-amplified-bitstring"",""bit_length"":3262,""byte_length"":408,""encoding"":""big-endian packed bits with explicit bit length"",""position"":1,""protocol"":""BB84"",""source"":""qkd""}]","{""pqc_exchange"":null,""qkd_classical"":{""algorithm"":""none"",""executed"":false,""mechanism"":""assumed"",""purpose"":""QKD classical transcript authentication"",""trust_assumption"":""The classical BB84 channel is assumed authenticated externally."",""verified"":null}}","{""qkd_transcript_hash_sha384"":""ad93a3734675d5100c13d00804ad482d5d2e6e36681269a9cee40ac0237237d2a22db3c18f99061da744cf6f79c780aa"",""qkd_transcript_version"":1}",1174325400,8192,4123,825,3298,3298,3262,0.5032958984375,0.398193359375,0.0,0.0,0.0,0,412,0,413,0,825,0.0,0.0,0.0,0.0,0.0,386820,,,,,,,,,,,,,,,,,,,,,,,,,,,,,,,,,,assumed,none,none,0,0,0,0,0,0,0,0,The classical BB84 channel is assumed authenticated externally.,,,,"{""implementation"":""cpython"",""platform"":""Windows-11-10.0.26200-SP0"",""processor"":""Intel64 Family 6 Model 158 Stepping 12, GenuineIntel"",""python"":""3.14.7""}",,,,,,,,,,,,,,,,,,,,,,,,,1174325400,"{""events"":[{""detail"":""QKD-ASSUMED"",""sequence"":0,""source"":""session"",""stage"":""session"",""state"":""started""},{""detail"":""BB84 post-processing completed."",""sequence"":1,""source"":""qkd"",""stage"":""bb84"",""state"":""completed""},{""detail"":""The classical BB84 channel is assumed authenticated externally."",""sequence"":2,""source"":""qkd"",""stage"":""classical_authentication"",""state"":""assumed_not_executed""},{""detail"":""Final key released after all profile checks."",""sequence"":3,""source"":""qkd"",""stage"":""key_release"",""state"":""released""},{""detail"":""Authenticated QKD key released."",""sequence"":4,""source"":""session"",""stage"":""session"",""state"":""established""}],""version"":1}"
1,c78f82a8-71c4-4328-85b7-bb91a09853ad,E4,qkd-classical-auth,0,1,56c8ad76-db70-4b39-af35-178c87347a7f,false,,0,30,2026-09-08T08:15:22.224267+00:00,14327934917155077723,QKD-CLASSICAL-AUTH,6696,3.14.7,CPython,2.5.0,0.16.0,0.16.0,50.0.1,0.1.0,Windows,11,10.0.26200,AMD64,"Intel64 Family 6 Model 158 Stepping 12, GenuineIntel",ac46477bb374bde1c0ace1ef0bcfbc26b199dcfa,true,1,E4,qkd-classical-auth,0,14327934917155077723,1,QKD-CLASSICAL-AUTH,QKD-CLASSICAL-AUTH,8192,"{""cascade_initial_block_factor"":0.73,""cascade_maximum_initial_block_size"":null,""cascade_maximum_lookback_steps"":null,""cascade_passes"":4,""phase_error_abort_threshold"":0.11,""sample_fraction"":0.2,""security_margin_bits"":0,""verification_tag_length"":32}",,[],"{""condition_id"":""qkd-classical-auth"",""experiment_kind"":""E4"",""qkd_stages"":[{""type"":""identity""}],""replicate_index"":0,""seed"":14327934917155077723,""session"":{""internal_pqc_profile"":null,""profile"":""QKD-CLASSICAL-AUTH"",""qkd_authentication_profile"":""QKD-CLASSICAL-AUTH"",""qkd_postprocessing"":{""cascade_initial_block_factor"":0.73,""cascade_maximum_initial_block_size"":null,""cascade_maximum_lookback_steps"":null,""cascade_passes"":4,""phase_error_abort_threshold"":0.11,""sample_fraction"":0.2,""security_margin_bits"":0,""verification_tag_length"":32},""qkd_signal_count"":8192,""version"":1},""tags"":[],""version"":1}","[{""type"":""identity""}]",,fresh pre-shared authentication material per run,5242880,,,,,false,1,e3ff03d1705b4417ffdd1dd70bb2f661,QKD-CLASSICAL-AUTH,established,,qkd_bitstring,3254,"[{""algorithm"":""privacy-amplified-bitstring"",""bit_length"":3254,""byte_length"":407,""encoding"":""big-endian packed bits with explicit bit length"",""position"":1,""protocol"":""BB84"",""source"":""qkd""}]","{""pqc_exchange"":null,""qkd_classical"":{""algorithm"":""Toeplitz-U2+one-time-mask-128"",""executed"":true,""mechanism"":""wegman_carter"",""purpose"":""QKD classical transcript authentication"",""trust_assumption"":""Alice and Bob hold identical, uniformly random, pre-shared authentication material; every Toeplitz selector and one-time tag mask is fresh and never reused."",""verified"":true}}","{""qkd_transcript_hash_sha384"":""2a08b7b4e17414778541f729bb8342189925606506174e4514bbf6a3de04a53d48b1c4a029b92934d435a2cf93c2a886"",""qkd_transcript_version"":1}",1192373300,8192,4114,824,3290,3290,3254,0.502197265625,0.397216796875,0.0,0.0,0.0,0,408,0,416,0,824,0.0,0.0,0.0,0.0,0.0,385957,,,,,,,,,,,,,,,,,,,,,,,,,,,,,,,,,,wegman_carter,Toeplitz-U2+one-time-mask-128,information-theoretic universal-hash authentication,772212,32,2,2,2,1462977700,1459996900,2922974600,"Alice and Bob hold identical, uniformly random, pre-shared authentication material; every Toeplitz selector and one-time tag mask is fresh and never reused.",6178206,,<= 2^-128 per fresh-key checkpoint,"{""implementation"":""cpython"",""platform"":""Windows-11-10.0.26200-SP0"",""processor"":""Intel64 Family 6 Model 158 Stepping 12, GenuineIntel"",""python"":""3.14.7""}",,,,,,,,,,,,,,,,,,,,,,,,,4115347900,"{""events"":[{""detail"":""QKD-CLASSICAL-AUTH"",""sequence"":0,""source"":""session"",""stage"":""session"",""state"":""started""},{""detail"":""BB84 post-processing completed."",""sequence"":1,""source"":""qkd"",""stage"":""bb84"",""state"":""completed""},{""detail"":""Alice and Bob hold identical, uniformly random, pre-shared authentication material; every Toeplitz selector and one-time tag mask is fresh and never reused."",""sequence"":2,""source"":""qkd"",""stage"":""classical_authentication"",""state"":""executed_verified""},{""detail"":""Final key released after all profile checks."",""sequence"":3,""source"":""qkd"",""stage"":""key_release"",""state"":""released""},{""detail"":""Authenticated QKD key released."",""sequence"":4,""source"":""session"",""stage"":""session"",""state"":""established""}],""version"":1}"
1,cd707c18-b744-4c07-bab4-a6fdd990be96,E4,qkd-classical-auth,1,1,56c8ad76-db70-4b39-af35-178c87347a7f,false,,0,31,2026-09-08T08:15:26.414394+00:00,413816883879677169,QKD-CLASSICAL-AUTH,6688,3.14.7,CPython,2.5.0,0.16.0,0.16.0,50.0.1,0.1.0,Windows,11,10.0.26200,AMD64,"Intel64 Family 6 Model 158 Stepping 12, GenuineIntel",ac46477bb374bde1c0ace1ef0bcfbc26b199dcfa,true,1,E4,qkd-classical-auth,1,413816883879677169,1,QKD-CLASSICAL-AUTH,QKD-CLASSICAL-AUTH,8192,"{""cascade_initial_block_factor"":0.73,""cascade_maximum_initial_block_size"":null,""cascade_maximum_lookback_steps"":null,""cascade_passes"":4,""phase_error_abort_threshold"":0.11,""sample_fraction"":0.2,""security_margin_bits"":0,""verification_tag_length"":32}",,[],"{""condition_id"":""qkd-classical-auth"",""experiment_kind"":""E4"",""qkd_stages"":[{""type"":""identity""}],""replicate_index"":1,""seed"":413816883879677169,""session"":{""internal_pqc_profile"":null,""profile"":""QKD-CLASSICAL-AUTH"",""qkd_authentication_profile"":""QKD-CLASSICAL-AUTH"",""qkd_postprocessing"":{""cascade_initial_block_factor"":0.73,""cascade_maximum_initial_block_size"":null,""cascade_maximum_lookback_steps"":null,""cascade_passes"":4,""phase_error_abort_threshold"":0.11,""sample_fraction"":0.2,""security_margin_bits"":0,""verification_tag_length"":32},""qkd_signal_count"":8192,""version"":1},""tags"":[],""version"":1}","[{""type"":""identity""}]",,fresh pre-shared authentication material per run,5242880,,,,,false,1,d0c3c7752ade3aed6bed1dd0cebb0163,QKD-CLASSICAL-AUTH,established,,qkd_bitstring,3266,"[{""algorithm"":""privacy-amplified-bitstring"",""bit_length"":3266,""byte_length"":409,""encoding"":""big-endian packed bits with explicit bit length"",""position"":1,""protocol"":""BB84"",""source"":""qkd""}]","{""pqc_exchange"":null,""qkd_classical"":{""algorithm"":""Toeplitz-U2+one-time-mask-128"",""executed"":true,""mechanism"":""wegman_carter"",""purpose"":""QKD classical transcript authentication"",""trust_assumption"":""Alice and Bob hold identical, uniformly random, pre-shared authentication material; every Toeplitz selector and one-time tag mask is fresh and never reused."",""verified"":true}}","{""qkd_transcript_hash_sha384"":""fc99fd9455b826014f117b224d9bda526f5d14065ef707d0647dab52e7d6abcc1cbc3f3bb39c284f53f2dff6a569f358"",""qkd_transcript_version"":1}",1194849800,8192,4128,826,3302,3302,3266,0.50390625,0.398681640625,0.0,0.0,0.0,0,413,0,413,0,826,0.0,0.0,0.0,0.0,0.0,387263,,,,,,,,,,,,,,,,,,,,,,,,,,,,,,,,,,wegman_carter,Toeplitz-U2+one-time-mask-128,information-theoretic universal-hash authentication,774824,32,2,2,2,1459886600,1458767000,2918653600,"Alice and Bob hold identical, uniformly random, pre-shared authentication material; every Toeplitz selector and one-time tag mask is fresh and never reused.",6199102,,<= 2^-128 per fresh-key checkpoint,"{""implementation"":""cpython"",""platform"":""Windows-11-10.0.26200-SP0"",""processor"":""Intel64 Family 6 Model 158 Stepping 12, GenuineIntel"",""python"":""3.14.7""}",,,,,,,,,,,,,,,,,,,,,,,,,4113503400,"{""events"":[{""detail"":""QKD-CLASSICAL-AUTH"",""sequence"":0,""source"":""session"",""stage"":""session"",""state"":""started""},{""detail"":""BB84 post-processing completed."",""sequence"":1,""source"":""qkd"",""stage"":""bb84"",""state"":""completed""},{""detail"":""Alice and Bob hold identical, uniformly random, pre-shared authentication material; every Toeplitz selector and one-time tag mask is fresh and never reused."",""sequence"":2,""source"":""qkd"",""stage"":""classical_authentication"",""state"":""executed_verified""},{""detail"":""Final key released after all profile checks."",""sequence"":3,""source"":""qkd"",""stage"":""key_release"",""state"":""released""},{""detail"":""Authenticated QKD key released."",""sequence"":4,""source"":""session"",""stage"":""session"",""state"":""established""}],""version"":1}"
1,ea70a515-0f7a-4ffe-b122-42364d6913af,E4,qkd-classical-auth,2,1,56c8ad76-db70-4b39-af35-178c87347a7f,false,,0,32,2026-09-08T08:15:30.633895+00:00,4329508962185659615,QKD-CLASSICAL-AUTH,6696,3.14.7,CPython,2.5.0,0.16.0,0.16.0,50.0.1,0.1.0,Windows,11,10.0.26200,AMD64,"Intel64 Family 6 Model 158 Stepping 12, GenuineIntel",ac46477bb374bde1c0ace1ef0bcfbc26b199dcfa,true,1,E4,qkd-classical-auth,2,4329508962185659615,1,QKD-CLASSICAL-AUTH,QKD-CLASSICAL-AUTH,8192,"{""cascade_initial_block_factor"":0.73,""cascade_maximum_initial_block_size"":null,""cascade_maximum_lookback_steps"":null,""cascade_passes"":4,""phase_error_abort_threshold"":0.11,""sample_fraction"":0.2,""security_margin_bits"":0,""verification_tag_length"":32}",,[],"{""condition_id"":""qkd-classical-auth"",""experiment_kind"":""E4"",""qkd_stages"":[{""type"":""identity""}],""replicate_index"":2,""seed"":4329508962185659615,""session"":{""internal_pqc_profile"":null,""profile"":""QKD-CLASSICAL-AUTH"",""qkd_authentication_profile"":""QKD-CLASSICAL-AUTH"",""qkd_postprocessing"":{""cascade_initial_block_factor"":0.73,""cascade_maximum_initial_block_size"":null,""cascade_maximum_lookback_steps"":null,""cascade_passes"":4,""phase_error_abort_threshold"":0.11,""sample_fraction"":0.2,""security_margin_bits"":0,""verification_tag_length"":32},""qkd_signal_count"":8192,""version"":1},""tags"":[],""version"":1}","[{""type"":""identity""}]",,fresh pre-shared authentication material per run,5242880,,,,,false,1,aff8ad5033cb5df7c8324bb7808b7778,QKD-CLASSICAL-AUTH,established,,qkd_bitstring,3287,"[{""algorithm"":""privacy-amplified-bitstring"",""bit_length"":3287,""byte_length"":411,""encoding"":""big-endian packed bits with explicit bit length"",""position"":1,""protocol"":""BB84"",""source"":""qkd""}]","{""pqc_exchange"":null,""qkd_classical"":{""algorithm"":""Toeplitz-U2+one-time-mask-128"",""executed"":true,""mechanism"":""wegman_carter"",""purpose"":""QKD classical transcript authentication"",""trust_assumption"":""Alice and Bob hold identical, uniformly random, pre-shared authentication material; every Toeplitz selector and one-time tag mask is fresh and never reused."",""verified"":true}}","{""qkd_transcript_hash_sha384"":""8e0e22d2a255fec16c06c061f3310cb5441b5cc605f62831df366527073edc48df2f4cd1016522c291c9c4dd385ffe0c"",""qkd_transcript_version"":1}",1194220200,8192,4155,832,3323,3323,3287,0.5072021484375,0.4012451171875,0.0,0.0,0.0,0,418,0,414,0,832,0.0,0.0,0.0,0.0,0.0,389612,,,,,,,,,,,,,,,,,,,,,,,,,,,,,,,,,,wegman_carter,Toeplitz-U2+one-time-mask-128,information-theoretic universal-hash authentication,779522,32,2,2,2,1469231500,1481258900,2950490400,"Alice and Bob hold identical, uniformly random, pre-shared authentication material; every Toeplitz selector and one-time tag mask is fresh and never reused.",6236686,,<= 2^-128 per fresh-key checkpoint,"{""implementation"":""cpython"",""platform"":""Windows-11-10.0.26200-SP0"",""processor"":""Intel64 Family 6 Model 158 Stepping 12, GenuineIntel"",""python"":""3.14.7""}",,,,,,,,,,,,,,,,,,,,,,,,,4144710600,"{""events"":[{""detail"":""QKD-CLASSICAL-AUTH"",""sequence"":0,""source"":""session"",""stage"":""session"",""state"":""started""},{""detail"":""BB84 post-processing completed."",""sequence"":1,""source"":""qkd"",""stage"":""bb84"",""state"":""completed""},{""detail"":""Alice and Bob hold identical, uniformly random, pre-shared authentication material; every Toeplitz selector and one-time tag mask is fresh and never reused."",""sequence"":2,""source"":""qkd"",""stage"":""classical_authentication"",""state"":""executed_verified""},{""detail"":""Final key released after all profile checks."",""sequence"":3,""source"":""qkd"",""stage"":""key_release"",""state"":""released""},{""detail"":""Authenticated QKD key released."",""sequence"":4,""source"":""session"",""stage"":""session"",""state"":""established""}],""version"":1}"
1,4203c515-89eb-4202-89f7-7fdf4f605970,E4,qkd-classical-auth,3,1,56c8ad76-db70-4b39-af35-178c87347a7f,false,,0,33,2026-09-08T08:15:34.812737+00:00,6532525794140855910,QKD-CLASSICAL-AUTH,6691,3.14.7,CPython,2.5.0,0.16.0,0.16.0,50.0.1,0.1.0,Windows,11,10.0.26200,AMD64,"Intel64 Family 6 Model 158 Stepping 12, GenuineIntel",ac46477bb374bde1c0ace1ef0bcfbc26b199dcfa,true,1,E4,qkd-classical-auth,3,6532525794140855910,1,QKD-CLASSICAL-AUTH,QKD-CLASSICAL-AUTH,8192,"{""cascade_initial_block_factor"":0.73,""cascade_maximum_initial_block_size"":null,""cascade_maximum_lookback_steps"":null,""cascade_passes"":4,""phase_error_abort_threshold"":0.11,""sample_fraction"":0.2,""security_margin_bits"":0,""verification_tag_length"":32}",,[],"{""condition_id"":""qkd-classical-auth"",""experiment_kind"":""E4"",""qkd_stages"":[{""type"":""identity""}],""replicate_index"":3,""seed"":6532525794140855910,""session"":{""internal_pqc_profile"":null,""profile"":""QKD-CLASSICAL-AUTH"",""qkd_authentication_profile"":""QKD-CLASSICAL-AUTH"",""qkd_postprocessing"":{""cascade_initial_block_factor"":0.73,""cascade_maximum_initial_block_size"":null,""cascade_maximum_lookback_steps"":null,""cascade_passes"":4,""phase_error_abort_threshold"":0.11,""sample_fraction"":0.2,""security_margin_bits"":0,""verification_tag_length"":32},""qkd_signal_count"":8192,""version"":1},""tags"":[],""version"":1}","[{""type"":""identity""}]",,fresh pre-shared authentication material per run,5242880,,,,,false,1,f6273124f1e6fb55c4ae65b4ce0f8d04,QKD-CLASSICAL-AUTH,established,,qkd_bitstring,3248,"[{""algorithm"":""privacy-amplified-bitstring"",""bit_length"":3248,""byte_length"":406,""encoding"":""big-endian packed bits with explicit bit length"",""position"":1,""protocol"":""BB84"",""source"":""qkd""}]","{""pqc_exchange"":null,""qkd_classical"":{""algorithm"":""Toeplitz-U2+one-time-mask-128"",""executed"":true,""mechanism"":""wegman_carter"",""purpose"":""QKD classical transcript authentication"",""trust_assumption"":""Alice and Bob hold identical, uniformly random, pre-shared authentication material; every Toeplitz selector and one-time tag mask is fresh and never reused."",""verified"":true}}","{""qkd_transcript_hash_sha384"":""a2f76d573a14429abc34f768b18a24699e0325f45549ce68ab827177f6f8efb1811bf99c914e8bd8318721508c31e600"",""qkd_transcript_version"":1}",1173826000,8192,4106,822,3284,3284,3248,0.501220703125,0.396484375,0.0,0.0,0.0,0,414,0,408,0,822,0.0,0.0,0.0,0.0,0.0,385279,,,,,,,,,,,,,,,,,,,,,,,,,,,,,,,,,,wegman_carter,Toeplitz-U2+one-time-mask-128,information-theoretic universal-hash authentication,770856,32,2,2,2,1451978300,1477585400,2929563700,"Alice and Bob hold identical, uniformly random, pre-shared authentication material; every Toeplitz selector and one-time tag mask is fresh and never reused.",6167358,,<= 2^-128 per fresh-key checkpoint,"{""implementation"":""cpython"",""platform"":""Windows-11-10.0.26200-SP0"",""processor"":""Intel64 Family 6 Model 158 Stepping 12, GenuineIntel"",""python"":""3.14.7""}",,,,,,,,,,,,,,,,,,,,,,,,,4103389700,"{""events"":[{""detail"":""QKD-CLASSICAL-AUTH"",""sequence"":0,""source"":""session"",""stage"":""session"",""state"":""started""},{""detail"":""BB84 post-processing completed."",""sequence"":1,""source"":""qkd"",""stage"":""bb84"",""state"":""completed""},{""detail"":""Alice and Bob hold identical, uniformly random, pre-shared authentication material; every Toeplitz selector and one-time tag mask is fresh and never reused."",""sequence"":2,""source"":""qkd"",""stage"":""classical_authentication"",""state"":""executed_verified""},{""detail"":""Final key released after all profile checks."",""sequence"":3,""source"":""qkd"",""stage"":""key_release"",""state"":""released""},{""detail"":""Authenticated QKD key released."",""sequence"":4,""source"":""session"",""stage"":""session"",""state"":""established""}],""version"":1}"
1,150f275d-c0d2-4005-affb-85209ff96c30,E4,qkd-classical-auth,4,1,56c8ad76-db70-4b39-af35-178c87347a7f,false,,0,34,2026-09-08T08:15:38.996977+00:00,7811283088207913226,QKD-CLASSICAL-AUTH,6696,3.14.7,CPython,2.5.0,0.16.0,0.16.0,50.0.1,0.1.0,Windows,11,10.0.26200,AMD64,"Intel64 Family 6 Model 158 Stepping 12, GenuineIntel",ac46477bb374bde1c0ace1ef0bcfbc26b199dcfa,true,1,E4,qkd-classical-auth,4,7811283088207913226,1,QKD-CLASSICAL-AUTH,QKD-CLASSICAL-AUTH,8192,"{""cascade_initial_block_factor"":0.73,""cascade_maximum_initial_block_size"":null,""cascade_maximum_lookback_steps"":null,""cascade_passes"":4,""phase_error_abort_threshold"":0.11,""sample_fraction"":0.2,""security_margin_bits"":0,""verification_tag_length"":32}",,[],"{""condition_id"":""qkd-classical-auth"",""experiment_kind"":""E4"",""qkd_stages"":[{""type"":""identity""}],""replicate_index"":4,""seed"":7811283088207913226,""session"":{""internal_pqc_profile"":null,""profile"":""QKD-CLASSICAL-AUTH"",""qkd_authentication_profile"":""QKD-CLASSICAL-AUTH"",""qkd_postprocessing"":{""cascade_initial_block_factor"":0.73,""cascade_maximum_initial_block_size"":null,""cascade_maximum_lookback_steps"":null,""cascade_passes"":4,""phase_error_abort_threshold"":0.11,""sample_fraction"":0.2,""security_margin_bits"":0,""verification_tag_length"":32},""qkd_signal_count"":8192,""version"":1},""tags"":[],""version"":1}","[{""type"":""identity""}]",,fresh pre-shared authentication material per run,5242880,,,,,false,1,ac03720334195382a63177d071bf9c44,QKD-CLASSICAL-AUTH,established,,qkd_bitstring,3223,"[{""algorithm"":""privacy-amplified-bitstring"",""bit_length"":3223,""byte_length"":403,""encoding"":""big-endian packed bits with explicit bit length"",""position"":1,""protocol"":""BB84"",""source"":""qkd""}]","{""pqc_exchange"":null,""qkd_classical"":{""algorithm"":""Toeplitz-U2+one-time-mask-128"",""executed"":true,""mechanism"":""wegman_carter"",""purpose"":""QKD classical transcript authentication"",""trust_assumption"":""Alice and Bob hold identical, uniformly random, pre-shared authentication material; every Toeplitz selector and one-time tag mask is fresh and never reused."",""verified"":true}}","{""qkd_transcript_hash_sha384"":""bfa6a5f0213d259f8363e6850919ce369ee1023ea908a8d76154b53784d67672293852cd4c21149249759c7f18b362a8"",""qkd_transcript_version"":1}",1175060300,8192,4075,816,3259,3259,3223,0.4974365234375,0.3934326171875,0.0,0.0,0.0,0,407,0,409,0,816,0.0,0.0,0.0,0.0,0.0,382512,,,,,,,,,,,,,,,,,,,,,,,,,,,,,,,,,,wegman_carter,Toeplitz-U2+one-time-mask-128,information-theoretic universal-hash authentication,765322,32,2,2,2,1457687100,1475405600,2933092700,"Alice and Bob hold identical, uniformly random, pre-shared authentication material; every Toeplitz selector and one-time tag mask is fresh and never reused.",6123086,,<= 2^-128 per fresh-key checkpoint,"{""implementation"":""cpython"",""platform"":""Windows-11-10.0.26200-SP0"",""processor"":""Intel64 Family 6 Model 158 Stepping 12, GenuineIntel"",""python"":""3.14.7""}",,,,,,,,,,,,,,,,,,,,,,,,,4108153000,"{""events"":[{""detail"":""QKD-CLASSICAL-AUTH"",""sequence"":0,""source"":""session"",""stage"":""session"",""state"":""started""},{""detail"":""BB84 post-processing completed."",""sequence"":1,""source"":""qkd"",""stage"":""bb84"",""state"":""completed""},{""detail"":""Alice and Bob hold identical, uniformly random, pre-shared authentication material; every Toeplitz selector and one-time tag mask is fresh and never reused."",""sequence"":2,""source"":""qkd"",""stage"":""classical_authentication"",""state"":""executed_verified""},{""detail"":""Final key released after all profile checks."",""sequence"":3,""source"":""qkd"",""stage"":""key_release"",""state"":""released""},{""detail"":""Authenticated QKD key released."",""sequence"":4,""source"":""session"",""stage"":""session"",""state"":""established""}],""version"":1}"
1,8af58420-eb60-4d02-ae4b-b39ba3110b70,E4,qkd-classical-auth,5,1,56c8ad76-db70-4b39-af35-178c87347a7f,false,,0,35,2026-09-08T08:15:43.193458+00:00,17512099039323472428,QKD-CLASSICAL-AUTH,6696,3.14.7,CPython,2.5.0,0.16.0,0.16.0,50.0.1,0.1.0,Windows,11,10.0.26200,AMD64,"Intel64 Family 6 Model 158 Stepping 12, GenuineIntel",ac46477bb374bde1c0ace1ef0bcfbc26b199dcfa,true,1,E4,qkd-classical-auth,5,17512099039323472428,1,QKD-CLASSICAL-AUTH,QKD-CLASSICAL-AUTH,8192,"{""cascade_initial_block_factor"":0.73,""cascade_maximum_initial_block_size"":null,""cascade_maximum_lookback_steps"":null,""cascade_passes"":4,""phase_error_abort_threshold"":0.11,""sample_fraction"":0.2,""security_margin_bits"":0,""verification_tag_length"":32}",,[],"{""condition_id"":""qkd-classical-auth"",""experiment_kind"":""E4"",""qkd_stages"":[{""type"":""identity""}],""replicate_index"":5,""seed"":17512099039323472428,""session"":{""internal_pqc_profile"":null,""profile"":""QKD-CLASSICAL-AUTH"",""qkd_authentication_profile"":""QKD-CLASSICAL-AUTH"",""qkd_postprocessing"":{""cascade_initial_block_factor"":0.73,""cascade_maximum_initial_block_size"":null,""cascade_maximum_lookback_steps"":null,""cascade_passes"":4,""phase_error_abort_threshold"":0.11,""sample_fraction"":0.2,""security_margin_bits"":0,""verification_tag_length"":32},""qkd_signal_count"":8192,""version"":1},""tags"":[],""version"":1}","[{""type"":""identity""}]",,fresh pre-shared authentication material per run,5242880,,,,,false,1,8db504bab8370b28c0b165ccdb8781b1,QKD-CLASSICAL-AUTH,established,,qkd_bitstring,3252,"[{""algorithm"":""privacy-amplified-bitstring"",""bit_length"":3252,""byte_length"":407,""encoding"":""big-endian packed bits with explicit bit length"",""position"":1,""protocol"":""BB84"",""source"":""qkd""}]","{""pqc_exchange"":null,""qkd_classical"":{""algorithm"":""Toeplitz-U2+one-time-mask-128"",""executed"":true,""mechanism"":""wegman_carter"",""purpose"":""QKD classical transcript authentication"",""trust_assumption"":""Alice and Bob hold identical, uniformly random, pre-shared authentication material; every Toeplitz selector and one-time tag mask is fresh and never reused."",""verified"":true}}","{""qkd_transcript_hash_sha384"":""05b3d5cad03c71d248b8f79b73fe0333a5ad1e48d3279ce3ae0ccb16665b909ebf28e96cf94518c4112e6835be7230c4"",""qkd_transcript_version"":1}",1177315500,8192,4111,823,3288,3288,3252,0.5018310546875,0.39697265625,0.0,0.0,0.0,0,402,0,421,0,823,0.0,0.0,0.0,0.0,0.0,385722,,,,,,,,,,,,,,,,,,,,,,,,,,,,,,,,,,wegman_carter,Toeplitz-U2+one-time-mask-128,information-theoretic universal-hash authentication,771742,32,2,2,2,1465813500,1465990600,2931804100,"Alice and Bob hold identical, uniformly random, pre-shared authentication material; every Toeplitz selector and one-time tag mask is fresh and never reused.",6174446,,<= 2^-128 per fresh-key checkpoint,"{""implementation"":""cpython"",""platform"":""Windows-11-10.0.26200-SP0"",""processor"":""Intel64 Family 6 Model 158 Stepping 12, GenuineIntel"",""python"":""3.14.7""}",,,,,,,,,,,,,,,,,,,,,,,,,4109119600,"{""events"":[{""detail"":""QKD-CLASSICAL-AUTH"",""sequence"":0,""source"":""session"",""stage"":""session"",""state"":""started""},{""detail"":""BB84 post-processing completed."",""sequence"":1,""source"":""qkd"",""stage"":""bb84"",""state"":""completed""},{""detail"":""Alice and Bob hold identical, uniformly random, pre-shared authentication material; every Toeplitz selector and one-time tag mask is fresh and never reused."",""sequence"":2,""source"":""qkd"",""stage"":""classical_authentication"",""state"":""executed_verified""},{""detail"":""Final key released after all profile checks."",""sequence"":3,""source"":""qkd"",""stage"":""key_release"",""state"":""released""},{""detail"":""Authenticated QKD key released."",""sequence"":4,""source"":""session"",""stage"":""session"",""state"":""established""}],""version"":1}"
1,5423e380-ba47-46c3-ae85-bce2180bf7ea,E4,qkd-classical-auth,6,1,56c8ad76-db70-4b39-af35-178c87347a7f,false,,0,36,2026-09-08T08:15:47.355046+00:00,12891939805919851488,QKD-CLASSICAL-AUTH,6693,3.14.7,CPython,2.5.0,0.16.0,0.16.0,50.0.1,0.1.0,Windows,11,10.0.26200,AMD64,"Intel64 Family 6 Model 158 Stepping 12, GenuineIntel",ac46477bb374bde1c0ace1ef0bcfbc26b199dcfa,true,1,E4,qkd-classical-auth,6,12891939805919851488,1,QKD-CLASSICAL-AUTH,QKD-CLASSICAL-AUTH,8192,"{""cascade_initial_block_factor"":0.73,""cascade_maximum_initial_block_size"":null,""cascade_maximum_lookback_steps"":null,""cascade_passes"":4,""phase_error_abort_threshold"":0.11,""sample_fraction"":0.2,""security_margin_bits"":0,""verification_tag_length"":32}",,[],"{""condition_id"":""qkd-classical-auth"",""experiment_kind"":""E4"",""qkd_stages"":[{""type"":""identity""}],""replicate_index"":6,""seed"":12891939805919851488,""session"":{""internal_pqc_profile"":null,""profile"":""QKD-CLASSICAL-AUTH"",""qkd_authentication_profile"":""QKD-CLASSICAL-AUTH"",""qkd_postprocessing"":{""cascade_initial_block_factor"":0.73,""cascade_maximum_initial_block_size"":null,""cascade_maximum_lookback_steps"":null,""cascade_passes"":4,""phase_error_abort_threshold"":0.11,""sample_fraction"":0.2,""security_margin_bits"":0,""verification_tag_length"":32},""qkd_signal_count"":8192,""version"":1},""tags"":[],""version"":1}","[{""type"":""identity""}]",,fresh pre-shared authentication material per run,5242880,,,,,false,1,20e5c3862c674e25d8088ce5cd2cff01,QKD-CLASSICAL-AUTH,established,,qkd_bitstring,3256,"[{""algorithm"":""privacy-amplified-bitstring"",""bit_length"":3256,""byte_length"":407,""encoding"":""big-endian packed bits with explicit bit length"",""position"":1,""protocol"":""BB84"",""source"":""qkd""}]","{""pqc_exchange"":null,""qkd_classical"":{""algorithm"":""Toeplitz-U2+one-time-mask-128"",""executed"":true,""mechanism"":""wegman_carter"",""purpose"":""QKD classical transcript authentication"",""trust_assumption"":""Alice and Bob hold identical, uniformly random, pre-shared authentication material; every Toeplitz selector and one-time tag mask is fresh and never reused."",""verified"":true}}","{""qkd_transcript_hash_sha384"":""701e352ba061cf8f9f1ba9c440487b13ae56f073b639ab85d11487edcc57c065f8a7de4eae86ef28e1aa9a386f313794"",""qkd_transcript_version"":1}",1176477400,8192,4116,824,3292,3292,3256,0.50244140625,0.3974609375,0.0,0.0,0.0,0,401,0,423,0,824,0.0,0.0,0.0,0.0,0.0,386166,,,,,,,,,,,,,,,,,,,,,,,,,,,,,,,,,,wegman_carter,Toeplitz-U2+one-time-mask-128,information-theoretic universal-hash authentication,772630,32,2,2,2,1452139600,1456417000,2908556600,"Alice and Bob hold identical, uniformly random, pre-shared authentication material; every Toeplitz selector and one-time tag mask is fresh and never reused.",6181550,,<= 2^-128 per fresh-key checkpoint,"{""implementation"":""cpython"",""platform"":""Windows-11-10.0.26200-SP0"",""processor"":""Intel64 Family 6 Model 158 Stepping 12, GenuineIntel"",""python"":""3.14.7""}",,,,,,,,,,,,,,,,,,,,,,,,,4085034000,"{""events"":[{""detail"":""QKD-CLASSICAL-AUTH"",""sequence"":0,""source"":""session"",""stage"":""session"",""state"":""started""},{""detail"":""BB84 post-processing completed."",""sequence"":1,""source"":""qkd"",""stage"":""bb84"",""state"":""completed""},{""detail"":""Alice and Bob hold identical, uniformly random, pre-shared authentication material; every Toeplitz selector and one-time tag mask is fresh and never reused."",""sequence"":2,""source"":""qkd"",""stage"":""classical_authentication"",""state"":""executed_verified""},{""detail"":""Final key released after all profile checks."",""sequence"":3,""source"":""qkd"",""stage"":""key_release"",""state"":""released""},{""detail"":""Authenticated QKD key released."",""sequence"":4,""source"":""session"",""stage"":""session"",""state"":""established""}],""version"":1}"
1,1dda07f7-fbbe-4594-93c8-7571c9b2993c,E4,qkd-classical-auth,7,1,56c8ad76-db70-4b39-af35-178c87347a7f,false,,0,37,2026-09-08T08:15:51.559156+00:00,11038604306369993338,QKD-CLASSICAL-AUTH,6697,3.14.7,CPython,2.5.0,0.16.0,0.16.0,50.0.1,0.1.0,Windows,11,10.0.26200,AMD64,"Intel64 Family 6 Model 158 Stepping 12, GenuineIntel",ac46477bb374bde1c0ace1ef0bcfbc26b199dcfa,true,1,E4,qkd-classical-auth,7,11038604306369993338,1,QKD-CLASSICAL-AUTH,QKD-CLASSICAL-AUTH,8192,"{""cascade_initial_block_factor"":0.73,""cascade_maximum_initial_block_size"":null,""cascade_maximum_lookback_steps"":null,""cascade_passes"":4,""phase_error_abort_threshold"":0.11,""sample_fraction"":0.2,""security_margin_bits"":0,""verification_tag_length"":32}",,[],"{""condition_id"":""qkd-classical-auth"",""experiment_kind"":""E4"",""qkd_stages"":[{""type"":""identity""}],""replicate_index"":7,""seed"":11038604306369993338,""session"":{""internal_pqc_profile"":null,""profile"":""QKD-CLASSICAL-AUTH"",""qkd_authentication_profile"":""QKD-CLASSICAL-AUTH"",""qkd_postprocessing"":{""cascade_initial_block_factor"":0.73,""cascade_maximum_initial_block_size"":null,""cascade_maximum_lookback_steps"":null,""cascade_passes"":4,""phase_error_abort_threshold"":0.11,""sample_fraction"":0.2,""security_margin_bits"":0,""verification_tag_length"":32},""qkd_signal_count"":8192,""version"":1},""tags"":[],""version"":1}","[{""type"":""identity""}]",,fresh pre-shared authentication material per run,5242880,,,,,false,1,eec30e132d8e7338018520900c6d315f,QKD-CLASSICAL-AUTH,established,,qkd_bitstring,3229,"[{""algorithm"":""privacy-amplified-bitstring"",""bit_length"":3229,""byte_length"":404,""encoding"":""big-endian packed bits with explicit bit length"",""position"":1,""protocol"":""BB84"",""source"":""qkd""}]","{""pqc_exchange"":null,""qkd_classical"":{""algorithm"":""Toeplitz-U2+one-time-mask-128"",""executed"":true,""mechanism"":""wegman_carter"",""purpose"":""QKD classical transcript authentication"",""trust_assumption"":""Alice and Bob hold identical, uniformly random, pre-shared authentication material; every Toeplitz selector and one-time tag mask is fresh and never reused."",""verified"":true}}","{""qkd_transcript_hash_sha384"":""7546ddd853c9aebbded5be72e1ef2d9ccf798460fe440ab3d099d635d450ebe2f512b303c14e83787d4fb3ce07f1e8d1"",""qkd_transcript_version"":1}",1210099600,8192,4082,817,3265,3265,3229,0.498291015625,0.3941650390625,0.0,0.0,0.0,0,424,0,393,0,817,0.0,0.0,0.0,0.0,0.0,383165,,,,,,,,,,,,,,,,,,,,,,,,,,,,,,,,,,wegman_carter,Toeplitz-U2+one-time-mask-128,information-theoretic universal-hash authentication,766628,32,2,2,2,1450229200,1468882700,2919111900,"Alice and Bob hold identical, uniformly random, pre-shared authentication material; every Toeplitz selector and one-time tag mask is fresh and never reused.",6133534,,<= 2^-128 per fresh-key checkpoint,"{""implementation"":""cpython"",""platform"":""Windows-11-10.0.26200-SP0"",""processor"":""Intel64 Family 6 Model 158 Stepping 12, GenuineIntel"",""python"":""3.14.7""}",,,,,,,,,,,,,,,,,,,,,,,,,4129211500,"{""events"":[{""detail"":""QKD-CLASSICAL-AUTH"",""sequence"":0,""source"":""session"",""stage"":""session"",""state"":""started""},{""detail"":""BB84 post-processing completed."",""sequence"":1,""source"":""qkd"",""stage"":""bb84"",""state"":""completed""},{""detail"":""Alice and Bob hold identical, uniformly random, pre-shared authentication material; every Toeplitz selector and one-time tag mask is fresh and never reused."",""sequence"":2,""source"":""qkd"",""stage"":""classical_authentication"",""state"":""executed_verified""},{""detail"":""Final key released after all profile checks."",""sequence"":3,""source"":""qkd"",""stage"":""key_release"",""state"":""released""},{""detail"":""Authenticated QKD key released."",""sequence"":4,""source"":""session"",""stage"":""session"",""state"":""established""}],""version"":1}"
1,1d087d0b-daa4-41d5-b490-a46e0935ce41,E4,qkd-classical-auth,8,1,56c8ad76-db70-4b39-af35-178c87347a7f,false,,0,38,2026-09-08T08:15:55.726686+00:00,1654550042592705083,QKD-CLASSICAL-AUTH,6695,3.14.7,CPython,2.5.0,0.16.0,0.16.0,50.0.1,0.1.0,Windows,11,10.0.26200,AMD64,"Intel64 Family 6 Model 158 Stepping 12, GenuineIntel",ac46477bb374bde1c0ace1ef0bcfbc26b199dcfa,true,1,E4,qkd-classical-auth,8,1654550042592705083,1,QKD-CLASSICAL-AUTH,QKD-CLASSICAL-AUTH,8192,"{""cascade_initial_block_factor"":0.73,""cascade_maximum_initial_block_size"":null,""cascade_maximum_lookback_steps"":null,""cascade_passes"":4,""phase_error_abort_threshold"":0.11,""sample_fraction"":0.2,""security_margin_bits"":0,""verification_tag_length"":32}",,[],"{""condition_id"":""qkd-classical-auth"",""experiment_kind"":""E4"",""qkd_stages"":[{""type"":""identity""}],""replicate_index"":8,""seed"":1654550042592705083,""session"":{""internal_pqc_profile"":null,""profile"":""QKD-CLASSICAL-AUTH"",""qkd_authentication_profile"":""QKD-CLASSICAL-AUTH"",""qkd_postprocessing"":{""cascade_initial_block_factor"":0.73,""cascade_maximum_initial_block_size"":null,""cascade_maximum_lookback_steps"":null,""cascade_passes"":4,""phase_error_abort_threshold"":0.11,""sample_fraction"":0.2,""security_margin_bits"":0,""verification_tag_length"":32},""qkd_signal_count"":8192,""version"":1},""tags"":[],""version"":1}","[{""type"":""identity""}]",,fresh pre-shared authentication material per run,5242880,,,,,false,1,a02bb780638debce704c32ddef21ee79,QKD-CLASSICAL-AUTH,established,,qkd_bitstring,3235,"[{""algorithm"":""privacy-amplified-bitstring"",""bit_length"":3235,""byte_length"":405,""encoding"":""big-endian packed bits with explicit bit length"",""position"":1,""protocol"":""BB84"",""source"":""qkd""}]","{""pqc_exchange"":null,""qkd_classical"":{""algorithm"":""Toeplitz-U2+one-time-mask-128"",""executed"":true,""mechanism"":""wegman_carter"",""purpose"":""QKD classical transcript authentication"",""trust_assumption"":""Alice and Bob hold identical, uniformly random, pre-shared authentication material; every Toeplitz selector and one-time tag mask is fresh and never reused."",""verified"":true}}","{""qkd_transcript_hash_sha384"":""52f72b3c6413f9aff4c765d00aaf07adbe03892d0d3b127bba3649ecad3a53ed43d721b39647e8a24f7140836a355491"",""qkd_transcript_version"":1}",1165977400,8192,4090,819,3271,3271,3235,0.499267578125,0.3948974609375,0.0,0.0,0.0,0,398,0,421,0,819,0.0,0.0,0.0,0.0,0.0,383844,,,,,,,,,,,,,,,,,,,,,,,,,,,,,,,,,,wegman_carter,Toeplitz-U2+one-time-mask-128,information-theoretic universal-hash authentication,767986,32,2,2,2,1458176800,1469950600,2928127400,"Alice and Bob hold identical, uniformly random, pre-shared authentication material; every Toeplitz selector and one-time tag mask is fresh and never reused.",6144398,,<= 2^-128 per fresh-key checkpoint,"{""implementation"":""cpython"",""platform"":""Windows-11-10.0.26200-SP0"",""processor"":""Intel64 Family 6 Model 158 Stepping 12, GenuineIntel"",""python"":""3.14.7""}",,,,,,,,,,,,,,,,,,,,,,,,,4094104800,"{""events"":[{""detail"":""QKD-CLASSICAL-AUTH"",""sequence"":0,""source"":""session"",""stage"":""session"",""state"":""started""},{""detail"":""BB84 post-processing completed."",""sequence"":1,""source"":""qkd"",""stage"":""bb84"",""state"":""completed""},{""detail"":""Alice and Bob hold identical, uniformly random, pre-shared authentication material; every Toeplitz selector and one-time tag mask is fresh and never reused."",""sequence"":2,""source"":""qkd"",""stage"":""classical_authentication"",""state"":""executed_verified""},{""detail"":""Final key released after all profile checks."",""sequence"":3,""source"":""qkd"",""stage"":""key_release"",""state"":""released""},{""detail"":""Authenticated QKD key released."",""sequence"":4,""source"":""session"",""stage"":""session"",""state"":""established""}],""version"":1}"
1,dcbdcb69-6815-4faa-a974-1a5a8e6cbd8f,E4,qkd-classical-auth,9,1,56c8ad76-db70-4b39-af35-178c87347a7f,false,,0,39,2026-09-08T08:15:59.911367+00:00,3720130282010790284,QKD-CLASSICAL-AUTH,6694,3.14.7,CPython,2.5.0,0.16.0,0.16.0,50.0.1,0.1.0,Windows,11,10.0.26200,AMD64,"Intel64 Family 6 Model 158 Stepping 12, GenuineIntel",ac46477bb374bde1c0ace1ef0bcfbc26b199dcfa,true,1,E4,qkd-classical-auth,9,3720130282010790284,1,QKD-CLASSICAL-AUTH,QKD-CLASSICAL-AUTH,8192,"{""cascade_initial_block_factor"":0.73,""cascade_maximum_initial_block_size"":null,""cascade_maximum_lookback_steps"":null,""cascade_passes"":4,""phase_error_abort_threshold"":0.11,""sample_fraction"":0.2,""security_margin_bits"":0,""verification_tag_length"":32}",,[],"{""condition_id"":""qkd-classical-auth"",""experiment_kind"":""E4"",""qkd_stages"":[{""type"":""identity""}],""replicate_index"":9,""seed"":3720130282010790284,""session"":{""internal_pqc_profile"":null,""profile"":""QKD-CLASSICAL-AUTH"",""qkd_authentication_profile"":""QKD-CLASSICAL-AUTH"",""qkd_postprocessing"":{""cascade_initial_block_factor"":0.73,""cascade_maximum_initial_block_size"":null,""cascade_maximum_lookback_steps"":null,""cascade_passes"":4,""phase_error_abort_threshold"":0.11,""sample_fraction"":0.2,""security_margin_bits"":0,""verification_tag_length"":32},""qkd_signal_count"":8192,""version"":1},""tags"":[],""version"":1}","[{""type"":""identity""}]",,fresh pre-shared authentication material per run,5242880,,,,,false,1,d6dcdcfa63bb3bcfb07ce2bce834d6d9,QKD-CLASSICAL-AUTH,established,,qkd_bitstring,3236,"[{""algorithm"":""privacy-amplified-bitstring"",""bit_length"":3236,""byte_length"":405,""encoding"":""big-endian packed bits with explicit bit length"",""position"":1,""protocol"":""BB84"",""source"":""qkd""}]","{""pqc_exchange"":null,""qkd_classical"":{""algorithm"":""Toeplitz-U2+one-time-mask-128"",""executed"":true,""mechanism"":""wegman_carter"",""purpose"":""QKD classical transcript authentication"",""trust_assumption"":""Alice and Bob hold identical, uniformly random, pre-shared authentication material; every Toeplitz selector and one-time tag mask is fresh and never reused."",""verified"":true}}","{""qkd_transcript_hash_sha384"":""aa5a5083b185bc98408599a29b28a657f5e1abc29874ac0512e1c954dcd34e642c965491a05f8315f8f5d88087d66c98"",""qkd_transcript_version"":1}",1184403300,8192,4091,819,3272,3272,3236,0.4993896484375,0.39501953125,0.0,0.0,0.0,0,413,0,406,0,819,0.0,0.0,0.0,0.0,0.0,383948,,,,,,,,,,,,,,,,,,,,,,,,,,,,,,,,,,wegman_carter,Toeplitz-U2+one-time-mask-128,information-theoretic universal-hash authentication,768194,32,2,2,2,1450926700,1473373200,2924299900,"Alice and Bob hold identical, uniformly random, pre-shared authentication material; every Toeplitz selector and one-time tag mask is fresh and never reused.",6146062,,<= 2^-128 per fresh-key checkpoint,"{""implementation"":""cpython"",""platform"":""Windows-11-10.0.26200-SP0"",""processor"":""Intel64 Family 6 Model 158 Stepping 12, GenuineIntel"",""python"":""3.14.7""}",,,,,,,,,,,,,,,,,,,,,,,,,4108703200,"{""events"":[{""detail"":""QKD-CLASSICAL-AUTH"",""sequence"":0,""source"":""session"",""stage"":""session"",""state"":""started""},{""detail"":""BB84 post-processing completed."",""sequence"":1,""source"":""qkd"",""stage"":""bb84"",""state"":""completed""},{""detail"":""Alice and Bob hold identical, uniformly random, pre-shared authentication material; every Toeplitz selector and one-time tag mask is fresh and never reused."",""sequence"":2,""source"":""qkd"",""stage"":""classical_authentication"",""state"":""executed_verified""},{""detail"":""Final key released after all profile checks."",""sequence"":3,""source"":""qkd"",""stage"":""key_release"",""state"":""released""},{""detail"":""Authenticated QKD key released."",""sequence"":4,""source"":""session"",""stage"":""session"",""state"":""established""}],""version"":1}"
1,e243985a-52b7-444c-bd52-24d89cf2ce08,E4,qkd-classical-auth,10,1,56c8ad76-db70-4b39-af35-178c87347a7f,false,,0,40,2026-09-08T08:16:04.151960+00:00,9112755253469767927,QKD-CLASSICAL-AUTH,6697,3.14.7,CPython,2.5.0,0.16.0,0.16.0,50.0.1,0.1.0,Windows,11,10.0.26200,AMD64,"Intel64 Family 6 Model 158 Stepping 12, GenuineIntel",ac46477bb374bde1c0ace1ef0bcfbc26b199dcfa,true,1,E4,qkd-classical-auth,10,9112755253469767927,1,QKD-CLASSICAL-AUTH,QKD-CLASSICAL-AUTH,8192,"{""cascade_initial_block_factor"":0.73,""cascade_maximum_initial_block_size"":null,""cascade_maximum_lookback_steps"":null,""cascade_passes"":4,""phase_error_abort_threshold"":0.11,""sample_fraction"":0.2,""security_margin_bits"":0,""verification_tag_length"":32}",,[],"{""condition_id"":""qkd-classical-auth"",""experiment_kind"":""E4"",""qkd_stages"":[{""type"":""identity""}],""replicate_index"":10,""seed"":9112755253469767927,""session"":{""internal_pqc_profile"":null,""profile"":""QKD-CLASSICAL-AUTH"",""qkd_authentication_profile"":""QKD-CLASSICAL-AUTH"",""qkd_postprocessing"":{""cascade_initial_block_factor"":0.73,""cascade_maximum_initial_block_size"":null,""cascade_maximum_lookback_steps"":null,""cascade_passes"":4,""phase_error_abort_threshold"":0.11,""sample_fraction"":0.2,""security_margin_bits"":0,""verification_tag_length"":32},""qkd_signal_count"":8192,""version"":1},""tags"":[],""version"":1}","[{""type"":""identity""}]",,fresh pre-shared authentication material per run,5242880,,,,,false,1,956f3d100aed3db53ddfa17e0eca3a80,QKD-CLASSICAL-AUTH,established,,qkd_bitstring,3123,"[{""algorithm"":""privacy-amplified-bitstring"",""bit_length"":3123,""byte_length"":391,""encoding"":""big-endian packed bits with explicit bit length"",""position"":1,""protocol"":""BB84"",""source"":""qkd""}]","{""pqc_exchange"":null,""qkd_classical"":{""algorithm"":""Toeplitz-U2+one-time-mask-128"",""executed"":true,""mechanism"":""wegman_carter"",""purpose"":""QKD classical transcript authentication"",""trust_assumption"":""Alice and Bob hold identical, uniformly random, pre-shared authentication material; every Toeplitz selector and one-time tag mask is fresh and never reused."",""verified"":true}}","{""qkd_transcript_hash_sha384"":""bf2641d039ada7180da080ea488136e831f1e6816037ad99bed32590b90b27fb1da7048b019c562d7c9b22cd45986780"",""qkd_transcript_version"":1}",1209916300,8192,3950,791,3159,3159,3123,0.482177734375,0.3812255859375,0.0,0.0,0.0,0,399,0,392,0,791,0.0,0.0,0.0,0.0,0.0,371418,,,,,,,,,,,,,,,,,,,,,,,,,,,,,,,,,,wegman_carter,Toeplitz-U2+one-time-mask-128,information-theoretic universal-hash authentication,743134,32,2,2,2,1482429300,1474724700,2957154000,"Alice and Bob hold identical, uniformly random, pre-shared authentication material; every Toeplitz selector and one-time tag mask is fresh and never reused.",5945582,,<= 2^-128 per fresh-key checkpoint,"{""implementation"":""cpython"",""platform"":""Windows-11-10.0.26200-SP0"",""processor"":""Intel64 Family 6 Model 158 Stepping 12, GenuineIntel"",""python"":""3.14.7""}",,,,,,,,,,,,,,,,,,,,,,,,,4167070300,"{""events"":[{""detail"":""QKD-CLASSICAL-AUTH"",""sequence"":0,""source"":""session"",""stage"":""session"",""state"":""started""},{""detail"":""BB84 post-processing completed."",""sequence"":1,""source"":""qkd"",""stage"":""bb84"",""state"":""completed""},{""detail"":""Alice and Bob hold identical, uniformly random, pre-shared authentication material; every Toeplitz selector and one-time tag mask is fresh and never reused."",""sequence"":2,""source"":""qkd"",""stage"":""classical_authentication"",""state"":""executed_verified""},{""detail"":""Final key released after all profile checks."",""sequence"":3,""source"":""qkd"",""stage"":""key_release"",""state"":""released""},{""detail"":""Authenticated QKD key released."",""sequence"":4,""source"":""session"",""stage"":""session"",""state"":""established""}],""version"":1}"
1,64cc8456-df9b-426d-a493-c7d98a80bfb5,E4,qkd-classical-auth,11,1,56c8ad76-db70-4b39-af35-178c87347a7f,false,,0,41,2026-09-08T08:16:08.328878+00:00,530151389313561538,QKD-CLASSICAL-AUTH,6695,3.14.7,CPython,2.5.0,0.16.0,0.16.0,50.0.1,0.1.0,Windows,11,10.0.26200,AMD64,"Intel64 Family 6 Model 158 Stepping 12, GenuineIntel",ac46477bb374bde1c0ace1ef0bcfbc26b199dcfa,true,1,E4,qkd-classical-auth,11,530151389313561538,1,QKD-CLASSICAL-AUTH,QKD-CLASSICAL-AUTH,8192,"{""cascade_initial_block_factor"":0.73,""cascade_maximum_initial_block_size"":null,""cascade_maximum_lookback_steps"":null,""cascade_passes"":4,""phase_error_abort_threshold"":0.11,""sample_fraction"":0.2,""security_margin_bits"":0,""verification_tag_length"":32}",,[],"{""condition_id"":""qkd-classical-auth"",""experiment_kind"":""E4"",""qkd_stages"":[{""type"":""identity""}],""replicate_index"":11,""seed"":530151389313561538,""session"":{""internal_pqc_profile"":null,""profile"":""QKD-CLASSICAL-AUTH"",""qkd_authentication_profile"":""QKD-CLASSICAL-AUTH"",""qkd_postprocessing"":{""cascade_initial_block_factor"":0.73,""cascade_maximum_initial_block_size"":null,""cascade_maximum_lookback_steps"":null,""cascade_passes"":4,""phase_error_abort_threshold"":0.11,""sample_fraction"":0.2,""security_margin_bits"":0,""verification_tag_length"":32},""qkd_signal_count"":8192,""version"":1},""tags"":[],""version"":1}","[{""type"":""identity""}]",,fresh pre-shared authentication material per run,5242880,,,,,false,1,c5d7e3a2b8e01e33a56e51cd52b369a6,QKD-CLASSICAL-AUTH,established,,qkd_bitstring,3193,"[{""algorithm"":""privacy-amplified-bitstring"",""bit_length"":3193,""byte_length"":400,""encoding"":""big-endian packed bits with explicit bit length"",""position"":1,""protocol"":""BB84"",""source"":""qkd""}]","{""pqc_exchange"":null,""qkd_classical"":{""algorithm"":""Toeplitz-U2+one-time-mask-128"",""executed"":true,""mechanism"":""wegman_carter"",""purpose"":""QKD classical transcript authentication"",""trust_assumption"":""Alice and Bob hold identical, uniformly random, pre-shared authentication material; every Toeplitz selector and one-time tag mask is fresh and never reused."",""verified"":true}}","{""qkd_transcript_hash_sha384"":""98873768802a947c9a1191f82eb87cdd599920be6dae63cbd715a9733f6ba8f1afb8eab4b518a9a16be7f0c4b17f03a2"",""qkd_transcript_version"":1}",1190779200,8192,4038,809,3229,3229,3193,0.492919921875,0.3897705078125,0.0,0.0,0.0,0,397,0,412,0,809,0.0,0.0,0.0,0.0,0.0,379198,,,,,,,,,,,,,,,,,,,,,,,,,,,,,,,,,,wegman_carter,Toeplitz-U2+one-time-mask-128,information-theoretic universal-hash authentication,758694,32,2,2,2,1448413900,1461737900,2910151800,"Alice and Bob hold identical, uniformly random, pre-shared authentication material; every Toeplitz selector and one-time tag mask is fresh and never reused.",6070062,,<= 2^-128 per fresh-key checkpoint,"{""implementation"":""cpython"",""platform"":""Windows-11-10.0.26200-SP0"",""processor"":""Intel64 Family 6 Model 158 Stepping 12, GenuineIntel"",""python"":""3.14.7""}",,,,,,,,,,,,,,,,,,,,,,,,,4100931000,"{""events"":[{""detail"":""QKD-CLASSICAL-AUTH"",""sequence"":0,""source"":""session"",""stage"":""session"",""state"":""started""},{""detail"":""BB84 post-processing completed."",""sequence"":1,""source"":""qkd"",""stage"":""bb84"",""state"":""completed""},{""detail"":""Alice and Bob hold identical, uniformly random, pre-shared authentication material; every Toeplitz selector and one-time tag mask is fresh and never reused."",""sequence"":2,""source"":""qkd"",""stage"":""classical_authentication"",""state"":""executed_verified""},{""detail"":""Final key released after all profile checks."",""sequence"":3,""source"":""qkd"",""stage"":""key_release"",""state"":""released""},{""detail"":""Authenticated QKD key released."",""sequence"":4,""source"":""session"",""stage"":""session"",""state"":""established""}],""version"":1}"
1,8ddaece8-374a-439d-9bc1-4b39a91fae6b,E4,qkd-classical-auth,12,1,56c8ad76-db70-4b39-af35-178c87347a7f,false,,0,42,2026-09-08T08:16:12.514991+00:00,17480168451092991006,QKD-CLASSICAL-AUTH,6699,3.14.7,CPython,2.5.0,0.16.0,0.16.0,50.0.1,0.1.0,Windows,11,10.0.26200,AMD64,"Intel64 Family 6 Model 158 Stepping 12, GenuineIntel",ac46477bb374bde1c0ace1ef0bcfbc26b199dcfa,true,1,E4,qkd-classical-auth,12,17480168451092991006,1,QKD-CLASSICAL-AUTH,QKD-CLASSICAL-AUTH,8192,"{""cascade_initial_block_factor"":0.73,""cascade_maximum_initial_block_size"":null,""cascade_maximum_lookback_steps"":null,""cascade_passes"":4,""phase_error_abort_threshold"":0.11,""sample_fraction"":0.2,""security_margin_bits"":0,""verification_tag_length"":32}",,[],"{""condition_id"":""qkd-classical-auth"",""experiment_kind"":""E4"",""qkd_stages"":[{""type"":""identity""}],""replicate_index"":12,""seed"":17480168451092991006,""session"":{""internal_pqc_profile"":null,""profile"":""QKD-CLASSICAL-AUTH"",""qkd_authentication_profile"":""QKD-CLASSICAL-AUTH"",""qkd_postprocessing"":{""cascade_initial_block_factor"":0.73,""cascade_maximum_initial_block_size"":null,""cascade_maximum_lookback_steps"":null,""cascade_passes"":4,""phase_error_abort_threshold"":0.11,""sample_fraction"":0.2,""security_margin_bits"":0,""verification_tag_length"":32},""qkd_signal_count"":8192,""version"":1},""tags"":[],""version"":1}","[{""type"":""identity""}]",,fresh pre-shared authentication material per run,5242880,,,,,false,1,9ee141256c284de690bf44c02259413e,QKD-CLASSICAL-AUTH,established,,qkd_bitstring,3278,"[{""algorithm"":""privacy-amplified-bitstring"",""bit_length"":3278,""byte_length"":410,""encoding"":""big-endian packed bits with explicit bit length"",""position"":1,""protocol"":""BB84"",""source"":""qkd""}]","{""pqc_exchange"":null,""qkd_classical"":{""algorithm"":""Toeplitz-U2+one-time-mask-128"",""executed"":true,""mechanism"":""wegman_carter"",""purpose"":""QKD classical transcript authentication"",""trust_assumption"":""Alice and Bob hold identical, uniformly random, pre-shared authentication material; every Toeplitz selector and one-time tag mask is fresh and never reused."",""verified"":true}}","{""qkd_transcript_hash_sha384"":""c7412e258d7344d81a2c032740da2d15defa286a08218d1c49769f8b083289131aa7863a4468db300cf15dac96ecabb9"",""qkd_transcript_version"":1}",1205154300,8192,4143,829,3314,3314,3278,0.5057373046875,0.400146484375,0.0,0.0,0.0,0,415,0,414,0,829,0.0,0.0,0.0,0.0,0.0,388594,,,,,,,,,,,,,,,,,,,,,,,,,,,,,,,,,,wegman_carter,Toeplitz-U2+one-time-mask-128,information-theoretic universal-hash authentication,777486,32,2,2,2,1451886900,1452816200,2904703100,"Alice and Bob hold identical, uniformly random, pre-shared authentication material; every Toeplitz selector and one-time tag mask is fresh and never reused.",6220398,,<= 2^-128 per fresh-key checkpoint,"{""implementation"":""cpython"",""platform"":""Windows-11-10.0.26200-SP0"",""processor"":""Intel64 Family 6 Model 158 Stepping 12, GenuineIntel"",""python"":""3.14.7""}",,,,,,,,,,,,,,,,,,,,,,,,,4109857400,"{""events"":[{""detail"":""QKD-CLASSICAL-AUTH"",""sequence"":0,""source"":""session"",""stage"":""session"",""state"":""started""},{""detail"":""BB84 post-processing completed."",""sequence"":1,""source"":""qkd"",""stage"":""bb84"",""state"":""completed""},{""detail"":""Alice and Bob hold identical, uniformly random, pre-shared authentication material; every Toeplitz selector and one-time tag mask is fresh and never reused."",""sequence"":2,""source"":""qkd"",""stage"":""classical_authentication"",""state"":""executed_verified""},{""detail"":""Final key released after all profile checks."",""sequence"":3,""source"":""qkd"",""stage"":""key_release"",""state"":""released""},{""detail"":""Authenticated QKD key released."",""sequence"":4,""source"":""session"",""stage"":""session"",""state"":""established""}],""version"":1}"
1,e9011a9b-29a6-4f4c-8902-96b6db79fb70,E4,qkd-classical-auth,13,1,56c8ad76-db70-4b39-af35-178c87347a7f,false,,0,43,2026-09-08T08:16:16.714490+00:00,9670080710752589718,QKD-CLASSICAL-AUTH,6693,3.14.7,CPython,2.5.0,0.16.0,0.16.0,50.0.1,0.1.0,Windows,11,10.0.26200,AMD64,"Intel64 Family 6 Model 158 Stepping 12, GenuineIntel",ac46477bb374bde1c0ace1ef0bcfbc26b199dcfa,true,1,E4,qkd-classical-auth,13,9670080710752589718,1,QKD-CLASSICAL-AUTH,QKD-CLASSICAL-AUTH,8192,"{""cascade_initial_block_factor"":0.73,""cascade_maximum_initial_block_size"":null,""cascade_maximum_lookback_steps"":null,""cascade_passes"":4,""phase_error_abort_threshold"":0.11,""sample_fraction"":0.2,""security_margin_bits"":0,""verification_tag_length"":32}",,[],"{""condition_id"":""qkd-classical-auth"",""experiment_kind"":""E4"",""qkd_stages"":[{""type"":""identity""}],""replicate_index"":13,""seed"":9670080710752589718,""session"":{""internal_pqc_profile"":null,""profile"":""QKD-CLASSICAL-AUTH"",""qkd_authentication_profile"":""QKD-CLASSICAL-AUTH"",""qkd_postprocessing"":{""cascade_initial_block_factor"":0.73,""cascade_maximum_initial_block_size"":null,""cascade_maximum_lookback_steps"":null,""cascade_passes"":4,""phase_error_abort_threshold"":0.11,""sample_fraction"":0.2,""security_margin_bits"":0,""verification_tag_length"":32},""qkd_signal_count"":8192,""version"":1},""tags"":[],""version"":1}","[{""type"":""identity""}]",,fresh pre-shared authentication material per run,5242880,,,,,false,1,06c473d4850a4370a7313c46588cefc1,QKD-CLASSICAL-AUTH,established,,qkd_bitstring,3224,"[{""algorithm"":""privacy-amplified-bitstring"",""bit_length"":3224,""byte_length"":403,""encoding"":""big-endian packed bits with explicit bit length"",""position"":1,""protocol"":""BB84"",""source"":""qkd""}]","{""pqc_exchange"":null,""qkd_classical"":{""algorithm"":""Toeplitz-U2+one-time-mask-128"",""executed"":true,""mechanism"":""wegman_carter"",""purpose"":""QKD classical transcript authentication"",""trust_assumption"":""Alice and Bob hold identical, uniformly random, pre-shared authentication material; every Toeplitz selector and one-time tag mask is fresh and never reused."",""verified"":true}}","{""qkd_transcript_hash_sha384"":""508d6e76f9c177c5b0458d40774bfb42b8560c1d07d977be36c91f28470fc3240a338ff2f19f0a5bb4103deb58f01e82"",""qkd_transcript_version"":1}",1177063000,8192,4076,816,3260,3260,3224,0.49755859375,0.3935546875,0.0,0.0,0.0,0,410,0,406,0,816,0.0,0.0,0.0,0.0,0.0,382616,,,,,,,,,,,,,,,,,,,,,,,,,,,,,,,,,,wegman_carter,Toeplitz-U2+one-time-mask-128,information-theoretic universal-hash authentication,765530,32,2,2,2,1460979300,1485007000,2945986300,"Alice and Bob hold identical, uniformly random, pre-shared authentication material; every Toeplitz selector and one-time tag mask is fresh and never reused.",6124750,,<= 2^-128 per fresh-key checkpoint,"{""implementation"":""cpython"",""platform"":""Windows-11-10.0.26200-SP0"",""processor"":""Intel64 Family 6 Model 158 Stepping 12, GenuineIntel"",""python"":""3.14.7""}",,,,,,,,,,,,,,,,,,,,,,,,,4123049300,"{""events"":[{""detail"":""QKD-CLASSICAL-AUTH"",""sequence"":0,""source"":""session"",""stage"":""session"",""state"":""started""},{""detail"":""BB84 post-processing completed."",""sequence"":1,""source"":""qkd"",""stage"":""bb84"",""state"":""completed""},{""detail"":""Alice and Bob hold identical, uniformly random, pre-shared authentication material; every Toeplitz selector and one-time tag mask is fresh and never reused."",""sequence"":2,""source"":""qkd"",""stage"":""classical_authentication"",""state"":""executed_verified""},{""detail"":""Final key released after all profile checks."",""sequence"":3,""source"":""qkd"",""stage"":""key_release"",""state"":""released""},{""detail"":""Authenticated QKD key released."",""sequence"":4,""source"":""session"",""stage"":""session"",""state"":""established""}],""version"":1}"
1,9c951a2c-d668-4447-a2e6-27012aa34b41,E4,qkd-classical-auth,14,1,56c8ad76-db70-4b39-af35-178c87347a7f,false,,0,44,2026-09-08T08:16:20.920203+00:00,9716852560069246718,QKD-CLASSICAL-AUTH,6697,3.14.7,CPython,2.5.0,0.16.0,0.16.0,50.0.1,0.1.0,Windows,11,10.0.26200,AMD64,"Intel64 Family 6 Model 158 Stepping 12, GenuineIntel",ac46477bb374bde1c0ace1ef0bcfbc26b199dcfa,true,1,E4,qkd-classical-auth,14,9716852560069246718,1,QKD-CLASSICAL-AUTH,QKD-CLASSICAL-AUTH,8192,"{""cascade_initial_block_factor"":0.73,""cascade_maximum_initial_block_size"":null,""cascade_maximum_lookback_steps"":null,""cascade_passes"":4,""phase_error_abort_threshold"":0.11,""sample_fraction"":0.2,""security_margin_bits"":0,""verification_tag_length"":32}",,[],"{""condition_id"":""qkd-classical-auth"",""experiment_kind"":""E4"",""qkd_stages"":[{""type"":""identity""}],""replicate_index"":14,""seed"":9716852560069246718,""session"":{""internal_pqc_profile"":null,""profile"":""QKD-CLASSICAL-AUTH"",""qkd_authentication_profile"":""QKD-CLASSICAL-AUTH"",""qkd_postprocessing"":{""cascade_initial_block_factor"":0.73,""cascade_maximum_initial_block_size"":null,""cascade_maximum_lookback_steps"":null,""cascade_passes"":4,""phase_error_abort_threshold"":0.11,""sample_fraction"":0.2,""security_margin_bits"":0,""verification_tag_length"":32},""qkd_signal_count"":8192,""version"":1},""tags"":[],""version"":1}","[{""type"":""identity""}]",,fresh pre-shared authentication material per run,5242880,,,,,false,1,09f75818debb91e63289ffea00bbbcfd,QKD-CLASSICAL-AUTH,established,,qkd_bitstring,3239,"[{""algorithm"":""privacy-amplified-bitstring"",""bit_length"":3239,""byte_length"":405,""encoding"":""big-endian packed bits with explicit bit length"",""position"":1,""protocol"":""BB84"",""source"":""qkd""}]","{""pqc_exchange"":null,""qkd_classical"":{""algorithm"":""Toeplitz-U2+one-time-mask-128"",""executed"":true,""mechanism"":""wegman_carter"",""purpose"":""QKD classical transcript authentication"",""trust_assumption"":""Alice and Bob hold identical, uniformly random, pre-shared authentication material; every Toeplitz selector and one-time tag mask is fresh and never reused."",""verified"":true}}","{""qkd_transcript_hash_sha384"":""2d980abdcbfbe68167bcb297a94180d3b69c90f91724044242bd1c7ee10260f8426336bfebdbb2fab32110edf676449d"",""qkd_transcript_version"":1}",1221164500,8192,4094,819,3275,3275,3239,0.499755859375,0.3953857421875,0.0,0.0,0.0,0,417,0,402,0,819,0.0,0.0,0.0,0.0,0.0,384262,,,,,,,,,,,,,,,,,,,,,,,,,,,,,,,,,,wegman_carter,Toeplitz-U2+one-time-mask-128,information-theoretic universal-hash authentication,768822,32,2,2,2,1453081600,1455746100,2908827700,"Alice and Bob hold identical, uniformly random, pre-shared authentication material; every Toeplitz selector and one-time tag mask is fresh and never reused.",6151086,,<= 2^-128 per fresh-key checkpoint,"{""implementation"":""cpython"",""platform"":""Windows-11-10.0.26200-SP0"",""processor"":""Intel64 Family 6 Model 158 Stepping 12, GenuineIntel"",""python"":""3.14.7""}",,,,,,,,,,,,,,,,,,,,,,,,,4129992200,"{""events"":[{""detail"":""QKD-CLASSICAL-AUTH"",""sequence"":0,""source"":""session"",""stage"":""session"",""state"":""started""},{""detail"":""BB84 post-processing completed."",""sequence"":1,""source"":""qkd"",""stage"":""bb84"",""state"":""completed""},{""detail"":""Alice and Bob hold identical, uniformly random, pre-shared authentication material; every Toeplitz selector and one-time tag mask is fresh and never reused."",""sequence"":2,""source"":""qkd"",""stage"":""classical_authentication"",""state"":""executed_verified""},{""detail"":""Final key released after all profile checks."",""sequence"":3,""source"":""qkd"",""stage"":""key_release"",""state"":""released""},{""detail"":""Authenticated QKD key released."",""sequence"":4,""source"":""session"",""stage"":""session"",""state"":""established""}],""version"":1}"
1,fdb18aff-961d-43df-aa53-d455e52db092,E4,qkd-classical-auth,15,1,56c8ad76-db70-4b39-af35-178c87347a7f,false,,0,45,2026-09-08T08:16:25.114646+00:00,7784863567325825951,QKD-CLASSICAL-AUTH,6698,3.14.7,CPython,2.5.0,0.16.0,0.16.0,50.0.1,0.1.0,Windows,11,10.0.26200,AMD64,"Intel64 Family 6 Model 158 Stepping 12, GenuineIntel",ac46477bb374bde1c0ace1ef0bcfbc26b199dcfa,true,1,E4,qkd-classical-auth,15,7784863567325825951,1,QKD-CLASSICAL-AUTH,QKD-CLASSICAL-AUTH,8192,"{""cascade_initial_block_factor"":0.73,""cascade_maximum_initial_block_size"":null,""cascade_maximum_lookback_steps"":null,""cascade_passes"":4,""phase_error_abort_threshold"":0.11,""sample_fraction"":0.2,""security_margin_bits"":0,""verification_tag_length"":32}",,[],"{""condition_id"":""qkd-classical-auth"",""experiment_kind"":""E4"",""qkd_stages"":[{""type"":""identity""}],""replicate_index"":15,""seed"":7784863567325825951,""session"":{""internal_pqc_profile"":null,""profile"":""QKD-CLASSICAL-AUTH"",""qkd_authentication_profile"":""QKD-CLASSICAL-AUTH"",""qkd_postprocessing"":{""cascade_initial_block_factor"":0.73,""cascade_maximum_initial_block_size"":null,""cascade_maximum_lookback_steps"":null,""cascade_passes"":4,""phase_error_abort_threshold"":0.11,""sample_fraction"":0.2,""security_margin_bits"":0,""verification_tag_length"":32},""qkd_signal_count"":8192,""version"":1},""tags"":[],""version"":1}","[{""type"":""identity""}]",,fresh pre-shared authentication material per run,5242880,,,,,false,1,15e6a82d3653690096782b8abce33755,QKD-CLASSICAL-AUTH,established,,qkd_bitstring,3203,"[{""algorithm"":""privacy-amplified-bitstring"",""bit_length"":3203,""byte_length"":401,""encoding"":""big-endian packed bits with explicit bit length"",""position"":1,""protocol"":""BB84"",""source"":""qkd""}]","{""pqc_exchange"":null,""qkd_classical"":{""algorithm"":""Toeplitz-U2+one-time-mask-128"",""executed"":true,""mechanism"":""wegman_carter"",""purpose"":""QKD classical transcript authentication"",""trust_assumption"":""Alice and Bob hold identical, uniformly random, pre-shared authentication material; every Toeplitz selector and one-time tag mask is fresh and never reused."",""verified"":true}}","{""qkd_transcript_hash_sha384"":""6e9a874abf556a466bb7d6a144185eea096f8a552f7a264eb2d54c10f0e0aa9f598378dbaca6f2284c00a95ac2970d5d"",""qkd_transcript_version"":1}",1197676400,8192,4049,810,3239,3239,3203,0.4942626953125,0.3909912109375,0.0,0.0,0.0,0,397,0,413,0,810,0.0,0.0,0.0,0.0,0.0,380268,,,,,,,,,,,,,,,,,,,,,,,,,,,,,,,,,,wegman_carter,Toeplitz-U2+one-time-mask-128,information-theoretic universal-hash authentication,760834,32,2,2,2,1461172200,1458667800,2919840000,"Alice and Bob hold identical, uniformly random, pre-shared authentication material; every Toeplitz selector and one-time tag mask is fresh and never reused.",6087182,,<= 2^-128 per fresh-key checkpoint,"{""implementation"":""cpython"",""platform"":""Windows-11-10.0.26200-SP0"",""processor"":""Intel64 Family 6 Model 158 Stepping 12, GenuineIntel"",""python"":""3.14.7""}",,,,,,,,,,,,,,,,,,,,,,,,,4117516400,"{""events"":[{""detail"":""QKD-CLASSICAL-AUTH"",""sequence"":0,""source"":""session"",""stage"":""session"",""state"":""started""},{""detail"":""BB84 post-processing completed."",""sequence"":1,""source"":""qkd"",""stage"":""bb84"",""state"":""completed""},{""detail"":""Alice and Bob hold identical, uniformly random, pre-shared authentication material; every Toeplitz selector and one-time tag mask is fresh and never reused."",""sequence"":2,""source"":""qkd"",""stage"":""classical_authentication"",""state"":""executed_verified""},{""detail"":""Final key released after all profile checks."",""sequence"":3,""source"":""qkd"",""stage"":""key_release"",""state"":""released""},{""detail"":""Authenticated QKD key released."",""sequence"":4,""source"":""session"",""stage"":""session"",""state"":""established""}],""version"":1}"
1,645da376-7346-428c-b430-46e38ded251a,E4,qkd-classical-auth,16,1,56c8ad76-db70-4b39-af35-178c87347a7f,false,,0,46,2026-09-08T08:16:29.330815+00:00,1682422145767915087,QKD-CLASSICAL-AUTH,6693,3.14.7,CPython,2.5.0,0.16.0,0.16.0,50.0.1,0.1.0,Windows,11,10.0.26200,AMD64,"Intel64 Family 6 Model 158 Stepping 12, GenuineIntel",ac46477bb374bde1c0ace1ef0bcfbc26b199dcfa,true,1,E4,qkd-classical-auth,16,1682422145767915087,1,QKD-CLASSICAL-AUTH,QKD-CLASSICAL-AUTH,8192,"{""cascade_initial_block_factor"":0.73,""cascade_maximum_initial_block_size"":null,""cascade_maximum_lookback_steps"":null,""cascade_passes"":4,""phase_error_abort_threshold"":0.11,""sample_fraction"":0.2,""security_margin_bits"":0,""verification_tag_length"":32}",,[],"{""condition_id"":""qkd-classical-auth"",""experiment_kind"":""E4"",""qkd_stages"":[{""type"":""identity""}],""replicate_index"":16,""seed"":1682422145767915087,""session"":{""internal_pqc_profile"":null,""profile"":""QKD-CLASSICAL-AUTH"",""qkd_authentication_profile"":""QKD-CLASSICAL-AUTH"",""qkd_postprocessing"":{""cascade_initial_block_factor"":0.73,""cascade_maximum_initial_block_size"":null,""cascade_maximum_lookback_steps"":null,""cascade_passes"":4,""phase_error_abort_threshold"":0.11,""sample_fraction"":0.2,""security_margin_bits"":0,""verification_tag_length"":32},""qkd_signal_count"":8192,""version"":1},""tags"":[],""version"":1}","[{""type"":""identity""}]",,fresh pre-shared authentication material per run,5242880,,,,,false,1,e1e120208cc8e29072ab4df5679f5c29,QKD-CLASSICAL-AUTH,established,,qkd_bitstring,3296,"[{""algorithm"":""privacy-amplified-bitstring"",""bit_length"":3296,""byte_length"":412,""encoding"":""big-endian packed bits with explicit bit length"",""position"":1,""protocol"":""BB84"",""source"":""qkd""}]","{""pqc_exchange"":null,""qkd_classical"":{""algorithm"":""Toeplitz-U2+one-time-mask-128"",""executed"":true,""mechanism"":""wegman_carter"",""purpose"":""QKD classical transcript authentication"",""trust_assumption"":""Alice and Bob hold identical, uniformly random, pre-shared authentication material; every Toeplitz selector and one-time tag mask is fresh and never reused."",""verified"":true}}","{""qkd_transcript_hash_sha384"":""f2e2cd80a81e4826f0e32e9a7b434af8f554eab63bd264a6fdbe79f7f54ce53cc074e679eb7769b5d6290c948730e2fa"",""qkd_transcript_version"":1}",1221364000,8192,4167,835,3332,3332,3296,0.5086669921875,0.40234375,0.0,0.0,0.0,0,420,0,415,0,835,0.0,0.0,0.0,0.0,0.0,390631,,,,,,,,,,,,,,,,,,,,,,,,,,,,,,,,,,wegman_carter,Toeplitz-U2+one-time-mask-128,information-theoretic universal-hash authentication,781560,32,2,2,2,1461010100,1458867300,2919877400,"Alice and Bob hold identical, uniformly random, pre-shared authentication material; every Toeplitz selector and one-time tag mask is fresh and never reused.",6252990,,<= 2^-128 per fresh-key checkpoint,"{""implementation"":""cpython"",""platform"":""Windows-11-10.0.26200-SP0"",""processor"":""Intel64 Family 6 Model 158 Stepping 12, GenuineIntel"",""python"":""3.14.7""}",,,,,,,,,,,,,,,,,,,,,,,,,4141241400,"{""events"":[{""detail"":""QKD-CLASSICAL-AUTH"",""sequence"":0,""source"":""session"",""stage"":""session"",""state"":""started""},{""detail"":""BB84 post-processing completed."",""sequence"":1,""source"":""qkd"",""stage"":""bb84"",""state"":""completed""},{""detail"":""Alice and Bob hold identical, uniformly random, pre-shared authentication material; every Toeplitz selector and one-time tag mask is fresh and never reused."",""sequence"":2,""source"":""qkd"",""stage"":""classical_authentication"",""state"":""executed_verified""},{""detail"":""Final key released after all profile checks."",""sequence"":3,""source"":""qkd"",""stage"":""key_release"",""state"":""released""},{""detail"":""Authenticated QKD key released."",""sequence"":4,""source"":""session"",""stage"":""session"",""state"":""established""}],""version"":1}"
1,0c4567bd-6d2f-4382-bbac-4a243b4cd751,E4,qkd-classical-auth,17,1,56c8ad76-db70-4b39-af35-178c87347a7f,false,,0,47,2026-09-08T08:16:33.501486+00:00,4342109493251583931,QKD-CLASSICAL-AUTH,6697,3.14.7,CPython,2.5.0,0.16.0,0.16.0,50.0.1,0.1.0,Windows,11,10.0.26200,AMD64,"Intel64 Family 6 Model 158 Stepping 12, GenuineIntel",ac46477bb374bde1c0ace1ef0bcfbc26b199dcfa,true,1,E4,qkd-classical-auth,17,4342109493251583931,1,QKD-CLASSICAL-AUTH,QKD-CLASSICAL-AUTH,8192,"{""cascade_initial_block_factor"":0.73,""cascade_maximum_initial_block_size"":null,""cascade_maximum_lookback_steps"":null,""cascade_passes"":4,""phase_error_abort_threshold"":0.11,""sample_fraction"":0.2,""security_margin_bits"":0,""verification_tag_length"":32}",,[],"{""condition_id"":""qkd-classical-auth"",""experiment_kind"":""E4"",""qkd_stages"":[{""type"":""identity""}],""replicate_index"":17,""seed"":4342109493251583931,""session"":{""internal_pqc_profile"":null,""profile"":""QKD-CLASSICAL-AUTH"",""qkd_authentication_profile"":""QKD-CLASSICAL-AUTH"",""qkd_postprocessing"":{""cascade_initial_block_factor"":0.73,""cascade_maximum_initial_block_size"":null,""cascade_maximum_lookback_steps"":null,""cascade_passes"":4,""phase_error_abort_threshold"":0.11,""sample_fraction"":0.2,""security_margin_bits"":0,""verification_tag_length"":32},""qkd_signal_count"":8192,""version"":1},""tags"":[],""version"":1}","[{""type"":""identity""}]",,fresh pre-shared authentication material per run,5242880,,,,,false,1,5c947848f2389a989f6efd43cb2f83fe,QKD-CLASSICAL-AUTH,established,,qkd_bitstring,3267,"[{""algorithm"":""privacy-amplified-bitstring"",""bit_length"":3267,""byte_length"":409,""encoding"":""big-endian packed bits with explicit bit length"",""position"":1,""protocol"":""BB84"",""source"":""qkd""}]","{""pqc_exchange"":null,""qkd_classical"":{""algorithm"":""Toeplitz-U2+one-time-mask-128"",""executed"":true,""mechanism"":""wegman_carter"",""purpose"":""QKD classical transcript authentication"",""trust_assumption"":""Alice and Bob hold identical, uniformly random, pre-shared authentication material; every Toeplitz selector and one-time tag mask is fresh and never reused."",""verified"":true}}","{""qkd_transcript_hash_sha384"":""00ca750d8cf4ec4ea68b4eae37f913a9a92e6598b2fd2d73583c40cf031ec1e17f8344c6d559b4a232e6004493a0a04c"",""qkd_transcript_version"":1}",1179761900,8192,4130,827,3303,3303,3267,0.504150390625,0.3988037109375,0.0,0.0,0.0,0,409,0,418,0,827,0.0,0.0,0.0,0.0,0.0,387394,,,,,,,,,,,,,,,,,,,,,,,,,,,,,,,,,,wegman_carter,Toeplitz-U2+one-time-mask-128,information-theoretic universal-hash authentication,775086,32,2,2,2,1459183700,1455864200,2915047900,"Alice and Bob hold identical, uniformly random, pre-shared authentication material; every Toeplitz selector and one-time tag mask is fresh and never reused.",6201198,,<= 2^-128 per fresh-key checkpoint,"{""implementation"":""cpython"",""platform"":""Windows-11-10.0.26200-SP0"",""processor"":""Intel64 Family 6 Model 158 Stepping 12, GenuineIntel"",""python"":""3.14.7""}",,,,,,,,,,,,,,,,,,,,,,,,,4094809800,"{""events"":[{""detail"":""QKD-CLASSICAL-AUTH"",""sequence"":0,""source"":""session"",""stage"":""session"",""state"":""started""},{""detail"":""BB84 post-processing completed."",""sequence"":1,""source"":""qkd"",""stage"":""bb84"",""state"":""completed""},{""detail"":""Alice and Bob hold identical, uniformly random, pre-shared authentication material; every Toeplitz selector and one-time tag mask is fresh and never reused."",""sequence"":2,""source"":""qkd"",""stage"":""classical_authentication"",""state"":""executed_verified""},{""detail"":""Final key released after all profile checks."",""sequence"":3,""source"":""qkd"",""stage"":""key_release"",""state"":""released""},{""detail"":""Authenticated QKD key released."",""sequence"":4,""source"":""session"",""stage"":""session"",""state"":""established""}],""version"":1}"
1,fdde0261-70a0-4977-a015-89b38629dc32,E4,qkd-classical-auth,18,1,56c8ad76-db70-4b39-af35-178c87347a7f,false,,0,48,2026-09-08T08:16:37.646536+00:00,4875940110458465299,QKD-CLASSICAL-AUTH,6696,3.14.7,CPython,2.5.0,0.16.0,0.16.0,50.0.1,0.1.0,Windows,11,10.0.26200,AMD64,"Intel64 Family 6 Model 158 Stepping 12, GenuineIntel",ac46477bb374bde1c0ace1ef0bcfbc26b199dcfa,true,1,E4,qkd-classical-auth,18,4875940110458465299,1,QKD-CLASSICAL-AUTH,QKD-CLASSICAL-AUTH,8192,"{""cascade_initial_block_factor"":0.73,""cascade_maximum_initial_block_size"":null,""cascade_maximum_lookback_steps"":null,""cascade_passes"":4,""phase_error_abort_threshold"":0.11,""sample_fraction"":0.2,""security_margin_bits"":0,""verification_tag_length"":32}",,[],"{""condition_id"":""qkd-classical-auth"",""experiment_kind"":""E4"",""qkd_stages"":[{""type"":""identity""}],""replicate_index"":18,""seed"":4875940110458465299,""session"":{""internal_pqc_profile"":null,""profile"":""QKD-CLASSICAL-AUTH"",""qkd_authentication_profile"":""QKD-CLASSICAL-AUTH"",""qkd_postprocessing"":{""cascade_initial_block_factor"":0.73,""cascade_maximum_initial_block_size"":null,""cascade_maximum_lookback_steps"":null,""cascade_passes"":4,""phase_error_abort_threshold"":0.11,""sample_fraction"":0.2,""security_margin_bits"":0,""verification_tag_length"":32},""qkd_signal_count"":8192,""version"":1},""tags"":[],""version"":1}","[{""type"":""identity""}]",,fresh pre-shared authentication material per run,5242880,,,,,false,1,8f5ff9d6a2fd1efb92fa259c202f9bc2,QKD-CLASSICAL-AUTH,established,,qkd_bitstring,3212,"[{""algorithm"":""privacy-amplified-bitstring"",""bit_length"":3212,""byte_length"":402,""encoding"":""big-endian packed bits with explicit bit length"",""position"":1,""protocol"":""BB84"",""source"":""qkd""}]","{""pqc_exchange"":null,""qkd_classical"":{""algorithm"":""Toeplitz-U2+one-time-mask-128"",""executed"":true,""mechanism"":""wegman_carter"",""purpose"":""QKD classical transcript authentication"",""trust_assumption"":""Alice and Bob hold identical, uniformly random, pre-shared authentication material; every Toeplitz selector and one-time tag mask is fresh and never reused."",""verified"":true}}","{""qkd_transcript_hash_sha384"":""e280e505f1e960979a0bbfbdb5c1e5c3f9feff16e18539a8e0906aa09dc187221eb03b2e58a73ec668bfb0007a6fba52"",""qkd_transcript_version"":1}",1159160800,8192,4061,813,3248,3248,3212,0.4957275390625,0.39208984375,0.0,0.0,0.0,0,408,0,405,0,813,0.0,0.0,0.0,0.0,0.0,381285,,,,,,,,,,,,,,,,,,,,,,,,,,,,,,,,,,wegman_carter,Toeplitz-U2+one-time-mask-128,information-theoretic universal-hash authentication,762868,32,2,2,2,1455757800,1452576300,2908334100,"Alice and Bob hold identical, uniformly random, pre-shared authentication material; every Toeplitz selector and one-time tag mask is fresh and never reused.",6103454,,<= 2^-128 per fresh-key checkpoint,"{""implementation"":""cpython"",""platform"":""Windows-11-10.0.26200-SP0"",""processor"":""Intel64 Family 6 Model 158 Stepping 12, GenuineIntel"",""python"":""3.14.7""}",,,,,,,,,,,,,,,,,,,,,,,,,4067494900,"{""events"":[{""detail"":""QKD-CLASSICAL-AUTH"",""sequence"":0,""source"":""session"",""stage"":""session"",""state"":""started""},{""detail"":""BB84 post-processing completed."",""sequence"":1,""source"":""qkd"",""stage"":""bb84"",""state"":""completed""},{""detail"":""Alice and Bob hold identical, uniformly random, pre-shared authentication material; every Toeplitz selector and one-time tag mask is fresh and never reused."",""sequence"":2,""source"":""qkd"",""stage"":""classical_authentication"",""state"":""executed_verified""},{""detail"":""Final key released after all profile checks."",""sequence"":3,""source"":""qkd"",""stage"":""key_release"",""state"":""released""},{""detail"":""Authenticated QKD key released."",""sequence"":4,""source"":""session"",""stage"":""session"",""state"":""established""}],""version"":1}"
1,ef863b3f-faf0-4da8-a9be-8a8c22a8ea5d,E4,qkd-classical-auth,19,1,56c8ad76-db70-4b39-af35-178c87347a7f,false,,0,49,2026-09-08T08:16:41.833568+00:00,3747759391326887283,QKD-CLASSICAL-AUTH,6698,3.14.7,CPython,2.5.0,0.16.0,0.16.0,50.0.1,0.1.0,Windows,11,10.0.26200,AMD64,"Intel64 Family 6 Model 158 Stepping 12, GenuineIntel",ac46477bb374bde1c0ace1ef0bcfbc26b199dcfa,true,1,E4,qkd-classical-auth,19,3747759391326887283,1,QKD-CLASSICAL-AUTH,QKD-CLASSICAL-AUTH,8192,"{""cascade_initial_block_factor"":0.73,""cascade_maximum_initial_block_size"":null,""cascade_maximum_lookback_steps"":null,""cascade_passes"":4,""phase_error_abort_threshold"":0.11,""sample_fraction"":0.2,""security_margin_bits"":0,""verification_tag_length"":32}",,[],"{""condition_id"":""qkd-classical-auth"",""experiment_kind"":""E4"",""qkd_stages"":[{""type"":""identity""}],""replicate_index"":19,""seed"":3747759391326887283,""session"":{""internal_pqc_profile"":null,""profile"":""QKD-CLASSICAL-AUTH"",""qkd_authentication_profile"":""QKD-CLASSICAL-AUTH"",""qkd_postprocessing"":{""cascade_initial_block_factor"":0.73,""cascade_maximum_initial_block_size"":null,""cascade_maximum_lookback_steps"":null,""cascade_passes"":4,""phase_error_abort_threshold"":0.11,""sample_fraction"":0.2,""security_margin_bits"":0,""verification_tag_length"":32},""qkd_signal_count"":8192,""version"":1},""tags"":[],""version"":1}","[{""type"":""identity""}]",,fresh pre-shared authentication material per run,5242880,,,,,false,1,3be24ac8f54d15286c48fb7e2d8aac58,QKD-CLASSICAL-AUTH,established,,qkd_bitstring,3215,"[{""algorithm"":""privacy-amplified-bitstring"",""bit_length"":3215,""byte_length"":402,""encoding"":""big-endian packed bits with explicit bit length"",""position"":1,""protocol"":""BB84"",""source"":""qkd""}]","{""pqc_exchange"":null,""qkd_classical"":{""algorithm"":""Toeplitz-U2+one-time-mask-128"",""executed"":true,""mechanism"":""wegman_carter"",""purpose"":""QKD classical transcript authentication"",""trust_assumption"":""Alice and Bob hold identical, uniformly random, pre-shared authentication material; every Toeplitz selector and one-time tag mask is fresh and never reused."",""verified"":true}}","{""qkd_transcript_hash_sha384"":""1c95357bca50e73b6c49921be2e5b0ffc254b9cf2ff70c4de5c450d548caf9e7651c88f61f96ebd2a7a4f5970073f0e7"",""qkd_transcript_version"":1}",1190014600,8192,4065,814,3251,3251,3215,0.4962158203125,0.3924560546875,0.0,0.0,0.0,0,412,0,402,0,814,0.0,0.0,0.0,0.0,0.0,381625,,,,,,,,,,,,,,,,,,,,,,,,,,,,,,,,,,wegman_carter,Toeplitz-U2+one-time-mask-128,information-theoretic universal-hash authentication,763548,32,2,2,2,1457042900,1464812600,2921855500,"Alice and Bob hold identical, uniformly random, pre-shared authentication material; every Toeplitz selector and one-time tag mask is fresh and never reused.",6108894,,<= 2^-128 per fresh-key checkpoint,"{""implementation"":""cpython"",""platform"":""Windows-11-10.0.26200-SP0"",""processor"":""Intel64 Family 6 Model 158 Stepping 12, GenuineIntel"",""python"":""3.14.7""}",,,,,,,,,,,,,,,,,,,,,,,,,4111870100,"{""events"":[{""detail"":""QKD-CLASSICAL-AUTH"",""sequence"":0,""source"":""session"",""stage"":""session"",""state"":""started""},{""detail"":""BB84 post-processing completed."",""sequence"":1,""source"":""qkd"",""stage"":""bb84"",""state"":""completed""},{""detail"":""Alice and Bob hold identical, uniformly random, pre-shared authentication material; every Toeplitz selector and one-time tag mask is fresh and never reused."",""sequence"":2,""source"":""qkd"",""stage"":""classical_authentication"",""state"":""executed_verified""},{""detail"":""Final key released after all profile checks."",""sequence"":3,""source"":""qkd"",""stage"":""key_release"",""state"":""released""},{""detail"":""Authenticated QKD key released."",""sequence"":4,""source"":""session"",""stage"":""session"",""state"":""established""}],""version"":1}"
1,b7ba6a28-071c-4386-bf0a-db0284c66cc8,E4,qkd-classical-auth,20,1,56c8ad76-db70-4b39-af35-178c87347a7f,false,,0,50,2026-09-08T08:16:46.011856+00:00,13586409394073499889,QKD-CLASSICAL-AUTH,6700,3.14.7,CPython,2.5.0,0.16.0,0.16.0,50.0.1,0.1.0,Windows,11,10.0.26200,AMD64,"Intel64 Family 6 Model 158 Stepping 12, GenuineIntel",ac46477bb374bde1c0ace1ef0bcfbc26b199dcfa,true,1,E4,qkd-classical-auth,20,13586409394073499889,1,QKD-CLASSICAL-AUTH,QKD-CLASSICAL-AUTH,8192,"{""cascade_initial_block_factor"":0.73,""cascade_maximum_initial_block_size"":null,""cascade_maximum_lookback_steps"":null,""cascade_passes"":4,""phase_error_abort_threshold"":0.11,""sample_fraction"":0.2,""security_margin_bits"":0,""verification_tag_length"":32}",,[],"{""condition_id"":""qkd-classical-auth"",""experiment_kind"":""E4"",""qkd_stages"":[{""type"":""identity""}],""replicate_index"":20,""seed"":13586409394073499889,""session"":{""internal_pqc_profile"":null,""profile"":""QKD-CLASSICAL-AUTH"",""qkd_authentication_profile"":""QKD-CLASSICAL-AUTH"",""qkd_postprocessing"":{""cascade_initial_block_factor"":0.73,""cascade_maximum_initial_block_size"":null,""cascade_maximum_lookback_steps"":null,""cascade_passes"":4,""phase_error_abort_threshold"":0.11,""sample_fraction"":0.2,""security_margin_bits"":0,""verification_tag_length"":32},""qkd_signal_count"":8192,""version"":1},""tags"":[],""version"":1}","[{""type"":""identity""}]",,fresh pre-shared authentication material per run,5242880,,,,,false,1,bc37563233592cda9567c26b704f0cdf,QKD-CLASSICAL-AUTH,established,,qkd_bitstring,3249,"[{""algorithm"":""privacy-amplified-bitstring"",""bit_length"":3249,""byte_length"":407,""encoding"":""big-endian packed bits with explicit bit length"",""position"":1,""protocol"":""BB84"",""source"":""qkd""}]","{""pqc_exchange"":null,""qkd_classical"":{""algorithm"":""Toeplitz-U2+one-time-mask-128"",""executed"":true,""mechanism"":""wegman_carter"",""purpose"":""QKD classical transcript authentication"",""trust_assumption"":""Alice and Bob hold identical, uniformly random, pre-shared authentication material; every Toeplitz selector and one-time tag mask is fresh and never reused."",""verified"":true}}","{""qkd_transcript_hash_sha384"":""7d28157263522ba9bd78112bbec957e048dd04a3485fffc4c3a43ea19ff15bdfcea0dde2f241bb2b784304ce3f8c5ebd"",""qkd_transcript_version"":1}",1185324900,8192,4107,822,3285,3285,3249,0.5013427734375,0.3966064453125,0.0,0.0,0.0,0,416,0,406,0,822,0.0,0.0,0.0,0.0,0.0,385383,,,,,,,,,,,,,,,,,,,,,,,,,,,,,,,,,,wegman_carter,Toeplitz-U2+one-time-mask-128,information-theoretic universal-hash authentication,771064,32,2,2,2,1464034800,1454032800,2918067600,"Alice and Bob hold identical, uniformly random, pre-shared authentication material; every Toeplitz selector and one-time tag mask is fresh and never reused.",6169022,,<= 2^-128 per fresh-key checkpoint,"{""implementation"":""cpython"",""platform"":""Windows-11-10.0.26200-SP0"",""processor"":""Intel64 Family 6 Model 158 Stepping 12, GenuineIntel"",""python"":""3.14.7""}",,,,,,,,,,,,,,,,,,,,,,,,,4103392500,"{""events"":[{""detail"":""QKD-CLASSICAL-AUTH"",""sequence"":0,""source"":""session"",""stage"":""session"",""state"":""started""},{""detail"":""BB84 post-processing completed."",""sequence"":1,""source"":""qkd"",""stage"":""bb84"",""state"":""completed""},{""detail"":""Alice and Bob hold identical, uniformly random, pre-shared authentication material; every Toeplitz selector and one-time tag mask is fresh and never reused."",""sequence"":2,""source"":""qkd"",""stage"":""classical_authentication"",""state"":""executed_verified""},{""detail"":""Final key released after all profile checks."",""sequence"":3,""source"":""qkd"",""stage"":""key_release"",""state"":""released""},{""detail"":""Authenticated QKD key released."",""sequence"":4,""source"":""session"",""stage"":""session"",""state"":""established""}],""version"":1}"
1,16180168-902f-41d5-9823-f8a0996b1ddd,E4,qkd-classical-auth,21,1,56c8ad76-db70-4b39-af35-178c87347a7f,false,,0,51,2026-09-08T08:16:50.155487+00:00,8462341723292264769,QKD-CLASSICAL-AUTH,6697,3.14.7,CPython,2.5.0,0.16.0,0.16.0,50.0.1,0.1.0,Windows,11,10.0.26200,AMD64,"Intel64 Family 6 Model 158 Stepping 12, GenuineIntel",ac46477bb374bde1c0ace1ef0bcfbc26b199dcfa,true,1,E4,qkd-classical-auth,21,8462341723292264769,1,QKD-CLASSICAL-AUTH,QKD-CLASSICAL-AUTH,8192,"{""cascade_initial_block_factor"":0.73,""cascade_maximum_initial_block_size"":null,""cascade_maximum_lookback_steps"":null,""cascade_passes"":4,""phase_error_abort_threshold"":0.11,""sample_fraction"":0.2,""security_margin_bits"":0,""verification_tag_length"":32}",,[],"{""condition_id"":""qkd-classical-auth"",""experiment_kind"":""E4"",""qkd_stages"":[{""type"":""identity""}],""replicate_index"":21,""seed"":8462341723292264769,""session"":{""internal_pqc_profile"":null,""profile"":""QKD-CLASSICAL-AUTH"",""qkd_authentication_profile"":""QKD-CLASSICAL-AUTH"",""qkd_postprocessing"":{""cascade_initial_block_factor"":0.73,""cascade_maximum_initial_block_size"":null,""cascade_maximum_lookback_steps"":null,""cascade_passes"":4,""phase_error_abort_threshold"":0.11,""sample_fraction"":0.2,""security_margin_bits"":0,""verification_tag_length"":32},""qkd_signal_count"":8192,""version"":1},""tags"":[],""version"":1}","[{""type"":""identity""}]",,fresh pre-shared authentication material per run,5242880,,,,,false,1,6baca015fee4a1f3dd15847449863afc,QKD-CLASSICAL-AUTH,established,,qkd_bitstring,3210,"[{""algorithm"":""privacy-amplified-bitstring"",""bit_length"":3210,""byte_length"":402,""encoding"":""big-endian packed bits with explicit bit length"",""position"":1,""protocol"":""BB84"",""source"":""qkd""}]","{""pqc_exchange"":null,""qkd_classical"":{""algorithm"":""Toeplitz-U2+one-time-mask-128"",""executed"":true,""mechanism"":""wegman_carter"",""purpose"":""QKD classical transcript authentication"",""trust_assumption"":""Alice and Bob hold identical, uniformly random, pre-shared authentication material; every Toeplitz selector and one-time tag mask is fresh and never reused."",""verified"":true}}","{""qkd_transcript_hash_sha384"":""d871ff1ba0c5d3652c787ba3f7b6549ec9767295c81aa75b43fc6da003a0f2dd9c479a9a9d27b518b20d18503111dc8e"",""qkd_transcript_version"":1}",1167761800,8192,4059,813,3246,3246,3210,0.4954833984375,0.391845703125,0.0,0.0,0.0,0,406,0,407,0,813,0.0,0.0,0.0,0.0,0.0,381076,,,,,,,,,,,,,,,,,,,,,,,,,,,,,,,,,,wegman_carter,Toeplitz-U2+one-time-mask-128,information-theoretic universal-hash authentication,762450,32,2,2,2,1449921100,1449961200,2899882300,"Alice and Bob hold identical, uniformly random, pre-shared authentication material; every Toeplitz selector and one-time tag mask is fresh and never reused.",6100110,,<= 2^-128 per fresh-key checkpoint,"{""implementation"":""cpython"",""platform"":""Windows-11-10.0.26200-SP0"",""processor"":""Intel64 Family 6 Model 158 Stepping 12, GenuineIntel"",""python"":""3.14.7""}",,,,,,,,,,,,,,,,,,,,,,,,,4067644100,"{""events"":[{""detail"":""QKD-CLASSICAL-AUTH"",""sequence"":0,""source"":""session"",""stage"":""session"",""state"":""started""},{""detail"":""BB84 post-processing completed."",""sequence"":1,""source"":""qkd"",""stage"":""bb84"",""state"":""completed""},{""detail"":""Alice and Bob hold identical, uniformly random, pre-shared authentication material; every Toeplitz selector and one-time tag mask is fresh and never reused."",""sequence"":2,""source"":""qkd"",""stage"":""classical_authentication"",""state"":""executed_verified""},{""detail"":""Final key released after all profile checks."",""sequence"":3,""source"":""qkd"",""stage"":""key_release"",""state"":""released""},{""detail"":""Authenticated QKD key released."",""sequence"":4,""source"":""session"",""stage"":""session"",""state"":""established""}],""version"":1}"
1,aa296d33-e07c-476f-aeb0-04794b41da6e,E4,qkd-classical-auth,22,1,56c8ad76-db70-4b39-af35-178c87347a7f,false,,0,52,2026-09-08T08:16:54.350391+00:00,8461503239743638741,QKD-CLASSICAL-AUTH,6696,3.14.7,CPython,2.5.0,0.16.0,0.16.0,50.0.1,0.1.0,Windows,11,10.0.26200,AMD64,"Intel64 Family 6 Model 158 Stepping 12, GenuineIntel",ac46477bb374bde1c0ace1ef0bcfbc26b199dcfa,true,1,E4,qkd-classical-auth,22,8461503239743638741,1,QKD-CLASSICAL-AUTH,QKD-CLASSICAL-AUTH,8192,"{""cascade_initial_block_factor"":0.73,""cascade_maximum_initial_block_size"":null,""cascade_maximum_lookback_steps"":null,""cascade_passes"":4,""phase_error_abort_threshold"":0.11,""sample_fraction"":0.2,""security_margin_bits"":0,""verification_tag_length"":32}",,[],"{""condition_id"":""qkd-classical-auth"",""experiment_kind"":""E4"",""qkd_stages"":[{""type"":""identity""}],""replicate_index"":22,""seed"":8461503239743638741,""session"":{""internal_pqc_profile"":null,""profile"":""QKD-CLASSICAL-AUTH"",""qkd_authentication_profile"":""QKD-CLASSICAL-AUTH"",""qkd_postprocessing"":{""cascade_initial_block_factor"":0.73,""cascade_maximum_initial_block_size"":null,""cascade_maximum_lookback_steps"":null,""cascade_passes"":4,""phase_error_abort_threshold"":0.11,""sample_fraction"":0.2,""security_margin_bits"":0,""verification_tag_length"":32},""qkd_signal_count"":8192,""version"":1},""tags"":[],""version"":1}","[{""type"":""identity""}]",,fresh pre-shared authentication material per run,5242880,,,,,false,1,3dbce1e2853f4e35e51a5ae74083fba2,QKD-CLASSICAL-AUTH,established,,qkd_bitstring,3206,"[{""algorithm"":""privacy-amplified-bitstring"",""bit_length"":3206,""byte_length"":401,""encoding"":""big-endian packed bits with explicit bit length"",""position"":1,""protocol"":""BB84"",""source"":""qkd""}]","{""pqc_exchange"":null,""qkd_classical"":{""algorithm"":""Toeplitz-U2+one-time-mask-128"",""executed"":true,""mechanism"":""wegman_carter"",""purpose"":""QKD classical transcript authentication"",""trust_assumption"":""Alice and Bob hold identical, uniformly random, pre-shared authentication material; every Toeplitz selector and one-time tag mask is fresh and never reused."",""verified"":true}}","{""qkd_transcript_hash_sha384"":""cccaa865c9d6335b3c84c759f19e85e371e3f3338c9c185d9f9ac455948148639bd20ae261e913bf6c0781213402f90d"",""qkd_transcript_version"":1}",1193519800,8192,4054,812,3242,3242,3206,0.494873046875,0.391357421875,0.0,0.0,0.0,0,397,0,415,0,812,0.0,0.0,0.0,0.0,0.0,380633,,,,,,,,,,,,,,,,,,,,,,,,,,,,,,,,,,wegman_carter,Toeplitz-U2+one-time-mask-128,information-theoretic universal-hash authentication,761564,32,2,2,2,1465575100,1463028700,2928603800,"Alice and Bob hold identical, uniformly random, pre-shared authentication material; every Toeplitz selector and one-time tag mask is fresh and never reused.",6093022,,<= 2^-128 per fresh-key checkpoint,"{""implementation"":""cpython"",""platform"":""Windows-11-10.0.26200-SP0"",""processor"":""Intel64 Family 6 Model 158 Stepping 12, GenuineIntel"",""python"":""3.14.7""}",,,,,,,,,,,,,,,,,,,,,,,,,4122123600,"{""events"":[{""detail"":""QKD-CLASSICAL-AUTH"",""sequence"":0,""source"":""session"",""stage"":""session"",""state"":""started""},{""detail"":""BB84 post-processing completed."",""sequence"":1,""source"":""qkd"",""stage"":""bb84"",""state"":""completed""},{""detail"":""Alice and Bob hold identical, uniformly random, pre-shared authentication material; every Toeplitz selector and one-time tag mask is fresh and never reused."",""sequence"":2,""source"":""qkd"",""stage"":""classical_authentication"",""state"":""executed_verified""},{""detail"":""Final key released after all profile checks."",""sequence"":3,""source"":""qkd"",""stage"":""key_release"",""state"":""released""},{""detail"":""Authenticated QKD key released."",""sequence"":4,""source"":""session"",""stage"":""session"",""state"":""established""}],""version"":1}"
1,9bb5ed9b-16cc-407c-a6da-e8798bbed938,E4,qkd-classical-auth,23,1,56c8ad76-db70-4b39-af35-178c87347a7f,false,,0,53,2026-09-08T08:16:58.489252+00:00,15744960315248446715,QKD-CLASSICAL-AUTH,6700,3.14.7,CPython,2.5.0,0.16.0,0.16.0,50.0.1,0.1.0,Windows,11,10.0.26200,AMD64,"Intel64 Family 6 Model 158 Stepping 12, GenuineIntel",ac46477bb374bde1c0ace1ef0bcfbc26b199dcfa,true,1,E4,qkd-classical-auth,23,15744960315248446715,1,QKD-CLASSICAL-AUTH,QKD-CLASSICAL-AUTH,8192,"{""cascade_initial_block_factor"":0.73,""cascade_maximum_initial_block_size"":null,""cascade_maximum_lookback_steps"":null,""cascade_passes"":4,""phase_error_abort_threshold"":0.11,""sample_fraction"":0.2,""security_margin_bits"":0,""verification_tag_length"":32}",,[],"{""condition_id"":""qkd-classical-auth"",""experiment_kind"":""E4"",""qkd_stages"":[{""type"":""identity""}],""replicate_index"":23,""seed"":15744960315248446715,""session"":{""internal_pqc_profile"":null,""profile"":""QKD-CLASSICAL-AUTH"",""qkd_authentication_profile"":""QKD-CLASSICAL-AUTH"",""qkd_postprocessing"":{""cascade_initial_block_factor"":0.73,""cascade_maximum_initial_block_size"":null,""cascade_maximum_lookback_steps"":null,""cascade_passes"":4,""phase_error_abort_threshold"":0.11,""sample_fraction"":0.2,""security_margin_bits"":0,""verification_tag_length"":32},""qkd_signal_count"":8192,""version"":1},""tags"":[],""version"":1}","[{""type"":""identity""}]",,fresh pre-shared authentication material per run,5242880,,,,,false,1,a8a266218c8d0fdc7d39b18fc396f24b,QKD-CLASSICAL-AUTH,established,,qkd_bitstring,3235,"[{""algorithm"":""privacy-amplified-bitstring"",""bit_length"":3235,""byte_length"":405,""encoding"":""big-endian packed bits with explicit bit length"",""position"":1,""protocol"":""BB84"",""source"":""qkd""}]","{""pqc_exchange"":null,""qkd_classical"":{""algorithm"":""Toeplitz-U2+one-time-mask-128"",""executed"":true,""mechanism"":""wegman_carter"",""purpose"":""QKD classical transcript authentication"",""trust_assumption"":""Alice and Bob hold identical, uniformly random, pre-shared authentication material; every Toeplitz selector and one-time tag mask is fresh and never reused."",""verified"":true}}","{""qkd_transcript_hash_sha384"":""8b204294bf46626fb34e088c1d1534e750bc6e29ed117493861e91b6666fcbc63bee9fd1c464f6faa7291f65deac9ca1"",""qkd_transcript_version"":1}",1161897100,8192,4089,818,3271,3271,3235,0.4991455078125,0.3948974609375,0.0,0.0,0.0,0,408,0,410,0,818,0.0,0.0,0.0,0.0,0.0,383818,,,,,,,,,,,,,,,,,,,,,,,,,,,,,,,,,,wegman_carter,Toeplitz-U2+one-time-mask-128,information-theoretic universal-hash authentication,767934,32,2,2,2,1456712400,1445770700,2902483100,"Alice and Bob hold identical, uniformly random, pre-shared authentication material; every Toeplitz selector and one-time tag mask is fresh and never reused.",6143982,,<= 2^-128 per fresh-key checkpoint,"{""implementation"":""cpython"",""platform"":""Windows-11-10.0.26200-SP0"",""processor"":""Intel64 Family 6 Model 158 Stepping 12, GenuineIntel"",""python"":""3.14.7""}",,,,,,,,,,,,,,,,,,,,,,,,,4064380200,"{""events"":[{""detail"":""QKD-CLASSICAL-AUTH"",""sequence"":0,""source"":""session"",""stage"":""session"",""state"":""started""},{""detail"":""BB84 post-processing completed."",""sequence"":1,""source"":""qkd"",""stage"":""bb84"",""state"":""completed""},{""detail"":""Alice and Bob hold identical, uniformly random, pre-shared authentication material; every Toeplitz selector and one-time tag mask is fresh and never reused."",""sequence"":2,""source"":""qkd"",""stage"":""classical_authentication"",""state"":""executed_verified""},{""detail"":""Final key released after all profile checks."",""sequence"":3,""source"":""qkd"",""stage"":""key_release"",""state"":""released""},{""detail"":""Authenticated QKD key released."",""sequence"":4,""source"":""session"",""stage"":""session"",""state"":""established""}],""version"":1}"
1,e0613b3a-5865-48ba-ac58-9eafd9ef6cd8,E4,qkd-classical-auth,24,1,56c8ad76-db70-4b39-af35-178c87347a7f,false,,0,54,2026-09-08T08:17:02.644714+00:00,16136230971014270418,QKD-CLASSICAL-AUTH,6697,3.14.7,CPython,2.5.0,0.16.0,0.16.0,50.0.1,0.1.0,Windows,11,10.0.26200,AMD64,"Intel64 Family 6 Model 158 Stepping 12, GenuineIntel",ac46477bb374bde1c0ace1ef0bcfbc26b199dcfa,true,1,E4,qkd-classical-auth,24,16136230971014270418,1,QKD-CLASSICAL-AUTH,QKD-CLASSICAL-AUTH,8192,"{""cascade_initial_block_factor"":0.73,""cascade_maximum_initial_block_size"":null,""cascade_maximum_lookback_steps"":null,""cascade_passes"":4,""phase_error_abort_threshold"":0.11,""sample_fraction"":0.2,""security_margin_bits"":0,""verification_tag_length"":32}",,[],"{""condition_id"":""qkd-classical-auth"",""experiment_kind"":""E4"",""qkd_stages"":[{""type"":""identity""}],""replicate_index"":24,""seed"":16136230971014270418,""session"":{""internal_pqc_profile"":null,""profile"":""QKD-CLASSICAL-AUTH"",""qkd_authentication_profile"":""QKD-CLASSICAL-AUTH"",""qkd_postprocessing"":{""cascade_initial_block_factor"":0.73,""cascade_maximum_initial_block_size"":null,""cascade_maximum_lookback_steps"":null,""cascade_passes"":4,""phase_error_abort_threshold"":0.11,""sample_fraction"":0.2,""security_margin_bits"":0,""verification_tag_length"":32},""qkd_signal_count"":8192,""version"":1},""tags"":[],""version"":1}","[{""type"":""identity""}]",,fresh pre-shared authentication material per run,5242880,,,,,false,1,76119c6d40b0e88b58642881b7c290ba,QKD-CLASSICAL-AUTH,established,,qkd_bitstring,3250,"[{""algorithm"":""privacy-amplified-bitstring"",""bit_length"":3250,""byte_length"":407,""encoding"":""big-endian packed bits with explicit bit length"",""position"":1,""protocol"":""BB84"",""source"":""qkd""}]","{""pqc_exchange"":null,""qkd_classical"":{""algorithm"":""Toeplitz-U2+one-time-mask-128"",""executed"":true,""mechanism"":""wegman_carter"",""purpose"":""QKD classical transcript authentication"",""trust_assumption"":""Alice and Bob hold identical, uniformly random, pre-shared authentication material; every Toeplitz selector and one-time tag mask is fresh and never reused."",""verified"":true}}","{""qkd_transcript_hash_sha384"":""82ef0858b6fc91f561967c626719d7873bfe4df8406d741b01f0eb4db5f7e1dcbcaf379ec84dcd97b42eca8efa737cc3"",""qkd_transcript_version"":1}",1162348800,8192,4108,822,3286,3286,3250,0.50146484375,0.396728515625,0.0,0.0,0.0,0,419,0,403,0,822,0.0,0.0,0.0,0.0,0.0,385487,,,,,,,,,,,,,,,,,,,,,,,,,,,,,,,,,,wegman_carter,Toeplitz-U2+one-time-mask-128,information-theoretic universal-hash authentication,771272,32,2,2,2,1458258200,1458416700,2916674900,"Alice and Bob hold identical, uniformly random, pre-shared authentication material; every Toeplitz selector and one-time tag mask is fresh and never reused.",6170686,,<= 2^-128 per fresh-key checkpoint,"{""implementation"":""cpython"",""platform"":""Windows-11-10.0.26200-SP0"",""processor"":""Intel64 Family 6 Model 158 Stepping 12, GenuineIntel"",""python"":""3.14.7""}",,,,,,,,,,,,,,,,,,,,,,,,,4079023700,"{""events"":[{""detail"":""QKD-CLASSICAL-AUTH"",""sequence"":0,""source"":""session"",""stage"":""session"",""state"":""started""},{""detail"":""BB84 post-processing completed."",""sequence"":1,""source"":""qkd"",""stage"":""bb84"",""state"":""completed""},{""detail"":""Alice and Bob hold identical, uniformly random, pre-shared authentication material; every Toeplitz selector and one-time tag mask is fresh and never reused."",""sequence"":2,""source"":""qkd"",""stage"":""classical_authentication"",""state"":""executed_verified""},{""detail"":""Final key released after all profile checks."",""sequence"":3,""source"":""qkd"",""stage"":""key_release"",""state"":""released""},{""detail"":""Authenticated QKD key released."",""sequence"":4,""source"":""session"",""stage"":""session"",""state"":""established""}],""version"":1}"
1,abf20500-55a4-4f0e-a987-0c0acaf54a05,E4,qkd-classical-auth,25,1,56c8ad76-db70-4b39-af35-178c87347a7f,false,,0,55,2026-09-08T08:17:06.815487+00:00,3677795242345442013,QKD-CLASSICAL-AUTH,6692,3.14.7,CPython,2.5.0,0.16.0,0.16.0,50.0.1,0.1.0,Windows,11,10.0.26200,AMD64,"Intel64 Family 6 Model 158 Stepping 12, GenuineIntel",ac46477bb374bde1c0ace1ef0bcfbc26b199dcfa,true,1,E4,qkd-classical-auth,25,3677795242345442013,1,QKD-CLASSICAL-AUTH,QKD-CLASSICAL-AUTH,8192,"{""cascade_initial_block_factor"":0.73,""cascade_maximum_initial_block_size"":null,""cascade_maximum_lookback_steps"":null,""cascade_passes"":4,""phase_error_abort_threshold"":0.11,""sample_fraction"":0.2,""security_margin_bits"":0,""verification_tag_length"":32}",,[],"{""condition_id"":""qkd-classical-auth"",""experiment_kind"":""E4"",""qkd_stages"":[{""type"":""identity""}],""replicate_index"":25,""seed"":3677795242345442013,""session"":{""internal_pqc_profile"":null,""profile"":""QKD-CLASSICAL-AUTH"",""qkd_authentication_profile"":""QKD-CLASSICAL-AUTH"",""qkd_postprocessing"":{""cascade_initial_block_factor"":0.73,""cascade_maximum_initial_block_size"":null,""cascade_maximum_lookback_steps"":null,""cascade_passes"":4,""phase_error_abort_threshold"":0.11,""sample_fraction"":0.2,""security_margin_bits"":0,""verification_tag_length"":32},""qkd_signal_count"":8192,""version"":1},""tags"":[],""version"":1}","[{""type"":""identity""}]",,fresh pre-shared authentication material per run,5242880,,,,,false,1,ef1f45c1af836719b8c6a68255b404d5,QKD-CLASSICAL-AUTH,established,,qkd_bitstring,3208,"[{""algorithm"":""privacy-amplified-bitstring"",""bit_length"":3208,""byte_length"":401,""encoding"":""big-endian packed bits with explicit bit length"",""position"":1,""protocol"":""BB84"",""source"":""qkd""}]","{""pqc_exchange"":null,""qkd_classical"":{""algorithm"":""Toeplitz-U2+one-time-mask-128"",""executed"":true,""mechanism"":""wegman_carter"",""purpose"":""QKD classical transcript authentication"",""trust_assumption"":""Alice and Bob hold identical, uniformly random, pre-shared authentication material; every Toeplitz selector and one-time tag mask is fresh and never reused."",""verified"":true}}","{""qkd_transcript_hash_sha384"":""11fff8abd0d7b2663924e061852c8c2fd2968bdbb5e1365740a1e7d15bd56ee5bcdb1fa43226cc5f69fa8f96cbd17d89"",""qkd_transcript_version"":1}",1165665000,8192,4056,812,3244,3244,3208,0.4951171875,0.3916015625,0.0,0.0,0.0,0,416,0,396,0,812,0.0,0.0,0.0,0.0,0.0,380842,,,,,,,,,,,,,,,,,,,,,,,,,,,,,,,,,,wegman_carter,Toeplitz-U2+one-time-mask-128,information-theoretic universal-hash authentication,761982,32,2,2,2,1460011300,1470548700,2930560000,"Alice and Bob hold identical, uniformly random, pre-shared authentication material; every Toeplitz selector and one-time tag mask is fresh and never reused.",6096366,,<= 2^-128 per fresh-key checkpoint,"{""implementation"":""cpython"",""platform"":""Windows-11-10.0.26200-SP0"",""processor"":""Intel64 Family 6 Model 158 Stepping 12, GenuineIntel"",""python"":""3.14.7""}",,,,,,,,,,,,,,,,,,,,,,,,,4096225000,"{""events"":[{""detail"":""QKD-CLASSICAL-AUTH"",""sequence"":0,""source"":""session"",""stage"":""session"",""state"":""started""},{""detail"":""BB84 post-processing completed."",""sequence"":1,""source"":""qkd"",""stage"":""bb84"",""state"":""completed""},{""detail"":""Alice and Bob hold identical, uniformly random, pre-shared authentication material; every Toeplitz selector and one-time tag mask is fresh and never reused."",""sequence"":2,""source"":""qkd"",""stage"":""classical_authentication"",""state"":""executed_verified""},{""detail"":""Final key released after all profile checks."",""sequence"":3,""source"":""qkd"",""stage"":""key_release"",""state"":""released""},{""detail"":""Authenticated QKD key released."",""sequence"":4,""source"":""session"",""stage"":""session"",""state"":""established""}],""version"":1}"
1,a2c6c0e5-a3f0-4f0d-a19d-07fb36f0eb0a,E4,qkd-classical-auth,26,1,56c8ad76-db70-4b39-af35-178c87347a7f,false,,0,56,2026-09-08T08:17:11.049591+00:00,12689988155540825294,QKD-CLASSICAL-AUTH,6696,3.14.7,CPython,2.5.0,0.16.0,0.16.0,50.0.1,0.1.0,Windows,11,10.0.26200,AMD64,"Intel64 Family 6 Model 158 Stepping 12, GenuineIntel",ac46477bb374bde1c0ace1ef0bcfbc26b199dcfa,true,1,E4,qkd-classical-auth,26,12689988155540825294,1,QKD-CLASSICAL-AUTH,QKD-CLASSICAL-AUTH,8192,"{""cascade_initial_block_factor"":0.73,""cascade_maximum_initial_block_size"":null,""cascade_maximum_lookback_steps"":null,""cascade_passes"":4,""phase_error_abort_threshold"":0.11,""sample_fraction"":0.2,""security_margin_bits"":0,""verification_tag_length"":32}",,[],"{""condition_id"":""qkd-classical-auth"",""experiment_kind"":""E4"",""qkd_stages"":[{""type"":""identity""}],""replicate_index"":26,""seed"":12689988155540825294,""session"":{""internal_pqc_profile"":null,""profile"":""QKD-CLASSICAL-AUTH"",""qkd_authentication_profile"":""QKD-CLASSICAL-AUTH"",""qkd_postprocessing"":{""cascade_initial_block_factor"":0.73,""cascade_maximum_initial_block_size"":null,""cascade_maximum_lookback_steps"":null,""cascade_passes"":4,""phase_error_abort_threshold"":0.11,""sample_fraction"":0.2,""security_margin_bits"":0,""verification_tag_length"":32},""qkd_signal_count"":8192,""version"":1},""tags"":[],""version"":1}","[{""type"":""identity""}]",,fresh pre-shared authentication material per run,5242880,,,,,false,1,101a27fd0ee0e7e07a38eddb68cb9286,QKD-CLASSICAL-AUTH,established,,qkd_bitstring,3298,"[{""algorithm"":""privacy-amplified-bitstring"",""bit_length"":3298,""byte_length"":413,""encoding"":""big-endian packed bits with explicit bit length"",""position"":1,""protocol"":""BB84"",""source"":""qkd""}]","{""pqc_exchange"":null,""qkd_classical"":{""algorithm"":""Toeplitz-U2+one-time-mask-128"",""executed"":true,""mechanism"":""wegman_carter"",""purpose"":""QKD classical transcript authentication"",""trust_assumption"":""Alice and Bob hold identical, uniformly random, pre-shared authentication material; every Toeplitz selector and one-time tag mask is fresh and never reused."",""verified"":true}}","{""qkd_transcript_hash_sha384"":""05346a6900c93320be7e1ab8913adca9d0d9810a5d39268871b09be3af754498ebab2fa84d4bf4037453fd70f46a4e4b"",""qkd_transcript_version"":1}",1173131700,8192,4168,834,3334,3334,3298,0.5087890625,0.402587890625,0.0,0.0,0.0,0,425,0,409,0,834,0.0,0.0,0.0,0.0,0.0,390813,,,,,,,,,,,,,,,,,,,,,,,,,,,,,,,,,,wegman_carter,Toeplitz-U2+one-time-mask-128,information-theoretic universal-hash authentication,781924,32,2,2,2,1513534700,1471008800,2984543500,"Alice and Bob hold identical, uniformly random, pre-shared authentication material; every Toeplitz selector and one-time tag mask is fresh and never reused.",6255902,,<= 2^-128 per fresh-key checkpoint,"{""implementation"":""cpython"",""platform"":""Windows-11-10.0.26200-SP0"",""processor"":""Intel64 Family 6 Model 158 Stepping 12, GenuineIntel"",""python"":""3.14.7""}",,,,,,,,,,,,,,,,,,,,,,,,,4157675200,"{""events"":[{""detail"":""QKD-CLASSICAL-AUTH"",""sequence"":0,""source"":""session"",""stage"":""session"",""state"":""started""},{""detail"":""BB84 post-processing completed."",""sequence"":1,""source"":""qkd"",""stage"":""bb84"",""state"":""completed""},{""detail"":""Alice and Bob hold identical, uniformly random, pre-shared authentication material; every Toeplitz selector and one-time tag mask is fresh and never reused."",""sequence"":2,""source"":""qkd"",""stage"":""classical_authentication"",""state"":""executed_verified""},{""detail"":""Final key released after all profile checks."",""sequence"":3,""source"":""qkd"",""stage"":""key_release"",""state"":""released""},{""detail"":""Authenticated QKD key released."",""sequence"":4,""source"":""session"",""stage"":""session"",""state"":""established""}],""version"":1}"
1,4dbf44ff-d0da-453f-be8a-a1b64dd15e81,E4,qkd-classical-auth,27,1,56c8ad76-db70-4b39-af35-178c87347a7f,false,,0,57,2026-09-08T08:17:15.241061+00:00,8215383501404857476,QKD-CLASSICAL-AUTH,6693,3.14.7,CPython,2.5.0,0.16.0,0.16.0,50.0.1,0.1.0,Windows,11,10.0.26200,AMD64,"Intel64 Family 6 Model 158 Stepping 12, GenuineIntel",ac46477bb374bde1c0ace1ef0bcfbc26b199dcfa,true,1,E4,qkd-classical-auth,27,8215383501404857476,1,QKD-CLASSICAL-AUTH,QKD-CLASSICAL-AUTH,8192,"{""cascade_initial_block_factor"":0.73,""cascade_maximum_initial_block_size"":null,""cascade_maximum_lookback_steps"":null,""cascade_passes"":4,""phase_error_abort_threshold"":0.11,""sample_fraction"":0.2,""security_margin_bits"":0,""verification_tag_length"":32}",,[],"{""condition_id"":""qkd-classical-auth"",""experiment_kind"":""E4"",""qkd_stages"":[{""type"":""identity""}],""replicate_index"":27,""seed"":8215383501404857476,""session"":{""internal_pqc_profile"":null,""profile"":""QKD-CLASSICAL-AUTH"",""qkd_authentication_profile"":""QKD-CLASSICAL-AUTH"",""qkd_postprocessing"":{""cascade_initial_block_factor"":0.73,""cascade_maximum_initial_block_size"":null,""cascade_maximum_lookback_steps"":null,""cascade_passes"":4,""phase_error_abort_threshold"":0.11,""sample_fraction"":0.2,""security_margin_bits"":0,""verification_tag_length"":32},""qkd_signal_count"":8192,""version"":1},""tags"":[],""version"":1}","[{""type"":""identity""}]",,fresh pre-shared authentication material per run,5242880,,,,,false,1,f3ea2541348ee52bf58dcedccbe4e851,QKD-CLASSICAL-AUTH,established,,qkd_bitstring,3284,"[{""algorithm"":""privacy-amplified-bitstring"",""bit_length"":3284,""byte_length"":411,""encoding"":""big-endian packed bits with explicit bit length"",""position"":1,""protocol"":""BB84"",""source"":""qkd""}]","{""pqc_exchange"":null,""qkd_classical"":{""algorithm"":""Toeplitz-U2+one-time-mask-128"",""executed"":true,""mechanism"":""wegman_carter"",""purpose"":""QKD classical transcript authentication"",""trust_assumption"":""Alice and Bob hold identical, uniformly random, pre-shared authentication material; every Toeplitz selector and one-time tag mask is fresh and never reused."",""verified"":true}}","{""qkd_transcript_hash_sha384"":""6058a7bd7ca9c816b498da8a9587e0824a951a7263c18789ea592f0b2d0bf66a261fa39bd1e37e1c9f5dce13c4a93d7f"",""qkd_transcript_version"":1}",1188705700,8192,4152,832,3320,3320,3284,0.5068359375,0.40087890625,0.0,0.0,0.0,0,423,0,409,0,832,0.0,0.0,0.0,0.0,0.0,389298,,,,,,,,,,,,,,,,,,,,,,,,,,,,,,,,,,wegman_carter,Toeplitz-U2+one-time-mask-128,information-theoretic universal-hash authentication,778894,32,2,2,2,1466352300,1460607900,2926960200,"Alice and Bob hold identical, uniformly random, pre-shared authentication material; every Toeplitz selector and one-time tag mask is fresh and never reused.",6231662,,<= 2^-128 per fresh-key checkpoint,"{""implementation"":""cpython"",""platform"":""Windows-11-10.0.26200-SP0"",""processor"":""Intel64 Family 6 Model 158 Stepping 12, GenuineIntel"",""python"":""3.14.7""}",,,,,,,,,,,,,,,,,,,,,,,,,4115665900,"{""events"":[{""detail"":""QKD-CLASSICAL-AUTH"",""sequence"":0,""source"":""session"",""stage"":""session"",""state"":""started""},{""detail"":""BB84 post-processing completed."",""sequence"":1,""source"":""qkd"",""stage"":""bb84"",""state"":""completed""},{""detail"":""Alice and Bob hold identical, uniformly random, pre-shared authentication material; every Toeplitz selector and one-time tag mask is fresh and never reused."",""sequence"":2,""source"":""qkd"",""stage"":""classical_authentication"",""state"":""executed_verified""},{""detail"":""Final key released after all profile checks."",""sequence"":3,""source"":""qkd"",""stage"":""key_release"",""state"":""released""},{""detail"":""Authenticated QKD key released."",""sequence"":4,""source"":""session"",""stage"":""session"",""state"":""established""}],""version"":1}"
1,a6696ab3-af9e-4be8-8bd3-a28fa1fdd15a,E4,qkd-classical-auth,28,1,56c8ad76-db70-4b39-af35-178c87347a7f,false,,0,58,2026-09-08T08:17:19.411904+00:00,13394359127903597066,QKD-CLASSICAL-AUTH,6696,3.14.7,CPython,2.5.0,0.16.0,0.16.0,50.0.1,0.1.0,Windows,11,10.0.26200,AMD64,"Intel64 Family 6 Model 158 Stepping 12, GenuineIntel",ac46477bb374bde1c0ace1ef0bcfbc26b199dcfa,true,1,E4,qkd-classical-auth,28,13394359127903597066,1,QKD-CLASSICAL-AUTH,QKD-CLASSICAL-AUTH,8192,"{""cascade_initial_block_factor"":0.73,""cascade_maximum_initial_block_size"":null,""cascade_maximum_lookback_steps"":null,""cascade_passes"":4,""phase_error_abort_threshold"":0.11,""sample_fraction"":0.2,""security_margin_bits"":0,""verification_tag_length"":32}",,[],"{""condition_id"":""qkd-classical-auth"",""experiment_kind"":""E4"",""qkd_stages"":[{""type"":""identity""}],""replicate_index"":28,""seed"":13394359127903597066,""session"":{""internal_pqc_profile"":null,""profile"":""QKD-CLASSICAL-AUTH"",""qkd_authentication_profile"":""QKD-CLASSICAL-AUTH"",""qkd_postprocessing"":{""cascade_initial_block_factor"":0.73,""cascade_maximum_initial_block_size"":null,""cascade_maximum_lookback_steps"":null,""cascade_passes"":4,""phase_error_abort_threshold"":0.11,""sample_fraction"":0.2,""security_margin_bits"":0,""verification_tag_length"":32},""qkd_signal_count"":8192,""version"":1},""tags"":[],""version"":1}","[{""type"":""identity""}]",,fresh pre-shared authentication material per run,5242880,,,,,false,1,8d8feb7e8e379f7bb1ea86dc9efa0dce,QKD-CLASSICAL-AUTH,established,,qkd_bitstring,3253,"[{""algorithm"":""privacy-amplified-bitstring"",""bit_length"":3253,""byte_length"":407,""encoding"":""big-endian packed bits with explicit bit length"",""position"":1,""protocol"":""BB84"",""source"":""qkd""}]","{""pqc_exchange"":null,""qkd_classical"":{""algorithm"":""Toeplitz-U2+one-time-mask-128"",""executed"":true,""mechanism"":""wegman_carter"",""purpose"":""QKD classical transcript authentication"",""trust_assumption"":""Alice and Bob hold identical, uniformly random, pre-shared authentication material; every Toeplitz selector and one-time tag mask is fresh and never reused."",""verified"":true}}","{""qkd_transcript_hash_sha384"":""b5669151b1b20c7b7f85932393d8990e95c275a9007e13d997d92a9165b2b0d2cd1fdcbcdeeb5430ea22a0c61c5aaca8"",""qkd_transcript_version"":1}",1175214700,8192,4112,823,3289,3289,3253,0.501953125,0.3970947265625,0.0,0.0,0.0,0,416,0,407,0,823,0.0,0.0,0.0,0.0,0.0,385826,,,,,,,,,,,,,,,,,,,,,,,,,,,,,,,,,,wegman_carter,Toeplitz-U2+one-time-mask-128,information-theoretic universal-hash authentication,771950,32,2,2,2,1461815400,1458582100,2920397500,"Alice and Bob hold identical, uniformly random, pre-shared authentication material; every Toeplitz selector and one-time tag mask is fresh and never reused.",6176110,,<= 2^-128 per fresh-key checkpoint,"{""implementation"":""cpython"",""platform"":""Windows-11-10.0.26200-SP0"",""processor"":""Intel64 Family 6 Model 158 Stepping 12, GenuineIntel"",""python"":""3.14.7""}",,,,,,,,,,,,,,,,,,,,,,,,,4095612200,"{""events"":[{""detail"":""QKD-CLASSICAL-AUTH"",""sequence"":0,""source"":""session"",""stage"":""session"",""state"":""started""},{""detail"":""BB84 post-processing completed."",""sequence"":1,""source"":""qkd"",""stage"":""bb84"",""state"":""completed""},{""detail"":""Alice and Bob hold identical, uniformly random, pre-shared authentication material; every Toeplitz selector and one-time tag mask is fresh and never reused."",""sequence"":2,""source"":""qkd"",""stage"":""classical_authentication"",""state"":""executed_verified""},{""detail"":""Final key released after all profile checks."",""sequence"":3,""source"":""qkd"",""stage"":""key_release"",""state"":""released""},{""detail"":""Authenticated QKD key released."",""sequence"":4,""source"":""session"",""stage"":""session"",""state"":""established""}],""version"":1}"
1,1e462af0-1f3e-4dea-81c6-60bc7c623b0c,E4,qkd-classical-auth,29,1,56c8ad76-db70-4b39-af35-178c87347a7f,false,,0,59,2026-09-08T08:17:23.601186+00:00,13354306584481114253,QKD-CLASSICAL-AUTH,6699,3.14.7,CPython,2.5.0,0.16.0,0.16.0,50.0.1,0.1.0,Windows,11,10.0.26200,AMD64,"Intel64 Family 6 Model 158 Stepping 12, GenuineIntel",ac46477bb374bde1c0ace1ef0bcfbc26b199dcfa,true,1,E4,qkd-classical-auth,29,13354306584481114253,1,QKD-CLASSICAL-AUTH,QKD-CLASSICAL-AUTH,8192,"{""cascade_initial_block_factor"":0.73,""cascade_maximum_initial_block_size"":null,""cascade_maximum_lookback_steps"":null,""cascade_passes"":4,""phase_error_abort_threshold"":0.11,""sample_fraction"":0.2,""security_margin_bits"":0,""verification_tag_length"":32}",,[],"{""condition_id"":""qkd-classical-auth"",""experiment_kind"":""E4"",""qkd_stages"":[{""type"":""identity""}],""replicate_index"":29,""seed"":13354306584481114253,""session"":{""internal_pqc_profile"":null,""profile"":""QKD-CLASSICAL-AUTH"",""qkd_authentication_profile"":""QKD-CLASSICAL-AUTH"",""qkd_postprocessing"":{""cascade_initial_block_factor"":0.73,""cascade_maximum_initial_block_size"":null,""cascade_maximum_lookback_steps"":null,""cascade_passes"":4,""phase_error_abort_threshold"":0.11,""sample_fraction"":0.2,""security_margin_bits"":0,""verification_tag_length"":32},""qkd_signal_count"":8192,""version"":1},""tags"":[],""version"":1}","[{""type"":""identity""}]",,fresh pre-shared authentication material per run,5242880,,,,,false,1,3a42b0c2513bd363482163399ec6e285,QKD-CLASSICAL-AUTH,established,,qkd_bitstring,3262,"[{""algorithm"":""privacy-amplified-bitstring"",""bit_length"":3262,""byte_length"":408,""encoding"":""big-endian packed bits with explicit bit length"",""position"":1,""protocol"":""BB84"",""source"":""qkd""}]","{""pqc_exchange"":null,""qkd_classical"":{""algorithm"":""Toeplitz-U2+one-time-mask-128"",""executed"":true,""mechanism"":""wegman_carter"",""purpose"":""QKD classical transcript authentication"",""trust_assumption"":""Alice and Bob hold identical, uniformly random, pre-shared authentication material; every Toeplitz selector and one-time tag mask is fresh and never reused."",""verified"":true}}","{""qkd_transcript_hash_sha384"":""ad93a3734675d5100c13d00804ad482d5d2e6e36681269a9cee40ac0237237d2a22db3c18f99061da744cf6f79c780aa"",""qkd_transcript_version"":1}",1191866800,8192,4123,825,3298,3298,3262,0.5032958984375,0.398193359375,0.0,0.0,0.0,0,412,0,413,0,825,0.0,0.0,0.0,0.0,0.0,386820,,,,,,,,,,,,,,,,,,,,,,,,,,,,,,,,,,wegman_carter,Toeplitz-U2+one-time-mask-128,information-theoretic universal-hash authentication,773938,32,2,2,2,1457990000,1462490400,2920480400,"Alice and Bob hold identical, uniformly random, pre-shared authentication material; every Toeplitz selector and one-time tag mask is fresh and never reused.",6192014,,<= 2^-128 per fresh-key checkpoint,"{""implementation"":""cpython"",""platform"":""Windows-11-10.0.26200-SP0"",""processor"":""Intel64 Family 6 Model 158 Stepping 12, GenuineIntel"",""python"":""3.14.7""}",,,,,,,,,,,,,,,,,,,,,,,,,4112347200,"{""events"":[{""detail"":""QKD-CLASSICAL-AUTH"",""sequence"":0,""source"":""session"",""stage"":""session"",""state"":""started""},{""detail"":""BB84 post-processing completed."",""sequence"":1,""source"":""qkd"",""stage"":""bb84"",""state"":""completed""},{""detail"":""Alice and Bob hold identical, uniformly random, pre-shared authentication material; every Toeplitz selector and one-time tag mask is fresh and never reused."",""sequence"":2,""source"":""qkd"",""stage"":""classical_authentication"",""state"":""executed_verified""},{""detail"":""Final key released after all profile checks."",""sequence"":3,""source"":""qkd"",""stage"":""key_release"",""state"":""released""},{""detail"":""Authenticated QKD key released."",""sequence"":4,""source"":""session"",""stage"":""session"",""state"":""established""}],""version"":1}"
1,94ade001-bed0-4d05-beee-5154c955a21b,E4,qkd-pqc-auth,0,1,56c8ad76-db70-4b39-af35-178c87347a7f,false,,0,60,2026-09-08T08:17:24.860242+00:00,14327934917155077723,QKD-PQC-AUTH,6452,3.14.7,CPython,2.5.0,0.16.0,0.16.0,50.0.1,0.1.0,Windows,11,10.0.26200,AMD64,"Intel64 Family 6 Model 158 Stepping 12, GenuineIntel",ac46477bb374bde1c0ace1ef0bcfbc26b199dcfa,true,1,E4,qkd-pqc-auth,0,14327934917155077723,1,QKD-PQC-AUTH,QKD-PQC-AUTH,8192,"{""cascade_initial_block_factor"":0.73,""cascade_maximum_initial_block_size"":null,""cascade_maximum_lookback_steps"":null,""cascade_passes"":4,""phase_error_abort_threshold"":0.11,""sample_fraction"":0.2,""security_margin_bits"":0,""verification_tag_length"":32}",,[],"{""condition_id"":""qkd-pqc-auth"",""experiment_kind"":""E4"",""qkd_stages"":[{""type"":""identity""}],""replicate_index"":0,""seed"":14327934917155077723,""session"":{""internal_pqc_profile"":null,""profile"":""QKD-PQC-AUTH"",""qkd_authentication_profile"":""QKD-PQC-AUTH"",""qkd_postprocessing"":{""cascade_initial_block_factor"":0.73,""cascade_maximum_initial_block_size"":null,""cascade_maximum_lookback_steps"":null,""cascade_passes"":4,""phase_error_abort_threshold"":0.11,""sample_fraction"":0.2,""security_margin_bits"":0,""verification_tag_length"":32},""qkd_signal_count"":8192,""version"":1},""tags"":[],""version"":1}","[{""type"":""identity""}]",,persistent pre-provisioned ML-DSA identities; fresh anti-replay registry per run,,,,,,false,1,e3ff03d1705b4417ffdd1dd70bb2f661,QKD-PQC-AUTH,established,,qkd_bitstring,3254,"[{""algorithm"":""privacy-amplified-bitstring"",""bit_length"":3254,""byte_length"":407,""encoding"":""big-endian packed bits with explicit bit length"",""position"":1,""protocol"":""BB84"",""source"":""qkd""}]","{""pqc_exchange"":null,""qkd_classical"":{""algorithm"":""ML-DSA-65"",""executed"":true,""mechanism"":""ml_dsa_65"",""purpose"":""QKD classical transcript authentication"",""trust_assumption"":""Peer ML-DSA-65 public identities are authenticated and pre-provisioned before the QKD session."",""verified"":true}}","{""qkd_transcript_hash_sha384"":""2a08b7b4e17414778541f729bb8342189925606506174e4514bbf6a3de04a53d48b1c4a029b92934d435a2cf93c2a886"",""qkd_transcript_version"":1}",1165023900,8192,4114,824,3290,3290,3254,0.502197265625,0.397216796875,0.0,0.0,0.0,0,408,0,416,0,824,0.0,0.0,0.0,0.0,0.0,385957,,,,,,,,,,,,,,,,,,,,,,,,,,,,,,,,,,ml_dsa_65,ML-DSA-65,post-quantum digital signature,772212,6618,2,2,2,16681900,13657900,30339800,Peer ML-DSA-65 public identities are authenticated and pre-provisioned before the QKD session.,,3904,,"{""implementation"":""cpython"",""liboqs"":""0.16.0"",""liboqs-python"":""0.16.0"",""platform"":""Windows-11-10.0.26200-SP0"",""processor"":""Intel64 Family 6 Model 158 Stepping 12, GenuineIntel"",""python"":""3.14.7""}",,,,,,,,,,,,,,,,,,,,,,,,,1195363700,"{""events"":[{""detail"":""QKD-PQC-AUTH"",""sequence"":0,""source"":""session"",""stage"":""session"",""state"":""started""},{""detail"":""BB84 post-processing completed."",""sequence"":1,""source"":""qkd"",""stage"":""bb84"",""state"":""completed""},{""detail"":""Peer ML-DSA-65 public identities are authenticated and pre-provisioned before the QKD session."",""sequence"":2,""source"":""qkd"",""stage"":""classical_authentication"",""state"":""executed_verified""},{""detail"":""Final key released after all profile checks."",""sequence"":3,""source"":""qkd"",""stage"":""key_release"",""state"":""released""},{""detail"":""Authenticated QKD key released."",""sequence"":4,""source"":""session"",""stage"":""session"",""state"":""established""}],""version"":1}"
1,a2b0165e-d9d9-46c2-8da5-88c61c675c48,E4,qkd-pqc-auth,1,1,56c8ad76-db70-4b39-af35-178c87347a7f,false,,0,61,2026-09-08T08:17:26.120404+00:00,413816883879677169,QKD-PQC-AUTH,6444,3.14.7,CPython,2.5.0,0.16.0,0.16.0,50.0.1,0.1.0,Windows,11,10.0.26200,AMD64,"Intel64 Family 6 Model 158 Stepping 12, GenuineIntel",ac46477bb374bde1c0ace1ef0bcfbc26b199dcfa,true,1,E4,qkd-pqc-auth,1,413816883879677169,1,QKD-PQC-AUTH,QKD-PQC-AUTH,8192,"{""cascade_initial_block_factor"":0.73,""cascade_maximum_initial_block_size"":null,""cascade_maximum_lookback_steps"":null,""cascade_passes"":4,""phase_error_abort_threshold"":0.11,""sample_fraction"":0.2,""security_margin_bits"":0,""verification_tag_length"":32}",,[],"{""condition_id"":""qkd-pqc-auth"",""experiment_kind"":""E4"",""qkd_stages"":[{""type"":""identity""}],""replicate_index"":1,""seed"":413816883879677169,""session"":{""internal_pqc_profile"":null,""profile"":""QKD-PQC-AUTH"",""qkd_authentication_profile"":""QKD-PQC-AUTH"",""qkd_postprocessing"":{""cascade_initial_block_factor"":0.73,""cascade_maximum_initial_block_size"":null,""cascade_maximum_lookback_steps"":null,""cascade_passes"":4,""phase_error_abort_threshold"":0.11,""sample_fraction"":0.2,""security_margin_bits"":0,""verification_tag_length"":32},""qkd_signal_count"":8192,""version"":1},""tags"":[],""version"":1}","[{""type"":""identity""}]",,persistent pre-provisioned ML-DSA identities; fresh anti-replay registry per run,,,,,,false,1,d0c3c7752ade3aed6bed1dd0cebb0163,QKD-PQC-AUTH,established,,qkd_bitstring,3266,"[{""algorithm"":""privacy-amplified-bitstring"",""bit_length"":3266,""byte_length"":409,""encoding"":""big-endian packed bits with explicit bit length"",""position"":1,""protocol"":""BB84"",""source"":""qkd""}]","{""pqc_exchange"":null,""qkd_classical"":{""algorithm"":""ML-DSA-65"",""executed"":true,""mechanism"":""ml_dsa_65"",""purpose"":""QKD classical transcript authentication"",""trust_assumption"":""Peer ML-DSA-65 public identities are authenticated and pre-provisioned before the QKD session."",""verified"":true}}","{""qkd_transcript_hash_sha384"":""fc99fd9455b826014f117b224d9bda526f5d14065ef707d0647dab52e7d6abcc1cbc3f3bb39c284f53f2dff6a569f358"",""qkd_transcript_version"":1}",1171076400,8192,4128,826,3302,3302,3266,0.50390625,0.398681640625,0.0,0.0,0.0,0,413,0,413,0,826,0.0,0.0,0.0,0.0,0.0,387263,,,,,,,,,,,,,,,,,,,,,,,,,,,,,,,,,,ml_dsa_65,ML-DSA-65,post-quantum digital signature,774824,6618,2,2,2,14558900,13343300,27902200,Peer ML-DSA-65 public identities are authenticated and pre-provisioned before the QKD session.,,3904,,"{""implementation"":""cpython"",""liboqs"":""0.16.0"",""liboqs-python"":""0.16.0"",""platform"":""Windows-11-10.0.26200-SP0"",""processor"":""Intel64 Family 6 Model 158 Stepping 12, GenuineIntel"",""python"":""3.14.7""}",,,,,,,,,,,,,,,,,,,,,,,,,1198978600,"{""events"":[{""detail"":""QKD-PQC-AUTH"",""sequence"":0,""source"":""session"",""stage"":""session"",""state"":""started""},{""detail"":""BB84 post-processing completed."",""sequence"":1,""source"":""qkd"",""stage"":""bb84"",""state"":""completed""},{""detail"":""Peer ML-DSA-65 public identities are authenticated and pre-provisioned before the QKD session."",""sequence"":2,""source"":""qkd"",""stage"":""classical_authentication"",""state"":""executed_verified""},{""detail"":""Final key released after all profile checks."",""sequence"":3,""source"":""qkd"",""stage"":""key_release"",""state"":""released""},{""detail"":""Authenticated QKD key released."",""sequence"":4,""source"":""session"",""stage"":""session"",""state"":""established""}],""version"":1}"
1,f9f95154-1dfb-45f7-9716-41464b553738,E4,qkd-pqc-auth,2,1,56c8ad76-db70-4b39-af35-178c87347a7f,false,,0,62,2026-09-08T08:17:27.379800+00:00,4329508962185659615,QKD-PQC-AUTH,6452,3.14.7,CPython,2.5.0,0.16.0,0.16.0,50.0.1,0.1.0,Windows,11,10.0.26200,AMD64,"Intel64 Family 6 Model 158 Stepping 12, GenuineIntel",ac46477bb374bde1c0ace1ef0bcfbc26b199dcfa,true,1,E4,qkd-pqc-auth,2,4329508962185659615,1,QKD-PQC-AUTH,QKD-PQC-AUTH,8192,"{""cascade_initial_block_factor"":0.73,""cascade_maximum_initial_block_size"":null,""cascade_maximum_lookback_steps"":null,""cascade_passes"":4,""phase_error_abort_threshold"":0.11,""sample_fraction"":0.2,""security_margin_bits"":0,""verification_tag_length"":32}",,[],"{""condition_id"":""qkd-pqc-auth"",""experiment_kind"":""E4"",""qkd_stages"":[{""type"":""identity""}],""replicate_index"":2,""seed"":4329508962185659615,""session"":{""internal_pqc_profile"":null,""profile"":""QKD-PQC-AUTH"",""qkd_authentication_profile"":""QKD-PQC-AUTH"",""qkd_postprocessing"":{""cascade_initial_block_factor"":0.73,""cascade_maximum_initial_block_size"":null,""cascade_maximum_lookback_steps"":null,""cascade_passes"":4,""phase_error_abort_threshold"":0.11,""sample_fraction"":0.2,""security_margin_bits"":0,""verification_tag_length"":32},""qkd_signal_count"":8192,""version"":1},""tags"":[],""version"":1}","[{""type"":""identity""}]",,persistent pre-provisioned ML-DSA identities; fresh anti-replay registry per run,,,,,,false,1,aff8ad5033cb5df7c8324bb7808b7778,QKD-PQC-AUTH,established,,qkd_bitstring,3287,"[{""algorithm"":""privacy-amplified-bitstring"",""bit_length"":3287,""byte_length"":411,""encoding"":""big-endian packed bits with explicit bit length"",""position"":1,""protocol"":""BB84"",""source"":""qkd""}]","{""pqc_exchange"":null,""qkd_classical"":{""algorithm"":""ML-DSA-65"",""executed"":true,""mechanism"":""ml_dsa_65"",""purpose"":""QKD classical transcript authentication"",""trust_assumption"":""Peer ML-DSA-65 public identities are authenticated and pre-provisioned before the QKD session."",""verified"":true}}","{""qkd_transcript_hash_sha384"":""8e0e22d2a255fec16c06c061f3310cb5441b5cc605f62831df366527073edc48df2f4cd1016522c291c9c4dd385ffe0c"",""qkd_transcript_version"":1}",1164042200,8192,4155,832,3323,3323,3287,0.5072021484375,0.4012451171875,0.0,0.0,0.0,0,418,0,414,0,832,0.0,0.0,0.0,0.0,0.0,389612,,,,,,,,,,,,,,,,,,,,,,,,,,,,,,,,,,ml_dsa_65,ML-DSA-65,post-quantum digital signature,779522,6618,2,2,2,20728700,13494000,34222700,Peer ML-DSA-65 public identities are authenticated and pre-provisioned before the QKD session.,,3904,,"{""implementation"":""cpython"",""liboqs"":""0.16.0"",""liboqs-python"":""0.16.0"",""platform"":""Windows-11-10.0.26200-SP0"",""processor"":""Intel64 Family 6 Model 158 Stepping 12, GenuineIntel"",""python"":""3.14.7""}",,,,,,,,,,,,,,,,,,,,,,,,,1198264900,"{""events"":[{""detail"":""QKD-PQC-AUTH"",""sequence"":0,""source"":""session"",""stage"":""session"",""state"":""started""},{""detail"":""BB84 post-processing completed."",""sequence"":1,""source"":""qkd"",""stage"":""bb84"",""state"":""completed""},{""detail"":""Peer ML-DSA-65 public identities are authenticated and pre-provisioned before the QKD session."",""sequence"":2,""source"":""qkd"",""stage"":""classical_authentication"",""state"":""executed_verified""},{""detail"":""Final key released after all profile checks."",""sequence"":3,""source"":""qkd"",""stage"":""key_release"",""state"":""released""},{""detail"":""Authenticated QKD key released."",""sequence"":4,""source"":""session"",""stage"":""session"",""state"":""established""}],""version"":1}"
1,441998bc-8329-4aeb-a3c2-b4b96780184a,E4,qkd-pqc-auth,3,1,56c8ad76-db70-4b39-af35-178c87347a7f,false,,0,63,2026-09-08T08:17:28.679485+00:00,6532525794140855910,QKD-PQC-AUTH,6447,3.14.7,CPython,2.5.0,0.16.0,0.16.0,50.0.1,0.1.0,Windows,11,10.0.26200,AMD64,"Intel64 Family 6 Model 158 Stepping 12, GenuineIntel",ac46477bb374bde1c0ace1ef0bcfbc26b199dcfa,true,1,E4,qkd-pqc-auth,3,6532525794140855910,1,QKD-PQC-AUTH,QKD-PQC-AUTH,8192,"{""cascade_initial_block_factor"":0.73,""cascade_maximum_initial_block_size"":null,""cascade_maximum_lookback_steps"":null,""cascade_passes"":4,""phase_error_abort_threshold"":0.11,""sample_fraction"":0.2,""security_margin_bits"":0,""verification_tag_length"":32}",,[],"{""condition_id"":""qkd-pqc-auth"",""experiment_kind"":""E4"",""qkd_stages"":[{""type"":""identity""}],""replicate_index"":3,""seed"":6532525794140855910,""session"":{""internal_pqc_profile"":null,""profile"":""QKD-PQC-AUTH"",""qkd_authentication_profile"":""QKD-PQC-AUTH"",""qkd_postprocessing"":{""cascade_initial_block_factor"":0.73,""cascade_maximum_initial_block_size"":null,""cascade_maximum_lookback_steps"":null,""cascade_passes"":4,""phase_error_abort_threshold"":0.11,""sample_fraction"":0.2,""security_margin_bits"":0,""verification_tag_length"":32},""qkd_signal_count"":8192,""version"":1},""tags"":[],""version"":1}","[{""type"":""identity""}]",,persistent pre-provisioned ML-DSA identities; fresh anti-replay registry per run,,,,,,false,1,f6273124f1e6fb55c4ae65b4ce0f8d04,QKD-PQC-AUTH,established,,qkd_bitstring,3248,"[{""algorithm"":""privacy-amplified-bitstring"",""bit_length"":3248,""byte_length"":406,""encoding"":""big-endian packed bits with explicit bit length"",""position"":1,""protocol"":""BB84"",""source"":""qkd""}]","{""pqc_exchange"":null,""qkd_classical"":{""algorithm"":""ML-DSA-65"",""executed"":true,""mechanism"":""ml_dsa_65"",""purpose"":""QKD classical transcript authentication"",""trust_assumption"":""Peer ML-DSA-65 public identities are authenticated and pre-provisioned before the QKD session."",""verified"":true}}","{""qkd_transcript_hash_sha384"":""a2f76d573a14429abc34f768b18a24699e0325f45549ce68ab827177f6f8efb1811bf99c914e8bd8318721508c31e600"",""qkd_transcript_version"":1}",1205871600,8192,4106,822,3284,3284,3248,0.501220703125,0.396484375,0.0,0.0,0.0,0,414,0,408,0,822,0.0,0.0,0.0,0.0,0.0,385279,,,,,,,,,,,,,,,,,,,,,,,,,,,,,,,,,,ml_dsa_65,ML-DSA-65,post-quantum digital signature,770856,6618,2,2,2,17935400,13626900,31562300,Peer ML-DSA-65 public identities are authenticated and pre-provisioned before the QKD session.,,3904,,"{""implementation"":""cpython"",""liboqs"":""0.16.0"",""liboqs-python"":""0.16.0"",""platform"":""Windows-11-10.0.26200-SP0"",""processor"":""Intel64 Family 6 Model 158 Stepping 12, GenuineIntel"",""python"":""3.14.7""}",,,,,,,,,,,,,,,,,,,,,,,,,1237433900,"{""events"":[{""detail"":""QKD-PQC-AUTH"",""sequence"":0,""source"":""session"",""stage"":""session"",""state"":""started""},{""detail"":""BB84 post-processing completed."",""sequence"":1,""source"":""qkd"",""stage"":""bb84"",""state"":""completed""},{""detail"":""Peer ML-DSA-65 public identities are authenticated and pre-provisioned before the QKD session."",""sequence"":2,""source"":""qkd"",""stage"":""classical_authentication"",""state"":""executed_verified""},{""detail"":""Final key released after all profile checks."",""sequence"":3,""source"":""qkd"",""stage"":""key_release"",""state"":""released""},{""detail"":""Authenticated QKD key released."",""sequence"":4,""source"":""session"",""stage"":""session"",""state"":""established""}],""version"":1}"
1,c7df085f-d472-4a1e-b1ec-0cfbe87b1201,E4,qkd-pqc-auth,4,1,56c8ad76-db70-4b39-af35-178c87347a7f,false,,0,64,2026-09-08T08:17:29.992042+00:00,7811283088207913226,QKD-PQC-AUTH,6452,3.14.7,CPython,2.5.0,0.16.0,0.16.0,50.0.1,0.1.0,Windows,11,10.0.26200,AMD64,"Intel64 Family 6 Model 158 Stepping 12, GenuineIntel",ac46477bb374bde1c0ace1ef0bcfbc26b199dcfa,true,1,E4,qkd-pqc-auth,4,7811283088207913226,1,QKD-PQC-AUTH,QKD-PQC-AUTH,8192,"{""cascade_initial_block_factor"":0.73,""cascade_maximum_initial_block_size"":null,""cascade_maximum_lookback_steps"":null,""cascade_passes"":4,""phase_error_abort_threshold"":0.11,""sample_fraction"":0.2,""security_margin_bits"":0,""verification_tag_length"":32}",,[],"{""condition_id"":""qkd-pqc-auth"",""experiment_kind"":""E4"",""qkd_stages"":[{""type"":""identity""}],""replicate_index"":4,""seed"":7811283088207913226,""session"":{""internal_pqc_profile"":null,""profile"":""QKD-PQC-AUTH"",""qkd_authentication_profile"":""QKD-PQC-AUTH"",""qkd_postprocessing"":{""cascade_initial_block_factor"":0.73,""cascade_maximum_initial_block_size"":null,""cascade_maximum_lookback_steps"":null,""cascade_passes"":4,""phase_error_abort_threshold"":0.11,""sample_fraction"":0.2,""security_margin_bits"":0,""verification_tag_length"":32},""qkd_signal_count"":8192,""version"":1},""tags"":[],""version"":1}","[{""type"":""identity""}]",,persistent pre-provisioned ML-DSA identities; fresh anti-replay registry per run,,,,,,false,1,ac03720334195382a63177d071bf9c44,QKD-PQC-AUTH,established,,qkd_bitstring,3223,"[{""algorithm"":""privacy-amplified-bitstring"",""bit_length"":3223,""byte_length"":403,""encoding"":""big-endian packed bits with explicit bit length"",""position"":1,""protocol"":""BB84"",""source"":""qkd""}]","{""pqc_exchange"":null,""qkd_classical"":{""algorithm"":""ML-DSA-65"",""executed"":true,""mechanism"":""ml_dsa_65"",""purpose"":""QKD classical transcript authentication"",""trust_assumption"":""Peer ML-DSA-65 public identities are authenticated and pre-provisioned before the QKD session."",""verified"":true}}","{""qkd_transcript_hash_sha384"":""bfa6a5f0213d259f8363e6850919ce369ee1023ea908a8d76154b53784d67672293852cd4c21149249759c7f18b362a8"",""qkd_transcript_version"":1}",1218766800,8192,4075,816,3259,3259,3223,0.4974365234375,0.3934326171875,0.0,0.0,0.0,0,407,0,409,0,816,0.0,0.0,0.0,0.0,0.0,382512,,,,,,,,,,,,,,,,,,,,,,,,,,,,,,,,,,ml_dsa_65,ML-DSA-65,post-quantum digital signature,765322,6618,2,2,2,19057800,13568300,32626100,Peer ML-DSA-65 public identities are authenticated and pre-provisioned before the QKD session.,,3904,,"{""implementation"":""cpython"",""liboqs"":""0.16.0"",""liboqs-python"":""0.16.0"",""platform"":""Windows-11-10.0.26200-SP0"",""processor"":""Intel64 Family 6 Model 158 Stepping 12, GenuineIntel"",""python"":""3.14.7""}",,,,,,,,,,,,,,,,,,,,,,,,,1251392900,"{""events"":[{""detail"":""QKD-PQC-AUTH"",""sequence"":0,""source"":""session"",""stage"":""session"",""state"":""started""},{""detail"":""BB84 post-processing completed."",""sequence"":1,""source"":""qkd"",""stage"":""bb84"",""state"":""completed""},{""detail"":""Peer ML-DSA-65 public identities are authenticated and pre-provisioned before the QKD session."",""sequence"":2,""source"":""qkd"",""stage"":""classical_authentication"",""state"":""executed_verified""},{""detail"":""Final key released after all profile checks."",""sequence"":3,""source"":""qkd"",""stage"":""key_release"",""state"":""released""},{""detail"":""Authenticated QKD key released."",""sequence"":4,""source"":""session"",""stage"":""session"",""state"":""established""}],""version"":1}"
1,fd173ce3-bd95-46a9-af4f-d100662bee0a,E4,qkd-pqc-auth,5,1,56c8ad76-db70-4b39-af35-178c87347a7f,false,,0,65,2026-09-08T08:17:31.265881+00:00,17512099039323472428,QKD-PQC-AUTH,6452,3.14.7,CPython,2.5.0,0.16.0,0.16.0,50.0.1,0.1.0,Windows,11,10.0.26200,AMD64,"Intel64 Family 6 Model 158 Stepping 12, GenuineIntel",ac46477bb374bde1c0ace1ef0bcfbc26b199dcfa,true,1,E4,qkd-pqc-auth,5,17512099039323472428,1,QKD-PQC-AUTH,QKD-PQC-AUTH,8192,"{""cascade_initial_block_factor"":0.73,""cascade_maximum_initial_block_size"":null,""cascade_maximum_lookback_steps"":null,""cascade_passes"":4,""phase_error_abort_threshold"":0.11,""sample_fraction"":0.2,""security_margin_bits"":0,""verification_tag_length"":32}",,[],"{""condition_id"":""qkd-pqc-auth"",""experiment_kind"":""E4"",""qkd_stages"":[{""type"":""identity""}],""replicate_index"":5,""seed"":17512099039323472428,""session"":{""internal_pqc_profile"":null,""profile"":""QKD-PQC-AUTH"",""qkd_authentication_profile"":""QKD-PQC-AUTH"",""qkd_postprocessing"":{""cascade_initial_block_factor"":0.73,""cascade_maximum_initial_block_size"":null,""cascade_maximum_lookback_steps"":null,""cascade_passes"":4,""phase_error_abort_threshold"":0.11,""sample_fraction"":0.2,""security_margin_bits"":0,""verification_tag_length"":32},""qkd_signal_count"":8192,""version"":1},""tags"":[],""version"":1}","[{""type"":""identity""}]",,persistent pre-provisioned ML-DSA identities; fresh anti-replay registry per run,,,,,,false,1,8db504bab8370b28c0b165ccdb8781b1,QKD-PQC-AUTH,established,,qkd_bitstring,3252,"[{""algorithm"":""privacy-amplified-bitstring"",""bit_length"":3252,""byte_length"":407,""encoding"":""big-endian packed bits with explicit bit length"",""position"":1,""protocol"":""BB84"",""source"":""qkd""}]","{""pqc_exchange"":null,""qkd_classical"":{""algorithm"":""ML-DSA-65"",""executed"":true,""mechanism"":""ml_dsa_65"",""purpose"":""QKD classical transcript authentication"",""trust_assumption"":""Peer ML-DSA-65 public identities are authenticated and pre-provisioned before the QKD session."",""verified"":true}}","{""qkd_transcript_hash_sha384"":""05b3d5cad03c71d248b8f79b73fe0333a5ad1e48d3279ce3ae0ccb16665b909ebf28e96cf94518c4112e6835be7230c4"",""qkd_transcript_version"":1}",1179744900,8192,4111,823,3288,3288,3252,0.5018310546875,0.39697265625,0.0,0.0,0.0,0,402,0,421,0,823,0.0,0.0,0.0,0.0,0.0,385722,,,,,,,,,,,,,,,,,,,,,,,,,,,,,,,,,,ml_dsa_65,ML-DSA-65,post-quantum digital signature,771742,6618,2,2,2,18176300,13302200,31478500,Peer ML-DSA-65 public identities are authenticated and pre-provisioned before the QKD session.,,3904,,"{""implementation"":""cpython"",""liboqs"":""0.16.0"",""liboqs-python"":""0.16.0"",""platform"":""Windows-11-10.0.26200-SP0"",""processor"":""Intel64 Family 6 Model 158 Stepping 12, GenuineIntel"",""python"":""3.14.7""}",,,,,,,,,,,,,,,,,,,,,,,,,1211223400,"{""events"":[{""detail"":""QKD-PQC-AUTH"",""sequence"":0,""source"":""session"",""stage"":""session"",""state"":""started""},{""detail"":""BB84 post-processing completed."",""sequence"":1,""source"":""qkd"",""stage"":""bb84"",""state"":""completed""},{""detail"":""Peer ML-DSA-65 public identities are authenticated and pre-provisioned before the QKD session."",""sequence"":2,""source"":""qkd"",""stage"":""classical_authentication"",""state"":""executed_verified""},{""detail"":""Final key released after all profile checks."",""sequence"":3,""source"":""qkd"",""stage"":""key_release"",""state"":""released""},{""detail"":""Authenticated QKD key released."",""sequence"":4,""source"":""session"",""stage"":""session"",""state"":""established""}],""version"":1}"
1,39ff0af5-c2aa-4412-8cc6-360f7aae2103,E4,qkd-pqc-auth,6,1,56c8ad76-db70-4b39-af35-178c87347a7f,false,,0,66,2026-09-08T08:17:32.565177+00:00,12891939805919851488,QKD-PQC-AUTH,6449,3.14.7,CPython,2.5.0,0.16.0,0.16.0,50.0.1,0.1.0,Windows,11,10.0.26200,AMD64,"Intel64 Family 6 Model 158 Stepping 12, GenuineIntel",ac46477bb374bde1c0ace1ef0bcfbc26b199dcfa,true,1,E4,qkd-pqc-auth,6,12891939805919851488,1,QKD-PQC-AUTH,QKD-PQC-AUTH,8192,"{""cascade_initial_block_factor"":0.73,""cascade_maximum_initial_block_size"":null,""cascade_maximum_lookback_steps"":null,""cascade_passes"":4,""phase_error_abort_threshold"":0.11,""sample_fraction"":0.2,""security_margin_bits"":0,""verification_tag_length"":32}",,[],"{""condition_id"":""qkd-pqc-auth"",""experiment_kind"":""E4"",""qkd_stages"":[{""type"":""identity""}],""replicate_index"":6,""seed"":12891939805919851488,""session"":{""internal_pqc_profile"":null,""profile"":""QKD-PQC-AUTH"",""qkd_authentication_profile"":""QKD-PQC-AUTH"",""qkd_postprocessing"":{""cascade_initial_block_factor"":0.73,""cascade_maximum_initial_block_size"":null,""cascade_maximum_lookback_steps"":null,""cascade_passes"":4,""phase_error_abort_threshold"":0.11,""sample_fraction"":0.2,""security_margin_bits"":0,""verification_tag_length"":32},""qkd_signal_count"":8192,""version"":1},""tags"":[],""version"":1}","[{""type"":""identity""}]",,persistent pre-provisioned ML-DSA identities; fresh anti-replay registry per run,,,,,,false,1,20e5c3862c674e25d8088ce5cd2cff01,QKD-PQC-AUTH,established,,qkd_bitstring,3256,"[{""algorithm"":""privacy-amplified-bitstring"",""bit_length"":3256,""byte_length"":407,""encoding"":""big-endian packed bits with explicit bit length"",""position"":1,""protocol"":""BB84"",""source"":""qkd""}]","{""pqc_exchange"":null,""qkd_classical"":{""algorithm"":""ML-DSA-65"",""executed"":true,""mechanism"":""ml_dsa_65"",""purpose"":""QKD classical transcript authentication"",""trust_assumption"":""Peer ML-DSA-65 public identities are authenticated and pre-provisioned before the QKD session."",""verified"":true}}","{""qkd_transcript_hash_sha384"":""701e352ba061cf8f9f1ba9c440487b13ae56f073b639ab85d11487edcc57c065f8a7de4eae86ef28e1aa9a386f313794"",""qkd_transcript_version"":1}",1209366300,8192,4116,824,3292,3292,3256,0.50244140625,0.3974609375,0.0,0.0,0.0,0,401,0,423,0,824,0.0,0.0,0.0,0.0,0.0,386166,,,,,,,,,,,,,,,,,,,,,,,,,,,,,,,,,,ml_dsa_65,ML-DSA-65,post-quantum digital signature,772630,6618,2,2,2,16481600,13272200,29753800,Peer ML-DSA-65 public identities are authenticated and pre-provisioned before the QKD session.,,3904,,"{""implementation"":""cpython"",""liboqs"":""0.16.0"",""liboqs-python"":""0.16.0"",""platform"":""Windows-11-10.0.26200-SP0"",""processor"":""Intel64 Family 6 Model 158 Stepping 12, GenuineIntel"",""python"":""3.14.7""}",,,,,,,,,,,,,,,,,,,,,,,,,1239120100,"{""events"":[{""detail"":""QKD-PQC-AUTH"",""sequence"":0,""source"":""session"",""stage"":""session"",""state"":""started""},{""detail"":""BB84 post-processing completed."",""sequence"":1,""source"":""qkd"",""stage"":""bb84"",""state"":""completed""},{""detail"":""Peer ML-DSA-65 public identities are authenticated and pre-provisioned before the QKD session."",""sequence"":2,""source"":""qkd"",""stage"":""classical_authentication"",""state"":""executed_verified""},{""detail"":""Final key released after all profile checks."",""sequence"":3,""source"":""qkd"",""stage"":""key_release"",""state"":""released""},{""detail"":""Authenticated QKD key released."",""sequence"":4,""source"":""session"",""stage"":""session"",""state"":""established""}],""version"":1}"
1,5a1cf0d3-3bee-4d23-9395-29c9fb4e6066,E4,qkd-pqc-auth,7,1,56c8ad76-db70-4b39-af35-178c87347a7f,false,,0,67,2026-09-08T08:17:33.851281+00:00,11038604306369993338,QKD-PQC-AUTH,6453,3.14.7,CPython,2.5.0,0.16.0,0.16.0,50.0.1,0.1.0,Windows,11,10.0.26200,AMD64,"Intel64 Family 6 Model 158 Stepping 12, GenuineIntel",ac46477bb374bde1c0ace1ef0bcfbc26b199dcfa,true,1,E4,qkd-pqc-auth,7,11038604306369993338,1,QKD-PQC-AUTH,QKD-PQC-AUTH,8192,"{""cascade_initial_block_factor"":0.73,""cascade_maximum_initial_block_size"":null,""cascade_maximum_lookback_steps"":null,""cascade_passes"":4,""phase_error_abort_threshold"":0.11,""sample_fraction"":0.2,""security_margin_bits"":0,""verification_tag_length"":32}",,[],"{""condition_id"":""qkd-pqc-auth"",""experiment_kind"":""E4"",""qkd_stages"":[{""type"":""identity""}],""replicate_index"":7,""seed"":11038604306369993338,""session"":{""internal_pqc_profile"":null,""profile"":""QKD-PQC-AUTH"",""qkd_authentication_profile"":""QKD-PQC-AUTH"",""qkd_postprocessing"":{""cascade_initial_block_factor"":0.73,""cascade_maximum_initial_block_size"":null,""cascade_maximum_lookback_steps"":null,""cascade_passes"":4,""phase_error_abort_threshold"":0.11,""sample_fraction"":0.2,""security_margin_bits"":0,""verification_tag_length"":32},""qkd_signal_count"":8192,""version"":1},""tags"":[],""version"":1}","[{""type"":""identity""}]",,persistent pre-provisioned ML-DSA identities; fresh anti-replay registry per run,,,,,,false,1,eec30e132d8e7338018520900c6d315f,QKD-PQC-AUTH,established,,qkd_bitstring,3229,"[{""algorithm"":""privacy-amplified-bitstring"",""bit_length"":3229,""byte_length"":404,""encoding"":""big-endian packed bits with explicit bit length"",""position"":1,""protocol"":""BB84"",""source"":""qkd""}]","{""pqc_exchange"":null,""qkd_classical"":{""algorithm"":""ML-DSA-65"",""executed"":true,""mechanism"":""ml_dsa_65"",""purpose"":""QKD classical transcript authentication"",""trust_assumption"":""Peer ML-DSA-65 public identities are authenticated and pre-provisioned before the QKD session."",""verified"":true}}","{""qkd_transcript_hash_sha384"":""7546ddd853c9aebbded5be72e1ef2d9ccf798460fe440ab3d099d635d450ebe2f512b303c14e83787d4fb3ce07f1e8d1"",""qkd_transcript_version"":1}",1196924400,8192,4082,817,3265,3265,3229,0.498291015625,0.3941650390625,0.0,0.0,0.0,0,424,0,393,0,817,0.0,0.0,0.0,0.0,0.0,383165,,,,,,,,,,,,,,,,,,,,,,,,,,,,,,,,,,ml_dsa_65,ML-DSA-65,post-quantum digital signature,766628,6618,2,2,2,15716300,13257500,28973800,Peer ML-DSA-65 public identities are authenticated and pre-provisioned before the QKD session.,,3904,,"{""implementation"":""cpython"",""liboqs"":""0.16.0"",""liboqs-python"":""0.16.0"",""platform"":""Windows-11-10.0.26200-SP0"",""processor"":""Intel64 Family 6 Model 158 Stepping 12, GenuineIntel"",""python"":""3.14.7""}",,,,,,,,,,,,,,,,,,,,,,,,,1225898200,"{""events"":[{""detail"":""QKD-PQC-AUTH"",""sequence"":0,""source"":""session"",""stage"":""session"",""state"":""started""},{""detail"":""BB84 post-processing completed."",""sequence"":1,""source"":""qkd"",""stage"":""bb84"",""state"":""completed""},{""detail"":""Peer ML-DSA-65 public identities are authenticated and pre-provisioned before the QKD session."",""sequence"":2,""source"":""qkd"",""stage"":""classical_authentication"",""state"":""executed_verified""},{""detail"":""Final key released after all profile checks."",""sequence"":3,""source"":""qkd"",""stage"":""key_release"",""state"":""released""},{""detail"":""Authenticated QKD key released."",""sequence"":4,""source"":""session"",""stage"":""session"",""state"":""established""}],""version"":1}"
1,31e16f43-ca30-4600-a05f-cf089c3e4267,E4,qkd-pqc-auth,8,1,56c8ad76-db70-4b39-af35-178c87347a7f,false,,0,68,2026-09-08T08:17:35.121748+00:00,1654550042592705083,QKD-PQC-AUTH,6451,3.14.7,CPython,2.5.0,0.16.0,0.16.0,50.0.1,0.1.0,Windows,11,10.0.26200,AMD64,"Intel64 Family 6 Model 158 Stepping 12, GenuineIntel",ac46477bb374bde1c0ace1ef0bcfbc26b199dcfa,true,1,E4,qkd-pqc-auth,8,1654550042592705083,1,QKD-PQC-AUTH,QKD-PQC-AUTH,8192,"{""cascade_initial_block_factor"":0.73,""cascade_maximum_initial_block_size"":null,""cascade_maximum_lookback_steps"":null,""cascade_passes"":4,""phase_error_abort_threshold"":0.11,""sample_fraction"":0.2,""security_margin_bits"":0,""verification_tag_length"":32}",,[],"{""condition_id"":""qkd-pqc-auth"",""experiment_kind"":""E4"",""qkd_stages"":[{""type"":""identity""}],""replicate_index"":8,""seed"":1654550042592705083,""session"":{""internal_pqc_profile"":null,""profile"":""QKD-PQC-AUTH"",""qkd_authentication_profile"":""QKD-PQC-AUTH"",""qkd_postprocessing"":{""cascade_initial_block_factor"":0.73,""cascade_maximum_initial_block_size"":null,""cascade_maximum_lookback_steps"":null,""cascade_passes"":4,""phase_error_abort_threshold"":0.11,""sample_fraction"":0.2,""security_margin_bits"":0,""verification_tag_length"":32},""qkd_signal_count"":8192,""version"":1},""tags"":[],""version"":1}","[{""type"":""identity""}]",,persistent pre-provisioned ML-DSA identities; fresh anti-replay registry per run,,,,,,false,1,a02bb780638debce704c32ddef21ee79,QKD-PQC-AUTH,established,,qkd_bitstring,3235,"[{""algorithm"":""privacy-amplified-bitstring"",""bit_length"":3235,""byte_length"":405,""encoding"":""big-endian packed bits with explicit bit length"",""position"":1,""protocol"":""BB84"",""source"":""qkd""}]","{""pqc_exchange"":null,""qkd_classical"":{""algorithm"":""ML-DSA-65"",""executed"":true,""mechanism"":""ml_dsa_65"",""purpose"":""QKD classical transcript authentication"",""trust_assumption"":""Peer ML-DSA-65 public identities are authenticated and pre-provisioned before the QKD session."",""verified"":true}}","{""qkd_transcript_hash_sha384"":""52f72b3c6413f9aff4c765d00aaf07adbe03892d0d3b127bba3649ecad3a53ed43d721b39647e8a24f7140836a355491"",""qkd_transcript_version"":1}",1180295200,8192,4090,819,3271,3271,3235,0.499267578125,0.3948974609375,0.0,0.0,0.0,0,398,0,421,0,819,0.0,0.0,0.0,0.0,0.0,383844,,,,,,,,,,,,,,,,,,,,,,,,,,,,,,,,,,ml_dsa_65,ML-DSA-65,post-quantum digital signature,767986,6618,2,2,2,16130000,13276300,29406300,Peer ML-DSA-65 public identities are authenticated and pre-provisioned before the QKD session.,,3904,,"{""implementation"":""cpython"",""liboqs"":""0.16.0"",""liboqs-python"":""0.16.0"",""platform"":""Windows-11-10.0.26200-SP0"",""processor"":""Intel64 Family 6 Model 158 Stepping 12, GenuineIntel"",""python"":""3.14.7""}",,,,,,,,,,,,,,,,,,,,,,,,,1209701500,"{""events"":[{""detail"":""QKD-PQC-AUTH"",""sequence"":0,""source"":""session"",""stage"":""session"",""state"":""started""},{""detail"":""BB84 post-processing completed."",""sequence"":1,""source"":""qkd"",""stage"":""bb84"",""state"":""completed""},{""detail"":""Peer ML-DSA-65 public identities are authenticated and pre-provisioned before the QKD session."",""sequence"":2,""source"":""qkd"",""stage"":""classical_authentication"",""state"":""executed_verified""},{""detail"":""Final key released after all profile checks."",""sequence"":3,""source"":""qkd"",""stage"":""key_release"",""state"":""released""},{""detail"":""Authenticated QKD key released."",""sequence"":4,""source"":""session"",""stage"":""session"",""state"":""established""}],""version"":1}"
1,66ed9ad4-0409-4370-8d48-5fe5a8ba6790,E4,qkd-pqc-auth,9,1,56c8ad76-db70-4b39-af35-178c87347a7f,false,,0,69,2026-09-08T08:17:36.385942+00:00,3720130282010790284,QKD-PQC-AUTH,6450,3.14.7,CPython,2.5.0,0.16.0,0.16.0,50.0.1,0.1.0,Windows,11,10.0.26200,AMD64,"Intel64 Family 6 Model 158 Stepping 12, GenuineIntel",ac46477bb374bde1c0ace1ef0bcfbc26b199dcfa,true,1,E4,qkd-pqc-auth,9,3720130282010790284,1,QKD-PQC-AUTH,QKD-PQC-AUTH,8192,"{""cascade_initial_block_factor"":0.73,""cascade_maximum_initial_block_size"":null,""cascade_maximum_lookback_steps"":null,""cascade_passes"":4,""phase_error_abort_threshold"":0.11,""sample_fraction"":0.2,""security_margin_bits"":0,""verification_tag_length"":32}",,[],"{""condition_id"":""qkd-pqc-auth"",""experiment_kind"":""E4"",""qkd_stages"":[{""type"":""identity""}],""replicate_index"":9,""seed"":3720130282010790284,""session"":{""internal_pqc_profile"":null,""profile"":""QKD-PQC-AUTH"",""qkd_authentication_profile"":""QKD-PQC-AUTH"",""qkd_postprocessing"":{""cascade_initial_block_factor"":0.73,""cascade_maximum_initial_block_size"":null,""cascade_maximum_lookback_steps"":null,""cascade_passes"":4,""phase_error_abort_threshold"":0.11,""sample_fraction"":0.2,""security_margin_bits"":0,""verification_tag_length"":32},""qkd_signal_count"":8192,""version"":1},""tags"":[],""version"":1}","[{""type"":""identity""}]",,persistent pre-provisioned ML-DSA identities; fresh anti-replay registry per run,,,,,,false,1,d6dcdcfa63bb3bcfb07ce2bce834d6d9,QKD-PQC-AUTH,established,,qkd_bitstring,3236,"[{""algorithm"":""privacy-amplified-bitstring"",""bit_length"":3236,""byte_length"":405,""encoding"":""big-endian packed bits with explicit bit length"",""position"":1,""protocol"":""BB84"",""source"":""qkd""}]","{""pqc_exchange"":null,""qkd_classical"":{""algorithm"":""ML-DSA-65"",""executed"":true,""mechanism"":""ml_dsa_65"",""purpose"":""QKD classical transcript authentication"",""trust_assumption"":""Peer ML-DSA-65 public identities are authenticated and pre-provisioned before the QKD session."",""verified"":true}}","{""qkd_transcript_hash_sha384"":""aa5a5083b185bc98408599a29b28a657f5e1abc29874ac0512e1c954dcd34e642c965491a05f8315f8f5d88087d66c98"",""qkd_transcript_version"":1}",1169912900,8192,4091,819,3272,3272,3236,0.4993896484375,0.39501953125,0.0,0.0,0.0,0,413,0,406,0,819,0.0,0.0,0.0,0.0,0.0,383948,,,,,,,,,,,,,,,,,,,,,,,,,,,,,,,,,,ml_dsa_65,ML-DSA-65,post-quantum digital signature,768194,6618,2,2,2,18114300,13286200,31400500,Peer ML-DSA-65 public identities are authenticated and pre-provisioned before the QKD session.,,3904,,"{""implementation"":""cpython"",""liboqs"":""0.16.0"",""liboqs-python"":""0.16.0"",""platform"":""Windows-11-10.0.26200-SP0"",""processor"":""Intel64 Family 6 Model 158 Stepping 12, GenuineIntel"",""python"":""3.14.7""}",,,,,,,,,,,,,,,,,,,,,,,,,1201313400,"{""events"":[{""detail"":""QKD-PQC-AUTH"",""sequence"":0,""source"":""session"",""stage"":""session"",""state"":""started""},{""detail"":""BB84 post-processing completed."",""sequence"":1,""source"":""qkd"",""stage"":""bb84"",""state"":""completed""},{""detail"":""Peer ML-DSA-65 public identities are authenticated and pre-provisioned before the QKD session."",""sequence"":2,""source"":""qkd"",""stage"":""classical_authentication"",""state"":""executed_verified""},{""detail"":""Final key released after all profile checks."",""sequence"":3,""source"":""qkd"",""stage"":""key_release"",""state"":""released""},{""detail"":""Authenticated QKD key released."",""sequence"":4,""source"":""session"",""stage"":""session"",""state"":""established""}],""version"":1}"
1,eaee2e4a-1c13-4d21-9412-985c021d89a0,E4,qkd-pqc-auth,10,1,56c8ad76-db70-4b39-af35-178c87347a7f,false,,0,70,2026-09-08T08:17:37.647909+00:00,9112755253469767927,QKD-PQC-AUTH,6453,3.14.7,CPython,2.5.0,0.16.0,0.16.0,50.0.1,0.1.0,Windows,11,10.0.26200,AMD64,"Intel64 Family 6 Model 158 Stepping 12, GenuineIntel",ac46477bb374bde1c0ace1ef0bcfbc26b199dcfa,true,1,E4,qkd-pqc-auth,10,9112755253469767927,1,QKD-PQC-AUTH,QKD-PQC-AUTH,8192,"{""cascade_initial_block_factor"":0.73,""cascade_maximum_initial_block_size"":null,""cascade_maximum_lookback_steps"":null,""cascade_passes"":4,""phase_error_abort_threshold"":0.11,""sample_fraction"":0.2,""security_margin_bits"":0,""verification_tag_length"":32}",,[],"{""condition_id"":""qkd-pqc-auth"",""experiment_kind"":""E4"",""qkd_stages"":[{""type"":""identity""}],""replicate_index"":10,""seed"":9112755253469767927,""session"":{""internal_pqc_profile"":null,""profile"":""QKD-PQC-AUTH"",""qkd_authentication_profile"":""QKD-PQC-AUTH"",""qkd_postprocessing"":{""cascade_initial_block_factor"":0.73,""cascade_maximum_initial_block_size"":null,""cascade_maximum_lookback_steps"":null,""cascade_passes"":4,""phase_error_abort_threshold"":0.11,""sample_fraction"":0.2,""security_margin_bits"":0,""verification_tag_length"":32},""qkd_signal_count"":8192,""version"":1},""tags"":[],""version"":1}","[{""type"":""identity""}]",,persistent pre-provisioned ML-DSA identities; fresh anti-replay registry per run,,,,,,false,1,956f3d100aed3db53ddfa17e0eca3a80,QKD-PQC-AUTH,established,,qkd_bitstring,3123,"[{""algorithm"":""privacy-amplified-bitstring"",""bit_length"":3123,""byte_length"":391,""encoding"":""big-endian packed bits with explicit bit length"",""position"":1,""protocol"":""BB84"",""source"":""qkd""}]","{""pqc_exchange"":null,""qkd_classical"":{""algorithm"":""ML-DSA-65"",""executed"":true,""mechanism"":""ml_dsa_65"",""purpose"":""QKD classical transcript authentication"",""trust_assumption"":""Peer ML-DSA-65 public identities are authenticated and pre-provisioned before the QKD session."",""verified"":true}}","{""qkd_transcript_hash_sha384"":""bf2641d039ada7180da080ea488136e831f1e6816037ad99bed32590b90b27fb1da7048b019c562d7c9b22cd45986780"",""qkd_transcript_version"":1}",1171457300,8192,3950,791,3159,3159,3123,0.482177734375,0.3812255859375,0.0,0.0,0.0,0,399,0,392,0,791,0.0,0.0,0.0,0.0,0.0,371418,,,,,,,,,,,,,,,,,,,,,,,,,,,,,,,,,,ml_dsa_65,ML-DSA-65,post-quantum digital signature,743134,6618,2,2,2,15210600,12843600,28054200,Peer ML-DSA-65 public identities are authenticated and pre-provisioned before the QKD session.,,3904,,"{""implementation"":""cpython"",""liboqs"":""0.16.0"",""liboqs-python"":""0.16.0"",""platform"":""Windows-11-10.0.26200-SP0"",""processor"":""Intel64 Family 6 Model 158 Stepping 12, GenuineIntel"",""python"":""3.14.7""}",,,,,,,,,,,,,,,,,,,,,,,,,1199511500,"{""events"":[{""detail"":""QKD-PQC-AUTH"",""sequence"":0,""source"":""session"",""stage"":""session"",""state"":""started""},{""detail"":""BB84 post-processing completed."",""sequence"":1,""source"":""qkd"",""stage"":""bb84"",""state"":""completed""},{""detail"":""Peer ML-DSA-65 public identities are authenticated and pre-provisioned before the QKD session."",""sequence"":2,""source"":""qkd"",""stage"":""classical_authentication"",""state"":""executed_verified""},{""detail"":""Final key released after all profile checks."",""sequence"":3,""source"":""qkd"",""stage"":""key_release"",""state"":""released""},{""detail"":""Authenticated QKD key released."",""sequence"":4,""source"":""session"",""stage"":""session"",""state"":""established""}],""version"":1}"
1,2de3ffc4-ba04-4b71-bbbd-ba285a40d0a0,E4,qkd-pqc-auth,11,1,56c8ad76-db70-4b39-af35-178c87347a7f,false,,0,71,2026-09-08T08:17:38.914551+00:00,530151389313561538,QKD-PQC-AUTH,6451,3.14.7,CPython,2.5.0,0.16.0,0.16.0,50.0.1,0.1.0,Windows,11,10.0.26200,AMD64,"Intel64 Family 6 Model 158 Stepping 12, GenuineIntel",ac46477bb374bde1c0ace1ef0bcfbc26b199dcfa,true,1,E4,qkd-pqc-auth,11,530151389313561538,1,QKD-PQC-AUTH,QKD-PQC-AUTH,8192,"{""cascade_initial_block_factor"":0.73,""cascade_maximum_initial_block_size"":null,""cascade_maximum_lookback_steps"":null,""cascade_passes"":4,""phase_error_abort_threshold"":0.11,""sample_fraction"":0.2,""security_margin_bits"":0,""verification_tag_length"":32}",,[],"{""condition_id"":""qkd-pqc-auth"",""experiment_kind"":""E4"",""qkd_stages"":[{""type"":""identity""}],""replicate_index"":11,""seed"":530151389313561538,""session"":{""internal_pqc_profile"":null,""profile"":""QKD-PQC-AUTH"",""qkd_authentication_profile"":""QKD-PQC-AUTH"",""qkd_postprocessing"":{""cascade_initial_block_factor"":0.73,""cascade_maximum_initial_block_size"":null,""cascade_maximum_lookback_steps"":null,""cascade_passes"":4,""phase_error_abort_threshold"":0.11,""sample_fraction"":0.2,""security_margin_bits"":0,""verification_tag_length"":32},""qkd_signal_count"":8192,""version"":1},""tags"":[],""version"":1}","[{""type"":""identity""}]",,persistent pre-provisioned ML-DSA identities; fresh anti-replay registry per run,,,,,,false,1,c5d7e3a2b8e01e33a56e51cd52b369a6,QKD-PQC-AUTH,established,,qkd_bitstring,3193,"[{""algorithm"":""privacy-amplified-bitstring"",""bit_length"":3193,""byte_length"":400,""encoding"":""big-endian packed bits with explicit bit length"",""position"":1,""protocol"":""BB84"",""source"":""qkd""}]","{""pqc_exchange"":null,""qkd_classical"":{""algorithm"":""ML-DSA-65"",""executed"":true,""mechanism"":""ml_dsa_65"",""purpose"":""QKD classical transcript authentication"",""trust_assumption"":""Peer ML-DSA-65 public identities are authenticated and pre-provisioned before the QKD session."",""verified"":true}}","{""qkd_transcript_hash_sha384"":""98873768802a947c9a1191f82eb87cdd599920be6dae63cbd715a9733f6ba8f1afb8eab4b518a9a16be7f0c4b17f03a2"",""qkd_transcript_version"":1}",1173957600,8192,4038,809,3229,3229,3193,0.492919921875,0.3897705078125,0.0,0.0,0.0,0,397,0,412,0,809,0.0,0.0,0.0,0.0,0.0,379198,,,,,,,,,,,,,,,,,,,,,,,,,,,,,,,,,,ml_dsa_65,ML-DSA-65,post-quantum digital signature,758694,6618,2,2,2,18024000,13288800,31312800,Peer ML-DSA-65 public identities are authenticated and pre-provisioned before the QKD session.,,3904,,"{""implementation"":""cpython"",""liboqs"":""0.16.0"",""liboqs-python"":""0.16.0"",""platform"":""Windows-11-10.0.26200-SP0"",""processor"":""Intel64 Family 6 Model 158 Stepping 12, GenuineIntel"",""python"":""3.14.7""}",,,,,,,,,,,,,,,,,,,,,,,,,1205270400,"{""events"":[{""detail"":""QKD-PQC-AUTH"",""sequence"":0,""source"":""session"",""stage"":""session"",""state"":""started""},{""detail"":""BB84 post-processing completed."",""sequence"":1,""source"":""qkd"",""stage"":""bb84"",""state"":""completed""},{""detail"":""Peer ML-DSA-65 public identities are authenticated and pre-provisioned before the QKD session."",""sequence"":2,""source"":""qkd"",""stage"":""classical_authentication"",""state"":""executed_verified""},{""detail"":""Final key released after all profile checks."",""sequence"":3,""source"":""qkd"",""stage"":""key_release"",""state"":""released""},{""detail"":""Authenticated QKD key released."",""sequence"":4,""source"":""session"",""stage"":""session"",""state"":""established""}],""version"":1}"
1,ebc8119e-beb0-4b28-b550-feff512c3baf,E4,qkd-pqc-auth,12,1,56c8ad76-db70-4b39-af35-178c87347a7f,false,,0,72,2026-09-08T08:17:40.205705+00:00,17480168451092991006,QKD-PQC-AUTH,6455,3.14.7,CPython,2.5.0,0.16.0,0.16.0,50.0.1,0.1.0,Windows,11,10.0.26200,AMD64,"Intel64 Family 6 Model 158 Stepping 12, GenuineIntel",ac46477bb374bde1c0ace1ef0bcfbc26b199dcfa,true,1,E4,qkd-pqc-auth,12,17480168451092991006,1,QKD-PQC-AUTH,QKD-PQC-AUTH,8192,"{""cascade_initial_block_factor"":0.73,""cascade_maximum_initial_block_size"":null,""cascade_maximum_lookback_steps"":null,""cascade_passes"":4,""phase_error_abort_threshold"":0.11,""sample_fraction"":0.2,""security_margin_bits"":0,""verification_tag_length"":32}",,[],"{""condition_id"":""qkd-pqc-auth"",""experiment_kind"":""E4"",""qkd_stages"":[{""type"":""identity""}],""replicate_index"":12,""seed"":17480168451092991006,""session"":{""internal_pqc_profile"":null,""profile"":""QKD-PQC-AUTH"",""qkd_authentication_profile"":""QKD-PQC-AUTH"",""qkd_postprocessing"":{""cascade_initial_block_factor"":0.73,""cascade_maximum_initial_block_size"":null,""cascade_maximum_lookback_steps"":null,""cascade_passes"":4,""phase_error_abort_threshold"":0.11,""sample_fraction"":0.2,""security_margin_bits"":0,""verification_tag_length"":32},""qkd_signal_count"":8192,""version"":1},""tags"":[],""version"":1}","[{""type"":""identity""}]",,persistent pre-provisioned ML-DSA identities; fresh anti-replay registry per run,,,,,,false,1,9ee141256c284de690bf44c02259413e,QKD-PQC-AUTH,established,,qkd_bitstring,3278,"[{""algorithm"":""privacy-amplified-bitstring"",""bit_length"":3278,""byte_length"":410,""encoding"":""big-endian packed bits with explicit bit length"",""position"":1,""protocol"":""BB84"",""source"":""qkd""}]","{""pqc_exchange"":null,""qkd_classical"":{""algorithm"":""ML-DSA-65"",""executed"":true,""mechanism"":""ml_dsa_65"",""purpose"":""QKD classical transcript authentication"",""trust_assumption"":""Peer ML-DSA-65 public identities are authenticated and pre-provisioned before the QKD session."",""verified"":true}}","{""qkd_transcript_hash_sha384"":""c7412e258d7344d81a2c032740da2d15defa286a08218d1c49769f8b083289131aa7863a4468db300cf15dac96ecabb9"",""qkd_transcript_version"":1}",1194985500,8192,4143,829,3314,3314,3278,0.5057373046875,0.400146484375,0.0,0.0,0.0,0,415,0,414,0,829,0.0,0.0,0.0,0.0,0.0,388594,,,,,,,,,,,,,,,,,,,,,,,,,,,,,,,,,,ml_dsa_65,ML-DSA-65,post-quantum digital signature,777486,6618,2,2,2,19723300,13466900,33190200,Peer ML-DSA-65 public identities are authenticated and pre-provisioned before the QKD session.,,3904,,"{""implementation"":""cpython"",""liboqs"":""0.16.0"",""liboqs-python"":""0.16.0"",""platform"":""Windows-11-10.0.26200-SP0"",""processor"":""Intel64 Family 6 Model 158 Stepping 12, GenuineIntel"",""python"":""3.14.7""}",,,,,,,,,,,,,,,,,,,,,,,,,1228175700,"{""events"":[{""detail"":""QKD-PQC-AUTH"",""sequence"":0,""source"":""session"",""stage"":""session"",""state"":""started""},{""detail"":""BB84 post-processing completed."",""sequence"":1,""source"":""qkd"",""stage"":""bb84"",""state"":""completed""},{""detail"":""Peer ML-DSA-65 public identities are authenticated and pre-provisioned before the QKD session."",""sequence"":2,""source"":""qkd"",""stage"":""classical_authentication"",""state"":""executed_verified""},{""detail"":""Final key released after all profile checks."",""sequence"":3,""source"":""qkd"",""stage"":""key_release"",""state"":""released""},{""detail"":""Authenticated QKD key released."",""sequence"":4,""source"":""session"",""stage"":""session"",""state"":""established""}],""version"":1}"
1,f9266ccf-d1bc-4bc6-b880-798c2c78d6e3,E4,qkd-pqc-auth,13,1,56c8ad76-db70-4b39-af35-178c87347a7f,false,,0,73,2026-09-08T08:17:41.484277+00:00,9670080710752589718,QKD-PQC-AUTH,6449,3.14.7,CPython,2.5.0,0.16.0,0.16.0,50.0.1,0.1.0,Windows,11,10.0.26200,AMD64,"Intel64 Family 6 Model 158 Stepping 12, GenuineIntel",ac46477bb374bde1c0ace1ef0bcfbc26b199dcfa,true,1,E4,qkd-pqc-auth,13,9670080710752589718,1,QKD-PQC-AUTH,QKD-PQC-AUTH,8192,"{""cascade_initial_block_factor"":0.73,""cascade_maximum_initial_block_size"":null,""cascade_maximum_lookback_steps"":null,""cascade_passes"":4,""phase_error_abort_threshold"":0.11,""sample_fraction"":0.2,""security_margin_bits"":0,""verification_tag_length"":32}",,[],"{""condition_id"":""qkd-pqc-auth"",""experiment_kind"":""E4"",""qkd_stages"":[{""type"":""identity""}],""replicate_index"":13,""seed"":9670080710752589718,""session"":{""internal_pqc_profile"":null,""profile"":""QKD-PQC-AUTH"",""qkd_authentication_profile"":""QKD-PQC-AUTH"",""qkd_postprocessing"":{""cascade_initial_block_factor"":0.73,""cascade_maximum_initial_block_size"":null,""cascade_maximum_lookback_steps"":null,""cascade_passes"":4,""phase_error_abort_threshold"":0.11,""sample_fraction"":0.2,""security_margin_bits"":0,""verification_tag_length"":32},""qkd_signal_count"":8192,""version"":1},""tags"":[],""version"":1}","[{""type"":""identity""}]",,persistent pre-provisioned ML-DSA identities; fresh anti-replay registry per run,,,,,,false,1,06c473d4850a4370a7313c46588cefc1,QKD-PQC-AUTH,established,,qkd_bitstring,3224,"[{""algorithm"":""privacy-amplified-bitstring"",""bit_length"":3224,""byte_length"":403,""encoding"":""big-endian packed bits with explicit bit length"",""position"":1,""protocol"":""BB84"",""source"":""qkd""}]","{""pqc_exchange"":null,""qkd_classical"":{""algorithm"":""ML-DSA-65"",""executed"":true,""mechanism"":""ml_dsa_65"",""purpose"":""QKD classical transcript authentication"",""trust_assumption"":""Peer ML-DSA-65 public identities are authenticated and pre-provisioned before the QKD session."",""verified"":true}}","{""qkd_transcript_hash_sha384"":""508d6e76f9c177c5b0458d40774bfb42b8560c1d07d977be36c91f28470fc3240a338ff2f19f0a5bb4103deb58f01e82"",""qkd_transcript_version"":1}",1187341400,8192,4076,816,3260,3260,3224,0.49755859375,0.3935546875,0.0,0.0,0.0,0,410,0,406,0,816,0.0,0.0,0.0,0.0,0.0,382616,,,,,,,,,,,,,,,,,,,,,,,,,,,,,,,,,,ml_dsa_65,ML-DSA-65,post-quantum digital signature,765530,6618,2,2,2,14698300,13543500,28241800,Peer ML-DSA-65 public identities are authenticated and pre-provisioned before the QKD session.,,3904,,"{""implementation"":""cpython"",""liboqs"":""0.16.0"",""liboqs-python"":""0.16.0"",""platform"":""Windows-11-10.0.26200-SP0"",""processor"":""Intel64 Family 6 Model 158 Stepping 12, GenuineIntel"",""python"":""3.14.7""}",,,,,,,,,,,,,,,,,,,,,,,,,1215583200,"{""events"":[{""detail"":""QKD-PQC-AUTH"",""sequence"":0,""source"":""session"",""stage"":""session"",""state"":""started""},{""detail"":""BB84 post-processing completed."",""sequence"":1,""source"":""qkd"",""stage"":""bb84"",""state"":""completed""},{""detail"":""Peer ML-DSA-65 public identities are authenticated and pre-provisioned before the QKD session."",""sequence"":2,""source"":""qkd"",""stage"":""classical_authentication"",""state"":""executed_verified""},{""detail"":""Final key released after all profile checks."",""sequence"":3,""source"":""qkd"",""stage"":""key_release"",""state"":""released""},{""detail"":""Authenticated QKD key released."",""sequence"":4,""source"":""session"",""stage"":""session"",""state"":""established""}],""version"":1}"
1,5df0f6d2-d9f9-43d8-9d55-6701a7ec5e64,E4,qkd-pqc-auth,14,1,56c8ad76-db70-4b39-af35-178c87347a7f,false,,0,74,2026-09-08T08:17:42.752944+00:00,9716852560069246718,QKD-PQC-AUTH,6453,3.14.7,CPython,2.5.0,0.16.0,0.16.0,50.0.1,0.1.0,Windows,11,10.0.26200,AMD64,"Intel64 Family 6 Model 158 Stepping 12, GenuineIntel",ac46477bb374bde1c0ace1ef0bcfbc26b199dcfa,true,1,E4,qkd-pqc-auth,14,9716852560069246718,1,QKD-PQC-AUTH,QKD-PQC-AUTH,8192,"{""cascade_initial_block_factor"":0.73,""cascade_maximum_initial_block_size"":null,""cascade_maximum_lookback_steps"":null,""cascade_passes"":4,""phase_error_abort_threshold"":0.11,""sample_fraction"":0.2,""security_margin_bits"":0,""verification_tag_length"":32}",,[],"{""condition_id"":""qkd-pqc-auth"",""experiment_kind"":""E4"",""qkd_stages"":[{""type"":""identity""}],""replicate_index"":14,""seed"":9716852560069246718,""session"":{""internal_pqc_profile"":null,""profile"":""QKD-PQC-AUTH"",""qkd_authentication_profile"":""QKD-PQC-AUTH"",""qkd_postprocessing"":{""cascade_initial_block_factor"":0.73,""cascade_maximum_initial_block_size"":null,""cascade_maximum_lookback_steps"":null,""cascade_passes"":4,""phase_error_abort_threshold"":0.11,""sample_fraction"":0.2,""security_margin_bits"":0,""verification_tag_length"":32},""qkd_signal_count"":8192,""version"":1},""tags"":[],""version"":1}","[{""type"":""identity""}]",,persistent pre-provisioned ML-DSA identities; fresh anti-replay registry per run,,,,,,false,1,09f75818debb91e63289ffea00bbbcfd,QKD-PQC-AUTH,established,,qkd_bitstring,3239,"[{""algorithm"":""privacy-amplified-bitstring"",""bit_length"":3239,""byte_length"":405,""encoding"":""big-endian packed bits with explicit bit length"",""position"":1,""protocol"":""BB84"",""source"":""qkd""}]","{""pqc_exchange"":null,""qkd_classical"":{""algorithm"":""ML-DSA-65"",""executed"":true,""mechanism"":""ml_dsa_65"",""purpose"":""QKD classical transcript authentication"",""trust_assumption"":""Peer ML-DSA-65 public identities are authenticated and pre-provisioned before the QKD session."",""verified"":true}}","{""qkd_transcript_hash_sha384"":""2d980abdcbfbe68167bcb297a94180d3b69c90f91724044242bd1c7ee10260f8426336bfebdbb2fab32110edf676449d"",""qkd_transcript_version"":1}",1175349000,8192,4094,819,3275,3275,3239,0.499755859375,0.3953857421875,0.0,0.0,0.0,0,417,0,402,0,819,0.0,0.0,0.0,0.0,0.0,384262,,,,,,,,,,,,,,,,,,,,,,,,,,,,,,,,,,ml_dsa_65,ML-DSA-65,post-quantum digital signature,768822,6618,2,2,2,19778900,13225700,33004600,Peer ML-DSA-65 public identities are authenticated and pre-provisioned before the QKD session.,,3904,,"{""implementation"":""cpython"",""liboqs"":""0.16.0"",""liboqs-python"":""0.16.0"",""platform"":""Windows-11-10.0.26200-SP0"",""processor"":""Intel64 Family 6 Model 158 Stepping 12, GenuineIntel"",""python"":""3.14.7""}",,,,,,,,,,,,,,,,,,,,,,,,,1208353600,"{""events"":[{""detail"":""QKD-PQC-AUTH"",""sequence"":0,""source"":""session"",""stage"":""session"",""state"":""started""},{""detail"":""BB84 post-processing completed."",""sequence"":1,""source"":""qkd"",""stage"":""bb84"",""state"":""completed""},{""detail"":""Peer ML-DSA-65 public identities are authenticated and pre-provisioned before the QKD session."",""sequence"":2,""source"":""qkd"",""stage"":""classical_authentication"",""state"":""executed_verified""},{""detail"":""Final key released after all profile checks."",""sequence"":3,""source"":""qkd"",""stage"":""key_release"",""state"":""released""},{""detail"":""Authenticated QKD key released."",""sequence"":4,""source"":""session"",""stage"":""session"",""state"":""established""}],""version"":1}"
1,d852dd21-7922-445c-9041-9a41b2c06392,E4,qkd-pqc-auth,15,1,56c8ad76-db70-4b39-af35-178c87347a7f,false,,0,75,2026-09-08T08:17:44.022678+00:00,7784863567325825951,QKD-PQC-AUTH,6454,3.14.7,CPython,2.5.0,0.16.0,0.16.0,50.0.1,0.1.0,Windows,11,10.0.26200,AMD64,"Intel64 Family 6 Model 158 Stepping 12, GenuineIntel",ac46477bb374bde1c0ace1ef0bcfbc26b199dcfa,true,1,E4,qkd-pqc-auth,15,7784863567325825951,1,QKD-PQC-AUTH,QKD-PQC-AUTH,8192,"{""cascade_initial_block_factor"":0.73,""cascade_maximum_initial_block_size"":null,""cascade_maximum_lookback_steps"":null,""cascade_passes"":4,""phase_error_abort_threshold"":0.11,""sample_fraction"":0.2,""security_margin_bits"":0,""verification_tag_length"":32}",,[],"{""condition_id"":""qkd-pqc-auth"",""experiment_kind"":""E4"",""qkd_stages"":[{""type"":""identity""}],""replicate_index"":15,""seed"":7784863567325825951,""session"":{""internal_pqc_profile"":null,""profile"":""QKD-PQC-AUTH"",""qkd_authentication_profile"":""QKD-PQC-AUTH"",""qkd_postprocessing"":{""cascade_initial_block_factor"":0.73,""cascade_maximum_initial_block_size"":null,""cascade_maximum_lookback_steps"":null,""cascade_passes"":4,""phase_error_abort_threshold"":0.11,""sample_fraction"":0.2,""security_margin_bits"":0,""verification_tag_length"":32},""qkd_signal_count"":8192,""version"":1},""tags"":[],""version"":1}","[{""type"":""identity""}]",,persistent pre-provisioned ML-DSA identities; fresh anti-replay registry per run,,,,,,false,1,15e6a82d3653690096782b8abce33755,QKD-PQC-AUTH,established,,qkd_bitstring,3203,"[{""algorithm"":""privacy-amplified-bitstring"",""bit_length"":3203,""byte_length"":401,""encoding"":""big-endian packed bits with explicit bit length"",""position"":1,""protocol"":""BB84"",""source"":""qkd""}]","{""pqc_exchange"":null,""qkd_classical"":{""algorithm"":""ML-DSA-65"",""executed"":true,""mechanism"":""ml_dsa_65"",""purpose"":""QKD classical transcript authentication"",""trust_assumption"":""Peer ML-DSA-65 public identities are authenticated and pre-provisioned before the QKD session."",""verified"":true}}","{""qkd_transcript_hash_sha384"":""6e9a874abf556a466bb7d6a144185eea096f8a552f7a264eb2d54c10f0e0aa9f598378dbaca6f2284c00a95ac2970d5d"",""qkd_transcript_version"":1}",1177462900,8192,4049,810,3239,3239,3203,0.4942626953125,0.3909912109375,0.0,0.0,0.0,0,397,0,413,0,810,0.0,0.0,0.0,0.0,0.0,380268,,,,,,,,,,,,,,,,,,,,,,,,,,,,,,,,,,ml_dsa_65,ML-DSA-65,post-quantum digital signature,760834,6618,2,2,2,18692300,13560300,32252600,Peer ML-DSA-65 public identities are authenticated and pre-provisioned before the QKD session.,,3904,,"{""implementation"":""cpython"",""liboqs"":""0.16.0"",""liboqs-python"":""0.16.0"",""platform"":""Windows-11-10.0.26200-SP0"",""processor"":""Intel64 Family 6 Model 158 Stepping 12, GenuineIntel"",""python"":""3.14.7""}",,,,,,,,,,,,,,,,,,,,,,,,,1209715500,"{""events"":[{""detail"":""QKD-PQC-AUTH"",""sequence"":0,""source"":""session"",""stage"":""session"",""state"":""started""},{""detail"":""BB84 post-processing completed."",""sequence"":1,""source"":""qkd"",""stage"":""bb84"",""state"":""completed""},{""detail"":""Peer ML-DSA-65 public identities are authenticated and pre-provisioned before the QKD session."",""sequence"":2,""source"":""qkd"",""stage"":""classical_authentication"",""state"":""executed_verified""},{""detail"":""Final key released after all profile checks."",""sequence"":3,""source"":""qkd"",""stage"":""key_release"",""state"":""released""},{""detail"":""Authenticated QKD key released."",""sequence"":4,""source"":""session"",""stage"":""session"",""state"":""established""}],""version"":1}"
1,45e3dff5-d170-4355-91e2-9d258a0b52b0,E4,qkd-pqc-auth,16,1,56c8ad76-db70-4b39-af35-178c87347a7f,false,,0,76,2026-09-08T08:17:45.283870+00:00,1682422145767915087,QKD-PQC-AUTH,6449,3.14.7,CPython,2.5.0,0.16.0,0.16.0,50.0.1,0.1.0,Windows,11,10.0.26200,AMD64,"Intel64 Family 6 Model 158 Stepping 12, GenuineIntel",ac46477bb374bde1c0ace1ef0bcfbc26b199dcfa,true,1,E4,qkd-pqc-auth,16,1682422145767915087,1,QKD-PQC-AUTH,QKD-PQC-AUTH,8192,"{""cascade_initial_block_factor"":0.73,""cascade_maximum_initial_block_size"":null,""cascade_maximum_lookback_steps"":null,""cascade_passes"":4,""phase_error_abort_threshold"":0.11,""sample_fraction"":0.2,""security_margin_bits"":0,""verification_tag_length"":32}",,[],"{""condition_id"":""qkd-pqc-auth"",""experiment_kind"":""E4"",""qkd_stages"":[{""type"":""identity""}],""replicate_index"":16,""seed"":1682422145767915087,""session"":{""internal_pqc_profile"":null,""profile"":""QKD-PQC-AUTH"",""qkd_authentication_profile"":""QKD-PQC-AUTH"",""qkd_postprocessing"":{""cascade_initial_block_factor"":0.73,""cascade_maximum_initial_block_size"":null,""cascade_maximum_lookback_steps"":null,""cascade_passes"":4,""phase_error_abort_threshold"":0.11,""sample_fraction"":0.2,""security_margin_bits"":0,""verification_tag_length"":32},""qkd_signal_count"":8192,""version"":1},""tags"":[],""version"":1}","[{""type"":""identity""}]",,persistent pre-provisioned ML-DSA identities; fresh anti-replay registry per run,,,,,,false,1,e1e120208cc8e29072ab4df5679f5c29,QKD-PQC-AUTH,established,,qkd_bitstring,3296,"[{""algorithm"":""privacy-amplified-bitstring"",""bit_length"":3296,""byte_length"":412,""encoding"":""big-endian packed bits with explicit bit length"",""position"":1,""protocol"":""BB84"",""source"":""qkd""}]","{""pqc_exchange"":null,""qkd_classical"":{""algorithm"":""ML-DSA-65"",""executed"":true,""mechanism"":""ml_dsa_65"",""purpose"":""QKD classical transcript authentication"",""trust_assumption"":""Peer ML-DSA-65 public identities are authenticated and pre-provisioned before the QKD session."",""verified"":true}}","{""qkd_transcript_hash_sha384"":""f2e2cd80a81e4826f0e32e9a7b434af8f554eab63bd264a6fdbe79f7f54ce53cc074e679eb7769b5d6290c948730e2fa"",""qkd_transcript_version"":1}",1160906000,8192,4167,835,3332,3332,3296,0.5086669921875,0.40234375,0.0,0.0,0.0,0,420,0,415,0,835,0.0,0.0,0.0,0.0,0.0,390631,,,,,,,,,,,,,,,,,,,,,,,,,,,,,,,,,,ml_dsa_65,ML-DSA-65,post-quantum digital signature,781560,6618,2,2,2,24736100,13421400,38157500,Peer ML-DSA-65 public identities are authenticated and pre-provisioned before the QKD session.,,3904,,"{""implementation"":""cpython"",""liboqs"":""0.16.0"",""liboqs-python"":""0.16.0"",""platform"":""Windows-11-10.0.26200-SP0"",""processor"":""Intel64 Family 6 Model 158 Stepping 12, GenuineIntel"",""python"":""3.14.7""}",,,,,,,,,,,,,,,,,,,,,,,,,1199063500,"{""events"":[{""detail"":""QKD-PQC-AUTH"",""sequence"":0,""source"":""session"",""stage"":""session"",""state"":""started""},{""detail"":""BB84 post-processing completed."",""sequence"":1,""source"":""qkd"",""stage"":""bb84"",""state"":""completed""},{""detail"":""Peer ML-DSA-65 public identities are authenticated and pre-provisioned before the QKD session."",""sequence"":2,""source"":""qkd"",""stage"":""classical_authentication"",""state"":""executed_verified""},{""detail"":""Final key released after all profile checks."",""sequence"":3,""source"":""qkd"",""stage"":""key_release"",""state"":""released""},{""detail"":""Authenticated QKD key released."",""sequence"":4,""source"":""session"",""stage"":""session"",""state"":""established""}],""version"":1}"
1,93bfee4d-5920-4628-8039-3ff951618d37,E4,qkd-pqc-auth,17,1,56c8ad76-db70-4b39-af35-178c87347a7f,false,,0,77,2026-09-08T08:17:46.548483+00:00,4342109493251583931,QKD-PQC-AUTH,6453,3.14.7,CPython,2.5.0,0.16.0,0.16.0,50.0.1,0.1.0,Windows,11,10.0.26200,AMD64,"Intel64 Family 6 Model 158 Stepping 12, GenuineIntel",ac46477bb374bde1c0ace1ef0bcfbc26b199dcfa,true,1,E4,qkd-pqc-auth,17,4342109493251583931,1,QKD-PQC-AUTH,QKD-PQC-AUTH,8192,"{""cascade_initial_block_factor"":0.73,""cascade_maximum_initial_block_size"":null,""cascade_maximum_lookback_steps"":null,""cascade_passes"":4,""phase_error_abort_threshold"":0.11,""sample_fraction"":0.2,""security_margin_bits"":0,""verification_tag_length"":32}",,[],"{""condition_id"":""qkd-pqc-auth"",""experiment_kind"":""E4"",""qkd_stages"":[{""type"":""identity""}],""replicate_index"":17,""seed"":4342109493251583931,""session"":{""internal_pqc_profile"":null,""profile"":""QKD-PQC-AUTH"",""qkd_authentication_profile"":""QKD-PQC-AUTH"",""qkd_postprocessing"":{""cascade_initial_block_factor"":0.73,""cascade_maximum_initial_block_size"":null,""cascade_maximum_lookback_steps"":null,""cascade_passes"":4,""phase_error_abort_threshold"":0.11,""sample_fraction"":0.2,""security_margin_bits"":0,""verification_tag_length"":32},""qkd_signal_count"":8192,""version"":1},""tags"":[],""version"":1}","[{""type"":""identity""}]",,persistent pre-provisioned ML-DSA identities; fresh anti-replay registry per run,,,,,,false,1,5c947848f2389a989f6efd43cb2f83fe,QKD-PQC-AUTH,established,,qkd_bitstring,3267,"[{""algorithm"":""privacy-amplified-bitstring"",""bit_length"":3267,""byte_length"":409,""encoding"":""big-endian packed bits with explicit bit length"",""position"":1,""protocol"":""BB84"",""source"":""qkd""}]","{""pqc_exchange"":null,""qkd_classical"":{""algorithm"":""ML-DSA-65"",""executed"":true,""mechanism"":""ml_dsa_65"",""purpose"":""QKD classical transcript authentication"",""trust_assumption"":""Peer ML-DSA-65 public identities are authenticated and pre-provisioned before the QKD session."",""verified"":true}}","{""qkd_transcript_hash_sha384"":""00ca750d8cf4ec4ea68b4eae37f913a9a92e6598b2fd2d73583c40cf031ec1e17f8344c6d559b4a232e6004493a0a04c"",""qkd_transcript_version"":1}",1174477500,8192,4130,827,3303,3303,3267,0.504150390625,0.3988037109375,0.0,0.0,0.0,0,409,0,418,0,827,0.0,0.0,0.0,0.0,0.0,387394,,,,,,,,,,,,,,,,,,,,,,,,,,,,,,,,,,ml_dsa_65,ML-DSA-65,post-quantum digital signature,775086,6618,2,2,2,14878400,13303700,28182100,Peer ML-DSA-65 public identities are authenticated and pre-provisioned before the QKD session.,,3904,,"{""implementation"":""cpython"",""liboqs"":""0.16.0"",""liboqs-python"":""0.16.0"",""platform"":""Windows-11-10.0.26200-SP0"",""processor"":""Intel64 Family 6 Model 158 Stepping 12, GenuineIntel"",""python"":""3.14.7""}",,,,,,,,,,,,,,,,,,,,,,,,,1202659600,"{""events"":[{""detail"":""QKD-PQC-AUTH"",""sequence"":0,""source"":""session"",""stage"":""session"",""state"":""started""},{""detail"":""BB84 post-processing completed."",""sequence"":1,""source"":""qkd"",""stage"":""bb84"",""state"":""completed""},{""detail"":""Peer ML-DSA-65 public identities are authenticated and pre-provisioned before the QKD session."",""sequence"":2,""source"":""qkd"",""stage"":""classical_authentication"",""state"":""executed_verified""},{""detail"":""Final key released after all profile checks."",""sequence"":3,""source"":""qkd"",""stage"":""key_release"",""state"":""released""},{""detail"":""Authenticated QKD key released."",""sequence"":4,""source"":""session"",""stage"":""session"",""state"":""established""}],""version"":1}"
1,22da095b-aadb-4231-ab4e-58ac2ea5e62e,E4,qkd-pqc-auth,18,1,56c8ad76-db70-4b39-af35-178c87347a7f,false,,0,78,2026-09-08T08:17:47.864194+00:00,4875940110458465299,QKD-PQC-AUTH,6452,3.14.7,CPython,2.5.0,0.16.0,0.16.0,50.0.1,0.1.0,Windows,11,10.0.26200,AMD64,"Intel64 Family 6 Model 158 Stepping 12, GenuineIntel",ac46477bb374bde1c0ace1ef0bcfbc26b199dcfa,true,1,E4,qkd-pqc-auth,18,4875940110458465299,1,QKD-PQC-AUTH,QKD-PQC-AUTH,8192,"{""cascade_initial_block_factor"":0.73,""cascade_maximum_initial_block_size"":null,""cascade_maximum_lookback_steps"":null,""cascade_passes"":4,""phase_error_abort_threshold"":0.11,""sample_fraction"":0.2,""security_margin_bits"":0,""verification_tag_length"":32}",,[],"{""condition_id"":""qkd-pqc-auth"",""experiment_kind"":""E4"",""qkd_stages"":[{""type"":""identity""}],""replicate_index"":18,""seed"":4875940110458465299,""session"":{""internal_pqc_profile"":null,""profile"":""QKD-PQC-AUTH"",""qkd_authentication_profile"":""QKD-PQC-AUTH"",""qkd_postprocessing"":{""cascade_initial_block_factor"":0.73,""cascade_maximum_initial_block_size"":null,""cascade_maximum_lookback_steps"":null,""cascade_passes"":4,""phase_error_abort_threshold"":0.11,""sample_fraction"":0.2,""security_margin_bits"":0,""verification_tag_length"":32},""qkd_signal_count"":8192,""version"":1},""tags"":[],""version"":1}","[{""type"":""identity""}]",,persistent pre-provisioned ML-DSA identities; fresh anti-replay registry per run,,,,,,false,1,8f5ff9d6a2fd1efb92fa259c202f9bc2,QKD-PQC-AUTH,established,,qkd_bitstring,3212,"[{""algorithm"":""privacy-amplified-bitstring"",""bit_length"":3212,""byte_length"":402,""encoding"":""big-endian packed bits with explicit bit length"",""position"":1,""protocol"":""BB84"",""source"":""qkd""}]","{""pqc_exchange"":null,""qkd_classical"":{""algorithm"":""ML-DSA-65"",""executed"":true,""mechanism"":""ml_dsa_65"",""purpose"":""QKD classical transcript authentication"",""trust_assumption"":""Peer ML-DSA-65 public identities are authenticated and pre-provisioned before the QKD session."",""verified"":true}}","{""qkd_transcript_hash_sha384"":""e280e505f1e960979a0bbfbdb5c1e5c3f9feff16e18539a8e0906aa09dc187221eb03b2e58a73ec668bfb0007a6fba52"",""qkd_transcript_version"":1}",1226128100,8192,4061,813,3248,3248,3212,0.4957275390625,0.39208984375,0.0,0.0,0.0,0,408,0,405,0,813,0.0,0.0,0.0,0.0,0.0,381285,,,,,,,,,,,,,,,,,,,,,,,,,,,,,,,,,,ml_dsa_65,ML-DSA-65,post-quantum digital signature,762868,6618,2,2,2,15561000,13480200,29041200,Peer ML-DSA-65 public identities are authenticated and pre-provisioned before the QKD session.,,3904,,"{""implementation"":""cpython"",""liboqs"":""0.16.0"",""liboqs-python"":""0.16.0"",""platform"":""Windows-11-10.0.26200-SP0"",""processor"":""Intel64 Family 6 Model 158 Stepping 12, GenuineIntel"",""python"":""3.14.7""}",,,,,,,,,,,,,,,,,,,,,,,,,1255169300,"{""events"":[{""detail"":""QKD-PQC-AUTH"",""sequence"":0,""source"":""session"",""stage"":""session"",""state"":""started""},{""detail"":""BB84 post-processing completed."",""sequence"":1,""source"":""qkd"",""stage"":""bb84"",""state"":""completed""},{""detail"":""Peer ML-DSA-65 public identities are authenticated and pre-provisioned before the QKD session."",""sequence"":2,""source"":""qkd"",""stage"":""classical_authentication"",""state"":""executed_verified""},{""detail"":""Final key released after all profile checks."",""sequence"":3,""source"":""qkd"",""stage"":""key_release"",""state"":""released""},{""detail"":""Authenticated QKD key released."",""sequence"":4,""source"":""session"",""stage"":""session"",""state"":""established""}],""version"":1}"
1,a9f00c84-ae13-4086-9004-5b42003ed7cb,E4,qkd-pqc-auth,19,1,56c8ad76-db70-4b39-af35-178c87347a7f,false,,0,79,2026-09-08T08:17:49.135817+00:00,3747759391326887283,QKD-PQC-AUTH,6454,3.14.7,CPython,2.5.0,0.16.0,0.16.0,50.0.1,0.1.0,Windows,11,10.0.26200,AMD64,"Intel64 Family 6 Model 158 Stepping 12, GenuineIntel",ac46477bb374bde1c0ace1ef0bcfbc26b199dcfa,true,1,E4,qkd-pqc-auth,19,3747759391326887283,1,QKD-PQC-AUTH,QKD-PQC-AUTH,8192,"{""cascade_initial_block_factor"":0.73,""cascade_maximum_initial_block_size"":null,""cascade_maximum_lookback_steps"":null,""cascade_passes"":4,""phase_error_abort_threshold"":0.11,""sample_fraction"":0.2,""security_margin_bits"":0,""verification_tag_length"":32}",,[],"{""condition_id"":""qkd-pqc-auth"",""experiment_kind"":""E4"",""qkd_stages"":[{""type"":""identity""}],""replicate_index"":19,""seed"":3747759391326887283,""session"":{""internal_pqc_profile"":null,""profile"":""QKD-PQC-AUTH"",""qkd_authentication_profile"":""QKD-PQC-AUTH"",""qkd_postprocessing"":{""cascade_initial_block_factor"":0.73,""cascade_maximum_initial_block_size"":null,""cascade_maximum_lookback_steps"":null,""cascade_passes"":4,""phase_error_abort_threshold"":0.11,""sample_fraction"":0.2,""security_margin_bits"":0,""verification_tag_length"":32},""qkd_signal_count"":8192,""version"":1},""tags"":[],""version"":1}","[{""type"":""identity""}]",,persistent pre-provisioned ML-DSA identities; fresh anti-replay registry per run,,,,,,false,1,3be24ac8f54d15286c48fb7e2d8aac58,QKD-PQC-AUTH,established,,qkd_bitstring,3215,"[{""algorithm"":""privacy-amplified-bitstring"",""bit_length"":3215,""byte_length"":402,""encoding"":""big-endian packed bits with explicit bit length"",""position"":1,""protocol"":""BB84"",""source"":""qkd""}]","{""pqc_exchange"":null,""qkd_classical"":{""algorithm"":""ML-DSA-65"",""executed"":true,""mechanism"":""ml_dsa_65"",""purpose"":""QKD classical transcript authentication"",""trust_assumption"":""Peer ML-DSA-65 public identities are authenticated and pre-provisioned before the QKD session."",""verified"":true}}","{""qkd_transcript_hash_sha384"":""1c95357bca50e73b6c49921be2e5b0ffc254b9cf2ff70c4de5c450d548caf9e7651c88f61f96ebd2a7a4f5970073f0e7"",""qkd_transcript_version"":1}",1178527700,8192,4065,814,3251,3251,3215,0.4962158203125,0.3924560546875,0.0,0.0,0.0,0,412,0,402,0,814,0.0,0.0,0.0,0.0,0.0,381625,,,,,,,,,,,,,,,,,,,,,,,,,,,,,,,,,,ml_dsa_65,ML-DSA-65,post-quantum digital signature,763548,6618,2,2,2,19014800,13200400,32215200,Peer ML-DSA-65 public identities are authenticated and pre-provisioned before the QKD session.,,3904,,"{""implementation"":""cpython"",""liboqs"":""0.16.0"",""liboqs-python"":""0.16.0"",""platform"":""Windows-11-10.0.26200-SP0"",""processor"":""Intel64 Family 6 Model 158 Stepping 12, GenuineIntel"",""python"":""3.14.7""}",,,,,,,,,,,,,,,,,,,,,,,,,1210742900,"{""events"":[{""detail"":""QKD-PQC-AUTH"",""sequence"":0,""source"":""session"",""stage"":""session"",""state"":""started""},{""detail"":""BB84 post-processing completed."",""sequence"":1,""source"":""qkd"",""stage"":""bb84"",""state"":""completed""},{""detail"":""Peer ML-DSA-65 public identities are authenticated and pre-provisioned before the QKD session."",""sequence"":2,""source"":""qkd"",""stage"":""classical_authentication"",""state"":""executed_verified""},{""detail"":""Final key released after all profile checks."",""sequence"":3,""source"":""qkd"",""stage"":""key_release"",""state"":""released""},{""detail"":""Authenticated QKD key released."",""sequence"":4,""source"":""session"",""stage"":""session"",""state"":""established""}],""version"":1}"
1,980f479e-8a59-4059-b3dc-35eafcbac6f5,E4,qkd-pqc-auth,20,1,56c8ad76-db70-4b39-af35-178c87347a7f,false,,0,80,2026-09-08T08:17:50.406223+00:00,13586409394073499889,QKD-PQC-AUTH,6456,3.14.7,CPython,2.5.0,0.16.0,0.16.0,50.0.1,0.1.0,Windows,11,10.0.26200,AMD64,"Intel64 Family 6 Model 158 Stepping 12, GenuineIntel",ac46477bb374bde1c0ace1ef0bcfbc26b199dcfa,true,1,E4,qkd-pqc-auth,20,13586409394073499889,1,QKD-PQC-AUTH,QKD-PQC-AUTH,8192,"{""cascade_initial_block_factor"":0.73,""cascade_maximum_initial_block_size"":null,""cascade_maximum_lookback_steps"":null,""cascade_passes"":4,""phase_error_abort_threshold"":0.11,""sample_fraction"":0.2,""security_margin_bits"":0,""verification_tag_length"":32}",,[],"{""condition_id"":""qkd-pqc-auth"",""experiment_kind"":""E4"",""qkd_stages"":[{""type"":""identity""}],""replicate_index"":20,""seed"":13586409394073499889,""session"":{""internal_pqc_profile"":null,""profile"":""QKD-PQC-AUTH"",""qkd_authentication_profile"":""QKD-PQC-AUTH"",""qkd_postprocessing"":{""cascade_initial_block_factor"":0.73,""cascade_maximum_initial_block_size"":null,""cascade_maximum_lookback_steps"":null,""cascade_passes"":4,""phase_error_abort_threshold"":0.11,""sample_fraction"":0.2,""security_margin_bits"":0,""verification_tag_length"":32},""qkd_signal_count"":8192,""version"":1},""tags"":[],""version"":1}","[{""type"":""identity""}]",,persistent pre-provisioned ML-DSA identities; fresh anti-replay registry per run,,,,,,false,1,bc37563233592cda9567c26b704f0cdf,QKD-PQC-AUTH,established,,qkd_bitstring,3249,"[{""algorithm"":""privacy-amplified-bitstring"",""bit_length"":3249,""byte_length"":407,""encoding"":""big-endian packed bits with explicit bit length"",""position"":1,""protocol"":""BB84"",""source"":""qkd""}]","{""pqc_exchange"":null,""qkd_classical"":{""algorithm"":""ML-DSA-65"",""executed"":true,""mechanism"":""ml_dsa_65"",""purpose"":""QKD classical transcript authentication"",""trust_assumption"":""Peer ML-DSA-65 public identities are authenticated and pre-provisioned before the QKD session."",""verified"":true}}","{""qkd_transcript_hash_sha384"":""7d28157263522ba9bd78112bbec957e048dd04a3485fffc4c3a43ea19ff15bdfcea0dde2f241bb2b784304ce3f8c5ebd"",""qkd_transcript_version"":1}",1178997100,8192,4107,822,3285,3285,3249,0.5013427734375,0.3966064453125,0.0,0.0,0.0,0,416,0,406,0,822,0.0,0.0,0.0,0.0,0.0,385383,,,,,,,,,,,,,,,,,,,,,,,,,,,,,,,,,,ml_dsa_65,ML-DSA-65,post-quantum digital signature,771064,6618,2,2,2,16635200,13541800,30177000,Peer ML-DSA-65 public identities are authenticated and pre-provisioned before the QKD session.,,3904,,"{""implementation"":""cpython"",""liboqs"":""0.16.0"",""liboqs-python"":""0.16.0"",""platform"":""Windows-11-10.0.26200-SP0"",""processor"":""Intel64 Family 6 Model 158 Stepping 12, GenuineIntel"",""python"":""3.14.7""}",,,,,,,,,,,,,,,,,,,,,,,,,1209174100,"{""events"":[{""detail"":""QKD-PQC-AUTH"",""sequence"":0,""source"":""session"",""stage"":""session"",""state"":""started""},{""detail"":""BB84 post-processing completed."",""sequence"":1,""source"":""qkd"",""stage"":""bb84"",""state"":""completed""},{""detail"":""Peer ML-DSA-65 public identities are authenticated and pre-provisioned before the QKD session."",""sequence"":2,""source"":""qkd"",""stage"":""classical_authentication"",""state"":""executed_verified""},{""detail"":""Final key released after all profile checks."",""sequence"":3,""source"":""qkd"",""stage"":""key_release"",""state"":""released""},{""detail"":""Authenticated QKD key released."",""sequence"":4,""source"":""session"",""stage"":""session"",""state"":""established""}],""version"":1}"
1,86ae7738-7b23-4946-aae3-0a881f4521e2,E4,qkd-pqc-auth,21,1,56c8ad76-db70-4b39-af35-178c87347a7f,false,,0,81,2026-09-08T08:17:51.702565+00:00,8462341723292264769,QKD-PQC-AUTH,6453,3.14.7,CPython,2.5.0,0.16.0,0.16.0,50.0.1,0.1.0,Windows,11,10.0.26200,AMD64,"Intel64 Family 6 Model 158 Stepping 12, GenuineIntel",ac46477bb374bde1c0ace1ef0bcfbc26b199dcfa,true,1,E4,qkd-pqc-auth,21,8462341723292264769,1,QKD-PQC-AUTH,QKD-PQC-AUTH,8192,"{""cascade_initial_block_factor"":0.73,""cascade_maximum_initial_block_size"":null,""cascade_maximum_lookback_steps"":null,""cascade_passes"":4,""phase_error_abort_threshold"":0.11,""sample_fraction"":0.2,""security_margin_bits"":0,""verification_tag_length"":32}",,[],"{""condition_id"":""qkd-pqc-auth"",""experiment_kind"":""E4"",""qkd_stages"":[{""type"":""identity""}],""replicate_index"":21,""seed"":8462341723292264769,""session"":{""internal_pqc_profile"":null,""profile"":""QKD-PQC-AUTH"",""qkd_authentication_profile"":""QKD-PQC-AUTH"",""qkd_postprocessing"":{""cascade_initial_block_factor"":0.73,""cascade_maximum_initial_block_size"":null,""cascade_maximum_lookback_steps"":null,""cascade_passes"":4,""phase_error_abort_threshold"":0.11,""sample_fraction"":0.2,""security_margin_bits"":0,""verification_tag_length"":32},""qkd_signal_count"":8192,""version"":1},""tags"":[],""version"":1}","[{""type"":""identity""}]",,persistent pre-provisioned ML-DSA identities; fresh anti-replay registry per run,,,,,,false,1,6baca015fee4a1f3dd15847449863afc,QKD-PQC-AUTH,established,,qkd_bitstring,3210,"[{""algorithm"":""privacy-amplified-bitstring"",""bit_length"":3210,""byte_length"":402,""encoding"":""big-endian packed bits with explicit bit length"",""position"":1,""protocol"":""BB84"",""source"":""qkd""}]","{""pqc_exchange"":null,""qkd_classical"":{""algorithm"":""ML-DSA-65"",""executed"":true,""mechanism"":""ml_dsa_65"",""purpose"":""QKD classical transcript authentication"",""trust_assumption"":""Peer ML-DSA-65 public identities are authenticated and pre-provisioned before the QKD session."",""verified"":true}}","{""qkd_transcript_hash_sha384"":""d871ff1ba0c5d3652c787ba3f7b6549ec9767295c81aa75b43fc6da003a0f2dd9c479a9a9d27b518b20d18503111dc8e"",""qkd_transcript_version"":1}",1204666600,8192,4059,813,3246,3246,3210,0.4954833984375,0.391845703125,0.0,0.0,0.0,0,406,0,407,0,813,0.0,0.0,0.0,0.0,0.0,381076,,,,,,,,,,,,,,,,,,,,,,,,,,,,,,,,,,ml_dsa_65,ML-DSA-65,post-quantum digital signature,762450,6618,2,2,2,15492800,13201400,28694200,Peer ML-DSA-65 public identities are authenticated and pre-provisioned before the QKD session.,,3904,,"{""implementation"":""cpython"",""liboqs"":""0.16.0"",""liboqs-python"":""0.16.0"",""platform"":""Windows-11-10.0.26200-SP0"",""processor"":""Intel64 Family 6 Model 158 Stepping 12, GenuineIntel"",""python"":""3.14.7""}",,,,,,,,,,,,,,,,,,,,,,,,,1233360800,"{""events"":[{""detail"":""QKD-PQC-AUTH"",""sequence"":0,""source"":""session"",""stage"":""session"",""state"":""started""},{""detail"":""BB84 post-processing completed."",""sequence"":1,""source"":""qkd"",""stage"":""bb84"",""state"":""completed""},{""detail"":""Peer ML-DSA-65 public identities are authenticated and pre-provisioned before the QKD session."",""sequence"":2,""source"":""qkd"",""stage"":""classical_authentication"",""state"":""executed_verified""},{""detail"":""Final key released after all profile checks."",""sequence"":3,""source"":""qkd"",""stage"":""key_release"",""state"":""released""},{""detail"":""Authenticated QKD key released."",""sequence"":4,""source"":""session"",""stage"":""session"",""state"":""established""}],""version"":1}"
1,baffc874-c755-4d52-8e47-b58e1a62f840,E4,qkd-pqc-auth,22,1,56c8ad76-db70-4b39-af35-178c87347a7f,false,,0,82,2026-09-08T08:17:52.978072+00:00,8461503239743638741,QKD-PQC-AUTH,6452,3.14.7,CPython,2.5.0,0.16.0,0.16.0,50.0.1,0.1.0,Windows,11,10.0.26200,AMD64,"Intel64 Family 6 Model 158 Stepping 12, GenuineIntel",ac46477bb374bde1c0ace1ef0bcfbc26b199dcfa,true,1,E4,qkd-pqc-auth,22,8461503239743638741,1,QKD-PQC-AUTH,QKD-PQC-AUTH,8192,"{""cascade_initial_block_factor"":0.73,""cascade_maximum_initial_block_size"":null,""cascade_maximum_lookback_steps"":null,""cascade_passes"":4,""phase_error_abort_threshold"":0.11,""sample_fraction"":0.2,""security_margin_bits"":0,""verification_tag_length"":32}",,[],"{""condition_id"":""qkd-pqc-auth"",""experiment_kind"":""E4"",""qkd_stages"":[{""type"":""identity""}],""replicate_index"":22,""seed"":8461503239743638741,""session"":{""internal_pqc_profile"":null,""profile"":""QKD-PQC-AUTH"",""qkd_authentication_profile"":""QKD-PQC-AUTH"",""qkd_postprocessing"":{""cascade_initial_block_factor"":0.73,""cascade_maximum_initial_block_size"":null,""cascade_maximum_lookback_steps"":null,""cascade_passes"":4,""phase_error_abort_threshold"":0.11,""sample_fraction"":0.2,""security_margin_bits"":0,""verification_tag_length"":32},""qkd_signal_count"":8192,""version"":1},""tags"":[],""version"":1}","[{""type"":""identity""}]",,persistent pre-provisioned ML-DSA identities; fresh anti-replay registry per run,,,,,,false,1,3dbce1e2853f4e35e51a5ae74083fba2,QKD-PQC-AUTH,established,,qkd_bitstring,3206,"[{""algorithm"":""privacy-amplified-bitstring"",""bit_length"":3206,""byte_length"":401,""encoding"":""big-endian packed bits with explicit bit length"",""position"":1,""protocol"":""BB84"",""source"":""qkd""}]","{""pqc_exchange"":null,""qkd_classical"":{""algorithm"":""ML-DSA-65"",""executed"":true,""mechanism"":""ml_dsa_65"",""purpose"":""QKD classical transcript authentication"",""trust_assumption"":""Peer ML-DSA-65 public identities are authenticated and pre-provisioned before the QKD session."",""verified"":true}}","{""qkd_transcript_hash_sha384"":""cccaa865c9d6335b3c84c759f19e85e371e3f3338c9c185d9f9ac455948148639bd20ae261e913bf6c0781213402f90d"",""qkd_transcript_version"":1}",1177455700,8192,4054,812,3242,3242,3206,0.494873046875,0.391357421875,0.0,0.0,0.0,0,397,0,415,0,812,0.0,0.0,0.0,0.0,0.0,380633,,,,,,,,,,,,,,,,,,,,,,,,,,,,,,,,,,ml_dsa_65,ML-DSA-65,post-quantum digital signature,761564,6618,2,2,2,23492400,13436100,36928500,Peer ML-DSA-65 public identities are authenticated and pre-provisioned before the QKD session.,,3904,,"{""implementation"":""cpython"",""liboqs"":""0.16.0"",""liboqs-python"":""0.16.0"",""platform"":""Windows-11-10.0.26200-SP0"",""processor"":""Intel64 Family 6 Model 158 Stepping 12, GenuineIntel"",""python"":""3.14.7""}",,,,,,,,,,,,,,,,,,,,,,,,,1214384200,"{""events"":[{""detail"":""QKD-PQC-AUTH"",""sequence"":0,""source"":""session"",""stage"":""session"",""state"":""started""},{""detail"":""BB84 post-processing completed."",""sequence"":1,""source"":""qkd"",""stage"":""bb84"",""state"":""completed""},{""detail"":""Peer ML-DSA-65 public identities are authenticated and pre-provisioned before the QKD session."",""sequence"":2,""source"":""qkd"",""stage"":""classical_authentication"",""state"":""executed_verified""},{""detail"":""Final key released after all profile checks."",""sequence"":3,""source"":""qkd"",""stage"":""key_release"",""state"":""released""},{""detail"":""Authenticated QKD key released."",""sequence"":4,""source"":""session"",""stage"":""session"",""state"":""established""}],""version"":1}"
1,1bd1af14-172a-4406-abe2-4bda303d4514,E4,qkd-pqc-auth,23,1,56c8ad76-db70-4b39-af35-178c87347a7f,false,,0,83,2026-09-08T08:17:54.241205+00:00,15744960315248446715,QKD-PQC-AUTH,6456,3.14.7,CPython,2.5.0,0.16.0,0.16.0,50.0.1,0.1.0,Windows,11,10.0.26200,AMD64,"Intel64 Family 6 Model 158 Stepping 12, GenuineIntel",ac46477bb374bde1c0ace1ef0bcfbc26b199dcfa,true,1,E4,qkd-pqc-auth,23,15744960315248446715,1,QKD-PQC-AUTH,QKD-PQC-AUTH,8192,"{""cascade_initial_block_factor"":0.73,""cascade_maximum_initial_block_size"":null,""cascade_maximum_lookback_steps"":null,""cascade_passes"":4,""phase_error_abort_threshold"":0.11,""sample_fraction"":0.2,""security_margin_bits"":0,""verification_tag_length"":32}",,[],"{""condition_id"":""qkd-pqc-auth"",""experiment_kind"":""E4"",""qkd_stages"":[{""type"":""identity""}],""replicate_index"":23,""seed"":15744960315248446715,""session"":{""internal_pqc_profile"":null,""profile"":""QKD-PQC-AUTH"",""qkd_authentication_profile"":""QKD-PQC-AUTH"",""qkd_postprocessing"":{""cascade_initial_block_factor"":0.73,""cascade_maximum_initial_block_size"":null,""cascade_maximum_lookback_steps"":null,""cascade_passes"":4,""phase_error_abort_threshold"":0.11,""sample_fraction"":0.2,""security_margin_bits"":0,""verification_tag_length"":32},""qkd_signal_count"":8192,""version"":1},""tags"":[],""version"":1}","[{""type"":""identity""}]",,persistent pre-provisioned ML-DSA identities; fresh anti-replay registry per run,,,,,,false,1,a8a266218c8d0fdc7d39b18fc396f24b,QKD-PQC-AUTH,established,,qkd_bitstring,3235,"[{""algorithm"":""privacy-amplified-bitstring"",""bit_length"":3235,""byte_length"":405,""encoding"":""big-endian packed bits with explicit bit length"",""position"":1,""protocol"":""BB84"",""source"":""qkd""}]","{""pqc_exchange"":null,""qkd_classical"":{""algorithm"":""ML-DSA-65"",""executed"":true,""mechanism"":""ml_dsa_65"",""purpose"":""QKD classical transcript authentication"",""trust_assumption"":""Peer ML-DSA-65 public identities are authenticated and pre-provisioned before the QKD session."",""verified"":true}}","{""qkd_transcript_hash_sha384"":""8b204294bf46626fb34e088c1d1534e750bc6e29ed117493861e91b6666fcbc63bee9fd1c464f6faa7291f65deac9ca1"",""qkd_transcript_version"":1}",1173894800,8192,4089,818,3271,3271,3235,0.4991455078125,0.3948974609375,0.0,0.0,0.0,0,408,0,410,0,818,0.0,0.0,0.0,0.0,0.0,383818,,,,,,,,,,,,,,,,,,,,,,,,,,,,,,,,,,ml_dsa_65,ML-DSA-65,post-quantum digital signature,767934,6618,2,2,2,15386400,13691000,29077400,Peer ML-DSA-65 public identities are authenticated and pre-provisioned before the QKD session.,,3904,,"{""implementation"":""cpython"",""liboqs"":""0.16.0"",""liboqs-python"":""0.16.0"",""platform"":""Windows-11-10.0.26200-SP0"",""processor"":""Intel64 Family 6 Model 158 Stepping 12, GenuineIntel"",""python"":""3.14.7""}",,,,,,,,,,,,,,,,,,,,,,,,,1202972200,"{""events"":[{""detail"":""QKD-PQC-AUTH"",""sequence"":0,""source"":""session"",""stage"":""session"",""state"":""started""},{""detail"":""BB84 post-processing completed."",""sequence"":1,""source"":""qkd"",""stage"":""bb84"",""state"":""completed""},{""detail"":""Peer ML-DSA-65 public identities are authenticated and pre-provisioned before the QKD session."",""sequence"":2,""source"":""qkd"",""stage"":""classical_authentication"",""state"":""executed_verified""},{""detail"":""Final key released after all profile checks."",""sequence"":3,""source"":""qkd"",""stage"":""key_release"",""state"":""released""},{""detail"":""Authenticated QKD key released."",""sequence"":4,""source"":""session"",""stage"":""session"",""state"":""established""}],""version"":1}"
1,98730be7-2b27-47f5-96f8-64ec7ba78a17,E4,qkd-pqc-auth,24,1,56c8ad76-db70-4b39-af35-178c87347a7f,false,,0,84,2026-09-08T08:17:55.524581+00:00,16136230971014270418,QKD-PQC-AUTH,6453,3.14.7,CPython,2.5.0,0.16.0,0.16.0,50.0.1,0.1.0,Windows,11,10.0.26200,AMD64,"Intel64 Family 6 Model 158 Stepping 12, GenuineIntel",ac46477bb374bde1c0ace1ef0bcfbc26b199dcfa,true,1,E4,qkd-pqc-auth,24,16136230971014270418,1,QKD-PQC-AUTH,QKD-PQC-AUTH,8192,"{""cascade_initial_block_factor"":0.73,""cascade_maximum_initial_block_size"":null,""cascade_maximum_lookback_steps"":null,""cascade_passes"":4,""phase_error_abort_threshold"":0.11,""sample_fraction"":0.2,""security_margin_bits"":0,""verification_tag_length"":32}",,[],"{""condition_id"":""qkd-pqc-auth"",""experiment_kind"":""E4"",""qkd_stages"":[{""type"":""identity""}],""replicate_index"":24,""seed"":16136230971014270418,""session"":{""internal_pqc_profile"":null,""profile"":""QKD-PQC-AUTH"",""qkd_authentication_profile"":""QKD-PQC-AUTH"",""qkd_postprocessing"":{""cascade_initial_block_factor"":0.73,""cascade_maximum_initial_block_size"":null,""cascade_maximum_lookback_steps"":null,""cascade_passes"":4,""phase_error_abort_threshold"":0.11,""sample_fraction"":0.2,""security_margin_bits"":0,""verification_tag_length"":32},""qkd_signal_count"":8192,""version"":1},""tags"":[],""version"":1}","[{""type"":""identity""}]",,persistent pre-provisioned ML-DSA identities; fresh anti-replay registry per run,,,,,,false,1,76119c6d40b0e88b58642881b7c290ba,QKD-PQC-AUTH,established,,qkd_bitstring,3250,"[{""algorithm"":""privacy-amplified-bitstring"",""bit_length"":3250,""byte_length"":407,""encoding"":""big-endian packed bits with explicit bit length"",""position"":1,""protocol"":""BB84"",""source"":""qkd""}]","{""pqc_exchange"":null,""qkd_classical"":{""algorithm"":""ML-DSA-65"",""executed"":true,""mechanism"":""ml_dsa_65"",""purpose"":""QKD classical transcript authentication"",""trust_assumption"":""Peer ML-DSA-65 public identities are authenticated and pre-provisioned before the QKD session."",""verified"":true}}","{""qkd_transcript_hash_sha384"":""82ef0858b6fc91f561967c626719d7873bfe4df8406d741b01f0eb4db5f7e1dcbcaf379ec84dcd97b42eca8efa737cc3"",""qkd_transcript_version"":1}",1188140400,8192,4108,822,3286,3286,3250,0.50146484375,0.396728515625,0.0,0.0,0.0,0,419,0,403,0,822,0.0,0.0,0.0,0.0,0.0,385487,,,,,,,,,,,,,,,,,,,,,,,,,,,,,,,,,,ml_dsa_65,ML-DSA-65,post-quantum digital signature,771272,6618,2,2,2,19594900,13706600,33301500,Peer ML-DSA-65 public identities are authenticated and pre-provisioned before the QKD session.,,3904,,"{""implementation"":""cpython"",""liboqs"":""0.16.0"",""liboqs-python"":""0.16.0"",""platform"":""Windows-11-10.0.26200-SP0"",""processor"":""Intel64 Family 6 Model 158 Stepping 12, GenuineIntel"",""python"":""3.14.7""}",,,,,,,,,,,,,,,,,,,,,,,,,1221441900,"{""events"":[{""detail"":""QKD-PQC-AUTH"",""sequence"":0,""source"":""session"",""stage"":""session"",""state"":""started""},{""detail"":""BB84 post-processing completed."",""sequence"":1,""source"":""qkd"",""stage"":""bb84"",""state"":""completed""},{""detail"":""Peer ML-DSA-65 public identities are authenticated and pre-provisioned before the QKD session."",""sequence"":2,""source"":""qkd"",""stage"":""classical_authentication"",""state"":""executed_verified""},{""detail"":""Final key released after all profile checks."",""sequence"":3,""source"":""qkd"",""stage"":""key_release"",""state"":""released""},{""detail"":""Authenticated QKD key released."",""sequence"":4,""source"":""session"",""stage"":""session"",""state"":""established""}],""version"":1}"
1,6c0270cb-a1c2-4b56-8161-ee85971f5cbc,E4,qkd-pqc-auth,25,1,56c8ad76-db70-4b39-af35-178c87347a7f,false,,0,85,2026-09-08T08:17:56.818518+00:00,3677795242345442013,QKD-PQC-AUTH,6448,3.14.7,CPython,2.5.0,0.16.0,0.16.0,50.0.1,0.1.0,Windows,11,10.0.26200,AMD64,"Intel64 Family 6 Model 158 Stepping 12, GenuineIntel",ac46477bb374bde1c0ace1ef0bcfbc26b199dcfa,true,1,E4,qkd-pqc-auth,25,3677795242345442013,1,QKD-PQC-AUTH,QKD-PQC-AUTH,8192,"{""cascade_initial_block_factor"":0.73,""cascade_maximum_initial_block_size"":null,""cascade_maximum_lookback_steps"":null,""cascade_passes"":4,""phase_error_abort_threshold"":0.11,""sample_fraction"":0.2,""security_margin_bits"":0,""verification_tag_length"":32}",,[],"{""condition_id"":""qkd-pqc-auth"",""experiment_kind"":""E4"",""qkd_stages"":[{""type"":""identity""}],""replicate_index"":25,""seed"":3677795242345442013,""session"":{""internal_pqc_profile"":null,""profile"":""QKD-PQC-AUTH"",""qkd_authentication_profile"":""QKD-PQC-AUTH"",""qkd_postprocessing"":{""cascade_initial_block_factor"":0.73,""cascade_maximum_initial_block_size"":null,""cascade_maximum_lookback_steps"":null,""cascade_passes"":4,""phase_error_abort_threshold"":0.11,""sample_fraction"":0.2,""security_margin_bits"":0,""verification_tag_length"":32},""qkd_signal_count"":8192,""version"":1},""tags"":[],""version"":1}","[{""type"":""identity""}]",,persistent pre-provisioned ML-DSA identities; fresh anti-replay registry per run,,,,,,false,1,ef1f45c1af836719b8c6a68255b404d5,QKD-PQC-AUTH,established,,qkd_bitstring,3208,"[{""algorithm"":""privacy-amplified-bitstring"",""bit_length"":3208,""byte_length"":401,""encoding"":""big-endian packed bits with explicit bit length"",""position"":1,""protocol"":""BB84"",""source"":""qkd""}]","{""pqc_exchange"":null,""qkd_classical"":{""algorithm"":""ML-DSA-65"",""executed"":true,""mechanism"":""ml_dsa_65"",""purpose"":""QKD classical transcript authentication"",""trust_assumption"":""Peer ML-DSA-65 public identities are authenticated and pre-provisioned before the QKD session."",""verified"":true}}","{""qkd_transcript_hash_sha384"":""11fff8abd0d7b2663924e061852c8c2fd2968bdbb5e1365740a1e7d15bd56ee5bcdb1fa43226cc5f69fa8f96cbd17d89"",""qkd_transcript_version"":1}",1202739400,8192,4056,812,3244,3244,3208,0.4951171875,0.3916015625,0.0,0.0,0.0,0,416,0,396,0,812,0.0,0.0,0.0,0.0,0.0,380842,,,,,,,,,,,,,,,,,,,,,,,,,,,,,,,,,,ml_dsa_65,ML-DSA-65,post-quantum digital signature,761982,6618,2,2,2,15501200,13151500,28652700,Peer ML-DSA-65 public identities are authenticated and pre-provisioned before the QKD session.,,3904,,"{""implementation"":""cpython"",""liboqs"":""0.16.0"",""liboqs-python"":""0.16.0"",""platform"":""Windows-11-10.0.26200-SP0"",""processor"":""Intel64 Family 6 Model 158 Stepping 12, GenuineIntel"",""python"":""3.14.7""}",,,,,,,,,,,,,,,,,,,,,,,,,1231392100,"{""events"":[{""detail"":""QKD-PQC-AUTH"",""sequence"":0,""source"":""session"",""stage"":""session"",""state"":""started""},{""detail"":""BB84 post-processing completed."",""sequence"":1,""source"":""qkd"",""stage"":""bb84"",""state"":""completed""},{""detail"":""Peer ML-DSA-65 public identities are authenticated and pre-provisioned before the QKD session."",""sequence"":2,""source"":""qkd"",""stage"":""classical_authentication"",""state"":""executed_verified""},{""detail"":""Final key released after all profile checks."",""sequence"":3,""source"":""qkd"",""stage"":""key_release"",""state"":""released""},{""detail"":""Authenticated QKD key released."",""sequence"":4,""source"":""session"",""stage"":""session"",""state"":""established""}],""version"":1}"
1,88621ead-7219-49b1-aa33-ceb87ef6cfe2,E4,qkd-pqc-auth,26,1,56c8ad76-db70-4b39-af35-178c87347a7f,false,,0,86,2026-09-08T08:17:58.123012+00:00,12689988155540825294,QKD-PQC-AUTH,6452,3.14.7,CPython,2.5.0,0.16.0,0.16.0,50.0.1,0.1.0,Windows,11,10.0.26200,AMD64,"Intel64 Family 6 Model 158 Stepping 12, GenuineIntel",ac46477bb374bde1c0ace1ef0bcfbc26b199dcfa,true,1,E4,qkd-pqc-auth,26,12689988155540825294,1,QKD-PQC-AUTH,QKD-PQC-AUTH,8192,"{""cascade_initial_block_factor"":0.73,""cascade_maximum_initial_block_size"":null,""cascade_maximum_lookback_steps"":null,""cascade_passes"":4,""phase_error_abort_threshold"":0.11,""sample_fraction"":0.2,""security_margin_bits"":0,""verification_tag_length"":32}",,[],"{""condition_id"":""qkd-pqc-auth"",""experiment_kind"":""E4"",""qkd_stages"":[{""type"":""identity""}],""replicate_index"":26,""seed"":12689988155540825294,""session"":{""internal_pqc_profile"":null,""profile"":""QKD-PQC-AUTH"",""qkd_authentication_profile"":""QKD-PQC-AUTH"",""qkd_postprocessing"":{""cascade_initial_block_factor"":0.73,""cascade_maximum_initial_block_size"":null,""cascade_maximum_lookback_steps"":null,""cascade_passes"":4,""phase_error_abort_threshold"":0.11,""sample_fraction"":0.2,""security_margin_bits"":0,""verification_tag_length"":32},""qkd_signal_count"":8192,""version"":1},""tags"":[],""version"":1}","[{""type"":""identity""}]",,persistent pre-provisioned ML-DSA identities; fresh anti-replay registry per run,,,,,,false,1,101a27fd0ee0e7e07a38eddb68cb9286,QKD-PQC-AUTH,established,,qkd_bitstring,3298,"[{""algorithm"":""privacy-amplified-bitstring"",""bit_length"":3298,""byte_length"":413,""encoding"":""big-endian packed bits with explicit bit length"",""position"":1,""protocol"":""BB84"",""source"":""qkd""}]","{""pqc_exchange"":null,""qkd_classical"":{""algorithm"":""ML-DSA-65"",""executed"":true,""mechanism"":""ml_dsa_65"",""purpose"":""QKD classical transcript authentication"",""trust_assumption"":""Peer ML-DSA-65 public identities are authenticated and pre-provisioned before the QKD session."",""verified"":true}}","{""qkd_transcript_hash_sha384"":""05346a6900c93320be7e1ab8913adca9d0d9810a5d39268871b09be3af754498ebab2fa84d4bf4037453fd70f46a4e4b"",""qkd_transcript_version"":1}",1214389200,8192,4168,834,3334,3334,3298,0.5087890625,0.402587890625,0.0,0.0,0.0,0,425,0,409,0,834,0.0,0.0,0.0,0.0,0.0,390813,,,,,,,,,,,,,,,,,,,,,,,,,,,,,,,,,,ml_dsa_65,ML-DSA-65,post-quantum digital signature,781924,6618,2,2,2,15146500,13524800,28671300,Peer ML-DSA-65 public identities are authenticated and pre-provisioned before the QKD session.,,3904,,"{""implementation"":""cpython"",""liboqs"":""0.16.0"",""liboqs-python"":""0.16.0"",""platform"":""Windows-11-10.0.26200-SP0"",""processor"":""Intel64 Family 6 Model 158 Stepping 12, GenuineIntel"",""python"":""3.14.7""}",,,,,,,,,,,,,,,,,,,,,,,,,1243060500,"{""events"":[{""detail"":""QKD-PQC-AUTH"",""sequence"":0,""source"":""session"",""stage"":""session"",""state"":""started""},{""detail"":""BB84 post-processing completed."",""sequence"":1,""source"":""qkd"",""stage"":""bb84"",""state"":""completed""},{""detail"":""Peer ML-DSA-65 public identities are authenticated and pre-provisioned before the QKD session."",""sequence"":2,""source"":""qkd"",""stage"":""classical_authentication"",""state"":""executed_verified""},{""detail"":""Final key released after all profile checks."",""sequence"":3,""source"":""qkd"",""stage"":""key_release"",""state"":""released""},{""detail"":""Authenticated QKD key released."",""sequence"":4,""source"":""session"",""stage"":""session"",""state"":""established""}],""version"":1}"
1,24c8b66a-b08c-4e93-bfcc-95bf78771faf,E4,qkd-pqc-auth,27,1,56c8ad76-db70-4b39-af35-178c87347a7f,false,,0,87,2026-09-08T08:17:59.411400+00:00,8215383501404857476,QKD-PQC-AUTH,6449,3.14.7,CPython,2.5.0,0.16.0,0.16.0,50.0.1,0.1.0,Windows,11,10.0.26200,AMD64,"Intel64 Family 6 Model 158 Stepping 12, GenuineIntel",ac46477bb374bde1c0ace1ef0bcfbc26b199dcfa,true,1,E4,qkd-pqc-auth,27,8215383501404857476,1,QKD-PQC-AUTH,QKD-PQC-AUTH,8192,"{""cascade_initial_block_factor"":0.73,""cascade_maximum_initial_block_size"":null,""cascade_maximum_lookback_steps"":null,""cascade_passes"":4,""phase_error_abort_threshold"":0.11,""sample_fraction"":0.2,""security_margin_bits"":0,""verification_tag_length"":32}",,[],"{""condition_id"":""qkd-pqc-auth"",""experiment_kind"":""E4"",""qkd_stages"":[{""type"":""identity""}],""replicate_index"":27,""seed"":8215383501404857476,""session"":{""internal_pqc_profile"":null,""profile"":""QKD-PQC-AUTH"",""qkd_authentication_profile"":""QKD-PQC-AUTH"",""qkd_postprocessing"":{""cascade_initial_block_factor"":0.73,""cascade_maximum_initial_block_size"":null,""cascade_maximum_lookback_steps"":null,""cascade_passes"":4,""phase_error_abort_threshold"":0.11,""sample_fraction"":0.2,""security_margin_bits"":0,""verification_tag_length"":32},""qkd_signal_count"":8192,""version"":1},""tags"":[],""version"":1}","[{""type"":""identity""}]",,persistent pre-provisioned ML-DSA identities; fresh anti-replay registry per run,,,,,,false,1,f3ea2541348ee52bf58dcedccbe4e851,QKD-PQC-AUTH,established,,qkd_bitstring,3284,"[{""algorithm"":""privacy-amplified-bitstring"",""bit_length"":3284,""byte_length"":411,""encoding"":""big-endian packed bits with explicit bit length"",""position"":1,""protocol"":""BB84"",""source"":""qkd""}]","{""pqc_exchange"":null,""qkd_classical"":{""algorithm"":""ML-DSA-65"",""executed"":true,""mechanism"":""ml_dsa_65"",""purpose"":""QKD classical transcript authentication"",""trust_assumption"":""Peer ML-DSA-65 public identities are authenticated and pre-provisioned before the QKD session."",""verified"":true}}","{""qkd_transcript_hash_sha384"":""6058a7bd7ca9c816b498da8a9587e0824a951a7263c18789ea592f0b2d0bf66a261fa39bd1e37e1c9f5dce13c4a93d7f"",""qkd_transcript_version"":1}",1192455100,8192,4152,832,3320,3320,3284,0.5068359375,0.40087890625,0.0,0.0,0.0,0,423,0,409,0,832,0.0,0.0,0.0,0.0,0.0,389298,,,,,,,,,,,,,,,,,,,,,,,,,,,,,,,,,,ml_dsa_65,ML-DSA-65,post-quantum digital signature,778894,6618,2,2,2,20730800,13596200,34327000,Peer ML-DSA-65 public identities are authenticated and pre-provisioned before the QKD session.,,3904,,"{""implementation"":""cpython"",""liboqs"":""0.16.0"",""liboqs-python"":""0.16.0"",""platform"":""Windows-11-10.0.26200-SP0"",""processor"":""Intel64 Family 6 Model 158 Stepping 12, GenuineIntel"",""python"":""3.14.7""}",,,,,,,,,,,,,,,,,,,,,,,,,1226782100,"{""events"":[{""detail"":""QKD-PQC-AUTH"",""sequence"":0,""source"":""session"",""stage"":""session"",""state"":""started""},{""detail"":""BB84 post-processing completed."",""sequence"":1,""source"":""qkd"",""stage"":""bb84"",""state"":""completed""},{""detail"":""Peer ML-DSA-65 public identities are authenticated and pre-provisioned before the QKD session."",""sequence"":2,""source"":""qkd"",""stage"":""classical_authentication"",""state"":""executed_verified""},{""detail"":""Final key released after all profile checks."",""sequence"":3,""source"":""qkd"",""stage"":""key_release"",""state"":""released""},{""detail"":""Authenticated QKD key released."",""sequence"":4,""source"":""session"",""stage"":""session"",""state"":""established""}],""version"":1}"
1,e94f20f6-7d42-448c-b0ce-645e198804dd,E4,qkd-pqc-auth,28,1,56c8ad76-db70-4b39-af35-178c87347a7f,false,,0,88,2026-09-08T08:18:00.701836+00:00,13394359127903597066,QKD-PQC-AUTH,6452,3.14.7,CPython,2.5.0,0.16.0,0.16.0,50.0.1,0.1.0,Windows,11,10.0.26200,AMD64,"Intel64 Family 6 Model 158 Stepping 12, GenuineIntel",ac46477bb374bde1c0ace1ef0bcfbc26b199dcfa,true,1,E4,qkd-pqc-auth,28,13394359127903597066,1,QKD-PQC-AUTH,QKD-PQC-AUTH,8192,"{""cascade_initial_block_factor"":0.73,""cascade_maximum_initial_block_size"":null,""cascade_maximum_lookback_steps"":null,""cascade_passes"":4,""phase_error_abort_threshold"":0.11,""sample_fraction"":0.2,""security_margin_bits"":0,""verification_tag_length"":32}",,[],"{""condition_id"":""qkd-pqc-auth"",""experiment_kind"":""E4"",""qkd_stages"":[{""type"":""identity""}],""replicate_index"":28,""seed"":13394359127903597066,""session"":{""internal_pqc_profile"":null,""profile"":""QKD-PQC-AUTH"",""qkd_authentication_profile"":""QKD-PQC-AUTH"",""qkd_postprocessing"":{""cascade_initial_block_factor"":0.73,""cascade_maximum_initial_block_size"":null,""cascade_maximum_lookback_steps"":null,""cascade_passes"":4,""phase_error_abort_threshold"":0.11,""sample_fraction"":0.2,""security_margin_bits"":0,""verification_tag_length"":32},""qkd_signal_count"":8192,""version"":1},""tags"":[],""version"":1}","[{""type"":""identity""}]",,persistent pre-provisioned ML-DSA identities; fresh anti-replay registry per run,,,,,,false,1,8d8feb7e8e379f7bb1ea86dc9efa0dce,QKD-PQC-AUTH,established,,qkd_bitstring,3253,"[{""algorithm"":""privacy-amplified-bitstring"",""bit_length"":3253,""byte_length"":407,""encoding"":""big-endian packed bits with explicit bit length"",""position"":1,""protocol"":""BB84"",""source"":""qkd""}]","{""pqc_exchange"":null,""qkd_classical"":{""algorithm"":""ML-DSA-65"",""executed"":true,""mechanism"":""ml_dsa_65"",""purpose"":""QKD classical transcript authentication"",""trust_assumption"":""Peer ML-DSA-65 public identities are authenticated and pre-provisioned before the QKD session."",""verified"":true}}","{""qkd_transcript_hash_sha384"":""b5669151b1b20c7b7f85932393d8990e95c275a9007e13d997d92a9165b2b0d2cd1fdcbcdeeb5430ea22a0c61c5aaca8"",""qkd_transcript_version"":1}",1199286500,8192,4112,823,3289,3289,3253,0.501953125,0.3970947265625,0.0,0.0,0.0,0,416,0,407,0,823,0.0,0.0,0.0,0.0,0.0,385826,,,,,,,,,,,,,,,,,,,,,,,,,,,,,,,,,,ml_dsa_65,ML-DSA-65,post-quantum digital signature,771950,6618,2,2,2,14293700,13429400,27723100,Peer ML-DSA-65 public identities are authenticated and pre-provisioned before the QKD session.,,3904,,"{""implementation"":""cpython"",""liboqs"":""0.16.0"",""liboqs-python"":""0.16.0"",""platform"":""Windows-11-10.0.26200-SP0"",""processor"":""Intel64 Family 6 Model 158 Stepping 12, GenuineIntel"",""python"":""3.14.7""}",,,,,,,,,,,,,,,,,,,,,,,,,1227009600,"{""events"":[{""detail"":""QKD-PQC-AUTH"",""sequence"":0,""source"":""session"",""stage"":""session"",""state"":""started""},{""detail"":""BB84 post-processing completed."",""sequence"":1,""source"":""qkd"",""stage"":""bb84"",""state"":""completed""},{""detail"":""Peer ML-DSA-65 public identities are authenticated and pre-provisioned before the QKD session."",""sequence"":2,""source"":""qkd"",""stage"":""classical_authentication"",""state"":""executed_verified""},{""detail"":""Final key released after all profile checks."",""sequence"":3,""source"":""qkd"",""stage"":""key_release"",""state"":""released""},{""detail"":""Authenticated QKD key released."",""sequence"":4,""source"":""session"",""stage"":""session"",""state"":""established""}],""version"":1}"
1,f0bf84ad-d8ae-42c7-b2d1-2f4b56d0cd07,E4,qkd-pqc-auth,29,1,56c8ad76-db70-4b39-af35-178c87347a7f,false,,0,89,2026-09-08T08:18:02.000008+00:00,13354306584481114253,QKD-PQC-AUTH,6455,3.14.7,CPython,2.5.0,0.16.0,0.16.0,50.0.1,0.1.0,Windows,11,10.0.26200,AMD64,"Intel64 Family 6 Model 158 Stepping 12, GenuineIntel",ac46477bb374bde1c0ace1ef0bcfbc26b199dcfa,true,1,E4,qkd-pqc-auth,29,13354306584481114253,1,QKD-PQC-AUTH,QKD-PQC-AUTH,8192,"{""cascade_initial_block_factor"":0.73,""cascade_maximum_initial_block_size"":null,""cascade_maximum_lookback_steps"":null,""cascade_passes"":4,""phase_error_abort_threshold"":0.11,""sample_fraction"":0.2,""security_margin_bits"":0,""verification_tag_length"":32}",,[],"{""condition_id"":""qkd-pqc-auth"",""experiment_kind"":""E4"",""qkd_stages"":[{""type"":""identity""}],""replicate_index"":29,""seed"":13354306584481114253,""session"":{""internal_pqc_profile"":null,""profile"":""QKD-PQC-AUTH"",""qkd_authentication_profile"":""QKD-PQC-AUTH"",""qkd_postprocessing"":{""cascade_initial_block_factor"":0.73,""cascade_maximum_initial_block_size"":null,""cascade_maximum_lookback_steps"":null,""cascade_passes"":4,""phase_error_abort_threshold"":0.11,""sample_fraction"":0.2,""security_margin_bits"":0,""verification_tag_length"":32},""qkd_signal_count"":8192,""version"":1},""tags"":[],""version"":1}","[{""type"":""identity""}]",,persistent pre-provisioned ML-DSA identities; fresh anti-replay registry per run,,,,,,false,1,3a42b0c2513bd363482163399ec6e285,QKD-PQC-AUTH,established,,qkd_bitstring,3262,"[{""algorithm"":""privacy-amplified-bitstring"",""bit_length"":3262,""byte_length"":408,""encoding"":""big-endian packed bits with explicit bit length"",""position"":1,""protocol"":""BB84"",""source"":""qkd""}]","{""pqc_exchange"":null,""qkd_classical"":{""algorithm"":""ML-DSA-65"",""executed"":true,""mechanism"":""ml_dsa_65"",""purpose"":""QKD classical transcript authentication"",""trust_assumption"":""Peer ML-DSA-65 public identities are authenticated and pre-provisioned before the QKD session."",""verified"":true}}","{""qkd_transcript_hash_sha384"":""ad93a3734675d5100c13d00804ad482d5d2e6e36681269a9cee40ac0237237d2a22db3c18f99061da744cf6f79c780aa"",""qkd_transcript_version"":1}",1196913200,8192,4123,825,3298,3298,3262,0.5032958984375,0.398193359375,0.0,0.0,0.0,0,412,0,413,0,825,0.0,0.0,0.0,0.0,0.0,386820,,,,,,,,,,,,,,,,,,,,,,,,,,,,,,,,,,ml_dsa_65,ML-DSA-65,post-quantum digital signature,773938,6618,2,2,2,28042700,13335100,41377800,Peer ML-DSA-65 public identities are authenticated and pre-provisioned before the QKD session.,,3904,,"{""implementation"":""cpython"",""liboqs"":""0.16.0"",""liboqs-python"":""0.16.0"",""platform"":""Windows-11-10.0.26200-SP0"",""processor"":""Intel64 Family 6 Model 158 Stepping 12, GenuineIntel"",""python"":""3.14.7""}",,,,,,,,,,,,,,,,,,,,,,,,,1238291000,"{""events"":[{""detail"":""QKD-PQC-AUTH"",""sequence"":0,""source"":""session"",""stage"":""session"",""state"":""started""},{""detail"":""BB84 post-processing completed."",""sequence"":1,""source"":""qkd"",""stage"":""bb84"",""state"":""completed""},{""detail"":""Peer ML-DSA-65 public identities are authenticated and pre-provisioned before the QKD session."",""sequence"":2,""source"":""qkd"",""stage"":""classical_authentication"",""state"":""executed_verified""},{""detail"":""Final key released after all profile checks."",""sequence"":3,""source"":""qkd"",""stage"":""key_release"",""state"":""released""},{""detail"":""Authenticated QKD key released."",""sequence"":4,""source"":""session"",""stage"":""session"",""state"":""established""}],""version"":1}"
