version,run_id,experiment_kind,condition_id,replicate_index,batch.version,batch.batch_run_id,batch.shuffle,batch.order_seed,batch.warmup_runs,execution_order_index,timestamp_utc,seed,profile,artifact.experiment_record_json_bytes,environment.python_version,environment.python_implementation,environment.numpy_version,environment.liboqs_python_version,environment.liboqs_version,environment.cryptography_version,environment.quantumsec_version,environment.os,environment.os_release,environment.os_version,environment.machine_architecture,environment.cpu_identifier,environment.git_commit_sha,environment.git_worktree_dirty,config.version,config.experiment_kind,config.condition_id,config.replicate_index,config.seed,config.session.version,config.session.profile,config.session.qkd_authentication_profile,config.session.qkd_signal_count,config.session.qkd_postprocessing,config.session.internal_pqc_profile,config.tags,config_json,qkd_stages_json,provisioning.pqc_identities,provisioning.qkd_authentication_material,provisioning.qkd_authentication_material_bytes_per_direction,provisioning.pqc_alice_identity_generation_time_ns,provisioning.pqc_bob_identity_generation_time_ns,provisioning.pqc_total_identity_generation_time_ns,provisioning.pqc_public_identity_bytes,provisioning.included_in_session_timings,result.version,result.session_id,result.profile,result.status,result.abort_reason,result.established_key.type,result.established_key.bit_length,result.provenance_json,result.authentication_json,result.public_context_json,metrics.qkd.simulation_time_ns,metrics.qkd.n_raw,metrics.qkd.n_sifted,metrics.qkd.n_disclosed,metrics.qkd.n_candidate,metrics.qkd.n_reconciled,metrics.qkd.n_final,metrics.qkd.sifting_efficiency,metrics.qkd.final_secret_fraction,metrics.qkd.estimated_qber_z,metrics.qkd.estimated_qber_x,metrics.qkd.estimated_qber_aggregated,metrics.qkd.estimated_z_errors,metrics.qkd.estimated_z_trials,metrics.qkd.estimated_x_errors,metrics.qkd.estimated_x_trials,metrics.qkd.estimated_aggregate_errors,metrics.qkd.estimated_aggregate_trials,metrics.qkd.phase_error_bound,metrics.qkd.diagnostic_full_sifted_qber,metrics.qkd.diagnostic_qber_z,metrics.qkd.diagnostic_qber_x,metrics.qkd.diagnostic_qber_aggregated,metrics.qkd.transcript_bytes,metrics.pqc.internal_profile,metrics.pqc.algorithms,metrics.pqc.server_offer_time_ns,metrics.pqc.server_processing_time_ns,metrics.pqc.client_exchange_time_ns,metrics.pqc.client_processing_time_ns,metrics.pqc.key_schedule_time_ns,metrics.pqc.confirmation_time_ns,metrics.pqc.crypto_software_time_ns,metrics.pqc.ml_kem_keygen_time_ns,metrics.pqc.hqc_keygen_time_ns,metrics.pqc.server_offer_sign_time_ns,metrics.pqc.server_offer_verify_time_ns,metrics.pqc.ml_kem_encapsulate_time_ns,metrics.pqc.hqc_encapsulate_time_ns,metrics.pqc.client_exchange_sign_time_ns,metrics.pqc.client_exchange_verify_time_ns,metrics.pqc.ml_kem_decapsulate_time_ns,metrics.pqc.hqc_decapsulate_time_ns,metrics.pqc.transcript_construction_hash_time_ns,metrics.pqc.kem_combiner_encoding_time_ns,metrics.pqc.hkdf_session_time_ns,metrics.pqc.hkdf_confirmation_time_ns,metrics.pqc.finished_generation_time_ns,metrics.pqc.finished_verification_time_ns,metrics.pqc.kem_public_key_bytes,metrics.pqc.kem_ciphertext_bytes,metrics.pqc.canonical_protocol_bytes,metrics.pqc.transcript_bytes,metrics.pqc.signature_bytes,metrics.pqc.finished_bytes,metrics.pqc.public_key_provisioning_bytes,metrics.pqc.serialized_transport_bytes,metrics.qkd_authentication.mechanism,metrics.qkd_authentication.algorithm,metrics.qkd_authentication.family,metrics.qkd_authentication.authenticated_bytes,metrics.qkd_authentication.evidence_bytes,metrics.qkd_authentication.checkpoints,metrics.qkd_authentication.generation_operations,metrics.qkd_authentication.verification_operations,metrics.qkd_authentication.generation_time_ns,metrics.qkd_authentication.verification_time_ns,metrics.qkd_authentication.total_time_ns,metrics.qkd_authentication.trust_assumption,metrics.qkd_authentication.secret_bits_consumed,metrics.qkd_authentication.public_key_provisioning_bytes,metrics.qkd_authentication.forgery_bound,metrics.qkd_authentication.runtime_environment,metrics.pqc_authentication.mechanism,metrics.pqc_authentication.algorithm,metrics.pqc_authentication.executed,metrics.pqc_authentication.verified,metrics.pqc_authentication.signatures_generated,metrics.pqc_authentication.signatures_verified,metrics.pqc_authentication.signature_bytes,metrics.pqc_authentication.trust_assumption,metrics.hybrid.component_count,metrics.hybrid.component_metadata_bytes,metrics.hybrid.qkd_contribution_bits,metrics.hybrid.ml_kem_contribution_bytes,metrics.hybrid.hqc_contribution_bytes,metrics.hybrid.canonical_combiner_input_bytes,metrics.hybrid.encoding_overhead_bytes,metrics.hybrid.public_context_bytes,metrics.hybrid.encoding_time_ns,metrics.hybrid.hkdf_session_time_ns,metrics.hybrid.hkdf_confirmation_time_ns,metrics.hybrid.finished_generation_time_ns,metrics.hybrid.finished_verification_time_ns,metrics.hybrid.finished_responder_bytes,metrics.hybrid.finished_initiator_bytes,metrics.hybrid.derived_session_key_bits,metrics.orchestration_software_wall_time_ns,trace_json
1,ed2fad49-e327-4409-9025-81dede888d22,E2,identity,0,1,eafcdacf-9f23-4290-b8e6-0d06ba663426,false,,0,0,2026-09-08T07:42:59.098547+00:00,3603565485437329315,QKD-ASSUMED,6182,3.14.7,CPython,2.5.0,0.16.0,0.16.0,50.0.1,0.1.0,Windows,11,10.0.26200,AMD64,"Intel64 Family 6 Model 158 Stepping 12, GenuineIntel",ac46477bb374bde1c0ace1ef0bcfbc26b199dcfa,true,1,E2,identity,0,3603565485437329315,1,QKD-ASSUMED,QKD-ASSUMED,20000,"{""cascade_initial_block_factor"":0.73,""cascade_maximum_initial_block_size"":null,""cascade_maximum_lookback_steps"":null,""cascade_passes"":4,""phase_error_abort_threshold"":0.11,""sample_fraction"":0.2,""security_margin_bits"":0,""verification_tag_length"":32}",,[],"{""condition_id"":""identity"",""experiment_kind"":""E2"",""qkd_stages"":[{""type"":""identity""}],""replicate_index"":0,""seed"":3603565485437329315,""session"":{""internal_pqc_profile"":null,""profile"":""QKD-ASSUMED"",""qkd_authentication_profile"":""QKD-ASSUMED"",""qkd_postprocessing"":{""cascade_initial_block_factor"":0.73,""cascade_maximum_initial_block_size"":null,""cascade_maximum_lookback_steps"":null,""cascade_passes"":4,""phase_error_abort_threshold"":0.11,""sample_fraction"":0.2,""security_margin_bits"":0,""verification_tag_length"":32},""qkd_signal_count"":20000,""version"":1},""tags"":[],""version"":1}","[{""type"":""identity""}]",,authentication explicitly assumed; no runtime material,,,,,,false,1,0f1d4ccb756ee6be174a86cd6f6ba504,QKD-ASSUMED,established,,qkd_bitstring,8004,"[{""algorithm"":""privacy-amplified-bitstring"",""bit_length"":8004,""byte_length"":1001,""encoding"":""big-endian packed bits with explicit bit length"",""position"":1,""protocol"":""BB84"",""source"":""qkd""}]","{""pqc_exchange"":null,""qkd_classical"":{""algorithm"":""none"",""executed"":false,""mechanism"":""assumed"",""purpose"":""QKD classical transcript authentication"",""trust_assumption"":""The classical BB84 channel is assumed authenticated externally."",""verified"":null}}","{""qkd_transcript_hash_sha384"":""b3b8bd1d8a51843e6ea21b9c036238a0b5ce72a1507e789bbef6ba1af16764143e61482bc294c99f4622c2435eeb51e4"",""qkd_transcript_version"":1}",2948352100,20000,10051,2011,8040,8040,8004,0.50255,0.4002,0.0,0.0,0.0,0,1001,0,1010,0,2011,0.0,0.0,0.0,0.0,0.0,936514,,,,,,,,,,,,,,,,,,,,,,,,,,,,,,,,,,assumed,none,none,0,0,0,0,0,0,0,0,The classical BB84 channel is assumed authenticated externally.,,,,"{""implementation"":""cpython"",""platform"":""Windows-11-10.0.26200-SP0"",""processor"":""Intel64 Family 6 Model 158 Stepping 12, GenuineIntel"",""python"":""3.14.7""}",,,,,,,,,,,,,,,,,,,,,,,,,2948352100,"{""events"":[{""detail"":""QKD-ASSUMED"",""sequence"":0,""source"":""session"",""stage"":""session"",""state"":""started""},{""detail"":""BB84 post-processing completed."",""sequence"":1,""source"":""qkd"",""stage"":""bb84"",""state"":""completed""},{""detail"":""The classical BB84 channel is assumed authenticated externally."",""sequence"":2,""source"":""qkd"",""stage"":""classical_authentication"",""state"":""assumed_not_executed""},{""detail"":""Final key released after all profile checks."",""sequence"":3,""source"":""qkd"",""stage"":""key_release"",""state"":""released""},{""detail"":""Authenticated QKD key released."",""sequence"":4,""source"":""session"",""stage"":""session"",""state"":""established""}],""version"":1}"
1,9a05b07e-f10f-49c8-944a-2aed8e21f4a7,E2,identity,1,1,eafcdacf-9f23-4290-b8e6-0d06ba663426,false,,0,1,2026-09-08T07:43:02.034811+00:00,10679930592406255370,QKD-ASSUMED,6183,3.14.7,CPython,2.5.0,0.16.0,0.16.0,50.0.1,0.1.0,Windows,11,10.0.26200,AMD64,"Intel64 Family 6 Model 158 Stepping 12, GenuineIntel",ac46477bb374bde1c0ace1ef0bcfbc26b199dcfa,true,1,E2,identity,1,10679930592406255370,1,QKD-ASSUMED,QKD-ASSUMED,20000,"{""cascade_initial_block_factor"":0.73,""cascade_maximum_initial_block_size"":null,""cascade_maximum_lookback_steps"":null,""cascade_passes"":4,""phase_error_abort_threshold"":0.11,""sample_fraction"":0.2,""security_margin_bits"":0,""verification_tag_length"":32}",,[],"{""condition_id"":""identity"",""experiment_kind"":""E2"",""qkd_stages"":[{""type"":""identity""}],""replicate_index"":1,""seed"":10679930592406255370,""session"":{""internal_pqc_profile"":null,""profile"":""QKD-ASSUMED"",""qkd_authentication_profile"":""QKD-ASSUMED"",""qkd_postprocessing"":{""cascade_initial_block_factor"":0.73,""cascade_maximum_initial_block_size"":null,""cascade_maximum_lookback_steps"":null,""cascade_passes"":4,""phase_error_abort_threshold"":0.11,""sample_fraction"":0.2,""security_margin_bits"":0,""verification_tag_length"":32},""qkd_signal_count"":20000,""version"":1},""tags"":[],""version"":1}","[{""type"":""identity""}]",,authentication explicitly assumed; no runtime material,,,,,,false,1,add84dccfe2aad2884c6191acbe49a88,QKD-ASSUMED,established,,qkd_bitstring,8014,"[{""algorithm"":""privacy-amplified-bitstring"",""bit_length"":8014,""byte_length"":1002,""encoding"":""big-endian packed bits with explicit bit length"",""position"":1,""protocol"":""BB84"",""source"":""qkd""}]","{""pqc_exchange"":null,""qkd_classical"":{""algorithm"":""none"",""executed"":false,""mechanism"":""assumed"",""purpose"":""QKD classical transcript authentication"",""trust_assumption"":""The classical BB84 channel is assumed authenticated externally."",""verified"":null}}","{""qkd_transcript_hash_sha384"":""1be70d34687977b6369827969e90635c157c41b7086bab857ba43de07d9814d9ad7c66b14d589cec0f59f1f632e35b7e"",""qkd_transcript_version"":1}",2874604500,20000,10064,2014,8050,8050,8014,0.5032,0.4007,0.0,0.0,0.0,0,1001,0,1013,0,2014,0.0,0.0,0.0,0.0,0.0,937636,,,,,,,,,,,,,,,,,,,,,,,,,,,,,,,,,,assumed,none,none,0,0,0,0,0,0,0,0,The classical BB84 channel is assumed authenticated externally.,,,,"{""implementation"":""cpython"",""platform"":""Windows-11-10.0.26200-SP0"",""processor"":""Intel64 Family 6 Model 158 Stepping 12, GenuineIntel"",""python"":""3.14.7""}",,,,,,,,,,,,,,,,,,,,,,,,,2874604500,"{""events"":[{""detail"":""QKD-ASSUMED"",""sequence"":0,""source"":""session"",""stage"":""session"",""state"":""started""},{""detail"":""BB84 post-processing completed."",""sequence"":1,""source"":""qkd"",""stage"":""bb84"",""state"":""completed""},{""detail"":""The classical BB84 channel is assumed authenticated externally."",""sequence"":2,""source"":""qkd"",""stage"":""classical_authentication"",""state"":""assumed_not_executed""},{""detail"":""Final key released after all profile checks."",""sequence"":3,""source"":""qkd"",""stage"":""key_release"",""state"":""released""},{""detail"":""Authenticated QKD key released."",""sequence"":4,""source"":""session"",""stage"":""session"",""state"":""established""}],""version"":1}"
1,bcfc74d5-399c-4a67-8d25-5b5fab074e17,E2,identity,2,1,eafcdacf-9f23-4290-b8e6-0d06ba663426,false,,0,2,2026-09-08T07:43:04.976180+00:00,11912509201984119088,QKD-ASSUMED,6181,3.14.7,CPython,2.5.0,0.16.0,0.16.0,50.0.1,0.1.0,Windows,11,10.0.26200,AMD64,"Intel64 Family 6 Model 158 Stepping 12, GenuineIntel",ac46477bb374bde1c0ace1ef0bcfbc26b199dcfa,true,1,E2,identity,2,11912509201984119088,1,QKD-ASSUMED,QKD-ASSUMED,20000,"{""cascade_initial_block_factor"":0.73,""cascade_maximum_initial_block_size"":null,""cascade_maximum_lookback_steps"":null,""cascade_passes"":4,""phase_error_abort_threshold"":0.11,""sample_fraction"":0.2,""security_margin_bits"":0,""verification_tag_length"":32}",,[],"{""condition_id"":""identity"",""experiment_kind"":""E2"",""qkd_stages"":[{""type"":""identity""}],""replicate_index"":2,""seed"":11912509201984119088,""session"":{""internal_pqc_profile"":null,""profile"":""QKD-ASSUMED"",""qkd_authentication_profile"":""QKD-ASSUMED"",""qkd_postprocessing"":{""cascade_initial_block_factor"":0.73,""cascade_maximum_initial_block_size"":null,""cascade_maximum_lookback_steps"":null,""cascade_passes"":4,""phase_error_abort_threshold"":0.11,""sample_fraction"":0.2,""security_margin_bits"":0,""verification_tag_length"":32},""qkd_signal_count"":20000,""version"":1},""tags"":[],""version"":1}","[{""type"":""identity""}]",,authentication explicitly assumed; no runtime material,,,,,,false,1,b897feedb1f63e52b62af69d23ec1d5e,QKD-ASSUMED,established,,qkd_bitstring,7978,"[{""algorithm"":""privacy-amplified-bitstring"",""bit_length"":7978,""byte_length"":998,""encoding"":""big-endian packed bits with explicit bit length"",""position"":1,""protocol"":""BB84"",""source"":""qkd""}]","{""pqc_exchange"":null,""qkd_classical"":{""algorithm"":""none"",""executed"":false,""mechanism"":""assumed"",""purpose"":""QKD classical transcript authentication"",""trust_assumption"":""The classical BB84 channel is assumed authenticated externally."",""verified"":null}}","{""qkd_transcript_hash_sha384"":""314431f7289d827daa36f26126d6a40ded5a049a56858fd05289440b408a7a88920d5d291346badd114f93c4b8b0a032"",""qkd_transcript_version"":1}",2877397500,20000,10018,2004,8014,8014,7978,0.5009,0.3989,0.0,0.0,0.0,0,1006,0,998,0,2004,0.0,0.0,0.0,0.0,0.0,933616,,,,,,,,,,,,,,,,,,,,,,,,,,,,,,,,,,assumed,none,none,0,0,0,0,0,0,0,0,The classical BB84 channel is assumed authenticated externally.,,,,"{""implementation"":""cpython"",""platform"":""Windows-11-10.0.26200-SP0"",""processor"":""Intel64 Family 6 Model 158 Stepping 12, GenuineIntel"",""python"":""3.14.7""}",,,,,,,,,,,,,,,,,,,,,,,,,2877397500,"{""events"":[{""detail"":""QKD-ASSUMED"",""sequence"":0,""source"":""session"",""stage"":""session"",""state"":""started""},{""detail"":""BB84 post-processing completed."",""sequence"":1,""source"":""qkd"",""stage"":""bb84"",""state"":""completed""},{""detail"":""The classical BB84 channel is assumed authenticated externally."",""sequence"":2,""source"":""qkd"",""stage"":""classical_authentication"",""state"":""assumed_not_executed""},{""detail"":""Final key released after all profile checks."",""sequence"":3,""source"":""qkd"",""stage"":""key_release"",""state"":""released""},{""detail"":""Authenticated QKD key released."",""sequence"":4,""source"":""session"",""stage"":""session"",""state"":""established""}],""version"":1}"
1,ac03d8c9-3058-4a35-af2c-6edd263bc70e,E2,identity,3,1,eafcdacf-9f23-4290-b8e6-0d06ba663426,false,,0,3,2026-09-08T07:43:07.900017+00:00,4288433257188187110,QKD-ASSUMED,6178,3.14.7,CPython,2.5.0,0.16.0,0.16.0,50.0.1,0.1.0,Windows,11,10.0.26200,AMD64,"Intel64 Family 6 Model 158 Stepping 12, GenuineIntel",ac46477bb374bde1c0ace1ef0bcfbc26b199dcfa,true,1,E2,identity,3,4288433257188187110,1,QKD-ASSUMED,QKD-ASSUMED,20000,"{""cascade_initial_block_factor"":0.73,""cascade_maximum_initial_block_size"":null,""cascade_maximum_lookback_steps"":null,""cascade_passes"":4,""phase_error_abort_threshold"":0.11,""sample_fraction"":0.2,""security_margin_bits"":0,""verification_tag_length"":32}",,[],"{""condition_id"":""identity"",""experiment_kind"":""E2"",""qkd_stages"":[{""type"":""identity""}],""replicate_index"":3,""seed"":4288433257188187110,""session"":{""internal_pqc_profile"":null,""profile"":""QKD-ASSUMED"",""qkd_authentication_profile"":""QKD-ASSUMED"",""qkd_postprocessing"":{""cascade_initial_block_factor"":0.73,""cascade_maximum_initial_block_size"":null,""cascade_maximum_lookback_steps"":null,""cascade_passes"":4,""phase_error_abort_threshold"":0.11,""sample_fraction"":0.2,""security_margin_bits"":0,""verification_tag_length"":32},""qkd_signal_count"":20000,""version"":1},""tags"":[],""version"":1}","[{""type"":""identity""}]",,authentication explicitly assumed; no runtime material,,,,,,false,1,1d35678ea3ec385e3dbdab9fd3ded46f,QKD-ASSUMED,established,,qkd_bitstring,7930,"[{""algorithm"":""privacy-amplified-bitstring"",""bit_length"":7930,""byte_length"":992,""encoding"":""big-endian packed bits with explicit bit length"",""position"":1,""protocol"":""BB84"",""source"":""qkd""}]","{""pqc_exchange"":null,""qkd_classical"":{""algorithm"":""none"",""executed"":false,""mechanism"":""assumed"",""purpose"":""QKD classical transcript authentication"",""trust_assumption"":""The classical BB84 channel is assumed authenticated externally."",""verified"":null}}","{""qkd_transcript_hash_sha384"":""3751f5a09d9e78a59ab421b3aea745a54b13ab899543ab90237fa4b2a6f4b5da27b62ff3427f32aab0e839b5bd96e0f8"",""qkd_transcript_version"":1}",2859330200,20000,9958,1992,7966,7966,7930,0.4979,0.3965,0.0,0.0,0.0,0,983,0,1009,0,1992,0.0,0.0,0.0,0.0,0.0,928290,,,,,,,,,,,,,,,,,,,,,,,,,,,,,,,,,,assumed,none,none,0,0,0,0,0,0,0,0,The classical BB84 channel is assumed authenticated externally.,,,,"{""implementation"":""cpython"",""platform"":""Windows-11-10.0.26200-SP0"",""processor"":""Intel64 Family 6 Model 158 Stepping 12, GenuineIntel"",""python"":""3.14.7""}",,,,,,,,,,,,,,,,,,,,,,,,,2859330200,"{""events"":[{""detail"":""QKD-ASSUMED"",""sequence"":0,""source"":""session"",""stage"":""session"",""state"":""started""},{""detail"":""BB84 post-processing completed."",""sequence"":1,""source"":""qkd"",""stage"":""bb84"",""state"":""completed""},{""detail"":""The classical BB84 channel is assumed authenticated externally."",""sequence"":2,""source"":""qkd"",""stage"":""classical_authentication"",""state"":""assumed_not_executed""},{""detail"":""Final key released after all profile checks."",""sequence"":3,""source"":""qkd"",""stage"":""key_release"",""state"":""released""},{""detail"":""Authenticated QKD key released."",""sequence"":4,""source"":""session"",""stage"":""session"",""state"":""established""}],""version"":1}"
1,ad5435b5-3b60-4baa-ad8d-f129cf3435e9,E2,identity,4,1,eafcdacf-9f23-4290-b8e6-0d06ba663426,false,,0,4,2026-09-08T07:43:10.843132+00:00,9429775508341131600,QKD-ASSUMED,6182,3.14.7,CPython,2.5.0,0.16.0,0.16.0,50.0.1,0.1.0,Windows,11,10.0.26200,AMD64,"Intel64 Family 6 Model 158 Stepping 12, GenuineIntel",ac46477bb374bde1c0ace1ef0bcfbc26b199dcfa,true,1,E2,identity,4,9429775508341131600,1,QKD-ASSUMED,QKD-ASSUMED,20000,"{""cascade_initial_block_factor"":0.73,""cascade_maximum_initial_block_size"":null,""cascade_maximum_lookback_steps"":null,""cascade_passes"":4,""phase_error_abort_threshold"":0.11,""sample_fraction"":0.2,""security_margin_bits"":0,""verification_tag_length"":32}",,[],"{""condition_id"":""identity"",""experiment_kind"":""E2"",""qkd_stages"":[{""type"":""identity""}],""replicate_index"":4,""seed"":9429775508341131600,""session"":{""internal_pqc_profile"":null,""profile"":""QKD-ASSUMED"",""qkd_authentication_profile"":""QKD-ASSUMED"",""qkd_postprocessing"":{""cascade_initial_block_factor"":0.73,""cascade_maximum_initial_block_size"":null,""cascade_maximum_lookback_steps"":null,""cascade_passes"":4,""phase_error_abort_threshold"":0.11,""sample_fraction"":0.2,""security_margin_bits"":0,""verification_tag_length"":32},""qkd_signal_count"":20000,""version"":1},""tags"":[],""version"":1}","[{""type"":""identity""}]",,authentication explicitly assumed; no runtime material,,,,,,false,1,23622901e98a79ea75b03b5fbf6bd872,QKD-ASSUMED,established,,qkd_bitstring,8014,"[{""algorithm"":""privacy-amplified-bitstring"",""bit_length"":8014,""byte_length"":1002,""encoding"":""big-endian packed bits with explicit bit length"",""position"":1,""protocol"":""BB84"",""source"":""qkd""}]","{""pqc_exchange"":null,""qkd_classical"":{""algorithm"":""none"",""executed"":false,""mechanism"":""assumed"",""purpose"":""QKD classical transcript authentication"",""trust_assumption"":""The classical BB84 channel is assumed authenticated externally."",""verified"":null}}","{""qkd_transcript_hash_sha384"":""bd22b251bf4870208529efc9c764f6bacf0a03cf99759e05b99640f2e0766573c4294a7d9e193fbe8e45f5f3745269bf"",""qkd_transcript_version"":1}",2879968400,20000,10063,2013,8050,8050,8014,0.50315,0.4007,0.0,0.0,0.0,0,1013,0,1000,0,2013,0.0,0.0,0.0,0.0,0.0,937610,,,,,,,,,,,,,,,,,,,,,,,,,,,,,,,,,,assumed,none,none,0,0,0,0,0,0,0,0,The classical BB84 channel is assumed authenticated externally.,,,,"{""implementation"":""cpython"",""platform"":""Windows-11-10.0.26200-SP0"",""processor"":""Intel64 Family 6 Model 158 Stepping 12, GenuineIntel"",""python"":""3.14.7""}",,,,,,,,,,,,,,,,,,,,,,,,,2879968400,"{""events"":[{""detail"":""QKD-ASSUMED"",""sequence"":0,""source"":""session"",""stage"":""session"",""state"":""started""},{""detail"":""BB84 post-processing completed."",""sequence"":1,""source"":""qkd"",""stage"":""bb84"",""state"":""completed""},{""detail"":""The classical BB84 channel is assumed authenticated externally."",""sequence"":2,""source"":""qkd"",""stage"":""classical_authentication"",""state"":""assumed_not_executed""},{""detail"":""Final key released after all profile checks."",""sequence"":3,""source"":""qkd"",""stage"":""key_release"",""state"":""released""},{""detail"":""Authenticated QKD key released."",""sequence"":4,""source"":""session"",""stage"":""session"",""state"":""established""}],""version"":1}"
1,d98b3275-6648-4f79-a2ce-2a15a44ec36a,E2,identity,5,1,eafcdacf-9f23-4290-b8e6-0d06ba663426,false,,0,5,2026-09-08T07:43:13.792308+00:00,16487580616519934152,QKD-ASSUMED,6181,3.14.7,CPython,2.5.0,0.16.0,0.16.0,50.0.1,0.1.0,Windows,11,10.0.26200,AMD64,"Intel64 Family 6 Model 158 Stepping 12, GenuineIntel",ac46477bb374bde1c0ace1ef0bcfbc26b199dcfa,true,1,E2,identity,5,16487580616519934152,1,QKD-ASSUMED,QKD-ASSUMED,20000,"{""cascade_initial_block_factor"":0.73,""cascade_maximum_initial_block_size"":null,""cascade_maximum_lookback_steps"":null,""cascade_passes"":4,""phase_error_abort_threshold"":0.11,""sample_fraction"":0.2,""security_margin_bits"":0,""verification_tag_length"":32}",,[],"{""condition_id"":""identity"",""experiment_kind"":""E2"",""qkd_stages"":[{""type"":""identity""}],""replicate_index"":5,""seed"":16487580616519934152,""session"":{""internal_pqc_profile"":null,""profile"":""QKD-ASSUMED"",""qkd_authentication_profile"":""QKD-ASSUMED"",""qkd_postprocessing"":{""cascade_initial_block_factor"":0.73,""cascade_maximum_initial_block_size"":null,""cascade_maximum_lookback_steps"":null,""cascade_passes"":4,""phase_error_abort_threshold"":0.11,""sample_fraction"":0.2,""security_margin_bits"":0,""verification_tag_length"":32},""qkd_signal_count"":20000,""version"":1},""tags"":[],""version"":1}","[{""type"":""identity""}]",,authentication explicitly assumed; no runtime material,,,,,,false,1,af078a1bb234732a97d77e4a5d359f8e,QKD-ASSUMED,established,,qkd_bitstring,7884,"[{""algorithm"":""privacy-amplified-bitstring"",""bit_length"":7884,""byte_length"":986,""encoding"":""big-endian packed bits with explicit bit length"",""position"":1,""protocol"":""BB84"",""source"":""qkd""}]","{""pqc_exchange"":null,""qkd_classical"":{""algorithm"":""none"",""executed"":false,""mechanism"":""assumed"",""purpose"":""QKD classical transcript authentication"",""trust_assumption"":""The classical BB84 channel is assumed authenticated externally."",""verified"":null}}","{""qkd_transcript_hash_sha384"":""bbdb54c4c289acec97e8f37e5827a123171bc9cf73abf7f958d1dc671352985e7e384a3010839ac75a053ff4e6e3b37b"",""qkd_transcript_version"":1}",2885325300,20000,9901,1981,7920,7920,7884,0.49505,0.3942,0.0,0.0,0.0,0,978,0,1003,0,1981,0.0,0.0,0.0,0.0,0.0,923201,,,,,,,,,,,,,,,,,,,,,,,,,,,,,,,,,,assumed,none,none,0,0,0,0,0,0,0,0,The classical BB84 channel is assumed authenticated externally.,,,,"{""implementation"":""cpython"",""platform"":""Windows-11-10.0.26200-SP0"",""processor"":""Intel64 Family 6 Model 158 Stepping 12, GenuineIntel"",""python"":""3.14.7""}",,,,,,,,,,,,,,,,,,,,,,,,,2885325300,"{""events"":[{""detail"":""QKD-ASSUMED"",""sequence"":0,""source"":""session"",""stage"":""session"",""state"":""started""},{""detail"":""BB84 post-processing completed."",""sequence"":1,""source"":""qkd"",""stage"":""bb84"",""state"":""completed""},{""detail"":""The classical BB84 channel is assumed authenticated externally."",""sequence"":2,""source"":""qkd"",""stage"":""classical_authentication"",""state"":""assumed_not_executed""},{""detail"":""Final key released after all profile checks."",""sequence"":3,""source"":""qkd"",""stage"":""key_release"",""state"":""released""},{""detail"":""Authenticated QKD key released."",""sequence"":4,""source"":""session"",""stage"":""session"",""state"":""established""}],""version"":1}"
1,0179d292-5812-412d-908d-e105335dede6,E2,identity,6,1,eafcdacf-9f23-4290-b8e6-0d06ba663426,false,,0,6,2026-09-08T07:43:16.738144+00:00,11203655472641589846,QKD-ASSUMED,6181,3.14.7,CPython,2.5.0,0.16.0,0.16.0,50.0.1,0.1.0,Windows,11,10.0.26200,AMD64,"Intel64 Family 6 Model 158 Stepping 12, GenuineIntel",ac46477bb374bde1c0ace1ef0bcfbc26b199dcfa,true,1,E2,identity,6,11203655472641589846,1,QKD-ASSUMED,QKD-ASSUMED,20000,"{""cascade_initial_block_factor"":0.73,""cascade_maximum_initial_block_size"":null,""cascade_maximum_lookback_steps"":null,""cascade_passes"":4,""phase_error_abort_threshold"":0.11,""sample_fraction"":0.2,""security_margin_bits"":0,""verification_tag_length"":32}",,[],"{""condition_id"":""identity"",""experiment_kind"":""E2"",""qkd_stages"":[{""type"":""identity""}],""replicate_index"":6,""seed"":11203655472641589846,""session"":{""internal_pqc_profile"":null,""profile"":""QKD-ASSUMED"",""qkd_authentication_profile"":""QKD-ASSUMED"",""qkd_postprocessing"":{""cascade_initial_block_factor"":0.73,""cascade_maximum_initial_block_size"":null,""cascade_maximum_lookback_steps"":null,""cascade_passes"":4,""phase_error_abort_threshold"":0.11,""sample_fraction"":0.2,""security_margin_bits"":0,""verification_tag_length"":32},""qkd_signal_count"":20000,""version"":1},""tags"":[],""version"":1}","[{""type"":""identity""}]",,authentication explicitly assumed; no runtime material,,,,,,false,1,a40b5c1b0aeb363306f8e038e50b6b2f,QKD-ASSUMED,established,,qkd_bitstring,7923,"[{""algorithm"":""privacy-amplified-bitstring"",""bit_length"":7923,""byte_length"":991,""encoding"":""big-endian packed bits with explicit bit length"",""position"":1,""protocol"":""BB84"",""source"":""qkd""}]","{""pqc_exchange"":null,""qkd_classical"":{""algorithm"":""none"",""executed"":false,""mechanism"":""assumed"",""purpose"":""QKD classical transcript authentication"",""trust_assumption"":""The classical BB84 channel is assumed authenticated externally."",""verified"":null}}","{""qkd_transcript_hash_sha384"":""154c00416b922c56ad817cefcce6dcd3c588680cadad560e1275faaf71256c37740894ed466eafec5df817e7e73beae9"",""qkd_transcript_version"":1}",2881093700,20000,9949,1990,7959,7959,7923,0.49745,0.39615,0.0,0.0,0.0,0,996,0,994,0,1990,0.0,0.0,0.0,0.0,0.0,927508,,,,,,,,,,,,,,,,,,,,,,,,,,,,,,,,,,assumed,none,none,0,0,0,0,0,0,0,0,The classical BB84 channel is assumed authenticated externally.,,,,"{""implementation"":""cpython"",""platform"":""Windows-11-10.0.26200-SP0"",""processor"":""Intel64 Family 6 Model 158 Stepping 12, GenuineIntel"",""python"":""3.14.7""}",,,,,,,,,,,,,,,,,,,,,,,,,2881093700,"{""events"":[{""detail"":""QKD-ASSUMED"",""sequence"":0,""source"":""session"",""stage"":""session"",""state"":""started""},{""detail"":""BB84 post-processing completed."",""sequence"":1,""source"":""qkd"",""stage"":""bb84"",""state"":""completed""},{""detail"":""The classical BB84 channel is assumed authenticated externally."",""sequence"":2,""source"":""qkd"",""stage"":""classical_authentication"",""state"":""assumed_not_executed""},{""detail"":""Final key released after all profile checks."",""sequence"":3,""source"":""qkd"",""stage"":""key_release"",""state"":""released""},{""detail"":""Authenticated QKD key released."",""sequence"":4,""source"":""session"",""stage"":""session"",""state"":""established""}],""version"":1}"
1,ecf5c847-9a42-4bfa-aeee-5620b2ebc178,E2,identity,7,1,eafcdacf-9f23-4290-b8e6-0d06ba663426,false,,0,7,2026-09-08T07:43:19.673406+00:00,11874327621656112371,QKD-ASSUMED,6180,3.14.7,CPython,2.5.0,0.16.0,0.16.0,50.0.1,0.1.0,Windows,11,10.0.26200,AMD64,"Intel64 Family 6 Model 158 Stepping 12, GenuineIntel",ac46477bb374bde1c0ace1ef0bcfbc26b199dcfa,true,1,E2,identity,7,11874327621656112371,1,QKD-ASSUMED,QKD-ASSUMED,20000,"{""cascade_initial_block_factor"":0.73,""cascade_maximum_initial_block_size"":null,""cascade_maximum_lookback_steps"":null,""cascade_passes"":4,""phase_error_abort_threshold"":0.11,""sample_fraction"":0.2,""security_margin_bits"":0,""verification_tag_length"":32}",,[],"{""condition_id"":""identity"",""experiment_kind"":""E2"",""qkd_stages"":[{""type"":""identity""}],""replicate_index"":7,""seed"":11874327621656112371,""session"":{""internal_pqc_profile"":null,""profile"":""QKD-ASSUMED"",""qkd_authentication_profile"":""QKD-ASSUMED"",""qkd_postprocessing"":{""cascade_initial_block_factor"":0.73,""cascade_maximum_initial_block_size"":null,""cascade_maximum_lookback_steps"":null,""cascade_passes"":4,""phase_error_abort_threshold"":0.11,""sample_fraction"":0.2,""security_margin_bits"":0,""verification_tag_length"":32},""qkd_signal_count"":20000,""version"":1},""tags"":[],""version"":1}","[{""type"":""identity""}]",,authentication explicitly assumed; no runtime material,,,,,,false,1,e7a6c66310d6413e9a4f9e05ba5f8d45,QKD-ASSUMED,established,,qkd_bitstring,7906,"[{""algorithm"":""privacy-amplified-bitstring"",""bit_length"":7906,""byte_length"":989,""encoding"":""big-endian packed bits with explicit bit length"",""position"":1,""protocol"":""BB84"",""source"":""qkd""}]","{""pqc_exchange"":null,""qkd_classical"":{""algorithm"":""none"",""executed"":false,""mechanism"":""assumed"",""purpose"":""QKD classical transcript authentication"",""trust_assumption"":""The classical BB84 channel is assumed authenticated externally."",""verified"":null}}","{""qkd_transcript_hash_sha384"":""31182d4e63c92b279ff0ef6729886c3bddd99b86ba19489b563ea6e20642f6e1a9a24570b9cea6138fe4bbaa30e774d3"",""qkd_transcript_version"":1}",2871533800,20000,9928,1986,7942,7942,7906,0.4964,0.3953,0.0,0.0,0.0,0,971,0,1015,0,1986,0.0,0.0,0.0,0.0,0.0,925629,,,,,,,,,,,,,,,,,,,,,,,,,,,,,,,,,,assumed,none,none,0,0,0,0,0,0,0,0,The classical BB84 channel is assumed authenticated externally.,,,,"{""implementation"":""cpython"",""platform"":""Windows-11-10.0.26200-SP0"",""processor"":""Intel64 Family 6 Model 158 Stepping 12, GenuineIntel"",""python"":""3.14.7""}",,,,,,,,,,,,,,,,,,,,,,,,,2871533800,"{""events"":[{""detail"":""QKD-ASSUMED"",""sequence"":0,""source"":""session"",""stage"":""session"",""state"":""started""},{""detail"":""BB84 post-processing completed."",""sequence"":1,""source"":""qkd"",""stage"":""bb84"",""state"":""completed""},{""detail"":""The classical BB84 channel is assumed authenticated externally."",""sequence"":2,""source"":""qkd"",""stage"":""classical_authentication"",""state"":""assumed_not_executed""},{""detail"":""Final key released after all profile checks."",""sequence"":3,""source"":""qkd"",""stage"":""key_release"",""state"":""released""},{""detail"":""Authenticated QKD key released."",""sequence"":4,""source"":""session"",""stage"":""session"",""state"":""established""}],""version"":1}"
1,957581c2-e86d-4860-bf78-4b0446da28a9,E2,identity,8,1,eafcdacf-9f23-4290-b8e6-0d06ba663426,false,,0,8,2026-09-08T07:43:22.618964+00:00,7727619969514878454,QKD-ASSUMED,6180,3.14.7,CPython,2.5.0,0.16.0,0.16.0,50.0.1,0.1.0,Windows,11,10.0.26200,AMD64,"Intel64 Family 6 Model 158 Stepping 12, GenuineIntel",ac46477bb374bde1c0ace1ef0bcfbc26b199dcfa,true,1,E2,identity,8,7727619969514878454,1,QKD-ASSUMED,QKD-ASSUMED,20000,"{""cascade_initial_block_factor"":0.73,""cascade_maximum_initial_block_size"":null,""cascade_maximum_lookback_steps"":null,""cascade_passes"":4,""phase_error_abort_threshold"":0.11,""sample_fraction"":0.2,""security_margin_bits"":0,""verification_tag_length"":32}",,[],"{""condition_id"":""identity"",""experiment_kind"":""E2"",""qkd_stages"":[{""type"":""identity""}],""replicate_index"":8,""seed"":7727619969514878454,""session"":{""internal_pqc_profile"":null,""profile"":""QKD-ASSUMED"",""qkd_authentication_profile"":""QKD-ASSUMED"",""qkd_postprocessing"":{""cascade_initial_block_factor"":0.73,""cascade_maximum_initial_block_size"":null,""cascade_maximum_lookback_steps"":null,""cascade_passes"":4,""phase_error_abort_threshold"":0.11,""sample_fraction"":0.2,""security_margin_bits"":0,""verification_tag_length"":32},""qkd_signal_count"":20000,""version"":1},""tags"":[],""version"":1}","[{""type"":""identity""}]",,authentication explicitly assumed; no runtime material,,,,,,false,1,fbc10dddce994dee511402546ded0a62,QKD-ASSUMED,established,,qkd_bitstring,7911,"[{""algorithm"":""privacy-amplified-bitstring"",""bit_length"":7911,""byte_length"":989,""encoding"":""big-endian packed bits with explicit bit length"",""position"":1,""protocol"":""BB84"",""source"":""qkd""}]","{""pqc_exchange"":null,""qkd_classical"":{""algorithm"":""none"",""executed"":false,""mechanism"":""assumed"",""purpose"":""QKD classical transcript authentication"",""trust_assumption"":""The classical BB84 channel is assumed authenticated externally."",""verified"":null}}","{""qkd_transcript_hash_sha384"":""842214d527c9522551a751987f8c3a7d641b4acd2176dac94d13861a30bb04a7ec74ba63dbdcee0ce6430fac4668e758"",""qkd_transcript_version"":1}",2882909400,20000,9935,1988,7947,7947,7911,0.49675,0.39555,0.0,0.0,0.0,0,986,0,1002,0,1988,0.0,0.0,0.0,0.0,0.0,926204,,,,,,,,,,,,,,,,,,,,,,,,,,,,,,,,,,assumed,none,none,0,0,0,0,0,0,0,0,The classical BB84 channel is assumed authenticated externally.,,,,"{""implementation"":""cpython"",""platform"":""Windows-11-10.0.26200-SP0"",""processor"":""Intel64 Family 6 Model 158 Stepping 12, GenuineIntel"",""python"":""3.14.7""}",,,,,,,,,,,,,,,,,,,,,,,,,2882909400,"{""events"":[{""detail"":""QKD-ASSUMED"",""sequence"":0,""source"":""session"",""stage"":""session"",""state"":""started""},{""detail"":""BB84 post-processing completed."",""sequence"":1,""source"":""qkd"",""stage"":""bb84"",""state"":""completed""},{""detail"":""The classical BB84 channel is assumed authenticated externally."",""sequence"":2,""source"":""qkd"",""stage"":""classical_authentication"",""state"":""assumed_not_executed""},{""detail"":""Final key released after all profile checks."",""sequence"":3,""source"":""qkd"",""stage"":""key_release"",""state"":""released""},{""detail"":""Authenticated QKD key released."",""sequence"":4,""source"":""session"",""stage"":""session"",""state"":""established""}],""version"":1}"
1,5239885b-d641-4415-8133-a3929659e969,E2,identity,9,1,eafcdacf-9f23-4290-b8e6-0d06ba663426,false,,0,9,2026-09-08T07:43:25.541542+00:00,13076232385056186439,QKD-ASSUMED,6181,3.14.7,CPython,2.5.0,0.16.0,0.16.0,50.0.1,0.1.0,Windows,11,10.0.26200,AMD64,"Intel64 Family 6 Model 158 Stepping 12, GenuineIntel",ac46477bb374bde1c0ace1ef0bcfbc26b199dcfa,true,1,E2,identity,9,13076232385056186439,1,QKD-ASSUMED,QKD-ASSUMED,20000,"{""cascade_initial_block_factor"":0.73,""cascade_maximum_initial_block_size"":null,""cascade_maximum_lookback_steps"":null,""cascade_passes"":4,""phase_error_abort_threshold"":0.11,""sample_fraction"":0.2,""security_margin_bits"":0,""verification_tag_length"":32}",,[],"{""condition_id"":""identity"",""experiment_kind"":""E2"",""qkd_stages"":[{""type"":""identity""}],""replicate_index"":9,""seed"":13076232385056186439,""session"":{""internal_pqc_profile"":null,""profile"":""QKD-ASSUMED"",""qkd_authentication_profile"":""QKD-ASSUMED"",""qkd_postprocessing"":{""cascade_initial_block_factor"":0.73,""cascade_maximum_initial_block_size"":null,""cascade_maximum_lookback_steps"":null,""cascade_passes"":4,""phase_error_abort_threshold"":0.11,""sample_fraction"":0.2,""security_margin_bits"":0,""verification_tag_length"":32},""qkd_signal_count"":20000,""version"":1},""tags"":[],""version"":1}","[{""type"":""identity""}]",,authentication explicitly assumed; no runtime material,,,,,,false,1,688fb7e7b9ef5e2047a5d940c6c39c8d,QKD-ASSUMED,established,,qkd_bitstring,7855,"[{""algorithm"":""privacy-amplified-bitstring"",""bit_length"":7855,""byte_length"":982,""encoding"":""big-endian packed bits with explicit bit length"",""position"":1,""protocol"":""BB84"",""source"":""qkd""}]","{""pqc_exchange"":null,""qkd_classical"":{""algorithm"":""none"",""executed"":false,""mechanism"":""assumed"",""purpose"":""QKD classical transcript authentication"",""trust_assumption"":""The classical BB84 channel is assumed authenticated externally."",""verified"":null}}","{""qkd_transcript_hash_sha384"":""6ce9a628005c1629490e0f70c3ff832c26dc32342f1786e7e1e9d926a182a890b03cb104fb634222343bb638a040b41b"",""qkd_transcript_version"":1}",2858906000,20000,9865,1974,7891,7891,7855,0.49325,0.39275,0.0,0.0,0.0,0,980,0,994,0,1974,0.0,0.0,0.0,0.0,0.0,919991,,,,,,,,,,,,,,,,,,,,,,,,,,,,,,,,,,assumed,none,none,0,0,0,0,0,0,0,0,The classical BB84 channel is assumed authenticated externally.,,,,"{""implementation"":""cpython"",""platform"":""Windows-11-10.0.26200-SP0"",""processor"":""Intel64 Family 6 Model 158 Stepping 12, GenuineIntel"",""python"":""3.14.7""}",,,,,,,,,,,,,,,,,,,,,,,,,2858906000,"{""events"":[{""detail"":""QKD-ASSUMED"",""sequence"":0,""source"":""session"",""stage"":""session"",""state"":""started""},{""detail"":""BB84 post-processing completed."",""sequence"":1,""source"":""qkd"",""stage"":""bb84"",""state"":""completed""},{""detail"":""The classical BB84 channel is assumed authenticated externally."",""sequence"":2,""source"":""qkd"",""stage"":""classical_authentication"",""state"":""assumed_not_executed""},{""detail"":""Final key released after all profile checks."",""sequence"":3,""source"":""qkd"",""stage"":""key_release"",""state"":""released""},{""detail"":""Authenticated QKD key released."",""sequence"":4,""source"":""session"",""stage"":""session"",""state"":""established""}],""version"":1}"
1,40cc75ca-a27b-4947-9a13-c52efa551683,E2,depolarizing-0.02,0,1,eafcdacf-9f23-4290-b8e6-0d06ba663426,false,,0,10,2026-09-08T07:43:28.914741+00:00,11486884877779899456,QKD-ASSUMED,6359,3.14.7,CPython,2.5.0,0.16.0,0.16.0,50.0.1,0.1.0,Windows,11,10.0.26200,AMD64,"Intel64 Family 6 Model 158 Stepping 12, GenuineIntel",ac46477bb374bde1c0ace1ef0bcfbc26b199dcfa,true,1,E2,depolarizing-0.02,0,11486884877779899456,1,QKD-ASSUMED,QKD-ASSUMED,20000,"{""cascade_initial_block_factor"":0.73,""cascade_maximum_initial_block_size"":null,""cascade_maximum_lookback_steps"":null,""cascade_passes"":4,""phase_error_abort_threshold"":0.11,""sample_fraction"":0.2,""security_margin_bits"":0,""verification_tag_length"":32}",,[],"{""condition_id"":""depolarizing-0.02"",""experiment_kind"":""E2"",""qkd_stages"":[{""p"":0.02,""type"":""depolarizing""}],""replicate_index"":0,""seed"":11486884877779899456,""session"":{""internal_pqc_profile"":null,""profile"":""QKD-ASSUMED"",""qkd_authentication_profile"":""QKD-ASSUMED"",""qkd_postprocessing"":{""cascade_initial_block_factor"":0.73,""cascade_maximum_initial_block_size"":null,""cascade_maximum_lookback_steps"":null,""cascade_passes"":4,""phase_error_abort_threshold"":0.11,""sample_fraction"":0.2,""security_margin_bits"":0,""verification_tag_length"":32},""qkd_signal_count"":20000,""version"":1},""tags"":[],""version"":1}","[{""p"":0.02,""type"":""depolarizing""}]",,authentication explicitly assumed; no runtime material,,,,,,false,1,7c8bf47b6e70d1c0450906a13a5b6081,QKD-ASSUMED,established,,qkd_bitstring,6467,"[{""algorithm"":""privacy-amplified-bitstring"",""bit_length"":6467,""byte_length"":809,""encoding"":""big-endian packed bits with explicit bit length"",""position"":1,""protocol"":""BB84"",""source"":""qkd""}]","{""pqc_exchange"":null,""qkd_classical"":{""algorithm"":""none"",""executed"":false,""mechanism"":""assumed"",""purpose"":""QKD classical transcript authentication"",""trust_assumption"":""The classical BB84 channel is assumed authenticated externally."",""verified"":null}}","{""qkd_transcript_hash_sha384"":""abd09c54c77d646857dd68633f868d746b4b993f3469b9339b234dfa0db64e6e0e9d24d60a7ae9582c2683efecd59401"",""qkd_transcript_version"":1}",3306719900,20000,9825,1966,7859,7859,6467,0.49125,0.32335,0.011111111111111112,0.009221311475409836,0.01017293997965412,11,990,9,976,20,1966,0.011111111111111112,0.00916030534351145,0.008286176232821341,0.010047160139429977,0.00916030534351145,1352457,,,,,,,,,,,,,,,,,,,,,,,,,,,,,,,,,,assumed,none,none,0,0,0,0,0,0,0,0,The classical BB84 channel is assumed authenticated externally.,,,,"{""implementation"":""cpython"",""platform"":""Windows-11-10.0.26200-SP0"",""processor"":""Intel64 Family 6 Model 158 Stepping 12, GenuineIntel"",""python"":""3.14.7""}",,,,,,,,,,,,,,,,,,,,,,,,,3306719900,"{""events"":[{""detail"":""QKD-ASSUMED"",""sequence"":0,""source"":""session"",""stage"":""session"",""state"":""started""},{""detail"":""BB84 post-processing completed."",""sequence"":1,""source"":""qkd"",""stage"":""bb84"",""state"":""completed""},{""detail"":""The classical BB84 channel is assumed authenticated externally."",""sequence"":2,""source"":""qkd"",""stage"":""classical_authentication"",""state"":""assumed_not_executed""},{""detail"":""Final key released after all profile checks."",""sequence"":3,""source"":""qkd"",""stage"":""key_release"",""state"":""released""},{""detail"":""Authenticated QKD key released."",""sequence"":4,""source"":""session"",""stage"":""session"",""state"":""established""}],""version"":1}"
1,c5dbb632-d1cd-41b5-9e0d-30308fadd530,E2,depolarizing-0.02,1,1,eafcdacf-9f23-4290-b8e6-0d06ba663426,false,,0,11,2026-09-08T07:43:32.312647+00:00,14872963785743161951,QKD-ASSUMED,6348,3.14.7,CPython,2.5.0,0.16.0,0.16.0,50.0.1,0.1.0,Windows,11,10.0.26200,AMD64,"Intel64 Family 6 Model 158 Stepping 12, GenuineIntel",ac46477bb374bde1c0ace1ef0bcfbc26b199dcfa,true,1,E2,depolarizing-0.02,1,14872963785743161951,1,QKD-ASSUMED,QKD-ASSUMED,20000,"{""cascade_initial_block_factor"":0.73,""cascade_maximum_initial_block_size"":null,""cascade_maximum_lookback_steps"":null,""cascade_passes"":4,""phase_error_abort_threshold"":0.11,""sample_fraction"":0.2,""security_margin_bits"":0,""verification_tag_length"":32}",,[],"{""condition_id"":""depolarizing-0.02"",""experiment_kind"":""E2"",""qkd_stages"":[{""p"":0.02,""type"":""depolarizing""}],""replicate_index"":1,""seed"":14872963785743161951,""session"":{""internal_pqc_profile"":null,""profile"":""QKD-ASSUMED"",""qkd_authentication_profile"":""QKD-ASSUMED"",""qkd_postprocessing"":{""cascade_initial_block_factor"":0.73,""cascade_maximum_initial_block_size"":null,""cascade_maximum_lookback_steps"":null,""cascade_passes"":4,""phase_error_abort_threshold"":0.11,""sample_fraction"":0.2,""security_margin_bits"":0,""verification_tag_length"":32},""qkd_signal_count"":20000,""version"":1},""tags"":[],""version"":1}","[{""p"":0.02,""type"":""depolarizing""}]",,authentication explicitly assumed; no runtime material,,,,,,false,1,c297446711981b0c0419ef1f43f462d2,QKD-ASSUMED,established,,qkd_bitstring,6456,"[{""algorithm"":""privacy-amplified-bitstring"",""bit_length"":6456,""byte_length"":807,""encoding"":""big-endian packed bits with explicit bit length"",""position"":1,""protocol"":""BB84"",""source"":""qkd""}]","{""pqc_exchange"":null,""qkd_classical"":{""algorithm"":""none"",""executed"":false,""mechanism"":""assumed"",""purpose"":""QKD classical transcript authentication"",""trust_assumption"":""The classical BB84 channel is assumed authenticated externally."",""verified"":null}}","{""qkd_transcript_hash_sha384"":""610628c3aa420c37e7d77e5c2bf97de22cbf8f820a6314698a7791f8b1c79392a04e82827b5530b5d7b66b622a572538"",""qkd_transcript_version"":1}",3326552800,20000,10021,2005,8016,8016,6456,0.50105,0.3228,0.007,0.011940298507462687,0.009476309226932668,7,1000,12,1005,19,2005,0.011940298507462687,0.010677577088114959,0.008807045636509208,0.01253731343283582,0.010677577088114959,1451478,,,,,,,,,,,,,,,,,,,,,,,,,,,,,,,,,,assumed,none,none,0,0,0,0,0,0,0,0,The classical BB84 channel is assumed authenticated externally.,,,,"{""implementation"":""cpython"",""platform"":""Windows-11-10.0.26200-SP0"",""processor"":""Intel64 Family 6 Model 158 Stepping 12, GenuineIntel"",""python"":""3.14.7""}",,,,,,,,,,,,,,,,,,,,,,,,,3326552800,"{""events"":[{""detail"":""QKD-ASSUMED"",""sequence"":0,""source"":""session"",""stage"":""session"",""state"":""started""},{""detail"":""BB84 post-processing completed."",""sequence"":1,""source"":""qkd"",""stage"":""bb84"",""state"":""completed""},{""detail"":""The classical BB84 channel is assumed authenticated externally."",""sequence"":2,""source"":""qkd"",""stage"":""classical_authentication"",""state"":""assumed_not_executed""},{""detail"":""Final key released after all profile checks."",""sequence"":3,""source"":""qkd"",""stage"":""key_release"",""state"":""released""},{""detail"":""Authenticated QKD key released."",""sequence"":4,""source"":""session"",""stage"":""session"",""state"":""established""}],""version"":1}"
1,709056f2-f985-4c1c-997a-8c951b2ab05e,E2,depolarizing-0.02,2,1,eafcdacf-9f23-4290-b8e6-0d06ba663426,false,,0,12,2026-09-08T07:43:35.716281+00:00,151916481311595838,QKD-ASSUMED,6358,3.14.7,CPython,2.5.0,0.16.0,0.16.0,50.0.1,0.1.0,Windows,11,10.0.26200,AMD64,"Intel64 Family 6 Model 158 Stepping 12, GenuineIntel",ac46477bb374bde1c0ace1ef0bcfbc26b199dcfa,true,1,E2,depolarizing-0.02,2,151916481311595838,1,QKD-ASSUMED,QKD-ASSUMED,20000,"{""cascade_initial_block_factor"":0.73,""cascade_maximum_initial_block_size"":null,""cascade_maximum_lookback_steps"":null,""cascade_passes"":4,""phase_error_abort_threshold"":0.11,""sample_fraction"":0.2,""security_margin_bits"":0,""verification_tag_length"":32}",,[],"{""condition_id"":""depolarizing-0.02"",""experiment_kind"":""E2"",""qkd_stages"":[{""p"":0.02,""type"":""depolarizing""}],""replicate_index"":2,""seed"":151916481311595838,""session"":{""internal_pqc_profile"":null,""profile"":""QKD-ASSUMED"",""qkd_authentication_profile"":""QKD-ASSUMED"",""qkd_postprocessing"":{""cascade_initial_block_factor"":0.73,""cascade_maximum_initial_block_size"":null,""cascade_maximum_lookback_steps"":null,""cascade_passes"":4,""phase_error_abort_threshold"":0.11,""sample_fraction"":0.2,""security_margin_bits"":0,""verification_tag_length"":32},""qkd_signal_count"":20000,""version"":1},""tags"":[],""version"":1}","[{""p"":0.02,""type"":""depolarizing""}]",,authentication explicitly assumed; no runtime material,,,,,,false,1,2fa4913a2dd4efd70942dafaeb31dceb,QKD-ASSUMED,established,,qkd_bitstring,6282,"[{""algorithm"":""privacy-amplified-bitstring"",""bit_length"":6282,""byte_length"":786,""encoding"":""big-endian packed bits with explicit bit length"",""position"":1,""protocol"":""BB84"",""source"":""qkd""}]","{""pqc_exchange"":null,""qkd_classical"":{""algorithm"":""none"",""executed"":false,""mechanism"":""assumed"",""purpose"":""QKD classical transcript authentication"",""trust_assumption"":""The classical BB84 channel is assumed authenticated externally."",""verified"":null}}","{""qkd_transcript_hash_sha384"":""65e632a64a62886a9f892e7c05f165c0b86b6a33c44a6eab0e1f827acd905bea79bb2bf17bf787e3d677a514d2cf5100"",""qkd_transcript_version"":1}",3335369800,20000,10011,2003,8008,8008,6282,0.50055,0.3141,0.015984015984015984,0.008982035928143712,0.012481278082875686,16,1001,9,1002,25,2003,0.015984015984015984,0.01038857257017281,0.011988011988011988,0.008789452656811825,0.01038857257017281,1384911,,,,,,,,,,,,,,,,,,,,,,,,,,,,,,,,,,assumed,none,none,0,0,0,0,0,0,0,0,The classical BB84 channel is assumed authenticated externally.,,,,"{""implementation"":""cpython"",""platform"":""Windows-11-10.0.26200-SP0"",""processor"":""Intel64 Family 6 Model 158 Stepping 12, GenuineIntel"",""python"":""3.14.7""}",,,,,,,,,,,,,,,,,,,,,,,,,3335369800,"{""events"":[{""detail"":""QKD-ASSUMED"",""sequence"":0,""source"":""session"",""stage"":""session"",""state"":""started""},{""detail"":""BB84 post-processing completed."",""sequence"":1,""source"":""qkd"",""stage"":""bb84"",""state"":""completed""},{""detail"":""The classical BB84 channel is assumed authenticated externally."",""sequence"":2,""source"":""qkd"",""stage"":""classical_authentication"",""state"":""assumed_not_executed""},{""detail"":""Final key released after all profile checks."",""sequence"":3,""source"":""qkd"",""stage"":""key_release"",""state"":""released""},{""detail"":""Authenticated QKD key released."",""sequence"":4,""source"":""session"",""stage"":""session"",""state"":""established""}],""version"":1}"
1,d114ab87-29f5-42d3-a091-5ee685a5ce7a,E2,depolarizing-0.02,3,1,eafcdacf-9f23-4290-b8e6-0d06ba663426,false,,0,13,2026-09-08T07:43:39.108525+00:00,17595910283926667482,QKD-ASSUMED,6363,3.14.7,CPython,2.5.0,0.16.0,0.16.0,50.0.1,0.1.0,Windows,11,10.0.26200,AMD64,"Intel64 Family 6 Model 158 Stepping 12, GenuineIntel",ac46477bb374bde1c0ace1ef0bcfbc26b199dcfa,true,1,E2,depolarizing-0.02,3,17595910283926667482,1,QKD-ASSUMED,QKD-ASSUMED,20000,"{""cascade_initial_block_factor"":0.73,""cascade_maximum_initial_block_size"":null,""cascade_maximum_lookback_steps"":null,""cascade_passes"":4,""phase_error_abort_threshold"":0.11,""sample_fraction"":0.2,""security_margin_bits"":0,""verification_tag_length"":32}",,[],"{""condition_id"":""depolarizing-0.02"",""experiment_kind"":""E2"",""qkd_stages"":[{""p"":0.02,""type"":""depolarizing""}],""replicate_index"":3,""seed"":17595910283926667482,""session"":{""internal_pqc_profile"":null,""profile"":""QKD-ASSUMED"",""qkd_authentication_profile"":""QKD-ASSUMED"",""qkd_postprocessing"":{""cascade_initial_block_factor"":0.73,""cascade_maximum_initial_block_size"":null,""cascade_maximum_lookback_steps"":null,""cascade_passes"":4,""phase_error_abort_threshold"":0.11,""sample_fraction"":0.2,""security_margin_bits"":0,""verification_tag_length"":32},""qkd_signal_count"":20000,""version"":1},""tags"":[],""version"":1}","[{""p"":0.02,""type"":""depolarizing""}]",,authentication explicitly assumed; no runtime material,,,,,,false,1,ce41a91e5b7734fa1e6001d52f99e58d,QKD-ASSUMED,established,,qkd_bitstring,6635,"[{""algorithm"":""privacy-amplified-bitstring"",""bit_length"":6635,""byte_length"":830,""encoding"":""big-endian packed bits with explicit bit length"",""position"":1,""protocol"":""BB84"",""source"":""qkd""}]","{""pqc_exchange"":null,""qkd_classical"":{""algorithm"":""none"",""executed"":false,""mechanism"":""assumed"",""purpose"":""QKD classical transcript authentication"",""trust_assumption"":""The classical BB84 channel is assumed authenticated externally."",""verified"":null}}","{""qkd_transcript_hash_sha384"":""17bb532a5c2242b851d5a7d4e08aec395e35f2ee19de07362a11ca0a4c5412bbc0b45c3ceaca9bf6c8fcceea2e270213"",""qkd_transcript_version"":1}",3323320900,20000,10085,2018,8067,8067,6635,0.50425,0.33175,0.006958250497017893,0.010869565217391304,0.008919722497522299,7,1006,11,1012,18,2018,0.010869565217391304,0.00932077342588002,0.010737721216941738,0.007911392405063292,0.00932077342588002,1414182,,,,,,,,,,,,,,,,,,,,,,,,,,,,,,,,,,assumed,none,none,0,0,0,0,0,0,0,0,The classical BB84 channel is assumed authenticated externally.,,,,"{""implementation"":""cpython"",""platform"":""Windows-11-10.0.26200-SP0"",""processor"":""Intel64 Family 6 Model 158 Stepping 12, GenuineIntel"",""python"":""3.14.7""}",,,,,,,,,,,,,,,,,,,,,,,,,3323320900,"{""events"":[{""detail"":""QKD-ASSUMED"",""sequence"":0,""source"":""session"",""stage"":""session"",""state"":""started""},{""detail"":""BB84 post-processing completed."",""sequence"":1,""source"":""qkd"",""stage"":""bb84"",""state"":""completed""},{""detail"":""The classical BB84 channel is assumed authenticated externally."",""sequence"":2,""source"":""qkd"",""stage"":""classical_authentication"",""state"":""assumed_not_executed""},{""detail"":""Final key released after all profile checks."",""sequence"":3,""source"":""qkd"",""stage"":""key_release"",""state"":""released""},{""detail"":""Authenticated QKD key released."",""sequence"":4,""source"":""session"",""stage"":""session"",""state"":""established""}],""version"":1}"
1,0c07d804-c9c6-47bc-ac9b-e17c80fe5102,E2,depolarizing-0.02,4,1,eafcdacf-9f23-4290-b8e6-0d06ba663426,false,,0,14,2026-09-08T07:43:42.549525+00:00,11306149201749468406,QKD-ASSUMED,6364,3.14.7,CPython,2.5.0,0.16.0,0.16.0,50.0.1,0.1.0,Windows,11,10.0.26200,AMD64,"Intel64 Family 6 Model 158 Stepping 12, GenuineIntel",ac46477bb374bde1c0ace1ef0bcfbc26b199dcfa,true,1,E2,depolarizing-0.02,4,11306149201749468406,1,QKD-ASSUMED,QKD-ASSUMED,20000,"{""cascade_initial_block_factor"":0.73,""cascade_maximum_initial_block_size"":null,""cascade_maximum_lookback_steps"":null,""cascade_passes"":4,""phase_error_abort_threshold"":0.11,""sample_fraction"":0.2,""security_margin_bits"":0,""verification_tag_length"":32}",,[],"{""condition_id"":""depolarizing-0.02"",""experiment_kind"":""E2"",""qkd_stages"":[{""p"":0.02,""type"":""depolarizing""}],""replicate_index"":4,""seed"":11306149201749468406,""session"":{""internal_pqc_profile"":null,""profile"":""QKD-ASSUMED"",""qkd_authentication_profile"":""QKD-ASSUMED"",""qkd_postprocessing"":{""cascade_initial_block_factor"":0.73,""cascade_maximum_initial_block_size"":null,""cascade_maximum_lookback_steps"":null,""cascade_passes"":4,""phase_error_abort_threshold"":0.11,""sample_fraction"":0.2,""security_margin_bits"":0,""verification_tag_length"":32},""qkd_signal_count"":20000,""version"":1},""tags"":[],""version"":1}","[{""p"":0.02,""type"":""depolarizing""}]",,authentication explicitly assumed; no runtime material,,,,,,false,1,b79ae99c9db046de111c124f3872a3fe,QKD-ASSUMED,established,,qkd_bitstring,6459,"[{""algorithm"":""privacy-amplified-bitstring"",""bit_length"":6459,""byte_length"":808,""encoding"":""big-endian packed bits with explicit bit length"",""position"":1,""protocol"":""BB84"",""source"":""qkd""}]","{""pqc_exchange"":null,""qkd_classical"":{""algorithm"":""none"",""executed"":false,""mechanism"":""assumed"",""purpose"":""QKD classical transcript authentication"",""trust_assumption"":""The classical BB84 channel is assumed authenticated externally."",""verified"":null}}","{""qkd_transcript_hash_sha384"":""5fefd80e931044626718eb14c299ab14e893751aac85967e9554852bba8aeeb49aa08668ea560fb3ea745ae2e389ee86"",""qkd_transcript_version"":1}",3373155800,20000,9943,1989,7954,7954,6459,0.49715,0.32295,0.006986027944111776,0.013171225937183385,0.010055304172951232,7,1002,13,987,20,1989,0.013171225937183385,0.008951020818666399,0.0069874226392493514,0.010944466963923795,0.008951020818666399,1349822,,,,,,,,,,,,,,,,,,,,,,,,,,,,,,,,,,assumed,none,none,0,0,0,0,0,0,0,0,The classical BB84 channel is assumed authenticated externally.,,,,"{""implementation"":""cpython"",""platform"":""Windows-11-10.0.26200-SP0"",""processor"":""Intel64 Family 6 Model 158 Stepping 12, GenuineIntel"",""python"":""3.14.7""}",,,,,,,,,,,,,,,,,,,,,,,,,3373155800,"{""events"":[{""detail"":""QKD-ASSUMED"",""sequence"":0,""source"":""session"",""stage"":""session"",""state"":""started""},{""detail"":""BB84 post-processing completed."",""sequence"":1,""source"":""qkd"",""stage"":""bb84"",""state"":""completed""},{""detail"":""The classical BB84 channel is assumed authenticated externally."",""sequence"":2,""source"":""qkd"",""stage"":""classical_authentication"",""state"":""assumed_not_executed""},{""detail"":""Final key released after all profile checks."",""sequence"":3,""source"":""qkd"",""stage"":""key_release"",""state"":""released""},{""detail"":""Authenticated QKD key released."",""sequence"":4,""source"":""session"",""stage"":""session"",""state"":""established""}],""version"":1}"
1,a7e09053-09e1-4633-90f3-fcd6c442868a,E2,depolarizing-0.02,5,1,eafcdacf-9f23-4290-b8e6-0d06ba663426,false,,0,15,2026-09-08T07:43:45.975862+00:00,3309027192682034740,QKD-ASSUMED,6355,3.14.7,CPython,2.5.0,0.16.0,0.16.0,50.0.1,0.1.0,Windows,11,10.0.26200,AMD64,"Intel64 Family 6 Model 158 Stepping 12, GenuineIntel",ac46477bb374bde1c0ace1ef0bcfbc26b199dcfa,true,1,E2,depolarizing-0.02,5,3309027192682034740,1,QKD-ASSUMED,QKD-ASSUMED,20000,"{""cascade_initial_block_factor"":0.73,""cascade_maximum_initial_block_size"":null,""cascade_maximum_lookback_steps"":null,""cascade_passes"":4,""phase_error_abort_threshold"":0.11,""sample_fraction"":0.2,""security_margin_bits"":0,""verification_tag_length"":32}",,[],"{""condition_id"":""depolarizing-0.02"",""experiment_kind"":""E2"",""qkd_stages"":[{""p"":0.02,""type"":""depolarizing""}],""replicate_index"":5,""seed"":3309027192682034740,""session"":{""internal_pqc_profile"":null,""profile"":""QKD-ASSUMED"",""qkd_authentication_profile"":""QKD-ASSUMED"",""qkd_postprocessing"":{""cascade_initial_block_factor"":0.73,""cascade_maximum_initial_block_size"":null,""cascade_maximum_lookback_steps"":null,""cascade_passes"":4,""phase_error_abort_threshold"":0.11,""sample_fraction"":0.2,""security_margin_bits"":0,""verification_tag_length"":32},""qkd_signal_count"":20000,""version"":1},""tags"":[],""version"":1}","[{""p"":0.02,""type"":""depolarizing""}]",,authentication explicitly assumed; no runtime material,,,,,,false,1,7fec9350e531dae23247b514ec9abcfd,QKD-ASSUMED,established,,qkd_bitstring,6647,"[{""algorithm"":""privacy-amplified-bitstring"",""bit_length"":6647,""byte_length"":831,""encoding"":""big-endian packed bits with explicit bit length"",""position"":1,""protocol"":""BB84"",""source"":""qkd""}]","{""pqc_exchange"":null,""qkd_classical"":{""algorithm"":""none"",""executed"":false,""mechanism"":""assumed"",""purpose"":""QKD classical transcript authentication"",""trust_assumption"":""The classical BB84 channel is assumed authenticated externally."",""verified"":null}}","{""qkd_transcript_hash_sha384"":""b50aa3556fc3626ad3154e445c76b5190a98a1e4ac77ebc16f654fc91251ac0c4940aa9ae66e541d31c77068853738db"",""qkd_transcript_version"":1}",3360466500,20000,10046,2010,8036,8036,6647,0.5023,0.33235,0.008946322067594433,0.0099601593625498,0.00945273631840796,9,1006,10,1004,19,2010,0.0099601593625498,0.009456500099542107,0.008953442101074413,0.0099601593625498,0.009456500099542107,1402908,,,,,,,,,,,,,,,,,,,,,,,,,,,,,,,,,,assumed,none,none,0,0,0,0,0,0,0,0,The classical BB84 channel is assumed authenticated externally.,,,,"{""implementation"":""cpython"",""platform"":""Windows-11-10.0.26200-SP0"",""processor"":""Intel64 Family 6 Model 158 Stepping 12, GenuineIntel"",""python"":""3.14.7""}",,,,,,,,,,,,,,,,,,,,,,,,,3360466500,"{""events"":[{""detail"":""QKD-ASSUMED"",""sequence"":0,""source"":""session"",""stage"":""session"",""state"":""started""},{""detail"":""BB84 post-processing completed."",""sequence"":1,""source"":""qkd"",""stage"":""bb84"",""state"":""completed""},{""detail"":""The classical BB84 channel is assumed authenticated externally."",""sequence"":2,""source"":""qkd"",""stage"":""classical_authentication"",""state"":""assumed_not_executed""},{""detail"":""Final key released after all profile checks."",""sequence"":3,""source"":""qkd"",""stage"":""key_release"",""state"":""released""},{""detail"":""Authenticated QKD key released."",""sequence"":4,""source"":""session"",""stage"":""session"",""state"":""established""}],""version"":1}"
1,fd1bc4b5-5929-4abc-b5a1-68b35d35f5b4,E2,depolarizing-0.02,6,1,eafcdacf-9f23-4290-b8e6-0d06ba663426,false,,0,16,2026-09-08T07:43:49.360605+00:00,10762498204078840010,QKD-ASSUMED,6361,3.14.7,CPython,2.5.0,0.16.0,0.16.0,50.0.1,0.1.0,Windows,11,10.0.26200,AMD64,"Intel64 Family 6 Model 158 Stepping 12, GenuineIntel",ac46477bb374bde1c0ace1ef0bcfbc26b199dcfa,true,1,E2,depolarizing-0.02,6,10762498204078840010,1,QKD-ASSUMED,QKD-ASSUMED,20000,"{""cascade_initial_block_factor"":0.73,""cascade_maximum_initial_block_size"":null,""cascade_maximum_lookback_steps"":null,""cascade_passes"":4,""phase_error_abort_threshold"":0.11,""sample_fraction"":0.2,""security_margin_bits"":0,""verification_tag_length"":32}",,[],"{""condition_id"":""depolarizing-0.02"",""experiment_kind"":""E2"",""qkd_stages"":[{""p"":0.02,""type"":""depolarizing""}],""replicate_index"":6,""seed"":10762498204078840010,""session"":{""internal_pqc_profile"":null,""profile"":""QKD-ASSUMED"",""qkd_authentication_profile"":""QKD-ASSUMED"",""qkd_postprocessing"":{""cascade_initial_block_factor"":0.73,""cascade_maximum_initial_block_size"":null,""cascade_maximum_lookback_steps"":null,""cascade_passes"":4,""phase_error_abort_threshold"":0.11,""sample_fraction"":0.2,""security_margin_bits"":0,""verification_tag_length"":32},""qkd_signal_count"":20000,""version"":1},""tags"":[],""version"":1}","[{""p"":0.02,""type"":""depolarizing""}]",,authentication explicitly assumed; no runtime material,,,,,,false,1,3c0154164dad03f99d689d58e32e60fd,QKD-ASSUMED,established,,qkd_bitstring,6508,"[{""algorithm"":""privacy-amplified-bitstring"",""bit_length"":6508,""byte_length"":814,""encoding"":""big-endian packed bits with explicit bit length"",""position"":1,""protocol"":""BB84"",""source"":""qkd""}]","{""pqc_exchange"":null,""qkd_classical"":{""algorithm"":""none"",""executed"":false,""mechanism"":""assumed"",""purpose"":""QKD classical transcript authentication"",""trust_assumption"":""The classical BB84 channel is assumed authenticated externally."",""verified"":null}}","{""qkd_transcript_hash_sha384"":""c9d2b5889084efcc045dd58381c7b93b5e9a9c4df0deee9e24ed1ce839ae7b7bbe2aa259e8727f1531fcdbf228e0e3ff"",""qkd_transcript_version"":1}",3315127000,20000,9989,1998,7991,7991,6508,0.49945,0.3254,0.010912698412698412,0.007070707070707071,0.009009009009009009,11,1008,7,990,18,1998,0.010912698412698412,0.010211232355591151,0.01071641198650526,0.009696969696969697,0.010211232355591151,1438379,,,,,,,,,,,,,,,,,,,,,,,,,,,,,,,,,,assumed,none,none,0,0,0,0,0,0,0,0,The classical BB84 channel is assumed authenticated externally.,,,,"{""implementation"":""cpython"",""platform"":""Windows-11-10.0.26200-SP0"",""processor"":""Intel64 Family 6 Model 158 Stepping 12, GenuineIntel"",""python"":""3.14.7""}",,,,,,,,,,,,,,,,,,,,,,,,,3315127000,"{""events"":[{""detail"":""QKD-ASSUMED"",""sequence"":0,""source"":""session"",""stage"":""session"",""state"":""started""},{""detail"":""BB84 post-processing completed."",""sequence"":1,""source"":""qkd"",""stage"":""bb84"",""state"":""completed""},{""detail"":""The classical BB84 channel is assumed authenticated externally."",""sequence"":2,""source"":""qkd"",""stage"":""classical_authentication"",""state"":""assumed_not_executed""},{""detail"":""Final key released after all profile checks."",""sequence"":3,""source"":""qkd"",""stage"":""key_release"",""state"":""released""},{""detail"":""Authenticated QKD key released."",""sequence"":4,""source"":""session"",""stage"":""session"",""state"":""established""}],""version"":1}"
1,14ae61f8-9d53-45c5-bdbb-0ee10d0c2b0e,E2,depolarizing-0.02,7,1,eafcdacf-9f23-4290-b8e6-0d06ba663426,false,,0,17,2026-09-08T07:43:52.829278+00:00,1813871879911111252,QKD-ASSUMED,6360,3.14.7,CPython,2.5.0,0.16.0,0.16.0,50.0.1,0.1.0,Windows,11,10.0.26200,AMD64,"Intel64 Family 6 Model 158 Stepping 12, GenuineIntel",ac46477bb374bde1c0ace1ef0bcfbc26b199dcfa,true,1,E2,depolarizing-0.02,7,1813871879911111252,1,QKD-ASSUMED,QKD-ASSUMED,20000,"{""cascade_initial_block_factor"":0.73,""cascade_maximum_initial_block_size"":null,""cascade_maximum_lookback_steps"":null,""cascade_passes"":4,""phase_error_abort_threshold"":0.11,""sample_fraction"":0.2,""security_margin_bits"":0,""verification_tag_length"":32}",,[],"{""condition_id"":""depolarizing-0.02"",""experiment_kind"":""E2"",""qkd_stages"":[{""p"":0.02,""type"":""depolarizing""}],""replicate_index"":7,""seed"":1813871879911111252,""session"":{""internal_pqc_profile"":null,""profile"":""QKD-ASSUMED"",""qkd_authentication_profile"":""QKD-ASSUMED"",""qkd_postprocessing"":{""cascade_initial_block_factor"":0.73,""cascade_maximum_initial_block_size"":null,""cascade_maximum_lookback_steps"":null,""cascade_passes"":4,""phase_error_abort_threshold"":0.11,""sample_fraction"":0.2,""security_margin_bits"":0,""verification_tag_length"":32},""qkd_signal_count"":20000,""version"":1},""tags"":[],""version"":1}","[{""p"":0.02,""type"":""depolarizing""}]",,authentication explicitly assumed; no runtime material,,,,,,false,1,fb29f3086223d30c1eb0641c7890f11a,QKD-ASSUMED,established,,qkd_bitstring,6146,"[{""algorithm"":""privacy-amplified-bitstring"",""bit_length"":6146,""byte_length"":769,""encoding"":""big-endian packed bits with explicit bit length"",""position"":1,""protocol"":""BB84"",""source"":""qkd""}]","{""pqc_exchange"":null,""qkd_classical"":{""algorithm"":""none"",""executed"":false,""mechanism"":""assumed"",""purpose"":""QKD classical transcript authentication"",""trust_assumption"":""The classical BB84 channel is assumed authenticated externally."",""verified"":null}}","{""qkd_transcript_hash_sha384"":""ad1fdfaa11b0f3fd6eff6ded9a2faa127a005b89b98899195b852bd789e209071c33aaa261972752d74a2d65562c81ae"",""qkd_transcript_version"":1}",3401012200,20000,9992,1999,7993,7993,6146,0.4996,0.3073,0.0039447731755424065,0.018274111675126905,0.011005502751375688,4,1014,18,985,22,1999,0.018274111675126905,0.010708566853482785,0.011247040252565114,0.010154346060113728,0.010708566853482785,1410014,,,,,,,,,,,,,,,,,,,,,,,,,,,,,,,,,,assumed,none,none,0,0,0,0,0,0,0,0,The classical BB84 channel is assumed authenticated externally.,,,,"{""implementation"":""cpython"",""platform"":""Windows-11-10.0.26200-SP0"",""processor"":""Intel64 Family 6 Model 158 Stepping 12, GenuineIntel"",""python"":""3.14.7""}",,,,,,,,,,,,,,,,,,,,,,,,,3401012200,"{""events"":[{""detail"":""QKD-ASSUMED"",""sequence"":0,""source"":""session"",""stage"":""session"",""state"":""started""},{""detail"":""BB84 post-processing completed."",""sequence"":1,""source"":""qkd"",""stage"":""bb84"",""state"":""completed""},{""detail"":""The classical BB84 channel is assumed authenticated externally."",""sequence"":2,""source"":""qkd"",""stage"":""classical_authentication"",""state"":""assumed_not_executed""},{""detail"":""Final key released after all profile checks."",""sequence"":3,""source"":""qkd"",""stage"":""key_release"",""state"":""released""},{""detail"":""Authenticated QKD key released."",""sequence"":4,""source"":""session"",""stage"":""session"",""state"":""established""}],""version"":1}"
1,e5f77bbe-ad51-4fbc-9d90-5bfcfe648053,E2,depolarizing-0.02,8,1,eafcdacf-9f23-4290-b8e6-0d06ba663426,false,,0,18,2026-09-08T07:43:56.220683+00:00,9048366291884499870,QKD-ASSUMED,6358,3.14.7,CPython,2.5.0,0.16.0,0.16.0,50.0.1,0.1.0,Windows,11,10.0.26200,AMD64,"Intel64 Family 6 Model 158 Stepping 12, GenuineIntel",ac46477bb374bde1c0ace1ef0bcfbc26b199dcfa,true,1,E2,depolarizing-0.02,8,9048366291884499870,1,QKD-ASSUMED,QKD-ASSUMED,20000,"{""cascade_initial_block_factor"":0.73,""cascade_maximum_initial_block_size"":null,""cascade_maximum_lookback_steps"":null,""cascade_passes"":4,""phase_error_abort_threshold"":0.11,""sample_fraction"":0.2,""security_margin_bits"":0,""verification_tag_length"":32}",,[],"{""condition_id"":""depolarizing-0.02"",""experiment_kind"":""E2"",""qkd_stages"":[{""p"":0.02,""type"":""depolarizing""}],""replicate_index"":8,""seed"":9048366291884499870,""session"":{""internal_pqc_profile"":null,""profile"":""QKD-ASSUMED"",""qkd_authentication_profile"":""QKD-ASSUMED"",""qkd_postprocessing"":{""cascade_initial_block_factor"":0.73,""cascade_maximum_initial_block_size"":null,""cascade_maximum_lookback_steps"":null,""cascade_passes"":4,""phase_error_abort_threshold"":0.11,""sample_fraction"":0.2,""security_margin_bits"":0,""verification_tag_length"":32},""qkd_signal_count"":20000,""version"":1},""tags"":[],""version"":1}","[{""p"":0.02,""type"":""depolarizing""}]",,authentication explicitly assumed; no runtime material,,,,,,false,1,50df1118f94776963485b11c3122f70c,QKD-ASSUMED,established,,qkd_bitstring,6500,"[{""algorithm"":""privacy-amplified-bitstring"",""bit_length"":6500,""byte_length"":813,""encoding"":""big-endian packed bits with explicit bit length"",""position"":1,""protocol"":""BB84"",""source"":""qkd""}]","{""pqc_exchange"":null,""qkd_classical"":{""algorithm"":""none"",""executed"":false,""mechanism"":""assumed"",""purpose"":""QKD classical transcript authentication"",""trust_assumption"":""The classical BB84 channel is assumed authenticated externally."",""verified"":null}}","{""qkd_transcript_hash_sha384"":""704176c6485d66ba5a9ee1c6b68bb26bba1fb5c1b8caa05dea3a885aa673b6dcb9172ec6a05c0b94cc09a683c04a4a29"",""qkd_transcript_version"":1}",3323451800,20000,9934,1988,7946,7946,6500,0.4967,0.325,0.012012012012012012,0.011122345803842264,0.011569416498993963,12,999,11,989,23,1988,0.012012012012012012,0.009261123414535936,0.008213141025641026,0.010319708619991905,0.009261123414535936,1335927,,,,,,,,,,,,,,,,,,,,,,,,,,,,,,,,,,assumed,none,none,0,0,0,0,0,0,0,0,The classical BB84 channel is assumed authenticated externally.,,,,"{""implementation"":""cpython"",""platform"":""Windows-11-10.0.26200-SP0"",""processor"":""Intel64 Family 6 Model 158 Stepping 12, GenuineIntel"",""python"":""3.14.7""}",,,,,,,,,,,,,,,,,,,,,,,,,3323451800,"{""events"":[{""detail"":""QKD-ASSUMED"",""sequence"":0,""source"":""session"",""stage"":""session"",""state"":""started""},{""detail"":""BB84 post-processing completed."",""sequence"":1,""source"":""qkd"",""stage"":""bb84"",""state"":""completed""},{""detail"":""The classical BB84 channel is assumed authenticated externally."",""sequence"":2,""source"":""qkd"",""stage"":""classical_authentication"",""state"":""assumed_not_executed""},{""detail"":""Final key released after all profile checks."",""sequence"":3,""source"":""qkd"",""stage"":""key_release"",""state"":""released""},{""detail"":""Authenticated QKD key released."",""sequence"":4,""source"":""session"",""stage"":""session"",""state"":""established""}],""version"":1}"
1,48e3c43b-2abd-4ad7-aa67-7d38603b65c3,E2,depolarizing-0.02,9,1,eafcdacf-9f23-4290-b8e6-0d06ba663426,false,,0,19,2026-09-08T07:43:59.649341+00:00,17304477856060560619,QKD-ASSUMED,6357,3.14.7,CPython,2.5.0,0.16.0,0.16.0,50.0.1,0.1.0,Windows,11,10.0.26200,AMD64,"Intel64 Family 6 Model 158 Stepping 12, GenuineIntel",ac46477bb374bde1c0ace1ef0bcfbc26b199dcfa,true,1,E2,depolarizing-0.02,9,17304477856060560619,1,QKD-ASSUMED,QKD-ASSUMED,20000,"{""cascade_initial_block_factor"":0.73,""cascade_maximum_initial_block_size"":null,""cascade_maximum_lookback_steps"":null,""cascade_passes"":4,""phase_error_abort_threshold"":0.11,""sample_fraction"":0.2,""security_margin_bits"":0,""verification_tag_length"":32}",,[],"{""condition_id"":""depolarizing-0.02"",""experiment_kind"":""E2"",""qkd_stages"":[{""p"":0.02,""type"":""depolarizing""}],""replicate_index"":9,""seed"":17304477856060560619,""session"":{""internal_pqc_profile"":null,""profile"":""QKD-ASSUMED"",""qkd_authentication_profile"":""QKD-ASSUMED"",""qkd_postprocessing"":{""cascade_initial_block_factor"":0.73,""cascade_maximum_initial_block_size"":null,""cascade_maximum_lookback_steps"":null,""cascade_passes"":4,""phase_error_abort_threshold"":0.11,""sample_fraction"":0.2,""security_margin_bits"":0,""verification_tag_length"":32},""qkd_signal_count"":20000,""version"":1},""tags"":[],""version"":1}","[{""p"":0.02,""type"":""depolarizing""}]",,authentication explicitly assumed; no runtime material,,,,,,false,1,4181ecc48fbf4f280d1b46957e0d18a3,QKD-ASSUMED,established,,qkd_bitstring,6463,"[{""algorithm"":""privacy-amplified-bitstring"",""bit_length"":6463,""byte_length"":808,""encoding"":""big-endian packed bits with explicit bit length"",""position"":1,""protocol"":""BB84"",""source"":""qkd""}]","{""pqc_exchange"":null,""qkd_classical"":{""algorithm"":""none"",""executed"":false,""mechanism"":""assumed"",""purpose"":""QKD classical transcript authentication"",""trust_assumption"":""The classical BB84 channel is assumed authenticated externally."",""verified"":null}}","{""qkd_transcript_hash_sha384"":""0f92be8e88ce345110ed81e70affe5cffb9fa3f30d109d586c7d5e0469b7e336ae7f4dcc334a064b4d5792cc0e0cd93b"",""qkd_transcript_version"":1}",3360386100,20000,9926,1986,7940,7940,6463,0.4963,0.32315,0.011066398390342052,0.007056451612903226,0.00906344410876133,11,994,7,992,18,1986,0.011066398390342052,0.01007455168245013,0.01026983487716472,0.009879032258064515,0.01007455168245013,1425885,,,,,,,,,,,,,,,,,,,,,,,,,,,,,,,,,,assumed,none,none,0,0,0,0,0,0,0,0,The classical BB84 channel is assumed authenticated externally.,,,,"{""implementation"":""cpython"",""platform"":""Windows-11-10.0.26200-SP0"",""processor"":""Intel64 Family 6 Model 158 Stepping 12, GenuineIntel"",""python"":""3.14.7""}",,,,,,,,,,,,,,,,,,,,,,,,,3360386100,"{""events"":[{""detail"":""QKD-ASSUMED"",""sequence"":0,""source"":""session"",""stage"":""session"",""state"":""started""},{""detail"":""BB84 post-processing completed."",""sequence"":1,""source"":""qkd"",""stage"":""bb84"",""state"":""completed""},{""detail"":""The classical BB84 channel is assumed authenticated externally."",""sequence"":2,""source"":""qkd"",""stage"":""classical_authentication"",""state"":""assumed_not_executed""},{""detail"":""Final key released after all profile checks."",""sequence"":3,""source"":""qkd"",""stage"":""key_release"",""state"":""released""},{""detail"":""Authenticated QKD key released."",""sequence"":4,""source"":""session"",""stage"":""session"",""state"":""established""}],""version"":1}"
1,8df7c26e-a756-481c-9bb6-b3d41257e107,E2,depolarizing-0.05,0,1,eafcdacf-9f23-4290-b8e6-0d06ba663426,false,,0,20,2026-09-08T07:44:03.063998+00:00,9425662700139738470,QKD-ASSUMED,6361,3.14.7,CPython,2.5.0,0.16.0,0.16.0,50.0.1,0.1.0,Windows,11,10.0.26200,AMD64,"Intel64 Family 6 Model 158 Stepping 12, GenuineIntel",ac46477bb374bde1c0ace1ef0bcfbc26b199dcfa,true,1,E2,depolarizing-0.05,0,9425662700139738470,1,QKD-ASSUMED,QKD-ASSUMED,20000,"{""cascade_initial_block_factor"":0.73,""cascade_maximum_initial_block_size"":null,""cascade_maximum_lookback_steps"":null,""cascade_passes"":4,""phase_error_abort_threshold"":0.11,""sample_fraction"":0.2,""security_margin_bits"":0,""verification_tag_length"":32}",,[],"{""condition_id"":""depolarizing-0.05"",""experiment_kind"":""E2"",""qkd_stages"":[{""p"":0.05,""type"":""depolarizing""}],""replicate_index"":0,""seed"":9425662700139738470,""session"":{""internal_pqc_profile"":null,""profile"":""QKD-ASSUMED"",""qkd_authentication_profile"":""QKD-ASSUMED"",""qkd_postprocessing"":{""cascade_initial_block_factor"":0.73,""cascade_maximum_initial_block_size"":null,""cascade_maximum_lookback_steps"":null,""cascade_passes"":4,""phase_error_abort_threshold"":0.11,""sample_fraction"":0.2,""security_margin_bits"":0,""verification_tag_length"":32},""qkd_signal_count"":20000,""version"":1},""tags"":[],""version"":1}","[{""p"":0.05,""type"":""depolarizing""}]",,authentication explicitly assumed; no runtime material,,,,,,false,1,f85920d985525f22c697875accd98d0e,QKD-ASSUMED,established,,qkd_bitstring,5297,"[{""algorithm"":""privacy-amplified-bitstring"",""bit_length"":5297,""byte_length"":663,""encoding"":""big-endian packed bits with explicit bit length"",""position"":1,""protocol"":""BB84"",""source"":""qkd""}]","{""pqc_exchange"":null,""qkd_classical"":{""algorithm"":""none"",""executed"":false,""mechanism"":""assumed"",""purpose"":""QKD classical transcript authentication"",""trust_assumption"":""The classical BB84 channel is assumed authenticated externally."",""verified"":null}}","{""qkd_transcript_hash_sha384"":""f141dc14577aff462c2c56e55c7b810e267f62c1ed2a0fade06ed2ad1e3aea313e3bf84532824f6c86a847e08ae88067"",""qkd_transcript_version"":1}",3343599000,20000,10011,2003,8008,8008,5297,0.50055,0.26485,0.02131979695431472,0.021611001964636542,0.021467798302546182,21,985,22,1018,43,2003,0.021611001964636542,0.023074617920287685,0.02253807106598985,0.023594180102241447,0.023074617920287685,1783493,,,,,,,,,,,,,,,,,,,,,,,,,,,,,,,,,,assumed,none,none,0,0,0,0,0,0,0,0,The classical BB84 channel is assumed authenticated externally.,,,,"{""implementation"":""cpython"",""platform"":""Windows-11-10.0.26200-SP0"",""processor"":""Intel64 Family 6 Model 158 Stepping 12, GenuineIntel"",""python"":""3.14.7""}",,,,,,,,,,,,,,,,,,,,,,,,,3343599000,"{""events"":[{""detail"":""QKD-ASSUMED"",""sequence"":0,""source"":""session"",""stage"":""session"",""state"":""started""},{""detail"":""BB84 post-processing completed."",""sequence"":1,""source"":""qkd"",""stage"":""bb84"",""state"":""completed""},{""detail"":""The classical BB84 channel is assumed authenticated externally."",""sequence"":2,""source"":""qkd"",""stage"":""classical_authentication"",""state"":""assumed_not_executed""},{""detail"":""Final key released after all profile checks."",""sequence"":3,""source"":""qkd"",""stage"":""key_release"",""state"":""released""},{""detail"":""Authenticated QKD key released."",""sequence"":4,""source"":""session"",""stage"":""session"",""state"":""established""}],""version"":1}"
1,cafb4967-83d1-46e5-af62-630a66e6a8e0,E2,depolarizing-0.05,1,1,eafcdacf-9f23-4290-b8e6-0d06ba663426,false,,0,21,2026-09-08T07:44:06.477685+00:00,17222226588910327619,QKD-ASSUMED,6361,3.14.7,CPython,2.5.0,0.16.0,0.16.0,50.0.1,0.1.0,Windows,11,10.0.26200,AMD64,"Intel64 Family 6 Model 158 Stepping 12, GenuineIntel",ac46477bb374bde1c0ace1ef0bcfbc26b199dcfa,true,1,E2,depolarizing-0.05,1,17222226588910327619,1,QKD-ASSUMED,QKD-ASSUMED,20000,"{""cascade_initial_block_factor"":0.73,""cascade_maximum_initial_block_size"":null,""cascade_maximum_lookback_steps"":null,""cascade_passes"":4,""phase_error_abort_threshold"":0.11,""sample_fraction"":0.2,""security_margin_bits"":0,""verification_tag_length"":32}",,[],"{""condition_id"":""depolarizing-0.05"",""experiment_kind"":""E2"",""qkd_stages"":[{""p"":0.05,""type"":""depolarizing""}],""replicate_index"":1,""seed"":17222226588910327619,""session"":{""internal_pqc_profile"":null,""profile"":""QKD-ASSUMED"",""qkd_authentication_profile"":""QKD-ASSUMED"",""qkd_postprocessing"":{""cascade_initial_block_factor"":0.73,""cascade_maximum_initial_block_size"":null,""cascade_maximum_lookback_steps"":null,""cascade_passes"":4,""phase_error_abort_threshold"":0.11,""sample_fraction"":0.2,""security_margin_bits"":0,""verification_tag_length"":32},""qkd_signal_count"":20000,""version"":1},""tags"":[],""version"":1}","[{""p"":0.05,""type"":""depolarizing""}]",,authentication explicitly assumed; no runtime material,,,,,,false,1,c25854e7a94bbf5693fdcbd419e0363c,QKD-ASSUMED,established,,qkd_bitstring,5194,"[{""algorithm"":""privacy-amplified-bitstring"",""bit_length"":5194,""byte_length"":650,""encoding"":""big-endian packed bits with explicit bit length"",""position"":1,""protocol"":""BB84"",""source"":""qkd""}]","{""pqc_exchange"":null,""qkd_classical"":{""algorithm"":""none"",""executed"":false,""mechanism"":""assumed"",""purpose"":""QKD classical transcript authentication"",""trust_assumption"":""The classical BB84 channel is assumed authenticated externally."",""verified"":null}}","{""qkd_transcript_hash_sha384"":""3aabf0cfcc60401e4877298346c707da9a72c9a48c60b6064cd594692ad4232c15cd42f3625719f3755cd8f3278cfe58"",""qkd_transcript_version"":1}",3341274000,20000,10027,2006,8021,8021,5194,0.50135,0.2597,0.024342745861733205,0.02349336057201226,0.023928215353938187,25,1027,23,979,48,2006,0.024342745861733205,0.023237259399621023,0.02299298519095869,0.02349336057201226,0.023237259399621023,1767834,,,,,,,,,,,,,,,,,,,,,,,,,,,,,,,,,,assumed,none,none,0,0,0,0,0,0,0,0,The classical BB84 channel is assumed authenticated externally.,,,,"{""implementation"":""cpython"",""platform"":""Windows-11-10.0.26200-SP0"",""processor"":""Intel64 Family 6 Model 158 Stepping 12, GenuineIntel"",""python"":""3.14.7""}",,,,,,,,,,,,,,,,,,,,,,,,,3341274000,"{""events"":[{""detail"":""QKD-ASSUMED"",""sequence"":0,""source"":""session"",""stage"":""session"",""state"":""started""},{""detail"":""BB84 post-processing completed."",""sequence"":1,""source"":""qkd"",""stage"":""bb84"",""state"":""completed""},{""detail"":""The classical BB84 channel is assumed authenticated externally."",""sequence"":2,""source"":""qkd"",""stage"":""classical_authentication"",""state"":""assumed_not_executed""},{""detail"":""Final key released after all profile checks."",""sequence"":3,""source"":""qkd"",""stage"":""key_release"",""state"":""released""},{""detail"":""Authenticated QKD key released."",""sequence"":4,""source"":""session"",""stage"":""session"",""state"":""established""}],""version"":1}"
1,01bd559f-86f8-4750-ad5c-c3a50a9e2215,E2,depolarizing-0.05,2,1,eafcdacf-9f23-4290-b8e6-0d06ba663426,false,,0,22,2026-09-08T07:44:09.895810+00:00,8870869769016598056,QKD-ASSUMED,6332,3.14.7,CPython,2.5.0,0.16.0,0.16.0,50.0.1,0.1.0,Windows,11,10.0.26200,AMD64,"Intel64 Family 6 Model 158 Stepping 12, GenuineIntel",ac46477bb374bde1c0ace1ef0bcfbc26b199dcfa,true,1,E2,depolarizing-0.05,2,8870869769016598056,1,QKD-ASSUMED,QKD-ASSUMED,20000,"{""cascade_initial_block_factor"":0.73,""cascade_maximum_initial_block_size"":null,""cascade_maximum_lookback_steps"":null,""cascade_passes"":4,""phase_error_abort_threshold"":0.11,""sample_fraction"":0.2,""security_margin_bits"":0,""verification_tag_length"":32}",,[],"{""condition_id"":""depolarizing-0.05"",""experiment_kind"":""E2"",""qkd_stages"":[{""p"":0.05,""type"":""depolarizing""}],""replicate_index"":2,""seed"":8870869769016598056,""session"":{""internal_pqc_profile"":null,""profile"":""QKD-ASSUMED"",""qkd_authentication_profile"":""QKD-ASSUMED"",""qkd_postprocessing"":{""cascade_initial_block_factor"":0.73,""cascade_maximum_initial_block_size"":null,""cascade_maximum_lookback_steps"":null,""cascade_passes"":4,""phase_error_abort_threshold"":0.11,""sample_fraction"":0.2,""security_margin_bits"":0,""verification_tag_length"":32},""qkd_signal_count"":20000,""version"":1},""tags"":[],""version"":1}","[{""p"":0.05,""type"":""depolarizing""}]",,authentication explicitly assumed; no runtime material,,,,,,false,1,51a9951e4763bf4e37fc8d7e368aa502,QKD-ASSUMED,established,,qkd_bitstring,5015,"[{""algorithm"":""privacy-amplified-bitstring"",""bit_length"":5015,""byte_length"":627,""encoding"":""big-endian packed bits with explicit bit length"",""position"":1,""protocol"":""BB84"",""source"":""qkd""}]","{""pqc_exchange"":null,""qkd_classical"":{""algorithm"":""none"",""executed"":false,""mechanism"":""assumed"",""purpose"":""QKD classical transcript authentication"",""trust_assumption"":""The classical BB84 channel is assumed authenticated externally."",""verified"":null}}","{""qkd_transcript_hash_sha384"":""fab539dd83acf8ca3238fa472c383069fbb0cf18bece69aca532082b9b99fc04c3903c6d9355382526ab2b12470dcbd8"",""qkd_transcript_version"":1}",3343656700,20000,10106,2022,8084,8084,5015,0.5053,0.25075,0.023483365949119372,0.027,0.025222551928783383,24,1022,27,1000,51,2022,0.027,0.025331486245794576,0.02662490211433046,0.024009603841536616,0.025331486245794576,1835026,,,,,,,,,,,,,,,,,,,,,,,,,,,,,,,,,,assumed,none,none,0,0,0,0,0,0,0,0,The classical BB84 channel is assumed authenticated externally.,,,,"{""implementation"":""cpython"",""platform"":""Windows-11-10.0.26200-SP0"",""processor"":""Intel64 Family 6 Model 158 Stepping 12, GenuineIntel"",""python"":""3.14.7""}",,,,,,,,,,,,,,,,,,,,,,,,,3343656700,"{""events"":[{""detail"":""QKD-ASSUMED"",""sequence"":0,""source"":""session"",""stage"":""session"",""state"":""started""},{""detail"":""BB84 post-processing completed."",""sequence"":1,""source"":""qkd"",""stage"":""bb84"",""state"":""completed""},{""detail"":""The classical BB84 channel is assumed authenticated externally."",""sequence"":2,""source"":""qkd"",""stage"":""classical_authentication"",""state"":""assumed_not_executed""},{""detail"":""Final key released after all profile checks."",""sequence"":3,""source"":""qkd"",""stage"":""key_release"",""state"":""released""},{""detail"":""Authenticated QKD key released."",""sequence"":4,""source"":""session"",""stage"":""session"",""state"":""established""}],""version"":1}"
1,ff70ec25-aaaa-4079-a139-c2294af79919,E2,depolarizing-0.05,3,1,eafcdacf-9f23-4290-b8e6-0d06ba663426,false,,0,23,2026-09-08T07:44:13.309752+00:00,12975756176504949967,QKD-ASSUMED,6361,3.14.7,CPython,2.5.0,0.16.0,0.16.0,50.0.1,0.1.0,Windows,11,10.0.26200,AMD64,"Intel64 Family 6 Model 158 Stepping 12, GenuineIntel",ac46477bb374bde1c0ace1ef0bcfbc26b199dcfa,true,1,E2,depolarizing-0.05,3,12975756176504949967,1,QKD-ASSUMED,QKD-ASSUMED,20000,"{""cascade_initial_block_factor"":0.73,""cascade_maximum_initial_block_size"":null,""cascade_maximum_lookback_steps"":null,""cascade_passes"":4,""phase_error_abort_threshold"":0.11,""sample_fraction"":0.2,""security_margin_bits"":0,""verification_tag_length"":32}",,[],"{""condition_id"":""depolarizing-0.05"",""experiment_kind"":""E2"",""qkd_stages"":[{""p"":0.05,""type"":""depolarizing""}],""replicate_index"":3,""seed"":12975756176504949967,""session"":{""internal_pqc_profile"":null,""profile"":""QKD-ASSUMED"",""qkd_authentication_profile"":""QKD-ASSUMED"",""qkd_postprocessing"":{""cascade_initial_block_factor"":0.73,""cascade_maximum_initial_block_size"":null,""cascade_maximum_lookback_steps"":null,""cascade_passes"":4,""phase_error_abort_threshold"":0.11,""sample_fraction"":0.2,""security_margin_bits"":0,""verification_tag_length"":32},""qkd_signal_count"":20000,""version"":1},""tags"":[],""version"":1}","[{""p"":0.05,""type"":""depolarizing""}]",,authentication explicitly assumed; no runtime material,,,,,,false,1,00516b8c04d27baa570828cd9c52f1ad,QKD-ASSUMED,established,,qkd_bitstring,5255,"[{""algorithm"":""privacy-amplified-bitstring"",""bit_length"":5255,""byte_length"":657,""encoding"":""big-endian packed bits with explicit bit length"",""position"":1,""protocol"":""BB84"",""source"":""qkd""}]","{""pqc_exchange"":null,""qkd_classical"":{""algorithm"":""none"",""executed"":false,""mechanism"":""assumed"",""purpose"":""QKD classical transcript authentication"",""trust_assumption"":""The classical BB84 channel is assumed authenticated externally."",""verified"":null}}","{""qkd_transcript_hash_sha384"":""16fc6565713dbf47061ef7eae8ae76616d7711cd1d535520e93ed72206b3907ba253c442d6df29ef11be7299313a3af5"",""qkd_transcript_version"":1}",3341231100,20000,9973,1995,7978,7978,5255,0.49865,0.26275,0.023046092184368736,0.022066198595787363,0.022556390977443608,23,998,22,997,45,1995,0.023046092184368736,0.02246064373809285,0.023456295108259823,0.021464393179538615,0.02246064373809285,1748943,,,,,,,,,,,,,,,,,,,,,,,,,,,,,,,,,,assumed,none,none,0,0,0,0,0,0,0,0,The classical BB84 channel is assumed authenticated externally.,,,,"{""implementation"":""cpython"",""platform"":""Windows-11-10.0.26200-SP0"",""processor"":""Intel64 Family 6 Model 158 Stepping 12, GenuineIntel"",""python"":""3.14.7""}",,,,,,,,,,,,,,,,,,,,,,,,,3341231100,"{""events"":[{""detail"":""QKD-ASSUMED"",""sequence"":0,""source"":""session"",""stage"":""session"",""state"":""started""},{""detail"":""BB84 post-processing completed."",""sequence"":1,""source"":""qkd"",""stage"":""bb84"",""state"":""completed""},{""detail"":""The classical BB84 channel is assumed authenticated externally."",""sequence"":2,""source"":""qkd"",""stage"":""classical_authentication"",""state"":""assumed_not_executed""},{""detail"":""Final key released after all profile checks."",""sequence"":3,""source"":""qkd"",""stage"":""key_release"",""state"":""released""},{""detail"":""Authenticated QKD key released."",""sequence"":4,""source"":""session"",""stage"":""session"",""state"":""established""}],""version"":1}"
1,837e41d5-a41e-4d5c-a1de-113debbbb272,E2,depolarizing-0.05,4,1,eafcdacf-9f23-4290-b8e6-0d06ba663426,false,,0,24,2026-09-08T07:44:16.758549+00:00,17352265215413405241,QKD-ASSUMED,6345,3.14.7,CPython,2.5.0,0.16.0,0.16.0,50.0.1,0.1.0,Windows,11,10.0.26200,AMD64,"Intel64 Family 6 Model 158 Stepping 12, GenuineIntel",ac46477bb374bde1c0ace1ef0bcfbc26b199dcfa,true,1,E2,depolarizing-0.05,4,17352265215413405241,1,QKD-ASSUMED,QKD-ASSUMED,20000,"{""cascade_initial_block_factor"":0.73,""cascade_maximum_initial_block_size"":null,""cascade_maximum_lookback_steps"":null,""cascade_passes"":4,""phase_error_abort_threshold"":0.11,""sample_fraction"":0.2,""security_margin_bits"":0,""verification_tag_length"":32}",,[],"{""condition_id"":""depolarizing-0.05"",""experiment_kind"":""E2"",""qkd_stages"":[{""p"":0.05,""type"":""depolarizing""}],""replicate_index"":4,""seed"":17352265215413405241,""session"":{""internal_pqc_profile"":null,""profile"":""QKD-ASSUMED"",""qkd_authentication_profile"":""QKD-ASSUMED"",""qkd_postprocessing"":{""cascade_initial_block_factor"":0.73,""cascade_maximum_initial_block_size"":null,""cascade_maximum_lookback_steps"":null,""cascade_passes"":4,""phase_error_abort_threshold"":0.11,""sample_fraction"":0.2,""security_margin_bits"":0,""verification_tag_length"":32},""qkd_signal_count"":20000,""version"":1},""tags"":[],""version"":1}","[{""p"":0.05,""type"":""depolarizing""}]",,authentication explicitly assumed; no runtime material,,,,,,false,1,52728484c769fbd2a17905b0e9bbddad,QKD-ASSUMED,established,,qkd_bitstring,4389,"[{""algorithm"":""privacy-amplified-bitstring"",""bit_length"":4389,""byte_length"":549,""encoding"":""big-endian packed bits with explicit bit length"",""position"":1,""protocol"":""BB84"",""source"":""qkd""}]","{""pqc_exchange"":null,""qkd_classical"":{""algorithm"":""none"",""executed"":false,""mechanism"":""assumed"",""purpose"":""QKD classical transcript authentication"",""trust_assumption"":""The classical BB84 channel is assumed authenticated externally."",""verified"":null}}","{""qkd_transcript_hash_sha384"":""6c39112a13bf4a8f5269b9886b5a4294c20d8144ed13bf9b75f31c3b9c4fd370afff15cf1ca892bcbfea5eb4022ec953"",""qkd_transcript_version"":1}",3375066700,20000,9995,2000,7995,7995,4389,0.49975,0.21945,0.03290129611166501,0.03510531594784353,0.034,33,1003,35,997,68,2000,0.03510531594784353,0.030015007503751877,0.03052064631956912,0.029506222400642313,0.030015007503751877,1911721,,,,,,,,,,,,,,,,,,,,,,,,,,,,,,,,,,assumed,none,none,0,0,0,0,0,0,0,0,The classical BB84 channel is assumed authenticated externally.,,,,"{""implementation"":""cpython"",""platform"":""Windows-11-10.0.26200-SP0"",""processor"":""Intel64 Family 6 Model 158 Stepping 12, GenuineIntel"",""python"":""3.14.7""}",,,,,,,,,,,,,,,,,,,,,,,,,3375066700,"{""events"":[{""detail"":""QKD-ASSUMED"",""sequence"":0,""source"":""session"",""stage"":""session"",""state"":""started""},{""detail"":""BB84 post-processing completed."",""sequence"":1,""source"":""qkd"",""stage"":""bb84"",""state"":""completed""},{""detail"":""The classical BB84 channel is assumed authenticated externally."",""sequence"":2,""source"":""qkd"",""stage"":""classical_authentication"",""state"":""assumed_not_executed""},{""detail"":""Final key released after all profile checks."",""sequence"":3,""source"":""qkd"",""stage"":""key_release"",""state"":""released""},{""detail"":""Authenticated QKD key released."",""sequence"":4,""source"":""session"",""stage"":""session"",""state"":""established""}],""version"":1}"
1,1d5431ca-033b-42fa-aabf-8e2607113107,E2,depolarizing-0.05,5,1,eafcdacf-9f23-4290-b8e6-0d06ba663426,false,,0,25,2026-09-08T07:44:20.269509+00:00,8456692327756223250,QKD-ASSUMED,6331,3.14.7,CPython,2.5.0,0.16.0,0.16.0,50.0.1,0.1.0,Windows,11,10.0.26200,AMD64,"Intel64 Family 6 Model 158 Stepping 12, GenuineIntel",ac46477bb374bde1c0ace1ef0bcfbc26b199dcfa,true,1,E2,depolarizing-0.05,5,8456692327756223250,1,QKD-ASSUMED,QKD-ASSUMED,20000,"{""cascade_initial_block_factor"":0.73,""cascade_maximum_initial_block_size"":null,""cascade_maximum_lookback_steps"":null,""cascade_passes"":4,""phase_error_abort_threshold"":0.11,""sample_fraction"":0.2,""security_margin_bits"":0,""verification_tag_length"":32}",,[],"{""condition_id"":""depolarizing-0.05"",""experiment_kind"":""E2"",""qkd_stages"":[{""p"":0.05,""type"":""depolarizing""}],""replicate_index"":5,""seed"":8456692327756223250,""session"":{""internal_pqc_profile"":null,""profile"":""QKD-ASSUMED"",""qkd_authentication_profile"":""QKD-ASSUMED"",""qkd_postprocessing"":{""cascade_initial_block_factor"":0.73,""cascade_maximum_initial_block_size"":null,""cascade_maximum_lookback_steps"":null,""cascade_passes"":4,""phase_error_abort_threshold"":0.11,""sample_fraction"":0.2,""security_margin_bits"":0,""verification_tag_length"":32},""qkd_signal_count"":20000,""version"":1},""tags"":[],""version"":1}","[{""p"":0.05,""type"":""depolarizing""}]",,authentication explicitly assumed; no runtime material,,,,,,false,1,855d843b54f3971b6a891377e226dbd1,QKD-ASSUMED,established,,qkd_bitstring,4945,"[{""algorithm"":""privacy-amplified-bitstring"",""bit_length"":4945,""byte_length"":619,""encoding"":""big-endian packed bits with explicit bit length"",""position"":1,""protocol"":""BB84"",""source"":""qkd""}]","{""pqc_exchange"":null,""qkd_classical"":{""algorithm"":""none"",""executed"":false,""mechanism"":""assumed"",""purpose"":""QKD classical transcript authentication"",""trust_assumption"":""The classical BB84 channel is assumed authenticated externally."",""verified"":null}}","{""qkd_transcript_hash_sha384"":""45a137b65adf032a7c36327dcf321d5c762a66f2b14bc3ed2c7d9cf70cda9de1b42d327023ed63c76d543b4b0d633aec"",""qkd_transcript_version"":1}",3438546800,20000,10027,2006,8021,8021,4945,0.50135,0.24725,0.02882703777335984,0.012,0.020438683948155532,29,1006,12,1000,41,2006,0.02882703777335984,0.024035105215917025,0.02605927988860155,0.022,0.024035105215917025,1830231,,,,,,,,,,,,,,,,,,,,,,,,,,,,,,,,,,assumed,none,none,0,0,0,0,0,0,0,0,The classical BB84 channel is assumed authenticated externally.,,,,"{""implementation"":""cpython"",""platform"":""Windows-11-10.0.26200-SP0"",""processor"":""Intel64 Family 6 Model 158 Stepping 12, GenuineIntel"",""python"":""3.14.7""}",,,,,,,,,,,,,,,,,,,,,,,,,3438546800,"{""events"":[{""detail"":""QKD-ASSUMED"",""sequence"":0,""source"":""session"",""stage"":""session"",""state"":""started""},{""detail"":""BB84 post-processing completed."",""sequence"":1,""source"":""qkd"",""stage"":""bb84"",""state"":""completed""},{""detail"":""The classical BB84 channel is assumed authenticated externally."",""sequence"":2,""source"":""qkd"",""stage"":""classical_authentication"",""state"":""assumed_not_executed""},{""detail"":""Final key released after all profile checks."",""sequence"":3,""source"":""qkd"",""stage"":""key_release"",""state"":""released""},{""detail"":""Authenticated QKD key released."",""sequence"":4,""source"":""session"",""stage"":""session"",""state"":""established""}],""version"":1}"
1,a667819d-790e-43bd-b914-9f8175f58b82,E2,depolarizing-0.05,6,1,eafcdacf-9f23-4290-b8e6-0d06ba663426,false,,0,26,2026-09-08T07:44:23.691308+00:00,10439059629171360917,QKD-ASSUMED,6364,3.14.7,CPython,2.5.0,0.16.0,0.16.0,50.0.1,0.1.0,Windows,11,10.0.26200,AMD64,"Intel64 Family 6 Model 158 Stepping 12, GenuineIntel",ac46477bb374bde1c0ace1ef0bcfbc26b199dcfa,true,1,E2,depolarizing-0.05,6,10439059629171360917,1,QKD-ASSUMED,QKD-ASSUMED,20000,"{""cascade_initial_block_factor"":0.73,""cascade_maximum_initial_block_size"":null,""cascade_maximum_lookback_steps"":null,""cascade_passes"":4,""phase_error_abort_threshold"":0.11,""sample_fraction"":0.2,""security_margin_bits"":0,""verification_tag_length"":32}",,[],"{""condition_id"":""depolarizing-0.05"",""experiment_kind"":""E2"",""qkd_stages"":[{""p"":0.05,""type"":""depolarizing""}],""replicate_index"":6,""seed"":10439059629171360917,""session"":{""internal_pqc_profile"":null,""profile"":""QKD-ASSUMED"",""qkd_authentication_profile"":""QKD-ASSUMED"",""qkd_postprocessing"":{""cascade_initial_block_factor"":0.73,""cascade_maximum_initial_block_size"":null,""cascade_maximum_lookback_steps"":null,""cascade_passes"":4,""phase_error_abort_threshold"":0.11,""sample_fraction"":0.2,""security_margin_bits"":0,""verification_tag_length"":32},""qkd_signal_count"":20000,""version"":1},""tags"":[],""version"":1}","[{""p"":0.05,""type"":""depolarizing""}]",,authentication explicitly assumed; no runtime material,,,,,,false,1,73890ac0879a7a16099c6c8b20ac8479,QKD-ASSUMED,established,,qkd_bitstring,4967,"[{""algorithm"":""privacy-amplified-bitstring"",""bit_length"":4967,""byte_length"":621,""encoding"":""big-endian packed bits with explicit bit length"",""position"":1,""protocol"":""BB84"",""source"":""qkd""}]","{""pqc_exchange"":null,""qkd_classical"":{""algorithm"":""none"",""executed"":false,""mechanism"":""assumed"",""purpose"":""QKD classical transcript authentication"",""trust_assumption"":""The classical BB84 channel is assumed authenticated externally."",""verified"":null}}","{""qkd_transcript_hash_sha384"":""03e5bb9064cb993dab373c292d7349e80f4620e3a47360993b08ce47df2df320c5dd91c553a740685db97aa09892660c"",""qkd_transcript_version"":1}",3348226600,20000,10116,2024,8092,8092,4967,0.5058,0.24835,0.028741328047571853,0.020689655172413793,0.024703557312252964,29,1009,21,1015,50,2024,0.028741328047571853,0.024812178726769475,0.02577830656355344,0.023851764242065837,0.024812178726769475,1832674,,,,,,,,,,,,,,,,,,,,,,,,,,,,,,,,,,assumed,none,none,0,0,0,0,0,0,0,0,The classical BB84 channel is assumed authenticated externally.,,,,"{""implementation"":""cpython"",""platform"":""Windows-11-10.0.26200-SP0"",""processor"":""Intel64 Family 6 Model 158 Stepping 12, GenuineIntel"",""python"":""3.14.7""}",,,,,,,,,,,,,,,,,,,,,,,,,3348226600,"{""events"":[{""detail"":""QKD-ASSUMED"",""sequence"":0,""source"":""session"",""stage"":""session"",""state"":""started""},{""detail"":""BB84 post-processing completed."",""sequence"":1,""source"":""qkd"",""stage"":""bb84"",""state"":""completed""},{""detail"":""The classical BB84 channel is assumed authenticated externally."",""sequence"":2,""source"":""qkd"",""stage"":""classical_authentication"",""state"":""assumed_not_executed""},{""detail"":""Final key released after all profile checks."",""sequence"":3,""source"":""qkd"",""stage"":""key_release"",""state"":""released""},{""detail"":""Authenticated QKD key released."",""sequence"":4,""source"":""session"",""stage"":""session"",""state"":""established""}],""version"":1}"
1,15b455b9-353a-4c55-99bf-ff773b6aab35,E2,depolarizing-0.05,7,1,eafcdacf-9f23-4290-b8e6-0d06ba663426,false,,0,27,2026-09-08T07:44:27.106918+00:00,6432785494009826311,QKD-ASSUMED,6355,3.14.7,CPython,2.5.0,0.16.0,0.16.0,50.0.1,0.1.0,Windows,11,10.0.26200,AMD64,"Intel64 Family 6 Model 158 Stepping 12, GenuineIntel",ac46477bb374bde1c0ace1ef0bcfbc26b199dcfa,true,1,E2,depolarizing-0.05,7,6432785494009826311,1,QKD-ASSUMED,QKD-ASSUMED,20000,"{""cascade_initial_block_factor"":0.73,""cascade_maximum_initial_block_size"":null,""cascade_maximum_lookback_steps"":null,""cascade_passes"":4,""phase_error_abort_threshold"":0.11,""sample_fraction"":0.2,""security_margin_bits"":0,""verification_tag_length"":32}",,[],"{""condition_id"":""depolarizing-0.05"",""experiment_kind"":""E2"",""qkd_stages"":[{""p"":0.05,""type"":""depolarizing""}],""replicate_index"":7,""seed"":6432785494009826311,""session"":{""internal_pqc_profile"":null,""profile"":""QKD-ASSUMED"",""qkd_authentication_profile"":""QKD-ASSUMED"",""qkd_postprocessing"":{""cascade_initial_block_factor"":0.73,""cascade_maximum_initial_block_size"":null,""cascade_maximum_lookback_steps"":null,""cascade_passes"":4,""phase_error_abort_threshold"":0.11,""sample_fraction"":0.2,""security_margin_bits"":0,""verification_tag_length"":32},""qkd_signal_count"":20000,""version"":1},""tags"":[],""version"":1}","[{""p"":0.05,""type"":""depolarizing""}]",,authentication explicitly assumed; no runtime material,,,,,,false,1,cc17637f1b0a71847c90dcbc0ff06683,QKD-ASSUMED,established,,qkd_bitstring,4828,"[{""algorithm"":""privacy-amplified-bitstring"",""bit_length"":4828,""byte_length"":604,""encoding"":""big-endian packed bits with explicit bit length"",""position"":1,""protocol"":""BB84"",""source"":""qkd""}]","{""pqc_exchange"":null,""qkd_classical"":{""algorithm"":""none"",""executed"":false,""mechanism"":""assumed"",""purpose"":""QKD classical transcript authentication"",""trust_assumption"":""The classical BB84 channel is assumed authenticated externally."",""verified"":null}}","{""qkd_transcript_hash_sha384"":""a0dbfb73d75053c52c0fbce1571cbe754ac15ab23ba3cae6c2bfd69a34de466754bd252e8f0138ce5592f015c2e6445d"",""qkd_transcript_version"":1}",3345286300,20000,10026,2006,8020,8020,4828,0.5013,0.2414,0.0315893385982231,0.019133937562940583,0.025423728813559324,32,1013,19,993,51,2006,0.0315893385982231,0.02423698384201077,0.026476980833827306,0.021953675730110776,0.02423698384201077,1799002,,,,,,,,,,,,,,,,,,,,,,,,,,,,,,,,,,assumed,none,none,0,0,0,0,0,0,0,0,The classical BB84 channel is assumed authenticated externally.,,,,"{""implementation"":""cpython"",""platform"":""Windows-11-10.0.26200-SP0"",""processor"":""Intel64 Family 6 Model 158 Stepping 12, GenuineIntel"",""python"":""3.14.7""}",,,,,,,,,,,,,,,,,,,,,,,,,3345286300,"{""events"":[{""detail"":""QKD-ASSUMED"",""sequence"":0,""source"":""session"",""stage"":""session"",""state"":""started""},{""detail"":""BB84 post-processing completed."",""sequence"":1,""source"":""qkd"",""stage"":""bb84"",""state"":""completed""},{""detail"":""The classical BB84 channel is assumed authenticated externally."",""sequence"":2,""source"":""qkd"",""stage"":""classical_authentication"",""state"":""assumed_not_executed""},{""detail"":""Final key released after all profile checks."",""sequence"":3,""source"":""qkd"",""stage"":""key_release"",""state"":""released""},{""detail"":""Authenticated QKD key released."",""sequence"":4,""source"":""session"",""stage"":""session"",""state"":""established""}],""version"":1}"
1,680770a1-3011-445a-80a7-2d6714df2d0d,E2,depolarizing-0.05,8,1,eafcdacf-9f23-4290-b8e6-0d06ba663426,false,,0,28,2026-09-08T07:44:30.534976+00:00,1403201830675569901,QKD-ASSUMED,6347,3.14.7,CPython,2.5.0,0.16.0,0.16.0,50.0.1,0.1.0,Windows,11,10.0.26200,AMD64,"Intel64 Family 6 Model 158 Stepping 12, GenuineIntel",ac46477bb374bde1c0ace1ef0bcfbc26b199dcfa,true,1,E2,depolarizing-0.05,8,1403201830675569901,1,QKD-ASSUMED,QKD-ASSUMED,20000,"{""cascade_initial_block_factor"":0.73,""cascade_maximum_initial_block_size"":null,""cascade_maximum_lookback_steps"":null,""cascade_passes"":4,""phase_error_abort_threshold"":0.11,""sample_fraction"":0.2,""security_margin_bits"":0,""verification_tag_length"":32}",,[],"{""condition_id"":""depolarizing-0.05"",""experiment_kind"":""E2"",""qkd_stages"":[{""p"":0.05,""type"":""depolarizing""}],""replicate_index"":8,""seed"":1403201830675569901,""session"":{""internal_pqc_profile"":null,""profile"":""QKD-ASSUMED"",""qkd_authentication_profile"":""QKD-ASSUMED"",""qkd_postprocessing"":{""cascade_initial_block_factor"":0.73,""cascade_maximum_initial_block_size"":null,""cascade_maximum_lookback_steps"":null,""cascade_passes"":4,""phase_error_abort_threshold"":0.11,""sample_fraction"":0.2,""security_margin_bits"":0,""verification_tag_length"":32},""qkd_signal_count"":20000,""version"":1},""tags"":[],""version"":1}","[{""p"":0.05,""type"":""depolarizing""}]",,authentication explicitly assumed; no runtime material,,,,,,false,1,60eb4283974c30a0a4405ffc26818fee,QKD-ASSUMED,established,,qkd_bitstring,4723,"[{""algorithm"":""privacy-amplified-bitstring"",""bit_length"":4723,""byte_length"":591,""encoding"":""big-endian packed bits with explicit bit length"",""position"":1,""protocol"":""BB84"",""source"":""qkd""}]","{""pqc_exchange"":null,""qkd_classical"":{""algorithm"":""none"",""executed"":false,""mechanism"":""assumed"",""purpose"":""QKD classical transcript authentication"",""trust_assumption"":""The classical BB84 channel is assumed authenticated externally."",""verified"":null}}","{""qkd_transcript_hash_sha384"":""ad88160f2d716710d9d8c84aaece47dbc181f08fafe1072088715b3c8d4a45f3bebcb3c9d404c45aa6bcc48abab4df8f"",""qkd_transcript_version"":1}",3355452900,20000,10047,2010,8037,8037,4723,0.50235,0.23615,0.031683168316831684,0.022,0.026865671641791045,32,1010,22,1000,54,2010,0.031683168316831684,0.02647556484522743,0.026732673267326732,0.026215729437662597,0.02647556484522743,1859637,,,,,,,,,,,,,,,,,,,,,,,,,,,,,,,,,,assumed,none,none,0,0,0,0,0,0,0,0,The classical BB84 channel is assumed authenticated externally.,,,,"{""implementation"":""cpython"",""platform"":""Windows-11-10.0.26200-SP0"",""processor"":""Intel64 Family 6 Model 158 Stepping 12, GenuineIntel"",""python"":""3.14.7""}",,,,,,,,,,,,,,,,,,,,,,,,,3355452900,"{""events"":[{""detail"":""QKD-ASSUMED"",""sequence"":0,""source"":""session"",""stage"":""session"",""state"":""started""},{""detail"":""BB84 post-processing completed."",""sequence"":1,""source"":""qkd"",""stage"":""bb84"",""state"":""completed""},{""detail"":""The classical BB84 channel is assumed authenticated externally."",""sequence"":2,""source"":""qkd"",""stage"":""classical_authentication"",""state"":""assumed_not_executed""},{""detail"":""Final key released after all profile checks."",""sequence"":3,""source"":""qkd"",""stage"":""key_release"",""state"":""released""},{""detail"":""Authenticated QKD key released."",""sequence"":4,""source"":""session"",""stage"":""session"",""state"":""established""}],""version"":1}"
1,c05e8d68-2c45-4121-a3a5-da93f223a0df,E2,depolarizing-0.05,9,1,eafcdacf-9f23-4290-b8e6-0d06ba663426,false,,0,29,2026-09-08T07:44:34.002676+00:00,17817772814166138707,QKD-ASSUMED,6356,3.14.7,CPython,2.5.0,0.16.0,0.16.0,50.0.1,0.1.0,Windows,11,10.0.26200,AMD64,"Intel64 Family 6 Model 158 Stepping 12, GenuineIntel",ac46477bb374bde1c0ace1ef0bcfbc26b199dcfa,true,1,E2,depolarizing-0.05,9,17817772814166138707,1,QKD-ASSUMED,QKD-ASSUMED,20000,"{""cascade_initial_block_factor"":0.73,""cascade_maximum_initial_block_size"":null,""cascade_maximum_lookback_steps"":null,""cascade_passes"":4,""phase_error_abort_threshold"":0.11,""sample_fraction"":0.2,""security_margin_bits"":0,""verification_tag_length"":32}",,[],"{""condition_id"":""depolarizing-0.05"",""experiment_kind"":""E2"",""qkd_stages"":[{""p"":0.05,""type"":""depolarizing""}],""replicate_index"":9,""seed"":17817772814166138707,""session"":{""internal_pqc_profile"":null,""profile"":""QKD-ASSUMED"",""qkd_authentication_profile"":""QKD-ASSUMED"",""qkd_postprocessing"":{""cascade_initial_block_factor"":0.73,""cascade_maximum_initial_block_size"":null,""cascade_maximum_lookback_steps"":null,""cascade_passes"":4,""phase_error_abort_threshold"":0.11,""sample_fraction"":0.2,""security_margin_bits"":0,""verification_tag_length"":32},""qkd_signal_count"":20000,""version"":1},""tags"":[],""version"":1}","[{""p"":0.05,""type"":""depolarizing""}]",,authentication explicitly assumed; no runtime material,,,,,,false,1,64b74a15a6c75d9a5ad5f611a422eccd,QKD-ASSUMED,established,,qkd_bitstring,4706,"[{""algorithm"":""privacy-amplified-bitstring"",""bit_length"":4706,""byte_length"":589,""encoding"":""big-endian packed bits with explicit bit length"",""position"":1,""protocol"":""BB84"",""source"":""qkd""}]","{""pqc_exchange"":null,""qkd_classical"":{""algorithm"":""none"",""executed"":false,""mechanism"":""assumed"",""purpose"":""QKD classical transcript authentication"",""trust_assumption"":""The classical BB84 channel is assumed authenticated externally."",""verified"":null}}","{""qkd_transcript_hash_sha384"":""e92851bbfd80d617892ea6db863997300b4e5a866c8622cab67ad28be9c02fe04afc4030eaac0f845c5f9e4ba315465f"",""qkd_transcript_version"":1}",3393511100,20000,9955,1992,7963,7963,4706,0.49775,0.2353,0.0243161094224924,0.029850746268656716,0.02710843373493976,24,987,30,1005,54,1992,0.029850746268656716,0.02732295328980412,0.02492906364004864,0.02967536347341167,0.02732295328980412,1866469,,,,,,,,,,,,,,,,,,,,,,,,,,,,,,,,,,assumed,none,none,0,0,0,0,0,0,0,0,The classical BB84 channel is assumed authenticated externally.,,,,"{""implementation"":""cpython"",""platform"":""Windows-11-10.0.26200-SP0"",""processor"":""Intel64 Family 6 Model 158 Stepping 12, GenuineIntel"",""python"":""3.14.7""}",,,,,,,,,,,,,,,,,,,,,,,,,3393511100,"{""events"":[{""detail"":""QKD-ASSUMED"",""sequence"":0,""source"":""session"",""stage"":""session"",""state"":""started""},{""detail"":""BB84 post-processing completed."",""sequence"":1,""source"":""qkd"",""stage"":""bb84"",""state"":""completed""},{""detail"":""The classical BB84 channel is assumed authenticated externally."",""sequence"":2,""source"":""qkd"",""stage"":""classical_authentication"",""state"":""assumed_not_executed""},{""detail"":""Final key released after all profile checks."",""sequence"":3,""source"":""qkd"",""stage"":""key_release"",""state"":""released""},{""detail"":""Authenticated QKD key released."",""sequence"":4,""source"":""session"",""stage"":""session"",""state"":""established""}],""version"":1}"
1,b6c49d0c-7381-48c7-af1f-a8a21765d204,E2,depolarizing-0.10,0,1,eafcdacf-9f23-4290-b8e6-0d06ba663426,false,,0,30,2026-09-08T07:44:37.563797+00:00,8479324920329332946,QKD-ASSUMED,6341,3.14.7,CPython,2.5.0,0.16.0,0.16.0,50.0.1,0.1.0,Windows,11,10.0.26200,AMD64,"Intel64 Family 6 Model 158 Stepping 12, GenuineIntel",ac46477bb374bde1c0ace1ef0bcfbc26b199dcfa,true,1,E2,depolarizing-0.10,0,8479324920329332946,1,QKD-ASSUMED,QKD-ASSUMED,20000,"{""cascade_initial_block_factor"":0.73,""cascade_maximum_initial_block_size"":null,""cascade_maximum_lookback_steps"":null,""cascade_passes"":4,""phase_error_abort_threshold"":0.11,""sample_fraction"":0.2,""security_margin_bits"":0,""verification_tag_length"":32}",,[],"{""condition_id"":""depolarizing-0.10"",""experiment_kind"":""E2"",""qkd_stages"":[{""p"":0.1,""type"":""depolarizing""}],""replicate_index"":0,""seed"":8479324920329332946,""session"":{""internal_pqc_profile"":null,""profile"":""QKD-ASSUMED"",""qkd_authentication_profile"":""QKD-ASSUMED"",""qkd_postprocessing"":{""cascade_initial_block_factor"":0.73,""cascade_maximum_initial_block_size"":null,""cascade_maximum_lookback_steps"":null,""cascade_passes"":4,""phase_error_abort_threshold"":0.11,""sample_fraction"":0.2,""security_margin_bits"":0,""verification_tag_length"":32},""qkd_signal_count"":20000,""version"":1},""tags"":[],""version"":1}","[{""p"":0.1,""type"":""depolarizing""}]",,authentication explicitly assumed; no runtime material,,,,,,false,1,314007d118f9f5905fc4515a73de77cf,QKD-ASSUMED,established,,qkd_bitstring,2596,"[{""algorithm"":""privacy-amplified-bitstring"",""bit_length"":2596,""byte_length"":325,""encoding"":""big-endian packed bits with explicit bit length"",""position"":1,""protocol"":""BB84"",""source"":""qkd""}]","{""pqc_exchange"":null,""qkd_classical"":{""algorithm"":""none"",""executed"":false,""mechanism"":""assumed"",""purpose"":""QKD classical transcript authentication"",""trust_assumption"":""The classical BB84 channel is assumed authenticated externally."",""verified"":null}}","{""qkd_transcript_hash_sha384"":""164ee50a5dc10fe02dc485d635e2b69bce4d7a5f656fbe897ff2cbc744845dad65c321bb9c260eb13a5839c2c5478264"",""qkd_transcript_version"":1}",3481438100,20000,9931,1987,7944,7944,2596,0.49655,0.1298,0.057750759878419454,0.047,0.05234021137393055,57,987,47,1000,104,1987,0.057750759878419454,0.05145503977444366,0.05309017223910841,0.04983987189751801,0.05145503977444366,2396472,,,,,,,,,,,,,,,,,,,,,,,,,,,,,,,,,,assumed,none,none,0,0,0,0,0,0,0,0,The classical BB84 channel is assumed authenticated externally.,,,,"{""implementation"":""cpython"",""platform"":""Windows-11-10.0.26200-SP0"",""processor"":""Intel64 Family 6 Model 158 Stepping 12, GenuineIntel"",""python"":""3.14.7""}",,,,,,,,,,,,,,,,,,,,,,,,,3481438100,"{""events"":[{""detail"":""QKD-ASSUMED"",""sequence"":0,""source"":""session"",""stage"":""session"",""state"":""started""},{""detail"":""BB84 post-processing completed."",""sequence"":1,""source"":""qkd"",""stage"":""bb84"",""state"":""completed""},{""detail"":""The classical BB84 channel is assumed authenticated externally."",""sequence"":2,""source"":""qkd"",""stage"":""classical_authentication"",""state"":""assumed_not_executed""},{""detail"":""Final key released after all profile checks."",""sequence"":3,""source"":""qkd"",""stage"":""key_release"",""state"":""released""},{""detail"":""Authenticated QKD key released."",""sequence"":4,""source"":""session"",""stage"":""session"",""state"":""established""}],""version"":1}"
1,ce8b7eaa-6736-4853-9d12-1528d2e50fce,E2,depolarizing-0.10,1,1,eafcdacf-9f23-4290-b8e6-0d06ba663426,false,,0,31,2026-09-08T07:44:41.082086+00:00,7187452406194554041,QKD-ASSUMED,6355,3.14.7,CPython,2.5.0,0.16.0,0.16.0,50.0.1,0.1.0,Windows,11,10.0.26200,AMD64,"Intel64 Family 6 Model 158 Stepping 12, GenuineIntel",ac46477bb374bde1c0ace1ef0bcfbc26b199dcfa,true,1,E2,depolarizing-0.10,1,7187452406194554041,1,QKD-ASSUMED,QKD-ASSUMED,20000,"{""cascade_initial_block_factor"":0.73,""cascade_maximum_initial_block_size"":null,""cascade_maximum_lookback_steps"":null,""cascade_passes"":4,""phase_error_abort_threshold"":0.11,""sample_fraction"":0.2,""security_margin_bits"":0,""verification_tag_length"":32}",,[],"{""condition_id"":""depolarizing-0.10"",""experiment_kind"":""E2"",""qkd_stages"":[{""p"":0.1,""type"":""depolarizing""}],""replicate_index"":1,""seed"":7187452406194554041,""session"":{""internal_pqc_profile"":null,""profile"":""QKD-ASSUMED"",""qkd_authentication_profile"":""QKD-ASSUMED"",""qkd_postprocessing"":{""cascade_initial_block_factor"":0.73,""cascade_maximum_initial_block_size"":null,""cascade_maximum_lookback_steps"":null,""cascade_passes"":4,""phase_error_abort_threshold"":0.11,""sample_fraction"":0.2,""security_margin_bits"":0,""verification_tag_length"":32},""qkd_signal_count"":20000,""version"":1},""tags"":[],""version"":1}","[{""p"":0.1,""type"":""depolarizing""}]",,authentication explicitly assumed; no runtime material,,,,,,false,1,5ca0bf7ca92da51ed69550875c889c11,QKD-ASSUMED,established,,qkd_bitstring,2667,"[{""algorithm"":""privacy-amplified-bitstring"",""bit_length"":2667,""byte_length"":334,""encoding"":""big-endian packed bits with explicit bit length"",""position"":1,""protocol"":""BB84"",""source"":""qkd""}]","{""pqc_exchange"":null,""qkd_classical"":{""algorithm"":""none"",""executed"":false,""mechanism"":""assumed"",""purpose"":""QKD classical transcript authentication"",""trust_assumption"":""The classical BB84 channel is assumed authenticated externally."",""verified"":null}}","{""qkd_transcript_hash_sha384"":""440576a6d79e52c19bb917acc0d976149f65216593e1cec741a036e274f183acd400d9cebdc1afb191f68d4352d00d3c"",""qkd_transcript_version"":1}",3440213300,20000,10034,2008,8026,8026,2667,0.5017,0.13335,0.05673758865248227,0.04897159647404505,0.052788844621513946,56,987,50,1021,106,2008,0.05673758865248227,0.05192346023520032,0.052311435523114354,0.0515484123872991,0.05192346023520032,2414678,,,,,,,,,,,,,,,,,,,,,,,,,,,,,,,,,,assumed,none,none,0,0,0,0,0,0,0,0,The classical BB84 channel is assumed authenticated externally.,,,,"{""implementation"":""cpython"",""platform"":""Windows-11-10.0.26200-SP0"",""processor"":""Intel64 Family 6 Model 158 Stepping 12, GenuineIntel"",""python"":""3.14.7""}",,,,,,,,,,,,,,,,,,,,,,,,,3440213300,"{""events"":[{""detail"":""QKD-ASSUMED"",""sequence"":0,""source"":""session"",""stage"":""session"",""state"":""started""},{""detail"":""BB84 post-processing completed."",""sequence"":1,""source"":""qkd"",""stage"":""bb84"",""state"":""completed""},{""detail"":""The classical BB84 channel is assumed authenticated externally."",""sequence"":2,""source"":""qkd"",""stage"":""classical_authentication"",""state"":""assumed_not_executed""},{""detail"":""Final key released after all profile checks."",""sequence"":3,""source"":""qkd"",""stage"":""key_release"",""state"":""released""},{""detail"":""Authenticated QKD key released."",""sequence"":4,""source"":""session"",""stage"":""session"",""state"":""established""}],""version"":1}"
1,61e3b03c-183f-4353-9f25-b0d2864ab926,E2,depolarizing-0.10,2,1,eafcdacf-9f23-4290-b8e6-0d06ba663426,false,,0,32,2026-09-08T07:44:44.621869+00:00,11738000290711219196,QKD-ASSUMED,6352,3.14.7,CPython,2.5.0,0.16.0,0.16.0,50.0.1,0.1.0,Windows,11,10.0.26200,AMD64,"Intel64 Family 6 Model 158 Stepping 12, GenuineIntel",ac46477bb374bde1c0ace1ef0bcfbc26b199dcfa,true,1,E2,depolarizing-0.10,2,11738000290711219196,1,QKD-ASSUMED,QKD-ASSUMED,20000,"{""cascade_initial_block_factor"":0.73,""cascade_maximum_initial_block_size"":null,""cascade_maximum_lookback_steps"":null,""cascade_passes"":4,""phase_error_abort_threshold"":0.11,""sample_fraction"":0.2,""security_margin_bits"":0,""verification_tag_length"":32}",,[],"{""condition_id"":""depolarizing-0.10"",""experiment_kind"":""E2"",""qkd_stages"":[{""p"":0.1,""type"":""depolarizing""}],""replicate_index"":2,""seed"":11738000290711219196,""session"":{""internal_pqc_profile"":null,""profile"":""QKD-ASSUMED"",""qkd_authentication_profile"":""QKD-ASSUMED"",""qkd_postprocessing"":{""cascade_initial_block_factor"":0.73,""cascade_maximum_initial_block_size"":null,""cascade_maximum_lookback_steps"":null,""cascade_passes"":4,""phase_error_abort_threshold"":0.11,""sample_fraction"":0.2,""security_margin_bits"":0,""verification_tag_length"":32},""qkd_signal_count"":20000,""version"":1},""tags"":[],""version"":1}","[{""p"":0.1,""type"":""depolarizing""}]",,authentication explicitly assumed; no runtime material,,,,,,false,1,d296d07bd6b1937967dacf6db6f1f43d,QKD-ASSUMED,established,,qkd_bitstring,2949,"[{""algorithm"":""privacy-amplified-bitstring"",""bit_length"":2949,""byte_length"":369,""encoding"":""big-endian packed bits with explicit bit length"",""position"":1,""protocol"":""BB84"",""source"":""qkd""}]","{""pqc_exchange"":null,""qkd_classical"":{""algorithm"":""none"",""executed"":false,""mechanism"":""assumed"",""purpose"":""QKD classical transcript authentication"",""trust_assumption"":""The classical BB84 channel is assumed authenticated externally."",""verified"":null}}","{""qkd_transcript_hash_sha384"":""2da4b8374f1c7822e8583f8e45b45c497c03295b9895f5b0f0dc989af526a664d7730c986c656fd9890b5fb7dd5d8844"",""qkd_transcript_version"":1}",3460956600,20000,9886,1978,7908,7908,2949,0.4943,0.14745,0.04994903160040775,0.04212637913741224,0.04600606673407482,49,981,42,997,91,1978,0.04994903160040775,0.04986850091037831,0.0518050173363247,0.04796307445314068,0.04986850091037831,2349521,,,,,,,,,,,,,,,,,,,,,,,,,,,,,,,,,,assumed,none,none,0,0,0,0,0,0,0,0,The classical BB84 channel is assumed authenticated externally.,,,,"{""implementation"":""cpython"",""platform"":""Windows-11-10.0.26200-SP0"",""processor"":""Intel64 Family 6 Model 158 Stepping 12, GenuineIntel"",""python"":""3.14.7""}",,,,,,,,,,,,,,,,,,,,,,,,,3460956600,"{""events"":[{""detail"":""QKD-ASSUMED"",""sequence"":0,""source"":""session"",""stage"":""session"",""state"":""started""},{""detail"":""BB84 post-processing completed."",""sequence"":1,""source"":""qkd"",""stage"":""bb84"",""state"":""completed""},{""detail"":""The classical BB84 channel is assumed authenticated externally."",""sequence"":2,""source"":""qkd"",""stage"":""classical_authentication"",""state"":""assumed_not_executed""},{""detail"":""Final key released after all profile checks."",""sequence"":3,""source"":""qkd"",""stage"":""key_release"",""state"":""released""},{""detail"":""Authenticated QKD key released."",""sequence"":4,""source"":""session"",""stage"":""session"",""state"":""established""}],""version"":1}"
1,5545129d-eb47-4de9-a819-020613291363,E2,depolarizing-0.10,3,1,eafcdacf-9f23-4290-b8e6-0d06ba663426,false,,0,33,2026-09-08T07:44:48.117416+00:00,5427457461162166403,QKD-ASSUMED,6336,3.14.7,CPython,2.5.0,0.16.0,0.16.0,50.0.1,0.1.0,Windows,11,10.0.26200,AMD64,"Intel64 Family 6 Model 158 Stepping 12, GenuineIntel",ac46477bb374bde1c0ace1ef0bcfbc26b199dcfa,true,1,E2,depolarizing-0.10,3,5427457461162166403,1,QKD-ASSUMED,QKD-ASSUMED,20000,"{""cascade_initial_block_factor"":0.73,""cascade_maximum_initial_block_size"":null,""cascade_maximum_lookback_steps"":null,""cascade_passes"":4,""phase_error_abort_threshold"":0.11,""sample_fraction"":0.2,""security_margin_bits"":0,""verification_tag_length"":32}",,[],"{""condition_id"":""depolarizing-0.10"",""experiment_kind"":""E2"",""qkd_stages"":[{""p"":0.1,""type"":""depolarizing""}],""replicate_index"":3,""seed"":5427457461162166403,""session"":{""internal_pqc_profile"":null,""profile"":""QKD-ASSUMED"",""qkd_authentication_profile"":""QKD-ASSUMED"",""qkd_postprocessing"":{""cascade_initial_block_factor"":0.73,""cascade_maximum_initial_block_size"":null,""cascade_maximum_lookback_steps"":null,""cascade_passes"":4,""phase_error_abort_threshold"":0.11,""sample_fraction"":0.2,""security_margin_bits"":0,""verification_tag_length"":32},""qkd_signal_count"":20000,""version"":1},""tags"":[],""version"":1}","[{""p"":0.1,""type"":""depolarizing""}]",,authentication explicitly assumed; no runtime material,,,,,,false,1,a77640724985fd3668e02ab4fce3cdfb,QKD-ASSUMED,established,,qkd_bitstring,2929,"[{""algorithm"":""privacy-amplified-bitstring"",""bit_length"":2929,""byte_length"":367,""encoding"":""big-endian packed bits with explicit bit length"",""position"":1,""protocol"":""BB84"",""source"":""qkd""}]","{""pqc_exchange"":null,""qkd_classical"":{""algorithm"":""none"",""executed"":false,""mechanism"":""assumed"",""purpose"":""QKD classical transcript authentication"",""trust_assumption"":""The classical BB84 channel is assumed authenticated externally."",""verified"":null}}","{""qkd_transcript_hash_sha384"":""d3328484d5ac1f64647b1eb14f3656e1b29e9538688eec0c973a4b4c21db0390467f444690a686b4a30623aa3d013fde"",""qkd_transcript_version"":1}",3415158600,20000,9987,1999,7988,7988,2929,0.49935,0.14645,0.046875,0.046153846153846156,0.04652326163081541,48,1024,45,975,93,1999,0.046875,0.053169119855812554,0.054730258014073496,0.051529460069800866,0.053169119855812554,2464043,,,,,,,,,,,,,,,,,,,,,,,,,,,,,,,,,,assumed,none,none,0,0,0,0,0,0,0,0,The classical BB84 channel is assumed authenticated externally.,,,,"{""implementation"":""cpython"",""platform"":""Windows-11-10.0.26200-SP0"",""processor"":""Intel64 Family 6 Model 158 Stepping 12, GenuineIntel"",""python"":""3.14.7""}",,,,,,,,,,,,,,,,,,,,,,,,,3415158600,"{""events"":[{""detail"":""QKD-ASSUMED"",""sequence"":0,""source"":""session"",""stage"":""session"",""state"":""started""},{""detail"":""BB84 post-processing completed."",""sequence"":1,""source"":""qkd"",""stage"":""bb84"",""state"":""completed""},{""detail"":""The classical BB84 channel is assumed authenticated externally."",""sequence"":2,""source"":""qkd"",""stage"":""classical_authentication"",""state"":""assumed_not_executed""},{""detail"":""Final key released after all profile checks."",""sequence"":3,""source"":""qkd"",""stage"":""key_release"",""state"":""released""},{""detail"":""Authenticated QKD key released."",""sequence"":4,""source"":""session"",""stage"":""session"",""state"":""established""}],""version"":1}"
1,aadbba45-b5db-4b09-830f-a54221c9ae09,E2,depolarizing-0.10,4,1,eafcdacf-9f23-4290-b8e6-0d06ba663426,false,,0,34,2026-09-08T07:44:51.579961+00:00,13136738206704471250,QKD-ASSUMED,6356,3.14.7,CPython,2.5.0,0.16.0,0.16.0,50.0.1,0.1.0,Windows,11,10.0.26200,AMD64,"Intel64 Family 6 Model 158 Stepping 12, GenuineIntel",ac46477bb374bde1c0ace1ef0bcfbc26b199dcfa,true,1,E2,depolarizing-0.10,4,13136738206704471250,1,QKD-ASSUMED,QKD-ASSUMED,20000,"{""cascade_initial_block_factor"":0.73,""cascade_maximum_initial_block_size"":null,""cascade_maximum_lookback_steps"":null,""cascade_passes"":4,""phase_error_abort_threshold"":0.11,""sample_fraction"":0.2,""security_margin_bits"":0,""verification_tag_length"":32}",,[],"{""condition_id"":""depolarizing-0.10"",""experiment_kind"":""E2"",""qkd_stages"":[{""p"":0.1,""type"":""depolarizing""}],""replicate_index"":4,""seed"":13136738206704471250,""session"":{""internal_pqc_profile"":null,""profile"":""QKD-ASSUMED"",""qkd_authentication_profile"":""QKD-ASSUMED"",""qkd_postprocessing"":{""cascade_initial_block_factor"":0.73,""cascade_maximum_initial_block_size"":null,""cascade_maximum_lookback_steps"":null,""cascade_passes"":4,""phase_error_abort_threshold"":0.11,""sample_fraction"":0.2,""security_margin_bits"":0,""verification_tag_length"":32},""qkd_signal_count"":20000,""version"":1},""tags"":[],""version"":1}","[{""p"":0.1,""type"":""depolarizing""}]",,authentication explicitly assumed; no runtime material,,,,,,false,1,90f572c9ed9a65a576564405eb0d0472,QKD-ASSUMED,established,,qkd_bitstring,2991,"[{""algorithm"":""privacy-amplified-bitstring"",""bit_length"":2991,""byte_length"":374,""encoding"":""big-endian packed bits with explicit bit length"",""position"":1,""protocol"":""BB84"",""source"":""qkd""}]","{""pqc_exchange"":null,""qkd_classical"":{""algorithm"":""none"",""executed"":false,""mechanism"":""assumed"",""purpose"":""QKD classical transcript authentication"",""trust_assumption"":""The classical BB84 channel is assumed authenticated externally."",""verified"":null}}","{""qkd_transcript_hash_sha384"":""fd2b961cb1f6d0cc53cc943cc01f96103c9227b2e360926e56c4f8748a774217d071e7a7840f2048ace7067f77253315"",""qkd_transcript_version"":1}",3384973800,20000,9932,1988,7944,7944,2991,0.4966,0.14955,0.04878048780487805,0.046812749003984064,0.04778672032193159,48,984,47,1004,95,1988,0.04878048780487805,0.04983890455094644,0.05370219690805533,0.046052631578947366,0.04983890455094644,2352141,,,,,,,,,,,,,,,,,,,,,,,,,,,,,,,,,,assumed,none,none,0,0,0,0,0,0,0,0,The classical BB84 channel is assumed authenticated externally.,,,,"{""implementation"":""cpython"",""platform"":""Windows-11-10.0.26200-SP0"",""processor"":""Intel64 Family 6 Model 158 Stepping 12, GenuineIntel"",""python"":""3.14.7""}",,,,,,,,,,,,,,,,,,,,,,,,,3384973800,"{""events"":[{""detail"":""QKD-ASSUMED"",""sequence"":0,""source"":""session"",""stage"":""session"",""state"":""started""},{""detail"":""BB84 post-processing completed."",""sequence"":1,""source"":""qkd"",""stage"":""bb84"",""state"":""completed""},{""detail"":""The classical BB84 channel is assumed authenticated externally."",""sequence"":2,""source"":""qkd"",""stage"":""classical_authentication"",""state"":""assumed_not_executed""},{""detail"":""Final key released after all profile checks."",""sequence"":3,""source"":""qkd"",""stage"":""key_release"",""state"":""released""},{""detail"":""Authenticated QKD key released."",""sequence"":4,""source"":""session"",""stage"":""session"",""state"":""established""}],""version"":1}"
1,6640af92-3022-4217-b35c-19adad63ce61,E2,depolarizing-0.10,5,1,eafcdacf-9f23-4290-b8e6-0d06ba663426,false,,0,35,2026-09-08T07:44:55.051368+00:00,5682585062202860960,QKD-ASSUMED,6356,3.14.7,CPython,2.5.0,0.16.0,0.16.0,50.0.1,0.1.0,Windows,11,10.0.26200,AMD64,"Intel64 Family 6 Model 158 Stepping 12, GenuineIntel",ac46477bb374bde1c0ace1ef0bcfbc26b199dcfa,true,1,E2,depolarizing-0.10,5,5682585062202860960,1,QKD-ASSUMED,QKD-ASSUMED,20000,"{""cascade_initial_block_factor"":0.73,""cascade_maximum_initial_block_size"":null,""cascade_maximum_lookback_steps"":null,""cascade_passes"":4,""phase_error_abort_threshold"":0.11,""sample_fraction"":0.2,""security_margin_bits"":0,""verification_tag_length"":32}",,[],"{""condition_id"":""depolarizing-0.10"",""experiment_kind"":""E2"",""qkd_stages"":[{""p"":0.1,""type"":""depolarizing""}],""replicate_index"":5,""seed"":5682585062202860960,""session"":{""internal_pqc_profile"":null,""profile"":""QKD-ASSUMED"",""qkd_authentication_profile"":""QKD-ASSUMED"",""qkd_postprocessing"":{""cascade_initial_block_factor"":0.73,""cascade_maximum_initial_block_size"":null,""cascade_maximum_lookback_steps"":null,""cascade_passes"":4,""phase_error_abort_threshold"":0.11,""sample_fraction"":0.2,""security_margin_bits"":0,""verification_tag_length"":32},""qkd_signal_count"":20000,""version"":1},""tags"":[],""version"":1}","[{""p"":0.1,""type"":""depolarizing""}]",,authentication explicitly assumed; no runtime material,,,,,,false,1,3d892fd1c7d5de0a0bb2347f98df5735,QKD-ASSUMED,established,,qkd_bitstring,2802,"[{""algorithm"":""privacy-amplified-bitstring"",""bit_length"":2802,""byte_length"":351,""encoding"":""big-endian packed bits with explicit bit length"",""position"":1,""protocol"":""BB84"",""source"":""qkd""}]","{""pqc_exchange"":null,""qkd_classical"":{""algorithm"":""none"",""executed"":false,""mechanism"":""assumed"",""purpose"":""QKD classical transcript authentication"",""trust_assumption"":""The classical BB84 channel is assumed authenticated externally."",""verified"":null}}","{""qkd_transcript_hash_sha384"":""829e4c12ed552082be8a78c410b4ade55ba504f8bea941ad05df1f92d8703392aa5abec25cb0d2877e729b2b246dfa1a"",""qkd_transcript_version"":1}",3391300700,20000,10009,2002,8007,8007,2802,0.50045,0.1401,0.05220883534136546,0.05168986083499006,0.05194805194805195,52,996,52,1006,104,2002,0.05220883534136546,0.05205315216305325,0.055432817834906604,0.048707753479125246,0.05205315216305325,2413281,,,,,,,,,,,,,,,,,,,,,,,,,,,,,,,,,,assumed,none,none,0,0,0,0,0,0,0,0,The classical BB84 channel is assumed authenticated externally.,,,,"{""implementation"":""cpython"",""platform"":""Windows-11-10.0.26200-SP0"",""processor"":""Intel64 Family 6 Model 158 Stepping 12, GenuineIntel"",""python"":""3.14.7""}",,,,,,,,,,,,,,,,,,,,,,,,,3391300700,"{""events"":[{""detail"":""QKD-ASSUMED"",""sequence"":0,""source"":""session"",""stage"":""session"",""state"":""started""},{""detail"":""BB84 post-processing completed."",""sequence"":1,""source"":""qkd"",""stage"":""bb84"",""state"":""completed""},{""detail"":""The classical BB84 channel is assumed authenticated externally."",""sequence"":2,""source"":""qkd"",""stage"":""classical_authentication"",""state"":""assumed_not_executed""},{""detail"":""Final key released after all profile checks."",""sequence"":3,""source"":""qkd"",""stage"":""key_release"",""state"":""released""},{""detail"":""Authenticated QKD key released."",""sequence"":4,""source"":""session"",""stage"":""session"",""state"":""established""}],""version"":1}"
1,8bf9496f-3960-4f83-a344-2f3803f9da7e,E2,depolarizing-0.10,6,1,eafcdacf-9f23-4290-b8e6-0d06ba663426,false,,0,36,2026-09-08T07:44:58.563580+00:00,5213114114344034012,QKD-ASSUMED,6360,3.14.7,CPython,2.5.0,0.16.0,0.16.0,50.0.1,0.1.0,Windows,11,10.0.26200,AMD64,"Intel64 Family 6 Model 158 Stepping 12, GenuineIntel",ac46477bb374bde1c0ace1ef0bcfbc26b199dcfa,true,1,E2,depolarizing-0.10,6,5213114114344034012,1,QKD-ASSUMED,QKD-ASSUMED,20000,"{""cascade_initial_block_factor"":0.73,""cascade_maximum_initial_block_size"":null,""cascade_maximum_lookback_steps"":null,""cascade_passes"":4,""phase_error_abort_threshold"":0.11,""sample_fraction"":0.2,""security_margin_bits"":0,""verification_tag_length"":32}",,[],"{""condition_id"":""depolarizing-0.10"",""experiment_kind"":""E2"",""qkd_stages"":[{""p"":0.1,""type"":""depolarizing""}],""replicate_index"":6,""seed"":5213114114344034012,""session"":{""internal_pqc_profile"":null,""profile"":""QKD-ASSUMED"",""qkd_authentication_profile"":""QKD-ASSUMED"",""qkd_postprocessing"":{""cascade_initial_block_factor"":0.73,""cascade_maximum_initial_block_size"":null,""cascade_maximum_lookback_steps"":null,""cascade_passes"":4,""phase_error_abort_threshold"":0.11,""sample_fraction"":0.2,""security_margin_bits"":0,""verification_tag_length"":32},""qkd_signal_count"":20000,""version"":1},""tags"":[],""version"":1}","[{""p"":0.1,""type"":""depolarizing""}]",,authentication explicitly assumed; no runtime material,,,,,,false,1,7ad23d0b898d6a6e86a47d0c1ce39001,QKD-ASSUMED,established,,qkd_bitstring,2525,"[{""algorithm"":""privacy-amplified-bitstring"",""bit_length"":2525,""byte_length"":316,""encoding"":""big-endian packed bits with explicit bit length"",""position"":1,""protocol"":""BB84"",""source"":""qkd""}]","{""pqc_exchange"":null,""qkd_classical"":{""algorithm"":""none"",""executed"":false,""mechanism"":""assumed"",""purpose"":""QKD classical transcript authentication"",""trust_assumption"":""The classical BB84 channel is assumed authenticated externally."",""verified"":null}}","{""qkd_transcript_hash_sha384"":""c5ea879b2a5d036cc311ee3f857b178a2004fe21a80f29501d26c1beda3d9579cd1e1e7192ff20721f2ba903d700a6f5"",""qkd_transcript_version"":1}",3432963700,20000,10087,2018,8069,8069,2525,0.50435,0.12625,0.0425531914893617,0.059959349593495935,0.051040634291377604,44,1034,59,984,103,2018,0.059959349593495935,0.052245464459204916,0.052448229146506674,0.05203252032520325,0.052245464459204916,2456651,,,,,,,,,,,,,,,,,,,,,,,,,,,,,,,,,,assumed,none,none,0,0,0,0,0,0,0,0,The classical BB84 channel is assumed authenticated externally.,,,,"{""implementation"":""cpython"",""platform"":""Windows-11-10.0.26200-SP0"",""processor"":""Intel64 Family 6 Model 158 Stepping 12, GenuineIntel"",""python"":""3.14.7""}",,,,,,,,,,,,,,,,,,,,,,,,,3432963700,"{""events"":[{""detail"":""QKD-ASSUMED"",""sequence"":0,""source"":""session"",""stage"":""session"",""state"":""started""},{""detail"":""BB84 post-processing completed."",""sequence"":1,""source"":""qkd"",""stage"":""bb84"",""state"":""completed""},{""detail"":""The classical BB84 channel is assumed authenticated externally."",""sequence"":2,""source"":""qkd"",""stage"":""classical_authentication"",""state"":""assumed_not_executed""},{""detail"":""Final key released after all profile checks."",""sequence"":3,""source"":""qkd"",""stage"":""key_release"",""state"":""released""},{""detail"":""Authenticated QKD key released."",""sequence"":4,""source"":""session"",""stage"":""session"",""state"":""established""}],""version"":1}"
1,993f8d14-d841-44cb-8abd-651636011de6,E2,depolarizing-0.10,7,1,eafcdacf-9f23-4290-b8e6-0d06ba663426,false,,0,37,2026-09-08T07:45:02.121887+00:00,11898871811975276326,QKD-ASSUMED,6359,3.14.7,CPython,2.5.0,0.16.0,0.16.0,50.0.1,0.1.0,Windows,11,10.0.26200,AMD64,"Intel64 Family 6 Model 158 Stepping 12, GenuineIntel",ac46477bb374bde1c0ace1ef0bcfbc26b199dcfa,true,1,E2,depolarizing-0.10,7,11898871811975276326,1,QKD-ASSUMED,QKD-ASSUMED,20000,"{""cascade_initial_block_factor"":0.73,""cascade_maximum_initial_block_size"":null,""cascade_maximum_lookback_steps"":null,""cascade_passes"":4,""phase_error_abort_threshold"":0.11,""sample_fraction"":0.2,""security_margin_bits"":0,""verification_tag_length"":32}",,[],"{""condition_id"":""depolarizing-0.10"",""experiment_kind"":""E2"",""qkd_stages"":[{""p"":0.1,""type"":""depolarizing""}],""replicate_index"":7,""seed"":11898871811975276326,""session"":{""internal_pqc_profile"":null,""profile"":""QKD-ASSUMED"",""qkd_authentication_profile"":""QKD-ASSUMED"",""qkd_postprocessing"":{""cascade_initial_block_factor"":0.73,""cascade_maximum_initial_block_size"":null,""cascade_maximum_lookback_steps"":null,""cascade_passes"":4,""phase_error_abort_threshold"":0.11,""sample_fraction"":0.2,""security_margin_bits"":0,""verification_tag_length"":32},""qkd_signal_count"":20000,""version"":1},""tags"":[],""version"":1}","[{""p"":0.1,""type"":""depolarizing""}]",,authentication explicitly assumed; no runtime material,,,,,,false,1,987ad538f88aec0d5098325656aa104a,QKD-ASSUMED,established,,qkd_bitstring,2760,"[{""algorithm"":""privacy-amplified-bitstring"",""bit_length"":2760,""byte_length"":345,""encoding"":""big-endian packed bits with explicit bit length"",""position"":1,""protocol"":""BB84"",""source"":""qkd""}]","{""pqc_exchange"":null,""qkd_classical"":{""algorithm"":""none"",""executed"":false,""mechanism"":""assumed"",""purpose"":""QKD classical transcript authentication"",""trust_assumption"":""The classical BB84 channel is assumed authenticated externally."",""verified"":null}}","{""qkd_transcript_hash_sha384"":""94f3d3e56a47db499721b95561c9abb04d53125a2b5252d09f625e3d56c1400ee87a3973c129d4ea7fa00ee71dfc9e95"",""qkd_transcript_version"":1}",3471411300,20000,10096,2020,8076,8076,2760,0.5048,0.138,0.040755467196819085,0.055226824457593686,0.04801980198019802,41,1006,56,1014,97,2020,0.055226824457593686,0.051109350237717906,0.05469371519490851,0.04755327545382794,0.051109350237717906,2424628,,,,,,,,,,,,,,,,,,,,,,,,,,,,,,,,,,assumed,none,none,0,0,0,0,0,0,0,0,The classical BB84 channel is assumed authenticated externally.,,,,"{""implementation"":""cpython"",""platform"":""Windows-11-10.0.26200-SP0"",""processor"":""Intel64 Family 6 Model 158 Stepping 12, GenuineIntel"",""python"":""3.14.7""}",,,,,,,,,,,,,,,,,,,,,,,,,3471411300,"{""events"":[{""detail"":""QKD-ASSUMED"",""sequence"":0,""source"":""session"",""stage"":""session"",""state"":""started""},{""detail"":""BB84 post-processing completed."",""sequence"":1,""source"":""qkd"",""stage"":""bb84"",""state"":""completed""},{""detail"":""The classical BB84 channel is assumed authenticated externally."",""sequence"":2,""source"":""qkd"",""stage"":""classical_authentication"",""state"":""assumed_not_executed""},{""detail"":""Final key released after all profile checks."",""sequence"":3,""source"":""qkd"",""stage"":""key_release"",""state"":""released""},{""detail"":""Authenticated QKD key released."",""sequence"":4,""source"":""session"",""stage"":""session"",""state"":""established""}],""version"":1}"
1,0277b85d-0922-42f5-ac71-eaa2c6b7f163,E2,depolarizing-0.10,8,1,eafcdacf-9f23-4290-b8e6-0d06ba663426,false,,0,38,2026-09-08T07:45:05.678467+00:00,11892688280155916549,QKD-ASSUMED,6353,3.14.7,CPython,2.5.0,0.16.0,0.16.0,50.0.1,0.1.0,Windows,11,10.0.26200,AMD64,"Intel64 Family 6 Model 158 Stepping 12, GenuineIntel",ac46477bb374bde1c0ace1ef0bcfbc26b199dcfa,true,1,E2,depolarizing-0.10,8,11892688280155916549,1,QKD-ASSUMED,QKD-ASSUMED,20000,"{""cascade_initial_block_factor"":0.73,""cascade_maximum_initial_block_size"":null,""cascade_maximum_lookback_steps"":null,""cascade_passes"":4,""phase_error_abort_threshold"":0.11,""sample_fraction"":0.2,""security_margin_bits"":0,""verification_tag_length"":32}",,[],"{""condition_id"":""depolarizing-0.10"",""experiment_kind"":""E2"",""qkd_stages"":[{""p"":0.1,""type"":""depolarizing""}],""replicate_index"":8,""seed"":11892688280155916549,""session"":{""internal_pqc_profile"":null,""profile"":""QKD-ASSUMED"",""qkd_authentication_profile"":""QKD-ASSUMED"",""qkd_postprocessing"":{""cascade_initial_block_factor"":0.73,""cascade_maximum_initial_block_size"":null,""cascade_maximum_lookback_steps"":null,""cascade_passes"":4,""phase_error_abort_threshold"":0.11,""sample_fraction"":0.2,""security_margin_bits"":0,""verification_tag_length"":32},""qkd_signal_count"":20000,""version"":1},""tags"":[],""version"":1}","[{""p"":0.1,""type"":""depolarizing""}]",,authentication explicitly assumed; no runtime material,,,,,,false,1,53377e0cd5700f3f28acf8d3dff7f825,QKD-ASSUMED,established,,qkd_bitstring,2805,"[{""algorithm"":""privacy-amplified-bitstring"",""bit_length"":2805,""byte_length"":351,""encoding"":""big-endian packed bits with explicit bit length"",""position"":1,""protocol"":""BB84"",""source"":""qkd""}]","{""pqc_exchange"":null,""qkd_classical"":{""algorithm"":""none"",""executed"":false,""mechanism"":""assumed"",""purpose"":""QKD classical transcript authentication"",""trust_assumption"":""The classical BB84 channel is assumed authenticated externally."",""verified"":null}}","{""qkd_transcript_hash_sha384"":""9ca86b079d40aa715a0be73d488bfeb1a1b72200c8fb50407c90e10f184660c4e13eec559becded9d93da145d5d10e0e"",""qkd_transcript_version"":1}",3462985700,20000,9960,1993,7967,7967,2805,0.498,0.14025,0.05120481927710843,0.05315947843530592,0.05218263923733066,51,996,53,997,104,1993,0.05315947843530592,0.05040160642570281,0.04883440514469453,0.05196629213483146,0.05040160642570281,2375090,,,,,,,,,,,,,,,,,,,,,,,,,,,,,,,,,,assumed,none,none,0,0,0,0,0,0,0,0,The classical BB84 channel is assumed authenticated externally.,,,,"{""implementation"":""cpython"",""platform"":""Windows-11-10.0.26200-SP0"",""processor"":""Intel64 Family 6 Model 158 Stepping 12, GenuineIntel"",""python"":""3.14.7""}",,,,,,,,,,,,,,,,,,,,,,,,,3462985700,"{""events"":[{""detail"":""QKD-ASSUMED"",""sequence"":0,""source"":""session"",""stage"":""session"",""state"":""started""},{""detail"":""BB84 post-processing completed."",""sequence"":1,""source"":""qkd"",""stage"":""bb84"",""state"":""completed""},{""detail"":""The classical BB84 channel is assumed authenticated externally."",""sequence"":2,""source"":""qkd"",""stage"":""classical_authentication"",""state"":""assumed_not_executed""},{""detail"":""Final key released after all profile checks."",""sequence"":3,""source"":""qkd"",""stage"":""key_release"",""state"":""released""},{""detail"":""Authenticated QKD key released."",""sequence"":4,""source"":""session"",""stage"":""session"",""state"":""established""}],""version"":1}"
1,4b325bfa-55cb-4645-84b4-b6b0b021bde6,E2,depolarizing-0.10,9,1,eafcdacf-9f23-4290-b8e6-0d06ba663426,false,,0,39,2026-09-08T07:45:09.207138+00:00,6408241273292648421,QKD-ASSUMED,6354,3.14.7,CPython,2.5.0,0.16.0,0.16.0,50.0.1,0.1.0,Windows,11,10.0.26200,AMD64,"Intel64 Family 6 Model 158 Stepping 12, GenuineIntel",ac46477bb374bde1c0ace1ef0bcfbc26b199dcfa,true,1,E2,depolarizing-0.10,9,6408241273292648421,1,QKD-ASSUMED,QKD-ASSUMED,20000,"{""cascade_initial_block_factor"":0.73,""cascade_maximum_initial_block_size"":null,""cascade_maximum_lookback_steps"":null,""cascade_passes"":4,""phase_error_abort_threshold"":0.11,""sample_fraction"":0.2,""security_margin_bits"":0,""verification_tag_length"":32}",,[],"{""condition_id"":""depolarizing-0.10"",""experiment_kind"":""E2"",""qkd_stages"":[{""p"":0.1,""type"":""depolarizing""}],""replicate_index"":9,""seed"":6408241273292648421,""session"":{""internal_pqc_profile"":null,""profile"":""QKD-ASSUMED"",""qkd_authentication_profile"":""QKD-ASSUMED"",""qkd_postprocessing"":{""cascade_initial_block_factor"":0.73,""cascade_maximum_initial_block_size"":null,""cascade_maximum_lookback_steps"":null,""cascade_passes"":4,""phase_error_abort_threshold"":0.11,""sample_fraction"":0.2,""security_margin_bits"":0,""verification_tag_length"":32},""qkd_signal_count"":20000,""version"":1},""tags"":[],""version"":1}","[{""p"":0.1,""type"":""depolarizing""}]",,authentication explicitly assumed; no runtime material,,,,,,false,1,bd9024b83223846c1761b2afa13057d1,QKD-ASSUMED,established,,qkd_bitstring,2722,"[{""algorithm"":""privacy-amplified-bitstring"",""bit_length"":2722,""byte_length"":341,""encoding"":""big-endian packed bits with explicit bit length"",""position"":1,""protocol"":""BB84"",""source"":""qkd""}]","{""pqc_exchange"":null,""qkd_classical"":{""algorithm"":""none"",""executed"":false,""mechanism"":""assumed"",""purpose"":""QKD classical transcript authentication"",""trust_assumption"":""The classical BB84 channel is assumed authenticated externally."",""verified"":null}}","{""qkd_transcript_hash_sha384"":""d11c0fb4cacd65daffd7b8435ed5ab9c65b5545852191d5f52c580a2800e0d3e7bf605c88f93f7c57114171ec58646bc"",""qkd_transcript_version"":1}",3448097400,20000,10006,2002,8004,8004,2722,0.5003,0.1361,0.05236656596173213,0.05252725470763132,0.05244755244755245,52,993,53,1009,105,2002,0.05252725470763132,0.05346791924845093,0.057603222557905336,0.04939496131719897,0.05346791924845093,2449805,,,,,,,,,,,,,,,,,,,,,,,,,,,,,,,,,,assumed,none,none,0,0,0,0,0,0,0,0,The classical BB84 channel is assumed authenticated externally.,,,,"{""implementation"":""cpython"",""platform"":""Windows-11-10.0.26200-SP0"",""processor"":""Intel64 Family 6 Model 158 Stepping 12, GenuineIntel"",""python"":""3.14.7""}",,,,,,,,,,,,,,,,,,,,,,,,,3448097400,"{""events"":[{""detail"":""QKD-ASSUMED"",""sequence"":0,""source"":""session"",""stage"":""session"",""state"":""started""},{""detail"":""BB84 post-processing completed."",""sequence"":1,""source"":""qkd"",""stage"":""bb84"",""state"":""completed""},{""detail"":""The classical BB84 channel is assumed authenticated externally."",""sequence"":2,""source"":""qkd"",""stage"":""classical_authentication"",""state"":""assumed_not_executed""},{""detail"":""Final key released after all profile checks."",""sequence"":3,""source"":""qkd"",""stage"":""key_release"",""state"":""released""},{""detail"":""Authenticated QKD key released."",""sequence"":4,""source"":""session"",""stage"":""session"",""state"":""established""}],""version"":1}"
1,3e42bef2-7c9d-45f6-a7ec-556d2ee84439,E2,depolarizing-0.15,0,1,eafcdacf-9f23-4290-b8e6-0d06ba663426,false,,0,40,2026-09-08T07:45:12.826354+00:00,12357989560377222326,QKD-ASSUMED,6356,3.14.7,CPython,2.5.0,0.16.0,0.16.0,50.0.1,0.1.0,Windows,11,10.0.26200,AMD64,"Intel64 Family 6 Model 158 Stepping 12, GenuineIntel",ac46477bb374bde1c0ace1ef0bcfbc26b199dcfa,true,1,E2,depolarizing-0.15,0,12357989560377222326,1,QKD-ASSUMED,QKD-ASSUMED,20000,"{""cascade_initial_block_factor"":0.73,""cascade_maximum_initial_block_size"":null,""cascade_maximum_lookback_steps"":null,""cascade_passes"":4,""phase_error_abort_threshold"":0.11,""sample_fraction"":0.2,""security_margin_bits"":0,""verification_tag_length"":32}",,[],"{""condition_id"":""depolarizing-0.15"",""experiment_kind"":""E2"",""qkd_stages"":[{""p"":0.15,""type"":""depolarizing""}],""replicate_index"":0,""seed"":12357989560377222326,""session"":{""internal_pqc_profile"":null,""profile"":""QKD-ASSUMED"",""qkd_authentication_profile"":""QKD-ASSUMED"",""qkd_postprocessing"":{""cascade_initial_block_factor"":0.73,""cascade_maximum_initial_block_size"":null,""cascade_maximum_lookback_steps"":null,""cascade_passes"":4,""phase_error_abort_threshold"":0.11,""sample_fraction"":0.2,""security_margin_bits"":0,""verification_tag_length"":32},""qkd_signal_count"":20000,""version"":1},""tags"":[],""version"":1}","[{""p"":0.15,""type"":""depolarizing""}]",,authentication explicitly assumed; no runtime material,,,,,,false,1,e524f9587c40b1e5d2f0aac1f21ad312,QKD-ASSUMED,established,,qkd_bitstring,1197,"[{""algorithm"":""privacy-amplified-bitstring"",""bit_length"":1197,""byte_length"":150,""encoding"":""big-endian packed bits with explicit bit length"",""position"":1,""protocol"":""BB84"",""source"":""qkd""}]","{""pqc_exchange"":null,""qkd_classical"":{""algorithm"":""none"",""executed"":false,""mechanism"":""assumed"",""purpose"":""QKD classical transcript authentication"",""trust_assumption"":""The classical BB84 channel is assumed authenticated externally."",""verified"":null}}","{""qkd_transcript_hash_sha384"":""c6a4fe9ad0477068425e908ca9a0c6631e16d5539bf78aa38aef608c79cb0dc7663ffeb9d959df3ab1165a4fbf219990"",""qkd_transcript_version"":1}",3533344400,20000,9951,1991,7960,7960,1197,0.49755,0.05985,0.07583417593528817,0.0688622754491018,0.07232546459065796,75,989,69,1002,144,1991,0.07583417593528817,0.07325896894784444,0.07342233009708737,0.07309766327142002,0.07325896894784444,2811655,,,,,,,,,,,,,,,,,,,,,,,,,,,,,,,,,,assumed,none,none,0,0,0,0,0,0,0,0,The classical BB84 channel is assumed authenticated externally.,,,,"{""implementation"":""cpython"",""platform"":""Windows-11-10.0.26200-SP0"",""processor"":""Intel64 Family 6 Model 158 Stepping 12, GenuineIntel"",""python"":""3.14.7""}",,,,,,,,,,,,,,,,,,,,,,,,,3533344400,"{""events"":[{""detail"":""QKD-ASSUMED"",""sequence"":0,""source"":""session"",""stage"":""session"",""state"":""started""},{""detail"":""BB84 post-processing completed."",""sequence"":1,""source"":""qkd"",""stage"":""bb84"",""state"":""completed""},{""detail"":""The classical BB84 channel is assumed authenticated externally."",""sequence"":2,""source"":""qkd"",""stage"":""classical_authentication"",""state"":""assumed_not_executed""},{""detail"":""Final key released after all profile checks."",""sequence"":3,""source"":""qkd"",""stage"":""key_release"",""state"":""released""},{""detail"":""Authenticated QKD key released."",""sequence"":4,""source"":""session"",""stage"":""session"",""state"":""established""}],""version"":1}"
1,4b5005ae-8f45-4b79-9aaa-a70cafcf7a6d,E2,depolarizing-0.15,1,1,eafcdacf-9f23-4290-b8e6-0d06ba663426,false,,0,41,2026-09-08T07:45:16.332042+00:00,16607830780794266597,QKD-ASSUMED,6343,3.14.7,CPython,2.5.0,0.16.0,0.16.0,50.0.1,0.1.0,Windows,11,10.0.26200,AMD64,"Intel64 Family 6 Model 158 Stepping 12, GenuineIntel",ac46477bb374bde1c0ace1ef0bcfbc26b199dcfa,true,1,E2,depolarizing-0.15,1,16607830780794266597,1,QKD-ASSUMED,QKD-ASSUMED,20000,"{""cascade_initial_block_factor"":0.73,""cascade_maximum_initial_block_size"":null,""cascade_maximum_lookback_steps"":null,""cascade_passes"":4,""phase_error_abort_threshold"":0.11,""sample_fraction"":0.2,""security_margin_bits"":0,""verification_tag_length"":32}",,[],"{""condition_id"":""depolarizing-0.15"",""experiment_kind"":""E2"",""qkd_stages"":[{""p"":0.15,""type"":""depolarizing""}],""replicate_index"":1,""seed"":16607830780794266597,""session"":{""internal_pqc_profile"":null,""profile"":""QKD-ASSUMED"",""qkd_authentication_profile"":""QKD-ASSUMED"",""qkd_postprocessing"":{""cascade_initial_block_factor"":0.73,""cascade_maximum_initial_block_size"":null,""cascade_maximum_lookback_steps"":null,""cascade_passes"":4,""phase_error_abort_threshold"":0.11,""sample_fraction"":0.2,""security_margin_bits"":0,""verification_tag_length"":32},""qkd_signal_count"":20000,""version"":1},""tags"":[],""version"":1}","[{""p"":0.15,""type"":""depolarizing""}]",,authentication explicitly assumed; no runtime material,,,,,,false,1,d8904c537fda8bdeefc7a39619ba3d4e,QKD-ASSUMED,established,,qkd_bitstring,1076,"[{""algorithm"":""privacy-amplified-bitstring"",""bit_length"":1076,""byte_length"":135,""encoding"":""big-endian packed bits with explicit bit length"",""position"":1,""protocol"":""BB84"",""source"":""qkd""}]","{""pqc_exchange"":null,""qkd_classical"":{""algorithm"":""none"",""executed"":false,""mechanism"":""assumed"",""purpose"":""QKD classical transcript authentication"",""trust_assumption"":""The classical BB84 channel is assumed authenticated externally."",""verified"":null}}","{""qkd_transcript_hash_sha384"":""f720a915d414e1cef99e782a2d5e118773a35d65d4f50cff936607c349d8def4a33544c4cd7aeb6f42918025dd2be5f3"",""qkd_transcript_version"":1}",3418217200,20000,9997,2000,7997,7997,1076,0.49985,0.0538,0.07526881720430108,0.05527123848515865,0.0655,77,1023,54,977,131,2000,0.07526881720430108,0.07622286686005801,0.07781036168132942,0.07455960671855796,0.07622286686005801,2918649,,,,,,,,,,,,,,,,,,,,,,,,,,,,,,,,,,assumed,none,none,0,0,0,0,0,0,0,0,The classical BB84 channel is assumed authenticated externally.,,,,"{""implementation"":""cpython"",""platform"":""Windows-11-10.0.26200-SP0"",""processor"":""Intel64 Family 6 Model 158 Stepping 12, GenuineIntel"",""python"":""3.14.7""}",,,,,,,,,,,,,,,,,,,,,,,,,3418217200,"{""events"":[{""detail"":""QKD-ASSUMED"",""sequence"":0,""source"":""session"",""stage"":""session"",""state"":""started""},{""detail"":""BB84 post-processing completed."",""sequence"":1,""source"":""qkd"",""stage"":""bb84"",""state"":""completed""},{""detail"":""The classical BB84 channel is assumed authenticated externally."",""sequence"":2,""source"":""qkd"",""stage"":""classical_authentication"",""state"":""assumed_not_executed""},{""detail"":""Final key released after all profile checks."",""sequence"":3,""source"":""qkd"",""stage"":""key_release"",""state"":""released""},{""detail"":""Authenticated QKD key released."",""sequence"":4,""source"":""session"",""stage"":""session"",""state"":""established""}],""version"":1}"
1,f90dafe5-c24f-475e-bb5f-63a47ae42a37,E2,depolarizing-0.15,2,1,eafcdacf-9f23-4290-b8e6-0d06ba663426,false,,0,42,2026-09-08T07:45:19.815078+00:00,9104325966609181384,QKD-ASSUMED,6321,3.14.7,CPython,2.5.0,0.16.0,0.16.0,50.0.1,0.1.0,Windows,11,10.0.26200,AMD64,"Intel64 Family 6 Model 158 Stepping 12, GenuineIntel",ac46477bb374bde1c0ace1ef0bcfbc26b199dcfa,true,1,E2,depolarizing-0.15,2,9104325966609181384,1,QKD-ASSUMED,QKD-ASSUMED,20000,"{""cascade_initial_block_factor"":0.73,""cascade_maximum_initial_block_size"":null,""cascade_maximum_lookback_steps"":null,""cascade_passes"":4,""phase_error_abort_threshold"":0.11,""sample_fraction"":0.2,""security_margin_bits"":0,""verification_tag_length"":32}",,[],"{""condition_id"":""depolarizing-0.15"",""experiment_kind"":""E2"",""qkd_stages"":[{""p"":0.15,""type"":""depolarizing""}],""replicate_index"":2,""seed"":9104325966609181384,""session"":{""internal_pqc_profile"":null,""profile"":""QKD-ASSUMED"",""qkd_authentication_profile"":""QKD-ASSUMED"",""qkd_postprocessing"":{""cascade_initial_block_factor"":0.73,""cascade_maximum_initial_block_size"":null,""cascade_maximum_lookback_steps"":null,""cascade_passes"":4,""phase_error_abort_threshold"":0.11,""sample_fraction"":0.2,""security_margin_bits"":0,""verification_tag_length"":32},""qkd_signal_count"":20000,""version"":1},""tags"":[],""version"":1}","[{""p"":0.15,""type"":""depolarizing""}]",,authentication explicitly assumed; no runtime material,,,,,,false,1,cb808076042305ef84d1965e0d794f24,QKD-ASSUMED,established,,qkd_bitstring,790,"[{""algorithm"":""privacy-amplified-bitstring"",""bit_length"":790,""byte_length"":99,""encoding"":""big-endian packed bits with explicit bit length"",""position"":1,""protocol"":""BB84"",""source"":""qkd""}]","{""pqc_exchange"":null,""qkd_classical"":{""algorithm"":""none"",""executed"":false,""mechanism"":""assumed"",""purpose"":""QKD classical transcript authentication"",""trust_assumption"":""The classical BB84 channel is assumed authenticated externally."",""verified"":null}}","{""qkd_transcript_hash_sha384"":""6686c7aa8fe86452d805b62f04033f94a6e3ff3fd0543aeb918fa62d6ed0b6e5cb6f66eb4cb0221898f0e09c790ee77a"",""qkd_transcript_version"":1}",3399514200,20000,9905,1981,7924,7924,790,0.49525,0.0395,0.068,0.08868501529051988,0.07824331145885917,68,1000,87,981,155,1981,0.08868501529051988,0.07390206966178697,0.07,0.07787971457696229,0.07390206966178697,2805416,,,,,,,,,,,,,,,,,,,,,,,,,,,,,,,,,,assumed,none,none,0,0,0,0,0,0,0,0,The classical BB84 channel is assumed authenticated externally.,,,,"{""implementation"":""cpython"",""platform"":""Windows-11-10.0.26200-SP0"",""processor"":""Intel64 Family 6 Model 158 Stepping 12, GenuineIntel"",""python"":""3.14.7""}",,,,,,,,,,,,,,,,,,,,,,,,,3399514200,"{""events"":[{""detail"":""QKD-ASSUMED"",""sequence"":0,""source"":""session"",""stage"":""session"",""state"":""started""},{""detail"":""BB84 post-processing completed."",""sequence"":1,""source"":""qkd"",""stage"":""bb84"",""state"":""completed""},{""detail"":""The classical BB84 channel is assumed authenticated externally."",""sequence"":2,""source"":""qkd"",""stage"":""classical_authentication"",""state"":""assumed_not_executed""},{""detail"":""Final key released after all profile checks."",""sequence"":3,""source"":""qkd"",""stage"":""key_release"",""state"":""released""},{""detail"":""Authenticated QKD key released."",""sequence"":4,""source"":""session"",""stage"":""session"",""state"":""established""}],""version"":1}"
1,60691971-8900-4fd6-954c-dbc9c171ef1d,E2,depolarizing-0.15,3,1,eafcdacf-9f23-4290-b8e6-0d06ba663426,false,,0,43,2026-09-08T07:45:23.347769+00:00,10476084544381664345,QKD-ASSUMED,6354,3.14.7,CPython,2.5.0,0.16.0,0.16.0,50.0.1,0.1.0,Windows,11,10.0.26200,AMD64,"Intel64 Family 6 Model 158 Stepping 12, GenuineIntel",ac46477bb374bde1c0ace1ef0bcfbc26b199dcfa,true,1,E2,depolarizing-0.15,3,10476084544381664345,1,QKD-ASSUMED,QKD-ASSUMED,20000,"{""cascade_initial_block_factor"":0.73,""cascade_maximum_initial_block_size"":null,""cascade_maximum_lookback_steps"":null,""cascade_passes"":4,""phase_error_abort_threshold"":0.11,""sample_fraction"":0.2,""security_margin_bits"":0,""verification_tag_length"":32}",,[],"{""condition_id"":""depolarizing-0.15"",""experiment_kind"":""E2"",""qkd_stages"":[{""p"":0.15,""type"":""depolarizing""}],""replicate_index"":3,""seed"":10476084544381664345,""session"":{""internal_pqc_profile"":null,""profile"":""QKD-ASSUMED"",""qkd_authentication_profile"":""QKD-ASSUMED"",""qkd_postprocessing"":{""cascade_initial_block_factor"":0.73,""cascade_maximum_initial_block_size"":null,""cascade_maximum_lookback_steps"":null,""cascade_passes"":4,""phase_error_abort_threshold"":0.11,""sample_fraction"":0.2,""security_margin_bits"":0,""verification_tag_length"":32},""qkd_signal_count"":20000,""version"":1},""tags"":[],""version"":1}","[{""p"":0.15,""type"":""depolarizing""}]",,authentication explicitly assumed; no runtime material,,,,,,false,1,5d49b83e60d975641fb2e34f980b4b42,QKD-ASSUMED,established,,qkd_bitstring,864,"[{""algorithm"":""privacy-amplified-bitstring"",""bit_length"":864,""byte_length"":108,""encoding"":""big-endian packed bits with explicit bit length"",""position"":1,""protocol"":""BB84"",""source"":""qkd""}]","{""pqc_exchange"":null,""qkd_classical"":{""algorithm"":""none"",""executed"":false,""mechanism"":""assumed"",""purpose"":""QKD classical transcript authentication"",""trust_assumption"":""The classical BB84 channel is assumed authenticated externally."",""verified"":null}}","{""qkd_transcript_hash_sha384"":""e59d8b75731009bf1f73a7cd4a97ca7142c5ad7430c477d5af9f27d7864d72eec2014ab87fa39acd814e2fcbf7a17149"",""qkd_transcript_version"":1}",3446093500,20000,10005,2002,8003,8003,864,0.50025,0.0432,0.08324974924774323,0.06965174129353234,0.07642357642357642,83,997,70,1005,153,2002,0.08324974924774323,0.07766116941529236,0.08331660309174864,0.07205414012738853,0.07766116941529236,2899427,,,,,,,,,,,,,,,,,,,,,,,,,,,,,,,,,,assumed,none,none,0,0,0,0,0,0,0,0,The classical BB84 channel is assumed authenticated externally.,,,,"{""implementation"":""cpython"",""platform"":""Windows-11-10.0.26200-SP0"",""processor"":""Intel64 Family 6 Model 158 Stepping 12, GenuineIntel"",""python"":""3.14.7""}",,,,,,,,,,,,,,,,,,,,,,,,,3446093500,"{""events"":[{""detail"":""QKD-ASSUMED"",""sequence"":0,""source"":""session"",""stage"":""session"",""state"":""started""},{""detail"":""BB84 post-processing completed."",""sequence"":1,""source"":""qkd"",""stage"":""bb84"",""state"":""completed""},{""detail"":""The classical BB84 channel is assumed authenticated externally."",""sequence"":2,""source"":""qkd"",""stage"":""classical_authentication"",""state"":""assumed_not_executed""},{""detail"":""Final key released after all profile checks."",""sequence"":3,""source"":""qkd"",""stage"":""key_release"",""state"":""released""},{""detail"":""Authenticated QKD key released."",""sequence"":4,""source"":""session"",""stage"":""session"",""state"":""established""}],""version"":1}"
1,91f35aac-bc5d-4943-8099-ffa0fe673841,E2,depolarizing-0.15,4,1,eafcdacf-9f23-4290-b8e6-0d06ba663426,false,,0,44,2026-09-08T07:45:26.835264+00:00,17982405852979909889,QKD-ASSUMED,6354,3.14.7,CPython,2.5.0,0.16.0,0.16.0,50.0.1,0.1.0,Windows,11,10.0.26200,AMD64,"Intel64 Family 6 Model 158 Stepping 12, GenuineIntel",ac46477bb374bde1c0ace1ef0bcfbc26b199dcfa,true,1,E2,depolarizing-0.15,4,17982405852979909889,1,QKD-ASSUMED,QKD-ASSUMED,20000,"{""cascade_initial_block_factor"":0.73,""cascade_maximum_initial_block_size"":null,""cascade_maximum_lookback_steps"":null,""cascade_passes"":4,""phase_error_abort_threshold"":0.11,""sample_fraction"":0.2,""security_margin_bits"":0,""verification_tag_length"":32}",,[],"{""condition_id"":""depolarizing-0.15"",""experiment_kind"":""E2"",""qkd_stages"":[{""p"":0.15,""type"":""depolarizing""}],""replicate_index"":4,""seed"":17982405852979909889,""session"":{""internal_pqc_profile"":null,""profile"":""QKD-ASSUMED"",""qkd_authentication_profile"":""QKD-ASSUMED"",""qkd_postprocessing"":{""cascade_initial_block_factor"":0.73,""cascade_maximum_initial_block_size"":null,""cascade_maximum_lookback_steps"":null,""cascade_passes"":4,""phase_error_abort_threshold"":0.11,""sample_fraction"":0.2,""security_margin_bits"":0,""verification_tag_length"":32},""qkd_signal_count"":20000,""version"":1},""tags"":[],""version"":1}","[{""p"":0.15,""type"":""depolarizing""}]",,authentication explicitly assumed; no runtime material,,,,,,false,1,21761326735e178199ba42eef11b5940,QKD-ASSUMED,established,,qkd_bitstring,916,"[{""algorithm"":""privacy-amplified-bitstring"",""bit_length"":916,""byte_length"":115,""encoding"":""big-endian packed bits with explicit bit length"",""position"":1,""protocol"":""BB84"",""source"":""qkd""}]","{""pqc_exchange"":null,""qkd_classical"":{""algorithm"":""none"",""executed"":false,""mechanism"":""assumed"",""purpose"":""QKD classical transcript authentication"",""trust_assumption"":""The classical BB84 channel is assumed authenticated externally."",""verified"":null}}","{""qkd_transcript_hash_sha384"":""708a3c3767c075555d4797f9e7af563ae4ce2df70d5063f053f57956eebc6c3b617c44420906ba4e858b0ad30753f1bc"",""qkd_transcript_version"":1}",3402496000,20000,10066,2014,8052,8052,916,0.5033,0.0458,0.08483033932135728,0.08300395256916997,0.08391261171797418,85,1002,84,1012,169,2014,0.08483033932135728,0.07440890125173853,0.07465069860279441,0.07416930379746836,0.07440890125173853,2848461,,,,,,,,,,,,,,,,,,,,,,,,,,,,,,,,,,assumed,none,none,0,0,0,0,0,0,0,0,The classical BB84 channel is assumed authenticated externally.,,,,"{""implementation"":""cpython"",""platform"":""Windows-11-10.0.26200-SP0"",""processor"":""Intel64 Family 6 Model 158 Stepping 12, GenuineIntel"",""python"":""3.14.7""}",,,,,,,,,,,,,,,,,,,,,,,,,3402496000,"{""events"":[{""detail"":""QKD-ASSUMED"",""sequence"":0,""source"":""session"",""stage"":""session"",""state"":""started""},{""detail"":""BB84 post-processing completed."",""sequence"":1,""source"":""qkd"",""stage"":""bb84"",""state"":""completed""},{""detail"":""The classical BB84 channel is assumed authenticated externally."",""sequence"":2,""source"":""qkd"",""stage"":""classical_authentication"",""state"":""assumed_not_executed""},{""detail"":""Final key released after all profile checks."",""sequence"":3,""source"":""qkd"",""stage"":""key_release"",""state"":""released""},{""detail"":""Authenticated QKD key released."",""sequence"":4,""source"":""session"",""stage"":""session"",""state"":""established""}],""version"":1}"
1,7958bf4f-88b1-4794-8444-534312fba830,E2,depolarizing-0.15,5,1,eafcdacf-9f23-4290-b8e6-0d06ba663426,false,,0,45,2026-09-08T07:45:30.354272+00:00,16438379918265326938,QKD-ASSUMED,6352,3.14.7,CPython,2.5.0,0.16.0,0.16.0,50.0.1,0.1.0,Windows,11,10.0.26200,AMD64,"Intel64 Family 6 Model 158 Stepping 12, GenuineIntel",ac46477bb374bde1c0ace1ef0bcfbc26b199dcfa,true,1,E2,depolarizing-0.15,5,16438379918265326938,1,QKD-ASSUMED,QKD-ASSUMED,20000,"{""cascade_initial_block_factor"":0.73,""cascade_maximum_initial_block_size"":null,""cascade_maximum_lookback_steps"":null,""cascade_passes"":4,""phase_error_abort_threshold"":0.11,""sample_fraction"":0.2,""security_margin_bits"":0,""verification_tag_length"":32}",,[],"{""condition_id"":""depolarizing-0.15"",""experiment_kind"":""E2"",""qkd_stages"":[{""p"":0.15,""type"":""depolarizing""}],""replicate_index"":5,""seed"":16438379918265326938,""session"":{""internal_pqc_profile"":null,""profile"":""QKD-ASSUMED"",""qkd_authentication_profile"":""QKD-ASSUMED"",""qkd_postprocessing"":{""cascade_initial_block_factor"":0.73,""cascade_maximum_initial_block_size"":null,""cascade_maximum_lookback_steps"":null,""cascade_passes"":4,""phase_error_abort_threshold"":0.11,""sample_fraction"":0.2,""security_margin_bits"":0,""verification_tag_length"":32},""qkd_signal_count"":20000,""version"":1},""tags"":[],""version"":1}","[{""p"":0.15,""type"":""depolarizing""}]",,authentication explicitly assumed; no runtime material,,,,,,false,1,357a301b0e1ec3d8275ee1048148aad3,QKD-ASSUMED,established,,qkd_bitstring,932,"[{""algorithm"":""privacy-amplified-bitstring"",""bit_length"":932,""byte_length"":117,""encoding"":""big-endian packed bits with explicit bit length"",""position"":1,""protocol"":""BB84"",""source"":""qkd""}]","{""pqc_exchange"":null,""qkd_classical"":{""algorithm"":""none"",""executed"":false,""mechanism"":""assumed"",""purpose"":""QKD classical transcript authentication"",""trust_assumption"":""The classical BB84 channel is assumed authenticated externally."",""verified"":null}}","{""qkd_transcript_hash_sha384"":""c36563ea861c774a2effc02f15c663f43411a0a2a6798170c2469ca4e2170ded8282ccaf7fa7ce6fdedeba153224e5fe"",""qkd_transcript_version"":1}",3433459700,20000,10003,2001,8002,8002,932,0.50015,0.0466,0.07944389275074479,0.06841046277665996,0.07396301849075462,80,1007,68,994,148,2001,0.07944389275074479,0.07677696690992702,0.0796741506060004,0.0738430583501006,0.07677696690992702,2921173,,,,,,,,,,,,,,,,,,,,,,,,,,,,,,,,,,assumed,none,none,0,0,0,0,0,0,0,0,The classical BB84 channel is assumed authenticated externally.,,,,"{""implementation"":""cpython"",""platform"":""Windows-11-10.0.26200-SP0"",""processor"":""Intel64 Family 6 Model 158 Stepping 12, GenuineIntel"",""python"":""3.14.7""}",,,,,,,,,,,,,,,,,,,,,,,,,3433459700,"{""events"":[{""detail"":""QKD-ASSUMED"",""sequence"":0,""source"":""session"",""stage"":""session"",""state"":""started""},{""detail"":""BB84 post-processing completed."",""sequence"":1,""source"":""qkd"",""stage"":""bb84"",""state"":""completed""},{""detail"":""The classical BB84 channel is assumed authenticated externally."",""sequence"":2,""source"":""qkd"",""stage"":""classical_authentication"",""state"":""assumed_not_executed""},{""detail"":""Final key released after all profile checks."",""sequence"":3,""source"":""qkd"",""stage"":""key_release"",""state"":""released""},{""detail"":""Authenticated QKD key released."",""sequence"":4,""source"":""session"",""stage"":""session"",""state"":""established""}],""version"":1}"
1,ff834c1d-df51-419b-8efd-6ef57ba8b92a,E2,depolarizing-0.15,6,1,eafcdacf-9f23-4290-b8e6-0d06ba663426,false,,0,46,2026-09-08T07:45:33.875456+00:00,76550970201647595,QKD-ASSUMED,6348,3.14.7,CPython,2.5.0,0.16.0,0.16.0,50.0.1,0.1.0,Windows,11,10.0.26200,AMD64,"Intel64 Family 6 Model 158 Stepping 12, GenuineIntel",ac46477bb374bde1c0ace1ef0bcfbc26b199dcfa,true,1,E2,depolarizing-0.15,6,76550970201647595,1,QKD-ASSUMED,QKD-ASSUMED,20000,"{""cascade_initial_block_factor"":0.73,""cascade_maximum_initial_block_size"":null,""cascade_maximum_lookback_steps"":null,""cascade_passes"":4,""phase_error_abort_threshold"":0.11,""sample_fraction"":0.2,""security_margin_bits"":0,""verification_tag_length"":32}",,[],"{""condition_id"":""depolarizing-0.15"",""experiment_kind"":""E2"",""qkd_stages"":[{""p"":0.15,""type"":""depolarizing""}],""replicate_index"":6,""seed"":76550970201647595,""session"":{""internal_pqc_profile"":null,""profile"":""QKD-ASSUMED"",""qkd_authentication_profile"":""QKD-ASSUMED"",""qkd_postprocessing"":{""cascade_initial_block_factor"":0.73,""cascade_maximum_initial_block_size"":null,""cascade_maximum_lookback_steps"":null,""cascade_passes"":4,""phase_error_abort_threshold"":0.11,""sample_fraction"":0.2,""security_margin_bits"":0,""verification_tag_length"":32},""qkd_signal_count"":20000,""version"":1},""tags"":[],""version"":1}","[{""p"":0.15,""type"":""depolarizing""}]",,authentication explicitly assumed; no runtime material,,,,,,false,1,1f96742a19ca1b9dc6503ee0d2f25ea9,QKD-ASSUMED,established,,qkd_bitstring,1104,"[{""algorithm"":""privacy-amplified-bitstring"",""bit_length"":1104,""byte_length"":138,""encoding"":""big-endian packed bits with explicit bit length"",""position"":1,""protocol"":""BB84"",""source"":""qkd""}]","{""pqc_exchange"":null,""qkd_classical"":{""algorithm"":""none"",""executed"":false,""mechanism"":""assumed"",""purpose"":""QKD classical transcript authentication"",""trust_assumption"":""The classical BB84 channel is assumed authenticated externally."",""verified"":null}}","{""qkd_transcript_hash_sha384"":""00e09e04e1cad714d645c67f882814db21fd7791c55d2aeb96c69c8b3a0a4e8cf89931a0268c60c4bbf08e98afdbebaa"",""qkd_transcript_version"":1}",3438056300,20000,9926,1986,7940,7940,1104,0.4963,0.0552,0.07583417593528817,0.07422266800401203,0.07502517623363544,75,989,74,997,149,1986,0.07583417593528817,0.07606286520249848,0.07770133549170376,0.07443820224719101,0.07606286520249848,2856507,,,,,,,,,,,,,,,,,,,,,,,,,,,,,,,,,,assumed,none,none,0,0,0,0,0,0,0,0,The classical BB84 channel is assumed authenticated externally.,,,,"{""implementation"":""cpython"",""platform"":""Windows-11-10.0.26200-SP0"",""processor"":""Intel64 Family 6 Model 158 Stepping 12, GenuineIntel"",""python"":""3.14.7""}",,,,,,,,,,,,,,,,,,,,,,,,,3438056300,"{""events"":[{""detail"":""QKD-ASSUMED"",""sequence"":0,""source"":""session"",""stage"":""session"",""state"":""started""},{""detail"":""BB84 post-processing completed."",""sequence"":1,""source"":""qkd"",""stage"":""bb84"",""state"":""completed""},{""detail"":""The classical BB84 channel is assumed authenticated externally."",""sequence"":2,""source"":""qkd"",""stage"":""classical_authentication"",""state"":""assumed_not_executed""},{""detail"":""Final key released after all profile checks."",""sequence"":3,""source"":""qkd"",""stage"":""key_release"",""state"":""released""},{""detail"":""Authenticated QKD key released."",""sequence"":4,""source"":""session"",""stage"":""session"",""state"":""established""}],""version"":1}"
1,beb93e12-2cd0-462c-966e-8fc9bda4b157,E2,depolarizing-0.15,7,1,eafcdacf-9f23-4290-b8e6-0d06ba663426,false,,0,47,2026-09-08T07:45:37.398860+00:00,16087341614205731918,QKD-ASSUMED,6337,3.14.7,CPython,2.5.0,0.16.0,0.16.0,50.0.1,0.1.0,Windows,11,10.0.26200,AMD64,"Intel64 Family 6 Model 158 Stepping 12, GenuineIntel",ac46477bb374bde1c0ace1ef0bcfbc26b199dcfa,true,1,E2,depolarizing-0.15,7,16087341614205731918,1,QKD-ASSUMED,QKD-ASSUMED,20000,"{""cascade_initial_block_factor"":0.73,""cascade_maximum_initial_block_size"":null,""cascade_maximum_lookback_steps"":null,""cascade_passes"":4,""phase_error_abort_threshold"":0.11,""sample_fraction"":0.2,""security_margin_bits"":0,""verification_tag_length"":32}",,[],"{""condition_id"":""depolarizing-0.15"",""experiment_kind"":""E2"",""qkd_stages"":[{""p"":0.15,""type"":""depolarizing""}],""replicate_index"":7,""seed"":16087341614205731918,""session"":{""internal_pqc_profile"":null,""profile"":""QKD-ASSUMED"",""qkd_authentication_profile"":""QKD-ASSUMED"",""qkd_postprocessing"":{""cascade_initial_block_factor"":0.73,""cascade_maximum_initial_block_size"":null,""cascade_maximum_lookback_steps"":null,""cascade_passes"":4,""phase_error_abort_threshold"":0.11,""sample_fraction"":0.2,""security_margin_bits"":0,""verification_tag_length"":32},""qkd_signal_count"":20000,""version"":1},""tags"":[],""version"":1}","[{""p"":0.15,""type"":""depolarizing""}]",,authentication explicitly assumed; no runtime material,,,,,,false,1,84cf23d57c8d60e92190200c46427bea,QKD-ASSUMED,established,,qkd_bitstring,475,"[{""algorithm"":""privacy-amplified-bitstring"",""bit_length"":475,""byte_length"":60,""encoding"":""big-endian packed bits with explicit bit length"",""position"":1,""protocol"":""BB84"",""source"":""qkd""}]","{""pqc_exchange"":null,""qkd_classical"":{""algorithm"":""none"",""executed"":false,""mechanism"":""assumed"",""purpose"":""QKD classical transcript authentication"",""trust_assumption"":""The classical BB84 channel is assumed authenticated externally."",""verified"":null}}","{""qkd_transcript_hash_sha384"":""4d747a1a65ecd6d7fa78b4d1fa5709ad106856bdf30a31ccf92d1c2f949aec7aa51078462f89be5d82e6b312ef0c2e7c"",""qkd_transcript_version"":1}",3439158500,20000,9946,1990,7956,7956,475,0.4973,0.02375,0.08,0.09696969696969697,0.08844221105527639,80,1000,96,990,176,1990,0.09696969696969697,0.07691534285139755,0.07663065226090436,0.07720291026677445,0.07691534285139755,2862360,,,,,,,,,,,,,,,,,,,,,,,,,,,,,,,,,,assumed,none,none,0,0,0,0,0,0,0,0,The classical BB84 channel is assumed authenticated externally.,,,,"{""implementation"":""cpython"",""platform"":""Windows-11-10.0.26200-SP0"",""processor"":""Intel64 Family 6 Model 158 Stepping 12, GenuineIntel"",""python"":""3.14.7""}",,,,,,,,,,,,,,,,,,,,,,,,,3439158500,"{""events"":[{""detail"":""QKD-ASSUMED"",""sequence"":0,""source"":""session"",""stage"":""session"",""state"":""started""},{""detail"":""BB84 post-processing completed."",""sequence"":1,""source"":""qkd"",""stage"":""bb84"",""state"":""completed""},{""detail"":""The classical BB84 channel is assumed authenticated externally."",""sequence"":2,""source"":""qkd"",""stage"":""classical_authentication"",""state"":""assumed_not_executed""},{""detail"":""Final key released after all profile checks."",""sequence"":3,""source"":""qkd"",""stage"":""key_release"",""state"":""released""},{""detail"":""Authenticated QKD key released."",""sequence"":4,""source"":""session"",""stage"":""session"",""state"":""established""}],""version"":1}"
1,f2cdc68d-1b6b-41e3-9419-036da33f98b6,E2,depolarizing-0.15,8,1,eafcdacf-9f23-4290-b8e6-0d06ba663426,false,,0,48,2026-09-08T07:45:40.919396+00:00,9645292726238523471,QKD-ASSUMED,6324,3.14.7,CPython,2.5.0,0.16.0,0.16.0,50.0.1,0.1.0,Windows,11,10.0.26200,AMD64,"Intel64 Family 6 Model 158 Stepping 12, GenuineIntel",ac46477bb374bde1c0ace1ef0bcfbc26b199dcfa,true,1,E2,depolarizing-0.15,8,9645292726238523471,1,QKD-ASSUMED,QKD-ASSUMED,20000,"{""cascade_initial_block_factor"":0.73,""cascade_maximum_initial_block_size"":null,""cascade_maximum_lookback_steps"":null,""cascade_passes"":4,""phase_error_abort_threshold"":0.11,""sample_fraction"":0.2,""security_margin_bits"":0,""verification_tag_length"":32}",,[],"{""condition_id"":""depolarizing-0.15"",""experiment_kind"":""E2"",""qkd_stages"":[{""p"":0.15,""type"":""depolarizing""}],""replicate_index"":8,""seed"":9645292726238523471,""session"":{""internal_pqc_profile"":null,""profile"":""QKD-ASSUMED"",""qkd_authentication_profile"":""QKD-ASSUMED"",""qkd_postprocessing"":{""cascade_initial_block_factor"":0.73,""cascade_maximum_initial_block_size"":null,""cascade_maximum_lookback_steps"":null,""cascade_passes"":4,""phase_error_abort_threshold"":0.11,""sample_fraction"":0.2,""security_margin_bits"":0,""verification_tag_length"":32},""qkd_signal_count"":20000,""version"":1},""tags"":[],""version"":1}","[{""p"":0.15,""type"":""depolarizing""}]",,authentication explicitly assumed; no runtime material,,,,,,false,1,db0836c514f1b4a446831b1e628b8e70,QKD-ASSUMED,established,,qkd_bitstring,1000,"[{""algorithm"":""privacy-amplified-bitstring"",""bit_length"":1000,""byte_length"":125,""encoding"":""big-endian packed bits with explicit bit length"",""position"":1,""protocol"":""BB84"",""source"":""qkd""}]","{""pqc_exchange"":null,""qkd_classical"":{""algorithm"":""none"",""executed"":false,""mechanism"":""assumed"",""purpose"":""QKD classical transcript authentication"",""trust_assumption"":""The classical BB84 channel is assumed authenticated externally."",""verified"":null}}","{""qkd_transcript_hash_sha384"":""060c6ec14b130c24e8fc6fb46747836ccbda901d4d39a1a3da9457bd2f677b383dd0975a46bc3f74c3b6233dc946d951"",""qkd_transcript_version"":1}",3436069400,20000,10046,2010,8036,8036,1000,0.5023,0.05,0.078,0.07722772277227723,0.07761194029850746,78,1000,78,1010,156,2010,0.078,0.07595062711526976,0.0742296918767507,0.07765451664025357,0.07595062711526976,2901014,,,,,,,,,,,,,,,,,,,,,,,,,,,,,,,,,,assumed,none,none,0,0,0,0,0,0,0,0,The classical BB84 channel is assumed authenticated externally.,,,,"{""implementation"":""cpython"",""platform"":""Windows-11-10.0.26200-SP0"",""processor"":""Intel64 Family 6 Model 158 Stepping 12, GenuineIntel"",""python"":""3.14.7""}",,,,,,,,,,,,,,,,,,,,,,,,,3436069400,"{""events"":[{""detail"":""QKD-ASSUMED"",""sequence"":0,""source"":""session"",""stage"":""session"",""state"":""started""},{""detail"":""BB84 post-processing completed."",""sequence"":1,""source"":""qkd"",""stage"":""bb84"",""state"":""completed""},{""detail"":""The classical BB84 channel is assumed authenticated externally."",""sequence"":2,""source"":""qkd"",""stage"":""classical_authentication"",""state"":""assumed_not_executed""},{""detail"":""Final key released after all profile checks."",""sequence"":3,""source"":""qkd"",""stage"":""key_release"",""state"":""released""},{""detail"":""Authenticated QKD key released."",""sequence"":4,""source"":""session"",""stage"":""session"",""state"":""established""}],""version"":1}"
1,9d1f8d78-e40e-4d1b-b491-4f11674d507b,E2,depolarizing-0.15,9,1,eafcdacf-9f23-4290-b8e6-0d06ba663426,false,,0,49,2026-09-08T07:45:44.443051+00:00,9257264592792527373,QKD-ASSUMED,6350,3.14.7,CPython,2.5.0,0.16.0,0.16.0,50.0.1,0.1.0,Windows,11,10.0.26200,AMD64,"Intel64 Family 6 Model 158 Stepping 12, GenuineIntel",ac46477bb374bde1c0ace1ef0bcfbc26b199dcfa,true,1,E2,depolarizing-0.15,9,9257264592792527373,1,QKD-ASSUMED,QKD-ASSUMED,20000,"{""cascade_initial_block_factor"":0.73,""cascade_maximum_initial_block_size"":null,""cascade_maximum_lookback_steps"":null,""cascade_passes"":4,""phase_error_abort_threshold"":0.11,""sample_fraction"":0.2,""security_margin_bits"":0,""verification_tag_length"":32}",,[],"{""condition_id"":""depolarizing-0.15"",""experiment_kind"":""E2"",""qkd_stages"":[{""p"":0.15,""type"":""depolarizing""}],""replicate_index"":9,""seed"":9257264592792527373,""session"":{""internal_pqc_profile"":null,""profile"":""QKD-ASSUMED"",""qkd_authentication_profile"":""QKD-ASSUMED"",""qkd_postprocessing"":{""cascade_initial_block_factor"":0.73,""cascade_maximum_initial_block_size"":null,""cascade_maximum_lookback_steps"":null,""cascade_passes"":4,""phase_error_abort_threshold"":0.11,""sample_fraction"":0.2,""security_margin_bits"":0,""verification_tag_length"":32},""qkd_signal_count"":20000,""version"":1},""tags"":[],""version"":1}","[{""p"":0.15,""type"":""depolarizing""}]",,authentication explicitly assumed; no runtime material,,,,,,false,1,2a349966ee513891b78be214b91b6d8f,QKD-ASSUMED,established,,qkd_bitstring,819,"[{""algorithm"":""privacy-amplified-bitstring"",""bit_length"":819,""byte_length"":103,""encoding"":""big-endian packed bits with explicit bit length"",""position"":1,""protocol"":""BB84"",""source"":""qkd""}]","{""pqc_exchange"":null,""qkd_classical"":{""algorithm"":""none"",""executed"":false,""mechanism"":""assumed"",""purpose"":""QKD classical transcript authentication"",""trust_assumption"":""The classical BB84 channel is assumed authenticated externally."",""verified"":null}}","{""qkd_transcript_hash_sha384"":""f21c34b24d63934e081df93db2bca6cea7e81e64a72719f0a8b73b414dcc6a2ecc635c058cd6c82cd5c23ccd24911c4d"",""qkd_transcript_version"":1}",3438756900,20000,9983,1997,7986,7986,819,0.49915,0.04095,0.0853413654618474,0.06993006993006994,0.07761642463695544,85,996,70,1001,155,1997,0.0853413654618474,0.07582890914554744,0.07533145841703495,0.07632367632367633,0.07582890914554744,2866093,,,,,,,,,,,,,,,,,,,,,,,,,,,,,,,,,,assumed,none,none,0,0,0,0,0,0,0,0,The classical BB84 channel is assumed authenticated externally.,,,,"{""implementation"":""cpython"",""platform"":""Windows-11-10.0.26200-SP0"",""processor"":""Intel64 Family 6 Model 158 Stepping 12, GenuineIntel"",""python"":""3.14.7""}",,,,,,,,,,,,,,,,,,,,,,,,,3438756900,"{""events"":[{""detail"":""QKD-ASSUMED"",""sequence"":0,""source"":""session"",""stage"":""session"",""state"":""started""},{""detail"":""BB84 post-processing completed."",""sequence"":1,""source"":""qkd"",""stage"":""bb84"",""state"":""completed""},{""detail"":""The classical BB84 channel is assumed authenticated externally."",""sequence"":2,""source"":""qkd"",""stage"":""classical_authentication"",""state"":""assumed_not_executed""},{""detail"":""Final key released after all profile checks."",""sequence"":3,""source"":""qkd"",""stage"":""key_release"",""state"":""released""},{""detail"":""Authenticated QKD key released."",""sequence"":4,""source"":""session"",""stage"":""session"",""state"":""established""}],""version"":1}"
1,504a5df1-cca5-40b8-bc81-2a8ecd2ab326,E2,depolarizing-0.20,0,1,eafcdacf-9f23-4290-b8e6-0d06ba663426,false,,0,50,2026-09-08T07:45:48.012179+00:00,3297620819727423325,QKD-ASSUMED,6249,3.14.7,CPython,2.5.0,0.16.0,0.16.0,50.0.1,0.1.0,Windows,11,10.0.26200,AMD64,"Intel64 Family 6 Model 158 Stepping 12, GenuineIntel",ac46477bb374bde1c0ace1ef0bcfbc26b199dcfa,true,1,E2,depolarizing-0.20,0,3297620819727423325,1,QKD-ASSUMED,QKD-ASSUMED,20000,"{""cascade_initial_block_factor"":0.73,""cascade_maximum_initial_block_size"":null,""cascade_maximum_lookback_steps"":null,""cascade_passes"":4,""phase_error_abort_threshold"":0.11,""sample_fraction"":0.2,""security_margin_bits"":0,""verification_tag_length"":32}",,[],"{""condition_id"":""depolarizing-0.20"",""experiment_kind"":""E2"",""qkd_stages"":[{""p"":0.2,""type"":""depolarizing""}],""replicate_index"":0,""seed"":3297620819727423325,""session"":{""internal_pqc_profile"":null,""profile"":""QKD-ASSUMED"",""qkd_authentication_profile"":""QKD-ASSUMED"",""qkd_postprocessing"":{""cascade_initial_block_factor"":0.73,""cascade_maximum_initial_block_size"":null,""cascade_maximum_lookback_steps"":null,""cascade_passes"":4,""phase_error_abort_threshold"":0.11,""sample_fraction"":0.2,""security_margin_bits"":0,""verification_tag_length"":32},""qkd_signal_count"":20000,""version"":1},""tags"":[],""version"":1}","[{""p"":0.2,""type"":""depolarizing""}]",,authentication explicitly assumed; no runtime material,,,,,,false,1,df25c594d344d511cf1f6f0fd4755cec,QKD-ASSUMED,aborted,BB84 security abort: The asymptotic security estimator produced no extractable secret bits.,,0,[],"{""pqc_exchange"":null,""qkd_classical"":{""algorithm"":""none"",""executed"":false,""mechanism"":""assumed"",""purpose"":""QKD classical transcript authentication"",""trust_assumption"":""The classical BB84 channel is assumed authenticated externally."",""verified"":null}}","{""qkd_transcript_hash_sha384"":""d2ca47aa66a3dea111e8495e3972cf5545bbba7cc3eb260d645d262cc03d68be9258b3be95f746fe7088b31b970788b2"",""qkd_transcript_version"":1}",3480424300,20000,9860,1973,7887,7887,0,0.493,0.0,0.09230769230769231,0.09418837675350701,0.0932589964521034,90,975,94,998,184,1973,0.09418837675350701,0.09929006085192697,0.09913793103448276,0.09943865276663993,0.09929006085192697,3224245,,,,,,,,,,,,,,,,,,,,,,,,,,,,,,,,,,assumed,none,none,0,0,0,0,0,0,0,0,The classical BB84 channel is assumed authenticated externally.,,,,"{""implementation"":""cpython"",""platform"":""Windows-11-10.0.26200-SP0"",""processor"":""Intel64 Family 6 Model 158 Stepping 12, GenuineIntel"",""python"":""3.14.7""}",,,,,,,,,,,,,,,,,,,,,,,,,3480424300,"{""events"":[{""detail"":""QKD-ASSUMED"",""sequence"":0,""source"":""session"",""stage"":""session"",""state"":""started""},{""detail"":""The asymptotic security estimator produced no extractable secret bits."",""sequence"":1,""source"":""qkd"",""stage"":""bb84"",""state"":""aborted""},{""detail"":""The classical BB84 channel is assumed authenticated externally."",""sequence"":2,""source"":""qkd"",""stage"":""classical_authentication"",""state"":""assumed_not_executed""},{""detail"":""No final key material is exposed by the orchestration result."",""sequence"":3,""source"":""qkd"",""stage"":""key_release"",""state"":""withheld""},{""detail"":""BB84 security abort: The asymptotic security estimator produced no extractable secret bits."",""sequence"":4,""source"":""session"",""stage"":""session"",""state"":""aborted""}],""version"":1}"
1,44991aee-2114-46e4-ae0d-b184296bec7c,E2,depolarizing-0.20,1,1,eafcdacf-9f23-4290-b8e6-0d06ba663426,false,,0,51,2026-09-08T07:45:51.565884+00:00,10966671993706766378,QKD-ASSUMED,6258,3.14.7,CPython,2.5.0,0.16.0,0.16.0,50.0.1,0.1.0,Windows,11,10.0.26200,AMD64,"Intel64 Family 6 Model 158 Stepping 12, GenuineIntel",ac46477bb374bde1c0ace1ef0bcfbc26b199dcfa,true,1,E2,depolarizing-0.20,1,10966671993706766378,1,QKD-ASSUMED,QKD-ASSUMED,20000,"{""cascade_initial_block_factor"":0.73,""cascade_maximum_initial_block_size"":null,""cascade_maximum_lookback_steps"":null,""cascade_passes"":4,""phase_error_abort_threshold"":0.11,""sample_fraction"":0.2,""security_margin_bits"":0,""verification_tag_length"":32}",,[],"{""condition_id"":""depolarizing-0.20"",""experiment_kind"":""E2"",""qkd_stages"":[{""p"":0.2,""type"":""depolarizing""}],""replicate_index"":1,""seed"":10966671993706766378,""session"":{""internal_pqc_profile"":null,""profile"":""QKD-ASSUMED"",""qkd_authentication_profile"":""QKD-ASSUMED"",""qkd_postprocessing"":{""cascade_initial_block_factor"":0.73,""cascade_maximum_initial_block_size"":null,""cascade_maximum_lookback_steps"":null,""cascade_passes"":4,""phase_error_abort_threshold"":0.11,""sample_fraction"":0.2,""security_margin_bits"":0,""verification_tag_length"":32},""qkd_signal_count"":20000,""version"":1},""tags"":[],""version"":1}","[{""p"":0.2,""type"":""depolarizing""}]",,authentication explicitly assumed; no runtime material,,,,,,false,1,93f0eac65cc157a48d9442068588a803,QKD-ASSUMED,aborted,BB84 security abort: The asymptotic security estimator produced no extractable secret bits.,,0,[],"{""pqc_exchange"":null,""qkd_classical"":{""algorithm"":""none"",""executed"":false,""mechanism"":""assumed"",""purpose"":""QKD classical transcript authentication"",""trust_assumption"":""The classical BB84 channel is assumed authenticated externally."",""verified"":null}}","{""qkd_transcript_hash_sha384"":""a5b713f2ce818300c6aaee118db0b8ea1424a887ca6a7656f345d628581dc93823b572cef8d39f4f2f97b53941e5dbeb"",""qkd_transcript_version"":1}",3461106400,20000,10007,2002,8005,8005,0,0.50035,0.0,0.10967098703888335,0.10710710710710711,0.10839160839160839,110,1003,107,999,217,2002,0.10967098703888335,0.10572599180573598,0.10634477254588987,0.10510510510510511,0.10572599180573598,3383426,,,,,,,,,,,,,,,,,,,,,,,,,,,,,,,,,,assumed,none,none,0,0,0,0,0,0,0,0,The classical BB84 channel is assumed authenticated externally.,,,,"{""implementation"":""cpython"",""platform"":""Windows-11-10.0.26200-SP0"",""processor"":""Intel64 Family 6 Model 158 Stepping 12, GenuineIntel"",""python"":""3.14.7""}",,,,,,,,,,,,,,,,,,,,,,,,,3461106400,"{""events"":[{""detail"":""QKD-ASSUMED"",""sequence"":0,""source"":""session"",""stage"":""session"",""state"":""started""},{""detail"":""The asymptotic security estimator produced no extractable secret bits."",""sequence"":1,""source"":""qkd"",""stage"":""bb84"",""state"":""aborted""},{""detail"":""The classical BB84 channel is assumed authenticated externally."",""sequence"":2,""source"":""qkd"",""stage"":""classical_authentication"",""state"":""assumed_not_executed""},{""detail"":""No final key material is exposed by the orchestration result."",""sequence"":3,""source"":""qkd"",""stage"":""key_release"",""state"":""withheld""},{""detail"":""BB84 security abort: The asymptotic security estimator produced no extractable secret bits."",""sequence"":4,""source"":""session"",""stage"":""session"",""state"":""aborted""}],""version"":1}"
1,04f397bb-13ea-4326-9333-724ef1dc05a4,E2,depolarizing-0.20,2,1,eafcdacf-9f23-4290-b8e6-0d06ba663426,false,,0,52,2026-09-08T07:45:55.127035+00:00,2002849336896505614,QKD-ASSUMED,6255,3.14.7,CPython,2.5.0,0.16.0,0.16.0,50.0.1,0.1.0,Windows,11,10.0.26200,AMD64,"Intel64 Family 6 Model 158 Stepping 12, GenuineIntel",ac46477bb374bde1c0ace1ef0bcfbc26b199dcfa,true,1,E2,depolarizing-0.20,2,2002849336896505614,1,QKD-ASSUMED,QKD-ASSUMED,20000,"{""cascade_initial_block_factor"":0.73,""cascade_maximum_initial_block_size"":null,""cascade_maximum_lookback_steps"":null,""cascade_passes"":4,""phase_error_abort_threshold"":0.11,""sample_fraction"":0.2,""security_margin_bits"":0,""verification_tag_length"":32}",,[],"{""condition_id"":""depolarizing-0.20"",""experiment_kind"":""E2"",""qkd_stages"":[{""p"":0.2,""type"":""depolarizing""}],""replicate_index"":2,""seed"":2002849336896505614,""session"":{""internal_pqc_profile"":null,""profile"":""QKD-ASSUMED"",""qkd_authentication_profile"":""QKD-ASSUMED"",""qkd_postprocessing"":{""cascade_initial_block_factor"":0.73,""cascade_maximum_initial_block_size"":null,""cascade_maximum_lookback_steps"":null,""cascade_passes"":4,""phase_error_abort_threshold"":0.11,""sample_fraction"":0.2,""security_margin_bits"":0,""verification_tag_length"":32},""qkd_signal_count"":20000,""version"":1},""tags"":[],""version"":1}","[{""p"":0.2,""type"":""depolarizing""}]",,authentication explicitly assumed; no runtime material,,,,,,false,1,3b6ea945e1ebc59c0304408f19a57936,QKD-ASSUMED,aborted,BB84 security abort: The asymptotic security estimator produced no extractable secret bits.,,0,[],"{""pqc_exchange"":null,""qkd_classical"":{""algorithm"":""none"",""executed"":false,""mechanism"":""assumed"",""purpose"":""QKD classical transcript authentication"",""trust_assumption"":""The classical BB84 channel is assumed authenticated externally."",""verified"":null}}","{""qkd_transcript_hash_sha384"":""743a7f99cd4066b2eb6ab8623017c9a052b10de4b6545af8f60df9c845224d4ef8f1b8d67dddf240100c32e4fde5ac3a"",""qkd_transcript_version"":1}",3473030600,20000,10059,2013,8046,8046,0,0.50295,0.0,0.10147783251231528,0.09418837675350701,0.09786388474913064,103,1015,94,998,197,2013,0.10147783251231528,0.09961228750372801,0.09741668309998028,0.10184442662389735,0.09961228750372801,3327839,,,,,,,,,,,,,,,,,,,,,,,,,,,,,,,,,,assumed,none,none,0,0,0,0,0,0,0,0,The classical BB84 channel is assumed authenticated externally.,,,,"{""implementation"":""cpython"",""platform"":""Windows-11-10.0.26200-SP0"",""processor"":""Intel64 Family 6 Model 158 Stepping 12, GenuineIntel"",""python"":""3.14.7""}",,,,,,,,,,,,,,,,,,,,,,,,,3473030600,"{""events"":[{""detail"":""QKD-ASSUMED"",""sequence"":0,""source"":""session"",""stage"":""session"",""state"":""started""},{""detail"":""The asymptotic security estimator produced no extractable secret bits."",""sequence"":1,""source"":""qkd"",""stage"":""bb84"",""state"":""aborted""},{""detail"":""The classical BB84 channel is assumed authenticated externally."",""sequence"":2,""source"":""qkd"",""stage"":""classical_authentication"",""state"":""assumed_not_executed""},{""detail"":""No final key material is exposed by the orchestration result."",""sequence"":3,""source"":""qkd"",""stage"":""key_release"",""state"":""withheld""},{""detail"":""BB84 security abort: The asymptotic security estimator produced no extractable secret bits."",""sequence"":4,""source"":""session"",""stage"":""session"",""state"":""aborted""}],""version"":1}"
1,9c97ed10-0953-4c0d-85d6-32e3e1fbc15d,E2,depolarizing-0.20,3,1,eafcdacf-9f23-4290-b8e6-0d06ba663426,false,,0,53,2026-09-08T07:45:58.677367+00:00,6394271362409623493,QKD-ASSUMED,6255,3.14.7,CPython,2.5.0,0.16.0,0.16.0,50.0.1,0.1.0,Windows,11,10.0.26200,AMD64,"Intel64 Family 6 Model 158 Stepping 12, GenuineIntel",ac46477bb374bde1c0ace1ef0bcfbc26b199dcfa,true,1,E2,depolarizing-0.20,3,6394271362409623493,1,QKD-ASSUMED,QKD-ASSUMED,20000,"{""cascade_initial_block_factor"":0.73,""cascade_maximum_initial_block_size"":null,""cascade_maximum_lookback_steps"":null,""cascade_passes"":4,""phase_error_abort_threshold"":0.11,""sample_fraction"":0.2,""security_margin_bits"":0,""verification_tag_length"":32}",,[],"{""condition_id"":""depolarizing-0.20"",""experiment_kind"":""E2"",""qkd_stages"":[{""p"":0.2,""type"":""depolarizing""}],""replicate_index"":3,""seed"":6394271362409623493,""session"":{""internal_pqc_profile"":null,""profile"":""QKD-ASSUMED"",""qkd_authentication_profile"":""QKD-ASSUMED"",""qkd_postprocessing"":{""cascade_initial_block_factor"":0.73,""cascade_maximum_initial_block_size"":null,""cascade_maximum_lookback_steps"":null,""cascade_passes"":4,""phase_error_abort_threshold"":0.11,""sample_fraction"":0.2,""security_margin_bits"":0,""verification_tag_length"":32},""qkd_signal_count"":20000,""version"":1},""tags"":[],""version"":1}","[{""p"":0.2,""type"":""depolarizing""}]",,authentication explicitly assumed; no runtime material,,,,,,false,1,26fb9d88fc34f62a082194b3917dc31b,QKD-ASSUMED,aborted,BB84 security abort: The asymptotic security estimator produced no extractable secret bits.,,0,[],"{""pqc_exchange"":null,""qkd_classical"":{""algorithm"":""none"",""executed"":false,""mechanism"":""assumed"",""purpose"":""QKD classical transcript authentication"",""trust_assumption"":""The classical BB84 channel is assumed authenticated externally."",""verified"":null}}","{""qkd_transcript_hash_sha384"":""4ab7e82b001f8ca57afa32910905af70134275b18cde1dd21e3f13210e1723069bed6c3a1652340c1a61a7f551e212ce"",""qkd_transcript_version"":1}",3459130700,20000,10023,2005,8018,8018,0,0.50115,0.0,0.10696266397578204,0.08284023668639054,0.09476309226932668,106,991,84,1014,190,2005,0.10696266397578204,0.09927167514716152,0.10216030688471633,0.09644970414201183,0.09927167514716152,3283742,,,,,,,,,,,,,,,,,,,,,,,,,,,,,,,,,,assumed,none,none,0,0,0,0,0,0,0,0,The classical BB84 channel is assumed authenticated externally.,,,,"{""implementation"":""cpython"",""platform"":""Windows-11-10.0.26200-SP0"",""processor"":""Intel64 Family 6 Model 158 Stepping 12, GenuineIntel"",""python"":""3.14.7""}",,,,,,,,,,,,,,,,,,,,,,,,,3459130700,"{""events"":[{""detail"":""QKD-ASSUMED"",""sequence"":0,""source"":""session"",""stage"":""session"",""state"":""started""},{""detail"":""The asymptotic security estimator produced no extractable secret bits."",""sequence"":1,""source"":""qkd"",""stage"":""bb84"",""state"":""aborted""},{""detail"":""The classical BB84 channel is assumed authenticated externally."",""sequence"":2,""source"":""qkd"",""stage"":""classical_authentication"",""state"":""assumed_not_executed""},{""detail"":""No final key material is exposed by the orchestration result."",""sequence"":3,""source"":""qkd"",""stage"":""key_release"",""state"":""withheld""},{""detail"":""BB84 security abort: The asymptotic security estimator produced no extractable secret bits."",""sequence"":4,""source"":""session"",""stage"":""session"",""state"":""aborted""}],""version"":1}"
1,c36a136c-0728-4684-933f-8f5ef166e8e4,E2,depolarizing-0.20,4,1,eafcdacf-9f23-4290-b8e6-0d06ba663426,false,,0,54,2026-09-08T07:46:01.960667+00:00,3515310113091089345,QKD-ASSUMED,6573,3.14.7,CPython,2.5.0,0.16.0,0.16.0,50.0.1,0.1.0,Windows,11,10.0.26200,AMD64,"Intel64 Family 6 Model 158 Stepping 12, GenuineIntel",ac46477bb374bde1c0ace1ef0bcfbc26b199dcfa,true,1,E2,depolarizing-0.20,4,3515310113091089345,1,QKD-ASSUMED,QKD-ASSUMED,20000,"{""cascade_initial_block_factor"":0.73,""cascade_maximum_initial_block_size"":null,""cascade_maximum_lookback_steps"":null,""cascade_passes"":4,""phase_error_abort_threshold"":0.11,""sample_fraction"":0.2,""security_margin_bits"":0,""verification_tag_length"":32}",,[],"{""condition_id"":""depolarizing-0.20"",""experiment_kind"":""E2"",""qkd_stages"":[{""p"":0.2,""type"":""depolarizing""}],""replicate_index"":4,""seed"":3515310113091089345,""session"":{""internal_pqc_profile"":null,""profile"":""QKD-ASSUMED"",""qkd_authentication_profile"":""QKD-ASSUMED"",""qkd_postprocessing"":{""cascade_initial_block_factor"":0.73,""cascade_maximum_initial_block_size"":null,""cascade_maximum_lookback_steps"":null,""cascade_passes"":4,""phase_error_abort_threshold"":0.11,""sample_fraction"":0.2,""security_margin_bits"":0,""verification_tag_length"":32},""qkd_signal_count"":20000,""version"":1},""tags"":[],""version"":1}","[{""p"":0.2,""type"":""depolarizing""}]",,authentication explicitly assumed; no runtime material,,,,,,false,1,0fdf1a5085be449ba2560718c3ff1fdd,QKD-ASSUMED,aborted,"BB84 security abort: Per-basis errors Z=0.112112, X=0.098890 give phase-error bound 0.112112, above the configured asymptotic threshold 0.110000; aggregate QBER 0.105528 is not the phase-error bound.",,0,[],"{""pqc_exchange"":null,""qkd_classical"":{""algorithm"":""none"",""executed"":false,""mechanism"":""assumed"",""purpose"":""QKD classical transcript authentication"",""trust_assumption"":""The classical BB84 channel is assumed authenticated externally."",""verified"":null}}","{""qkd_transcript_hash_sha384"":""f939609111395a2d1fa6c223387a7f3cc8d8e729af997bfd9844058ce5e713980ef88bf047c2f55e43886bbaddeb3666"",""qkd_transcript_version"":1}",3221806000,20000,9943,1990,7953,0,0,0.49715,0.0,0.11211211211211211,0.09889001009081735,0.10552763819095477,112,999,98,991,210,1990,0.11211211211211211,0.09976868148446143,0.10336538461538461,0.09614219349626338,0.09976868148446143,156864,,,,,,,,,,,,,,,,,,,,,,,,,,,,,,,,,,assumed,none,none,0,0,0,0,0,0,0,0,The classical BB84 channel is assumed authenticated externally.,,,,"{""implementation"":""cpython"",""platform"":""Windows-11-10.0.26200-SP0"",""processor"":""Intel64 Family 6 Model 158 Stepping 12, GenuineIntel"",""python"":""3.14.7""}",,,,,,,,,,,,,,,,,,,,,,,,,3221806000,"{""events"":[{""detail"":""QKD-ASSUMED"",""sequence"":0,""source"":""session"",""stage"":""session"",""state"":""started""},{""detail"":""Per-basis errors Z=0.112112, X=0.098890 give phase-error bound 0.112112, above the configured asymptotic threshold 0.110000; aggregate QBER 0.105528 is not the phase-error bound."",""sequence"":1,""source"":""qkd"",""stage"":""bb84"",""state"":""aborted""},{""detail"":""The classical BB84 channel is assumed authenticated externally."",""sequence"":2,""source"":""qkd"",""stage"":""classical_authentication"",""state"":""assumed_not_executed""},{""detail"":""No final key material is exposed by the orchestration result."",""sequence"":3,""source"":""qkd"",""stage"":""key_release"",""state"":""withheld""},{""detail"":""BB84 security abort: Per-basis errors Z=0.112112, X=0.098890 give phase-error bound 0.112112, above the configured asymptotic threshold 0.110000; aggregate QBER 0.105528 is not the phase-error bound."",""sequence"":4,""source"":""session"",""stage"":""session"",""state"":""aborted""}],""version"":1}"
1,3ece8a60-01d4-4851-b7bf-09b759043e7f,E2,depolarizing-0.20,5,1,eafcdacf-9f23-4290-b8e6-0d06ba663426,false,,0,55,2026-09-08T07:46:05.496304+00:00,6008634270119751117,QKD-ASSUMED,6251,3.14.7,CPython,2.5.0,0.16.0,0.16.0,50.0.1,0.1.0,Windows,11,10.0.26200,AMD64,"Intel64 Family 6 Model 158 Stepping 12, GenuineIntel",ac46477bb374bde1c0ace1ef0bcfbc26b199dcfa,true,1,E2,depolarizing-0.20,5,6008634270119751117,1,QKD-ASSUMED,QKD-ASSUMED,20000,"{""cascade_initial_block_factor"":0.73,""cascade_maximum_initial_block_size"":null,""cascade_maximum_lookback_steps"":null,""cascade_passes"":4,""phase_error_abort_threshold"":0.11,""sample_fraction"":0.2,""security_margin_bits"":0,""verification_tag_length"":32}",,[],"{""condition_id"":""depolarizing-0.20"",""experiment_kind"":""E2"",""qkd_stages"":[{""p"":0.2,""type"":""depolarizing""}],""replicate_index"":5,""seed"":6008634270119751117,""session"":{""internal_pqc_profile"":null,""profile"":""QKD-ASSUMED"",""qkd_authentication_profile"":""QKD-ASSUMED"",""qkd_postprocessing"":{""cascade_initial_block_factor"":0.73,""cascade_maximum_initial_block_size"":null,""cascade_maximum_lookback_steps"":null,""cascade_passes"":4,""phase_error_abort_threshold"":0.11,""sample_fraction"":0.2,""security_margin_bits"":0,""verification_tag_length"":32},""qkd_signal_count"":20000,""version"":1},""tags"":[],""version"":1}","[{""p"":0.2,""type"":""depolarizing""}]",,authentication explicitly assumed; no runtime material,,,,,,false,1,b5f0048be4e6c76c2b93688c0eb71c47,QKD-ASSUMED,aborted,BB84 security abort: The asymptotic security estimator produced no extractable secret bits.,,0,[],"{""pqc_exchange"":null,""qkd_classical"":{""algorithm"":""none"",""executed"":false,""mechanism"":""assumed"",""purpose"":""QKD classical transcript authentication"",""trust_assumption"":""The classical BB84 channel is assumed authenticated externally."",""verified"":null}}","{""qkd_transcript_hash_sha384"":""c9f9c9b9e6caf8790a8a25b71ce87f7216764a11c7b05b64c084c10ef7197004e6ebda76cc272038494010ed9a85ce42"",""qkd_transcript_version"":1}",3446558700,20000,9873,1975,7898,7898,0,0.49365,0.0,0.09304703476482618,0.09027081243731194,0.09164556962025316,91,978,90,997,181,1975,0.09304703476482618,0.10037475944495088,0.09979550102249489,0.1009432069034718,0.10037475944495088,3257653,,,,,,,,,,,,,,,,,,,,,,,,,,,,,,,,,,assumed,none,none,0,0,0,0,0,0,0,0,The classical BB84 channel is assumed authenticated externally.,,,,"{""implementation"":""cpython"",""platform"":""Windows-11-10.0.26200-SP0"",""processor"":""Intel64 Family 6 Model 158 Stepping 12, GenuineIntel"",""python"":""3.14.7""}",,,,,,,,,,,,,,,,,,,,,,,,,3446558700,"{""events"":[{""detail"":""QKD-ASSUMED"",""sequence"":0,""source"":""session"",""stage"":""session"",""state"":""started""},{""detail"":""The asymptotic security estimator produced no extractable secret bits."",""sequence"":1,""source"":""qkd"",""stage"":""bb84"",""state"":""aborted""},{""detail"":""The classical BB84 channel is assumed authenticated externally."",""sequence"":2,""source"":""qkd"",""stage"":""classical_authentication"",""state"":""assumed_not_executed""},{""detail"":""No final key material is exposed by the orchestration result."",""sequence"":3,""source"":""qkd"",""stage"":""key_release"",""state"":""withheld""},{""detail"":""BB84 security abort: The asymptotic security estimator produced no extractable secret bits."",""sequence"":4,""source"":""session"",""stage"":""session"",""state"":""aborted""}],""version"":1}"
1,2fb742cc-af68-4265-b18f-33a93c8d423a,E2,depolarizing-0.20,6,1,eafcdacf-9f23-4290-b8e6-0d06ba663426,false,,0,56,2026-09-08T07:46:09.039749+00:00,16684441477574983358,QKD-ASSUMED,6255,3.14.7,CPython,2.5.0,0.16.0,0.16.0,50.0.1,0.1.0,Windows,11,10.0.26200,AMD64,"Intel64 Family 6 Model 158 Stepping 12, GenuineIntel",ac46477bb374bde1c0ace1ef0bcfbc26b199dcfa,true,1,E2,depolarizing-0.20,6,16684441477574983358,1,QKD-ASSUMED,QKD-ASSUMED,20000,"{""cascade_initial_block_factor"":0.73,""cascade_maximum_initial_block_size"":null,""cascade_maximum_lookback_steps"":null,""cascade_passes"":4,""phase_error_abort_threshold"":0.11,""sample_fraction"":0.2,""security_margin_bits"":0,""verification_tag_length"":32}",,[],"{""condition_id"":""depolarizing-0.20"",""experiment_kind"":""E2"",""qkd_stages"":[{""p"":0.2,""type"":""depolarizing""}],""replicate_index"":6,""seed"":16684441477574983358,""session"":{""internal_pqc_profile"":null,""profile"":""QKD-ASSUMED"",""qkd_authentication_profile"":""QKD-ASSUMED"",""qkd_postprocessing"":{""cascade_initial_block_factor"":0.73,""cascade_maximum_initial_block_size"":null,""cascade_maximum_lookback_steps"":null,""cascade_passes"":4,""phase_error_abort_threshold"":0.11,""sample_fraction"":0.2,""security_margin_bits"":0,""verification_tag_length"":32},""qkd_signal_count"":20000,""version"":1},""tags"":[],""version"":1}","[{""p"":0.2,""type"":""depolarizing""}]",,authentication explicitly assumed; no runtime material,,,,,,false,1,133599917200523564e00485d991f302,QKD-ASSUMED,aborted,BB84 security abort: The asymptotic security estimator produced no extractable secret bits.,,0,[],"{""pqc_exchange"":null,""qkd_classical"":{""algorithm"":""none"",""executed"":false,""mechanism"":""assumed"",""purpose"":""QKD classical transcript authentication"",""trust_assumption"":""The classical BB84 channel is assumed authenticated externally."",""verified"":null}}","{""qkd_transcript_hash_sha384"":""fc65a31334a3352722381fa4c55f48284d67e555d78d85c5315fe3fe6a9b5b046dbe33d4571ed513ff698b2cc15788a7"",""qkd_transcript_version"":1}",3455386700,20000,10033,2007,8026,8026,0,0.50165,0.0,0.1073558648111332,0.0959040959040959,0.10164424514200299,108,1006,96,1001,204,2007,0.1073558648111332,0.09907305890561148,0.10021873135812288,0.09792166266986412,0.09907305890561148,3265873,,,,,,,,,,,,,,,,,,,,,,,,,,,,,,,,,,assumed,none,none,0,0,0,0,0,0,0,0,The classical BB84 channel is assumed authenticated externally.,,,,"{""implementation"":""cpython"",""platform"":""Windows-11-10.0.26200-SP0"",""processor"":""Intel64 Family 6 Model 158 Stepping 12, GenuineIntel"",""python"":""3.14.7""}",,,,,,,,,,,,,,,,,,,,,,,,,3455386700,"{""events"":[{""detail"":""QKD-ASSUMED"",""sequence"":0,""source"":""session"",""stage"":""session"",""state"":""started""},{""detail"":""The asymptotic security estimator produced no extractable secret bits."",""sequence"":1,""source"":""qkd"",""stage"":""bb84"",""state"":""aborted""},{""detail"":""The classical BB84 channel is assumed authenticated externally."",""sequence"":2,""source"":""qkd"",""stage"":""classical_authentication"",""state"":""assumed_not_executed""},{""detail"":""No final key material is exposed by the orchestration result."",""sequence"":3,""source"":""qkd"",""stage"":""key_release"",""state"":""withheld""},{""detail"":""BB84 security abort: The asymptotic security estimator produced no extractable secret bits."",""sequence"":4,""source"":""session"",""stage"":""session"",""state"":""aborted""}],""version"":1}"
1,073b4fbf-0185-437f-b161-5d8da713fb3a,E2,depolarizing-0.20,7,1,eafcdacf-9f23-4290-b8e6-0d06ba663426,false,,0,57,2026-09-08T07:46:12.605026+00:00,15157014404822524875,QKD-ASSUMED,6254,3.14.7,CPython,2.5.0,0.16.0,0.16.0,50.0.1,0.1.0,Windows,11,10.0.26200,AMD64,"Intel64 Family 6 Model 158 Stepping 12, GenuineIntel",ac46477bb374bde1c0ace1ef0bcfbc26b199dcfa,true,1,E2,depolarizing-0.20,7,15157014404822524875,1,QKD-ASSUMED,QKD-ASSUMED,20000,"{""cascade_initial_block_factor"":0.73,""cascade_maximum_initial_block_size"":null,""cascade_maximum_lookback_steps"":null,""cascade_passes"":4,""phase_error_abort_threshold"":0.11,""sample_fraction"":0.2,""security_margin_bits"":0,""verification_tag_length"":32}",,[],"{""condition_id"":""depolarizing-0.20"",""experiment_kind"":""E2"",""qkd_stages"":[{""p"":0.2,""type"":""depolarizing""}],""replicate_index"":7,""seed"":15157014404822524875,""session"":{""internal_pqc_profile"":null,""profile"":""QKD-ASSUMED"",""qkd_authentication_profile"":""QKD-ASSUMED"",""qkd_postprocessing"":{""cascade_initial_block_factor"":0.73,""cascade_maximum_initial_block_size"":null,""cascade_maximum_lookback_steps"":null,""cascade_passes"":4,""phase_error_abort_threshold"":0.11,""sample_fraction"":0.2,""security_margin_bits"":0,""verification_tag_length"":32},""qkd_signal_count"":20000,""version"":1},""tags"":[],""version"":1}","[{""p"":0.2,""type"":""depolarizing""}]",,authentication explicitly assumed; no runtime material,,,,,,false,1,1502b5cf2a1300a1208180f7c33f54b5,QKD-ASSUMED,aborted,BB84 security abort: The asymptotic security estimator produced no extractable secret bits.,,0,[],"{""pqc_exchange"":null,""qkd_classical"":{""algorithm"":""none"",""executed"":false,""mechanism"":""assumed"",""purpose"":""QKD classical transcript authentication"",""trust_assumption"":""The classical BB84 channel is assumed authenticated externally."",""verified"":null}}","{""qkd_transcript_hash_sha384"":""a63879d333cab2a808f9c934dbbf6440249c1f5a912641760a1316e2439d8abce10ba6e99e01671722296f05f2e4f678"",""qkd_transcript_version"":1}",3475366400,20000,9988,1998,7990,7990,0,0.4994,0.0,0.09632571996027806,0.09384460141271443,0.09509509509509509,97,1007,93,991,190,1998,0.09632571996027806,0.09851822186623949,0.10268123138033763,0.09428629113668484,0.09851822186623949,3242746,,,,,,,,,,,,,,,,,,,,,,,,,,,,,,,,,,assumed,none,none,0,0,0,0,0,0,0,0,The classical BB84 channel is assumed authenticated externally.,,,,"{""implementation"":""cpython"",""platform"":""Windows-11-10.0.26200-SP0"",""processor"":""Intel64 Family 6 Model 158 Stepping 12, GenuineIntel"",""python"":""3.14.7""}",,,,,,,,,,,,,,,,,,,,,,,,,3475366400,"{""events"":[{""detail"":""QKD-ASSUMED"",""sequence"":0,""source"":""session"",""stage"":""session"",""state"":""started""},{""detail"":""The asymptotic security estimator produced no extractable secret bits."",""sequence"":1,""source"":""qkd"",""stage"":""bb84"",""state"":""aborted""},{""detail"":""The classical BB84 channel is assumed authenticated externally."",""sequence"":2,""source"":""qkd"",""stage"":""classical_authentication"",""state"":""assumed_not_executed""},{""detail"":""No final key material is exposed by the orchestration result."",""sequence"":3,""source"":""qkd"",""stage"":""key_release"",""state"":""withheld""},{""detail"":""BB84 security abort: The asymptotic security estimator produced no extractable secret bits."",""sequence"":4,""source"":""session"",""stage"":""session"",""state"":""aborted""}],""version"":1}"
1,f80b8105-e044-48be-b9ed-918c4ee48e56,E2,depolarizing-0.20,8,1,eafcdacf-9f23-4290-b8e6-0d06ba663426,false,,0,58,2026-09-08T07:46:15.952781+00:00,12134636724391346985,QKD-ASSUMED,6556,3.14.7,CPython,2.5.0,0.16.0,0.16.0,50.0.1,0.1.0,Windows,11,10.0.26200,AMD64,"Intel64 Family 6 Model 158 Stepping 12, GenuineIntel",ac46477bb374bde1c0ace1ef0bcfbc26b199dcfa,true,1,E2,depolarizing-0.20,8,12134636724391346985,1,QKD-ASSUMED,QKD-ASSUMED,20000,"{""cascade_initial_block_factor"":0.73,""cascade_maximum_initial_block_size"":null,""cascade_maximum_lookback_steps"":null,""cascade_passes"":4,""phase_error_abort_threshold"":0.11,""sample_fraction"":0.2,""security_margin_bits"":0,""verification_tag_length"":32}",,[],"{""condition_id"":""depolarizing-0.20"",""experiment_kind"":""E2"",""qkd_stages"":[{""p"":0.2,""type"":""depolarizing""}],""replicate_index"":8,""seed"":12134636724391346985,""session"":{""internal_pqc_profile"":null,""profile"":""QKD-ASSUMED"",""qkd_authentication_profile"":""QKD-ASSUMED"",""qkd_postprocessing"":{""cascade_initial_block_factor"":0.73,""cascade_maximum_initial_block_size"":null,""cascade_maximum_lookback_steps"":null,""cascade_passes"":4,""phase_error_abort_threshold"":0.11,""sample_fraction"":0.2,""security_margin_bits"":0,""verification_tag_length"":32},""qkd_signal_count"":20000,""version"":1},""tags"":[],""version"":1}","[{""p"":0.2,""type"":""depolarizing""}]",,authentication explicitly assumed; no runtime material,,,,,,false,1,16fe1d482aaea15687f8749f852d9d37,QKD-ASSUMED,aborted,"BB84 security abort: Per-basis errors Z=0.100000, X=0.115653 give phase-error bound 0.115653, above the configured asymptotic threshold 0.110000; aggregate QBER 0.107878 is not the phase-error bound.",,0,[],"{""pqc_exchange"":null,""qkd_classical"":{""algorithm"":""none"",""executed"":false,""mechanism"":""assumed"",""purpose"":""QKD classical transcript authentication"",""trust_assumption"":""The classical BB84 channel is assumed authenticated externally."",""verified"":null}}","{""qkd_transcript_hash_sha384"":""433ec0f159b7b8c5f1dc50ae8bc96ca6fa6bd4b700ec1de562ae3a7f6387ca2d897087f9c9a4df40d4d34974718d259f"",""qkd_transcript_version"":1}",3286425200,20000,9960,1993,7967,0,0,0.498,0.0,0.1,0.1156530408773679,0.10787757150025087,99,990,116,1003,215,1993,0.1156530408773679,0.10421686746987951,0.10450778249444108,0.10392978256533014,0.10421686746987951,157056,,,,,,,,,,,,,,,,,,,,,,,,,,,,,,,,,,assumed,none,none,0,0,0,0,0,0,0,0,The classical BB84 channel is assumed authenticated externally.,,,,"{""implementation"":""cpython"",""platform"":""Windows-11-10.0.26200-SP0"",""processor"":""Intel64 Family 6 Model 158 Stepping 12, GenuineIntel"",""python"":""3.14.7""}",,,,,,,,,,,,,,,,,,,,,,,,,3286425200,"{""events"":[{""detail"":""QKD-ASSUMED"",""sequence"":0,""source"":""session"",""stage"":""session"",""state"":""started""},{""detail"":""Per-basis errors Z=0.100000, X=0.115653 give phase-error bound 0.115653, above the configured asymptotic threshold 0.110000; aggregate QBER 0.107878 is not the phase-error bound."",""sequence"":1,""source"":""qkd"",""stage"":""bb84"",""state"":""aborted""},{""detail"":""The classical BB84 channel is assumed authenticated externally."",""sequence"":2,""source"":""qkd"",""stage"":""classical_authentication"",""state"":""assumed_not_executed""},{""detail"":""No final key material is exposed by the orchestration result."",""sequence"":3,""source"":""qkd"",""stage"":""key_release"",""state"":""withheld""},{""detail"":""BB84 security abort: Per-basis errors Z=0.100000, X=0.115653 give phase-error bound 0.115653, above the configured asymptotic threshold 0.110000; aggregate QBER 0.107878 is not the phase-error bound."",""sequence"":4,""source"":""session"",""stage"":""session"",""state"":""aborted""}],""version"":1}"
1,d527f2cc-a761-4172-b05c-c510411d29db,E2,depolarizing-0.20,9,1,eafcdacf-9f23-4290-b8e6-0d06ba663426,false,,0,59,2026-09-08T07:46:19.272400+00:00,6385847035241483503,QKD-ASSUMED,6572,3.14.7,CPython,2.5.0,0.16.0,0.16.0,50.0.1,0.1.0,Windows,11,10.0.26200,AMD64,"Intel64 Family 6 Model 158 Stepping 12, GenuineIntel",ac46477bb374bde1c0ace1ef0bcfbc26b199dcfa,true,1,E2,depolarizing-0.20,9,6385847035241483503,1,QKD-ASSUMED,QKD-ASSUMED,20000,"{""cascade_initial_block_factor"":0.73,""cascade_maximum_initial_block_size"":null,""cascade_maximum_lookback_steps"":null,""cascade_passes"":4,""phase_error_abort_threshold"":0.11,""sample_fraction"":0.2,""security_margin_bits"":0,""verification_tag_length"":32}",,[],"{""condition_id"":""depolarizing-0.20"",""experiment_kind"":""E2"",""qkd_stages"":[{""p"":0.2,""type"":""depolarizing""}],""replicate_index"":9,""seed"":6385847035241483503,""session"":{""internal_pqc_profile"":null,""profile"":""QKD-ASSUMED"",""qkd_authentication_profile"":""QKD-ASSUMED"",""qkd_postprocessing"":{""cascade_initial_block_factor"":0.73,""cascade_maximum_initial_block_size"":null,""cascade_maximum_lookback_steps"":null,""cascade_passes"":4,""phase_error_abort_threshold"":0.11,""sample_fraction"":0.2,""security_margin_bits"":0,""verification_tag_length"":32},""qkd_signal_count"":20000,""version"":1},""tags"":[],""version"":1}","[{""p"":0.2,""type"":""depolarizing""}]",,authentication explicitly assumed; no runtime material,,,,,,false,1,c172bff1df825fb19fec216e595923cc,QKD-ASSUMED,aborted,"BB84 security abort: Per-basis errors Z=0.110436, X=0.090355 give phase-error bound 0.110436, above the configured asymptotic threshold 0.110000; aggregate QBER 0.100406 is not the phase-error bound.",,0,[],"{""pqc_exchange"":null,""qkd_classical"":{""algorithm"":""none"",""executed"":false,""mechanism"":""assumed"",""purpose"":""QKD classical transcript authentication"",""trust_assumption"":""The classical BB84 channel is assumed authenticated externally."",""verified"":null}}","{""qkd_transcript_hash_sha384"":""e9438d2e316257100bb56ed2e81d63dee82ff89e0e0db052bb734ab6e92d24b649a2cecf802c9c93c64ec0e868644ffb"",""qkd_transcript_version"":1}",3258650000,20000,9856,1972,7884,0,0,0.4928,0.0,0.11043566362715299,0.09035532994923857,0.10040567951318459,109,987,89,985,198,1972,0.11043566362715299,0.10186688311688312,0.10597771023302938,0.09774436090225563,0.10186688311688312,155840,,,,,,,,,,,,,,,,,,,,,,,,,,,,,,,,,,assumed,none,none,0,0,0,0,0,0,0,0,The classical BB84 channel is assumed authenticated externally.,,,,"{""implementation"":""cpython"",""platform"":""Windows-11-10.0.26200-SP0"",""processor"":""Intel64 Family 6 Model 158 Stepping 12, GenuineIntel"",""python"":""3.14.7""}",,,,,,,,,,,,,,,,,,,,,,,,,3258650000,"{""events"":[{""detail"":""QKD-ASSUMED"",""sequence"":0,""source"":""session"",""stage"":""session"",""state"":""started""},{""detail"":""Per-basis errors Z=0.110436, X=0.090355 give phase-error bound 0.110436, above the configured asymptotic threshold 0.110000; aggregate QBER 0.100406 is not the phase-error bound."",""sequence"":1,""source"":""qkd"",""stage"":""bb84"",""state"":""aborted""},{""detail"":""The classical BB84 channel is assumed authenticated externally."",""sequence"":2,""source"":""qkd"",""stage"":""classical_authentication"",""state"":""assumed_not_executed""},{""detail"":""No final key material is exposed by the orchestration result."",""sequence"":3,""source"":""qkd"",""stage"":""key_release"",""state"":""withheld""},{""detail"":""BB84 security abort: Per-basis errors Z=0.110436, X=0.090355 give phase-error bound 0.110436, above the configured asymptotic threshold 0.110000; aggregate QBER 0.100406 is not the phase-error bound."",""sequence"":4,""source"":""session"",""stage"":""session"",""state"":""aborted""}],""version"":1}"
1,821889e2-db40-4a2b-be42-36e2025fd5af,E2,depolarizing-0.25,0,1,eafcdacf-9f23-4290-b8e6-0d06ba663426,false,,0,60,2026-09-08T07:46:22.565359+00:00,13114328003722948084,QKD-ASSUMED,6577,3.14.7,CPython,2.5.0,0.16.0,0.16.0,50.0.1,0.1.0,Windows,11,10.0.26200,AMD64,"Intel64 Family 6 Model 158 Stepping 12, GenuineIntel",ac46477bb374bde1c0ace1ef0bcfbc26b199dcfa,true,1,E2,depolarizing-0.25,0,13114328003722948084,1,QKD-ASSUMED,QKD-ASSUMED,20000,"{""cascade_initial_block_factor"":0.73,""cascade_maximum_initial_block_size"":null,""cascade_maximum_lookback_steps"":null,""cascade_passes"":4,""phase_error_abort_threshold"":0.11,""sample_fraction"":0.2,""security_margin_bits"":0,""verification_tag_length"":32}",,[],"{""condition_id"":""depolarizing-0.25"",""experiment_kind"":""E2"",""qkd_stages"":[{""p"":0.25,""type"":""depolarizing""}],""replicate_index"":0,""seed"":13114328003722948084,""session"":{""internal_pqc_profile"":null,""profile"":""QKD-ASSUMED"",""qkd_authentication_profile"":""QKD-ASSUMED"",""qkd_postprocessing"":{""cascade_initial_block_factor"":0.73,""cascade_maximum_initial_block_size"":null,""cascade_maximum_lookback_steps"":null,""cascade_passes"":4,""phase_error_abort_threshold"":0.11,""sample_fraction"":0.2,""security_margin_bits"":0,""verification_tag_length"":32},""qkd_signal_count"":20000,""version"":1},""tags"":[],""version"":1}","[{""p"":0.25,""type"":""depolarizing""}]",,authentication explicitly assumed; no runtime material,,,,,,false,1,ae1e01b10f0c4403f5eb8dd369b549e3,QKD-ASSUMED,aborted,"BB84 security abort: Per-basis errors Z=0.135827, X=0.106747 give phase-error bound 0.135827, above the configured asymptotic threshold 0.110000; aggregate QBER 0.121453 is not the phase-error bound.",,0,[],"{""pqc_exchange"":null,""qkd_classical"":{""algorithm"":""none"",""executed"":false,""mechanism"":""assumed"",""purpose"":""QKD classical transcript authentication"",""trust_assumption"":""The classical BB84 channel is assumed authenticated externally."",""verified"":null}}","{""qkd_transcript_hash_sha384"":""d5b2ad7efdd3536ae0bfc009a485e8420c63aab6e647b1db690e7d69367b06bea2681d873fedfe5bc72c05fdb43f9695"",""qkd_transcript_version"":1}",3231247600,20000,10043,2009,8034,0,0,0.50215,0.0,0.13582677165354332,0.1067472306143001,0.1214534594325535,138,1016,106,993,244,2009,0.13582677165354332,0.12297122373792692,0.12482772199251821,0.12107171635777599,0.12297122373792692,158012,,,,,,,,,,,,,,,,,,,,,,,,,,,,,,,,,,assumed,none,none,0,0,0,0,0,0,0,0,The classical BB84 channel is assumed authenticated externally.,,,,"{""implementation"":""cpython"",""platform"":""Windows-11-10.0.26200-SP0"",""processor"":""Intel64 Family 6 Model 158 Stepping 12, GenuineIntel"",""python"":""3.14.7""}",,,,,,,,,,,,,,,,,,,,,,,,,3231247600,"{""events"":[{""detail"":""QKD-ASSUMED"",""sequence"":0,""source"":""session"",""stage"":""session"",""state"":""started""},{""detail"":""Per-basis errors Z=0.135827, X=0.106747 give phase-error bound 0.135827, above the configured asymptotic threshold 0.110000; aggregate QBER 0.121453 is not the phase-error bound."",""sequence"":1,""source"":""qkd"",""stage"":""bb84"",""state"":""aborted""},{""detail"":""The classical BB84 channel is assumed authenticated externally."",""sequence"":2,""source"":""qkd"",""stage"":""classical_authentication"",""state"":""assumed_not_executed""},{""detail"":""No final key material is exposed by the orchestration result."",""sequence"":3,""source"":""qkd"",""stage"":""key_release"",""state"":""withheld""},{""detail"":""BB84 security abort: Per-basis errors Z=0.135827, X=0.106747 give phase-error bound 0.135827, above the configured asymptotic threshold 0.110000; aggregate QBER 0.121453 is not the phase-error bound."",""sequence"":4,""source"":""session"",""stage"":""session"",""state"":""aborted""}],""version"":1}"
1,3a298e2d-b325-4703-a304-e75121d16a78,E2,depolarizing-0.25,1,1,eafcdacf-9f23-4290-b8e6-0d06ba663426,false,,0,61,2026-09-08T07:46:25.915494+00:00,10424398412357824024,QKD-ASSUMED,6576,3.14.7,CPython,2.5.0,0.16.0,0.16.0,50.0.1,0.1.0,Windows,11,10.0.26200,AMD64,"Intel64 Family 6 Model 158 Stepping 12, GenuineIntel",ac46477bb374bde1c0ace1ef0bcfbc26b199dcfa,true,1,E2,depolarizing-0.25,1,10424398412357824024,1,QKD-ASSUMED,QKD-ASSUMED,20000,"{""cascade_initial_block_factor"":0.73,""cascade_maximum_initial_block_size"":null,""cascade_maximum_lookback_steps"":null,""cascade_passes"":4,""phase_error_abort_threshold"":0.11,""sample_fraction"":0.2,""security_margin_bits"":0,""verification_tag_length"":32}",,[],"{""condition_id"":""depolarizing-0.25"",""experiment_kind"":""E2"",""qkd_stages"":[{""p"":0.25,""type"":""depolarizing""}],""replicate_index"":1,""seed"":10424398412357824024,""session"":{""internal_pqc_profile"":null,""profile"":""QKD-ASSUMED"",""qkd_authentication_profile"":""QKD-ASSUMED"",""qkd_postprocessing"":{""cascade_initial_block_factor"":0.73,""cascade_maximum_initial_block_size"":null,""cascade_maximum_lookback_steps"":null,""cascade_passes"":4,""phase_error_abort_threshold"":0.11,""sample_fraction"":0.2,""security_margin_bits"":0,""verification_tag_length"":32},""qkd_signal_count"":20000,""version"":1},""tags"":[],""version"":1}","[{""p"":0.25,""type"":""depolarizing""}]",,authentication explicitly assumed; no runtime material,,,,,,false,1,da51dc7f999cfc58dc2fa046ec8195d2,QKD-ASSUMED,aborted,"BB84 security abort: Per-basis errors Z=0.103976, X=0.144970 give phase-error bound 0.144970, above the configured asymptotic threshold 0.110000; aggregate QBER 0.124812 is not the phase-error bound.",,0,[],"{""pqc_exchange"":null,""qkd_classical"":{""algorithm"":""none"",""executed"":false,""mechanism"":""assumed"",""purpose"":""QKD classical transcript authentication"",""trust_assumption"":""The classical BB84 channel is assumed authenticated externally."",""verified"":null}}","{""qkd_transcript_hash_sha384"":""1624e3b5daf87c3c9e62b56305b321f575bd9d541bfecc337d3c750d7c3c1d4fb5e928b9d0e55d0b90cafa63ee796d69"",""qkd_transcript_version"":1}",3290576300,20000,9973,1995,7978,0,0,0.49865,0.0,0.10397553516819572,0.14497041420118342,0.12481203007518797,102,981,147,1014,249,1995,0.14497041420118342,0.12954978441792842,0.1300978792822186,0.1290195304793845,0.12954978441792842,157196,,,,,,,,,,,,,,,,,,,,,,,,,,,,,,,,,,assumed,none,none,0,0,0,0,0,0,0,0,The classical BB84 channel is assumed authenticated externally.,,,,"{""implementation"":""cpython"",""platform"":""Windows-11-10.0.26200-SP0"",""processor"":""Intel64 Family 6 Model 158 Stepping 12, GenuineIntel"",""python"":""3.14.7""}",,,,,,,,,,,,,,,,,,,,,,,,,3290576300,"{""events"":[{""detail"":""QKD-ASSUMED"",""sequence"":0,""source"":""session"",""stage"":""session"",""state"":""started""},{""detail"":""Per-basis errors Z=0.103976, X=0.144970 give phase-error bound 0.144970, above the configured asymptotic threshold 0.110000; aggregate QBER 0.124812 is not the phase-error bound."",""sequence"":1,""source"":""qkd"",""stage"":""bb84"",""state"":""aborted""},{""detail"":""The classical BB84 channel is assumed authenticated externally."",""sequence"":2,""source"":""qkd"",""stage"":""classical_authentication"",""state"":""assumed_not_executed""},{""detail"":""No final key material is exposed by the orchestration result."",""sequence"":3,""source"":""qkd"",""stage"":""key_release"",""state"":""withheld""},{""detail"":""BB84 security abort: Per-basis errors Z=0.103976, X=0.144970 give phase-error bound 0.144970, above the configured asymptotic threshold 0.110000; aggregate QBER 0.124812 is not the phase-error bound."",""sequence"":4,""source"":""session"",""stage"":""session"",""state"":""aborted""}],""version"":1}"
1,3409ad57-cdc0-46f7-9bae-d55bcf53daba,E2,depolarizing-0.25,2,1,eafcdacf-9f23-4290-b8e6-0d06ba663426,false,,0,62,2026-09-08T07:46:29.253425+00:00,7598602084926965006,QKD-ASSUMED,6574,3.14.7,CPython,2.5.0,0.16.0,0.16.0,50.0.1,0.1.0,Windows,11,10.0.26200,AMD64,"Intel64 Family 6 Model 158 Stepping 12, GenuineIntel",ac46477bb374bde1c0ace1ef0bcfbc26b199dcfa,true,1,E2,depolarizing-0.25,2,7598602084926965006,1,QKD-ASSUMED,QKD-ASSUMED,20000,"{""cascade_initial_block_factor"":0.73,""cascade_maximum_initial_block_size"":null,""cascade_maximum_lookback_steps"":null,""cascade_passes"":4,""phase_error_abort_threshold"":0.11,""sample_fraction"":0.2,""security_margin_bits"":0,""verification_tag_length"":32}",,[],"{""condition_id"":""depolarizing-0.25"",""experiment_kind"":""E2"",""qkd_stages"":[{""p"":0.25,""type"":""depolarizing""}],""replicate_index"":2,""seed"":7598602084926965006,""session"":{""internal_pqc_profile"":null,""profile"":""QKD-ASSUMED"",""qkd_authentication_profile"":""QKD-ASSUMED"",""qkd_postprocessing"":{""cascade_initial_block_factor"":0.73,""cascade_maximum_initial_block_size"":null,""cascade_maximum_lookback_steps"":null,""cascade_passes"":4,""phase_error_abort_threshold"":0.11,""sample_fraction"":0.2,""security_margin_bits"":0,""verification_tag_length"":32},""qkd_signal_count"":20000,""version"":1},""tags"":[],""version"":1}","[{""p"":0.25,""type"":""depolarizing""}]",,authentication explicitly assumed; no runtime material,,,,,,false,1,a3dcb2c0e29ee93443cbf35a9fce51c4,QKD-ASSUMED,aborted,"BB84 security abort: Per-basis errors Z=0.133537, X=0.115653 give phase-error bound 0.133537, above the configured asymptotic threshold 0.110000; aggregate QBER 0.124496 is not the phase-error bound.",,0,[],"{""pqc_exchange"":null,""qkd_classical"":{""algorithm"":""none"",""executed"":false,""mechanism"":""assumed"",""purpose"":""QKD classical transcript authentication"",""trust_assumption"":""The classical BB84 channel is assumed authenticated externally."",""verified"":null}}","{""qkd_transcript_hash_sha384"":""1f97fb51f9fd9940139b8bc557f8365f21152067e6a880bca4c95ab6210d06a911e06a11abc457f990b428b8da0dbd1f"",""qkd_transcript_version"":1}",3276971100,20000,9913,1984,7929,0,0,0.49565,0.0,0.13353720693170235,0.1156530408773679,0.12449596774193548,131,981,116,1003,247,1984,0.13353720693170235,0.12125491778472712,0.1193390452876377,0.12312911594492118,0.12125491778472712,156514,,,,,,,,,,,,,,,,,,,,,,,,,,,,,,,,,,assumed,none,none,0,0,0,0,0,0,0,0,The classical BB84 channel is assumed authenticated externally.,,,,"{""implementation"":""cpython"",""platform"":""Windows-11-10.0.26200-SP0"",""processor"":""Intel64 Family 6 Model 158 Stepping 12, GenuineIntel"",""python"":""3.14.7""}",,,,,,,,,,,,,,,,,,,,,,,,,3276971100,"{""events"":[{""detail"":""QKD-ASSUMED"",""sequence"":0,""source"":""session"",""stage"":""session"",""state"":""started""},{""detail"":""Per-basis errors Z=0.133537, X=0.115653 give phase-error bound 0.133537, above the configured asymptotic threshold 0.110000; aggregate QBER 0.124496 is not the phase-error bound."",""sequence"":1,""source"":""qkd"",""stage"":""bb84"",""state"":""aborted""},{""detail"":""The classical BB84 channel is assumed authenticated externally."",""sequence"":2,""source"":""qkd"",""stage"":""classical_authentication"",""state"":""assumed_not_executed""},{""detail"":""No final key material is exposed by the orchestration result."",""sequence"":3,""source"":""qkd"",""stage"":""key_release"",""state"":""withheld""},{""detail"":""BB84 security abort: Per-basis errors Z=0.133537, X=0.115653 give phase-error bound 0.133537, above the configured asymptotic threshold 0.110000; aggregate QBER 0.124496 is not the phase-error bound."",""sequence"":4,""source"":""session"",""stage"":""session"",""state"":""aborted""}],""version"":1}"
1,b91d233e-94b4-429a-a728-5bcafe865194,E2,depolarizing-0.25,3,1,eafcdacf-9f23-4290-b8e6-0d06ba663426,false,,0,63,2026-09-08T07:46:32.554816+00:00,11792388911544729756,QKD-ASSUMED,6578,3.14.7,CPython,2.5.0,0.16.0,0.16.0,50.0.1,0.1.0,Windows,11,10.0.26200,AMD64,"Intel64 Family 6 Model 158 Stepping 12, GenuineIntel",ac46477bb374bde1c0ace1ef0bcfbc26b199dcfa,true,1,E2,depolarizing-0.25,3,11792388911544729756,1,QKD-ASSUMED,QKD-ASSUMED,20000,"{""cascade_initial_block_factor"":0.73,""cascade_maximum_initial_block_size"":null,""cascade_maximum_lookback_steps"":null,""cascade_passes"":4,""phase_error_abort_threshold"":0.11,""sample_fraction"":0.2,""security_margin_bits"":0,""verification_tag_length"":32}",,[],"{""condition_id"":""depolarizing-0.25"",""experiment_kind"":""E2"",""qkd_stages"":[{""p"":0.25,""type"":""depolarizing""}],""replicate_index"":3,""seed"":11792388911544729756,""session"":{""internal_pqc_profile"":null,""profile"":""QKD-ASSUMED"",""qkd_authentication_profile"":""QKD-ASSUMED"",""qkd_postprocessing"":{""cascade_initial_block_factor"":0.73,""cascade_maximum_initial_block_size"":null,""cascade_maximum_lookback_steps"":null,""cascade_passes"":4,""phase_error_abort_threshold"":0.11,""sample_fraction"":0.2,""security_margin_bits"":0,""verification_tag_length"":32},""qkd_signal_count"":20000,""version"":1},""tags"":[],""version"":1}","[{""p"":0.25,""type"":""depolarizing""}]",,authentication explicitly assumed; no runtime material,,,,,,false,1,4ed8c43d53558cca7ce866cc89da8eee,QKD-ASSUMED,aborted,"BB84 security abort: Per-basis errors Z=0.111446, X=0.128871 give phase-error bound 0.128871, above the configured asymptotic threshold 0.110000; aggregate QBER 0.120180 is not the phase-error bound.",,0,[],"{""pqc_exchange"":null,""qkd_classical"":{""algorithm"":""none"",""executed"":false,""mechanism"":""assumed"",""purpose"":""QKD classical transcript authentication"",""trust_assumption"":""The classical BB84 channel is assumed authenticated externally."",""verified"":null}}","{""qkd_transcript_hash_sha384"":""76a67ae23599b33de52ca6bf3d8f441ca13fa5b4b59e833f77236fdfbf82e056bc61ac3e5cff3c82b3cc554122559811"",""qkd_transcript_version"":1}",3241136400,20000,9979,1997,7982,0,0,0.49895,0.0,0.11144578313253012,0.12887112887112886,0.12018027040560841,111,996,129,1001,240,1997,0.12887112887112886,0.12265758091993186,0.12276471770142657,0.12255097960815674,0.12265758091993186,157280,,,,,,,,,,,,,,,,,,,,,,,,,,,,,,,,,,assumed,none,none,0,0,0,0,0,0,0,0,The classical BB84 channel is assumed authenticated externally.,,,,"{""implementation"":""cpython"",""platform"":""Windows-11-10.0.26200-SP0"",""processor"":""Intel64 Family 6 Model 158 Stepping 12, GenuineIntel"",""python"":""3.14.7""}",,,,,,,,,,,,,,,,,,,,,,,,,3241136400,"{""events"":[{""detail"":""QKD-ASSUMED"",""sequence"":0,""source"":""session"",""stage"":""session"",""state"":""started""},{""detail"":""Per-basis errors Z=0.111446, X=0.128871 give phase-error bound 0.128871, above the configured asymptotic threshold 0.110000; aggregate QBER 0.120180 is not the phase-error bound."",""sequence"":1,""source"":""qkd"",""stage"":""bb84"",""state"":""aborted""},{""detail"":""The classical BB84 channel is assumed authenticated externally."",""sequence"":2,""source"":""qkd"",""stage"":""classical_authentication"",""state"":""assumed_not_executed""},{""detail"":""No final key material is exposed by the orchestration result."",""sequence"":3,""source"":""qkd"",""stage"":""key_release"",""state"":""withheld""},{""detail"":""BB84 security abort: Per-basis errors Z=0.111446, X=0.128871 give phase-error bound 0.128871, above the configured asymptotic threshold 0.110000; aggregate QBER 0.120180 is not the phase-error bound."",""sequence"":4,""source"":""session"",""stage"":""session"",""state"":""aborted""}],""version"":1}"
1,d47c85da-cbd4-4622-838f-ed3a53ea0ceb,E2,depolarizing-0.25,4,1,eafcdacf-9f23-4290-b8e6-0d06ba663426,false,,0,64,2026-09-08T07:46:35.855432+00:00,8860565729476863840,QKD-ASSUMED,6546,3.14.7,CPython,2.5.0,0.16.0,0.16.0,50.0.1,0.1.0,Windows,11,10.0.26200,AMD64,"Intel64 Family 6 Model 158 Stepping 12, GenuineIntel",ac46477bb374bde1c0ace1ef0bcfbc26b199dcfa,true,1,E2,depolarizing-0.25,4,8860565729476863840,1,QKD-ASSUMED,QKD-ASSUMED,20000,"{""cascade_initial_block_factor"":0.73,""cascade_maximum_initial_block_size"":null,""cascade_maximum_lookback_steps"":null,""cascade_passes"":4,""phase_error_abort_threshold"":0.11,""sample_fraction"":0.2,""security_margin_bits"":0,""verification_tag_length"":32}",,[],"{""condition_id"":""depolarizing-0.25"",""experiment_kind"":""E2"",""qkd_stages"":[{""p"":0.25,""type"":""depolarizing""}],""replicate_index"":4,""seed"":8860565729476863840,""session"":{""internal_pqc_profile"":null,""profile"":""QKD-ASSUMED"",""qkd_authentication_profile"":""QKD-ASSUMED"",""qkd_postprocessing"":{""cascade_initial_block_factor"":0.73,""cascade_maximum_initial_block_size"":null,""cascade_maximum_lookback_steps"":null,""cascade_passes"":4,""phase_error_abort_threshold"":0.11,""sample_fraction"":0.2,""security_margin_bits"":0,""verification_tag_length"":32},""qkd_signal_count"":20000,""version"":1},""tags"":[],""version"":1}","[{""p"":0.25,""type"":""depolarizing""}]",,authentication explicitly assumed; no runtime material,,,,,,false,1,80a680c68056c3d7a8aa485b95606177,QKD-ASSUMED,aborted,"BB84 security abort: Per-basis errors Z=0.138000, X=0.126008 give phase-error bound 0.138000, above the configured asymptotic threshold 0.110000; aggregate QBER 0.132028 is not the phase-error bound.",,0,[],"{""pqc_exchange"":null,""qkd_classical"":{""algorithm"":""none"",""executed"":false,""mechanism"":""assumed"",""purpose"":""QKD classical transcript authentication"",""trust_assumption"":""The classical BB84 channel is assumed authenticated externally."",""verified"":null}}","{""qkd_transcript_hash_sha384"":""c7394dd35b0913b9a377a984e35ead64cafe36ee335257f057dc1f0d0dd14c4a4330f79ab1cca68afe8b3989122f0e78"",""qkd_transcript_version"":1}",3240436300,20000,9957,1992,7965,0,0,0.49785,0.0,0.138,0.12600806451612903,0.1320281124497992,138,1000,125,992,263,1992,0.138,0.12373204780556392,0.1280768461076646,0.11935483870967742,0.12373204780556392,157012,,,,,,,,,,,,,,,,,,,,,,,,,,,,,,,,,,assumed,none,none,0,0,0,0,0,0,0,0,The classical BB84 channel is assumed authenticated externally.,,,,"{""implementation"":""cpython"",""platform"":""Windows-11-10.0.26200-SP0"",""processor"":""Intel64 Family 6 Model 158 Stepping 12, GenuineIntel"",""python"":""3.14.7""}",,,,,,,,,,,,,,,,,,,,,,,,,3240436300,"{""events"":[{""detail"":""QKD-ASSUMED"",""sequence"":0,""source"":""session"",""stage"":""session"",""state"":""started""},{""detail"":""Per-basis errors Z=0.138000, X=0.126008 give phase-error bound 0.138000, above the configured asymptotic threshold 0.110000; aggregate QBER 0.132028 is not the phase-error bound."",""sequence"":1,""source"":""qkd"",""stage"":""bb84"",""state"":""aborted""},{""detail"":""The classical BB84 channel is assumed authenticated externally."",""sequence"":2,""source"":""qkd"",""stage"":""classical_authentication"",""state"":""assumed_not_executed""},{""detail"":""No final key material is exposed by the orchestration result."",""sequence"":3,""source"":""qkd"",""stage"":""key_release"",""state"":""withheld""},{""detail"":""BB84 security abort: Per-basis errors Z=0.138000, X=0.126008 give phase-error bound 0.138000, above the configured asymptotic threshold 0.110000; aggregate QBER 0.132028 is not the phase-error bound."",""sequence"":4,""source"":""session"",""stage"":""session"",""state"":""aborted""}],""version"":1}"
1,b73ff9ab-6ca4-47c3-8eb6-8e143f1b2650,E2,depolarizing-0.25,5,1,eafcdacf-9f23-4290-b8e6-0d06ba663426,false,,0,65,2026-09-08T07:46:39.154497+00:00,12806819065967896852,QKD-ASSUMED,6576,3.14.7,CPython,2.5.0,0.16.0,0.16.0,50.0.1,0.1.0,Windows,11,10.0.26200,AMD64,"Intel64 Family 6 Model 158 Stepping 12, GenuineIntel",ac46477bb374bde1c0ace1ef0bcfbc26b199dcfa,true,1,E2,depolarizing-0.25,5,12806819065967896852,1,QKD-ASSUMED,QKD-ASSUMED,20000,"{""cascade_initial_block_factor"":0.73,""cascade_maximum_initial_block_size"":null,""cascade_maximum_lookback_steps"":null,""cascade_passes"":4,""phase_error_abort_threshold"":0.11,""sample_fraction"":0.2,""security_margin_bits"":0,""verification_tag_length"":32}",,[],"{""condition_id"":""depolarizing-0.25"",""experiment_kind"":""E2"",""qkd_stages"":[{""p"":0.25,""type"":""depolarizing""}],""replicate_index"":5,""seed"":12806819065967896852,""session"":{""internal_pqc_profile"":null,""profile"":""QKD-ASSUMED"",""qkd_authentication_profile"":""QKD-ASSUMED"",""qkd_postprocessing"":{""cascade_initial_block_factor"":0.73,""cascade_maximum_initial_block_size"":null,""cascade_maximum_lookback_steps"":null,""cascade_passes"":4,""phase_error_abort_threshold"":0.11,""sample_fraction"":0.2,""security_margin_bits"":0,""verification_tag_length"":32},""qkd_signal_count"":20000,""version"":1},""tags"":[],""version"":1}","[{""p"":0.25,""type"":""depolarizing""}]",,authentication explicitly assumed; no runtime material,,,,,,false,1,e40484ecde656de1ada9ed10302ca730,QKD-ASSUMED,aborted,"BB84 security abort: Per-basis errors Z=0.136048, X=0.129196 give phase-error bound 0.136048, above the configured asymptotic threshold 0.110000; aggregate QBER 0.132663 is not the phase-error bound.",,0,[],"{""pqc_exchange"":null,""qkd_classical"":{""algorithm"":""none"",""executed"":false,""mechanism"":""assumed"",""purpose"":""QKD classical transcript authentication"",""trust_assumption"":""The classical BB84 channel is assumed authenticated externally."",""verified"":null}}","{""qkd_transcript_hash_sha384"":""f13a1a9899f8b77a04b5549cb40570c753c75dd631ffe6448bdc757144ec96fcedffe8745d3a0e96f94123a0d98bcb99"",""qkd_transcript_version"":1}",3238375400,20000,9946,1990,7956,0,0,0.4973,0.0,0.13604766633565044,0.12919633774160733,0.13266331658291458,137,1007,127,983,264,1990,0.13604766633565044,0.12748843756283934,0.1253476360746921,0.12968241042345277,0.12748843756283934,156888,,,,,,,,,,,,,,,,,,,,,,,,,,,,,,,,,,assumed,none,none,0,0,0,0,0,0,0,0,The classical BB84 channel is assumed authenticated externally.,,,,"{""implementation"":""cpython"",""platform"":""Windows-11-10.0.26200-SP0"",""processor"":""Intel64 Family 6 Model 158 Stepping 12, GenuineIntel"",""python"":""3.14.7""}",,,,,,,,,,,,,,,,,,,,,,,,,3238375400,"{""events"":[{""detail"":""QKD-ASSUMED"",""sequence"":0,""source"":""session"",""stage"":""session"",""state"":""started""},{""detail"":""Per-basis errors Z=0.136048, X=0.129196 give phase-error bound 0.136048, above the configured asymptotic threshold 0.110000; aggregate QBER 0.132663 is not the phase-error bound."",""sequence"":1,""source"":""qkd"",""stage"":""bb84"",""state"":""aborted""},{""detail"":""The classical BB84 channel is assumed authenticated externally."",""sequence"":2,""source"":""qkd"",""stage"":""classical_authentication"",""state"":""assumed_not_executed""},{""detail"":""No final key material is exposed by the orchestration result."",""sequence"":3,""source"":""qkd"",""stage"":""key_release"",""state"":""withheld""},{""detail"":""BB84 security abort: Per-basis errors Z=0.136048, X=0.129196 give phase-error bound 0.136048, above the configured asymptotic threshold 0.110000; aggregate QBER 0.132663 is not the phase-error bound."",""sequence"":4,""source"":""session"",""stage"":""session"",""state"":""aborted""}],""version"":1}"
1,87137b15-7c6a-4d63-9482-cc93e5f2aeb1,E2,depolarizing-0.25,6,1,eafcdacf-9f23-4290-b8e6-0d06ba663426,false,,0,66,2026-09-08T07:46:42.465704+00:00,12206986908132485800,QKD-ASSUMED,6578,3.14.7,CPython,2.5.0,0.16.0,0.16.0,50.0.1,0.1.0,Windows,11,10.0.26200,AMD64,"Intel64 Family 6 Model 158 Stepping 12, GenuineIntel",ac46477bb374bde1c0ace1ef0bcfbc26b199dcfa,true,1,E2,depolarizing-0.25,6,12206986908132485800,1,QKD-ASSUMED,QKD-ASSUMED,20000,"{""cascade_initial_block_factor"":0.73,""cascade_maximum_initial_block_size"":null,""cascade_maximum_lookback_steps"":null,""cascade_passes"":4,""phase_error_abort_threshold"":0.11,""sample_fraction"":0.2,""security_margin_bits"":0,""verification_tag_length"":32}",,[],"{""condition_id"":""depolarizing-0.25"",""experiment_kind"":""E2"",""qkd_stages"":[{""p"":0.25,""type"":""depolarizing""}],""replicate_index"":6,""seed"":12206986908132485800,""session"":{""internal_pqc_profile"":null,""profile"":""QKD-ASSUMED"",""qkd_authentication_profile"":""QKD-ASSUMED"",""qkd_postprocessing"":{""cascade_initial_block_factor"":0.73,""cascade_maximum_initial_block_size"":null,""cascade_maximum_lookback_steps"":null,""cascade_passes"":4,""phase_error_abort_threshold"":0.11,""sample_fraction"":0.2,""security_margin_bits"":0,""verification_tag_length"":32},""qkd_signal_count"":20000,""version"":1},""tags"":[],""version"":1}","[{""p"":0.25,""type"":""depolarizing""}]",,authentication explicitly assumed; no runtime material,,,,,,false,1,26af60c7c1485b5bcfeff9add44cde96,QKD-ASSUMED,aborted,"BB84 security abort: Per-basis errors Z=0.123062, X=0.121608 give phase-error bound 0.123062, above the configured asymptotic threshold 0.110000; aggregate QBER 0.122348 is not the phase-error bound.",,0,[],"{""pqc_exchange"":null,""qkd_classical"":{""algorithm"":""none"",""executed"":false,""mechanism"":""assumed"",""purpose"":""QKD classical transcript authentication"",""trust_assumption"":""The classical BB84 channel is assumed authenticated externally."",""verified"":null}}","{""qkd_transcript_hash_sha384"":""17e84f06b4773e016866b5a26692bdfc1b8c9816b10f5ae682184f20ee157b8c1fc4648aab124308808d8299745f0d9c"",""qkd_transcript_version"":1}",3250710900,20000,10130,2027,8103,0,0,0.5065,0.0,0.12306201550387597,0.12160804020100502,0.12234829797730637,127,1032,121,995,248,2027,0.12306201550387597,0.12122408687068115,0.12354538401861909,0.11881785283474065,0.12122408687068115,159036,,,,,,,,,,,,,,,,,,,,,,,,,,,,,,,,,,assumed,none,none,0,0,0,0,0,0,0,0,The classical BB84 channel is assumed authenticated externally.,,,,"{""implementation"":""cpython"",""platform"":""Windows-11-10.0.26200-SP0"",""processor"":""Intel64 Family 6 Model 158 Stepping 12, GenuineIntel"",""python"":""3.14.7""}",,,,,,,,,,,,,,,,,,,,,,,,,3250710900,"{""events"":[{""detail"":""QKD-ASSUMED"",""sequence"":0,""source"":""session"",""stage"":""session"",""state"":""started""},{""detail"":""Per-basis errors Z=0.123062, X=0.121608 give phase-error bound 0.123062, above the configured asymptotic threshold 0.110000; aggregate QBER 0.122348 is not the phase-error bound."",""sequence"":1,""source"":""qkd"",""stage"":""bb84"",""state"":""aborted""},{""detail"":""The classical BB84 channel is assumed authenticated externally."",""sequence"":2,""source"":""qkd"",""stage"":""classical_authentication"",""state"":""assumed_not_executed""},{""detail"":""No final key material is exposed by the orchestration result."",""sequence"":3,""source"":""qkd"",""stage"":""key_release"",""state"":""withheld""},{""detail"":""BB84 security abort: Per-basis errors Z=0.123062, X=0.121608 give phase-error bound 0.123062, above the configured asymptotic threshold 0.110000; aggregate QBER 0.122348 is not the phase-error bound."",""sequence"":4,""source"":""session"",""stage"":""session"",""state"":""aborted""}],""version"":1}"
1,6d2ef337-ca08-4b6f-baa3-9c897982122c,E2,depolarizing-0.25,7,1,eafcdacf-9f23-4290-b8e6-0d06ba663426,false,,0,67,2026-09-08T07:46:45.744533+00:00,12391734376104827771,QKD-ASSUMED,6571,3.14.7,CPython,2.5.0,0.16.0,0.16.0,50.0.1,0.1.0,Windows,11,10.0.26200,AMD64,"Intel64 Family 6 Model 158 Stepping 12, GenuineIntel",ac46477bb374bde1c0ace1ef0bcfbc26b199dcfa,true,1,E2,depolarizing-0.25,7,12391734376104827771,1,QKD-ASSUMED,QKD-ASSUMED,20000,"{""cascade_initial_block_factor"":0.73,""cascade_maximum_initial_block_size"":null,""cascade_maximum_lookback_steps"":null,""cascade_passes"":4,""phase_error_abort_threshold"":0.11,""sample_fraction"":0.2,""security_margin_bits"":0,""verification_tag_length"":32}",,[],"{""condition_id"":""depolarizing-0.25"",""experiment_kind"":""E2"",""qkd_stages"":[{""p"":0.25,""type"":""depolarizing""}],""replicate_index"":7,""seed"":12391734376104827771,""session"":{""internal_pqc_profile"":null,""profile"":""QKD-ASSUMED"",""qkd_authentication_profile"":""QKD-ASSUMED"",""qkd_postprocessing"":{""cascade_initial_block_factor"":0.73,""cascade_maximum_initial_block_size"":null,""cascade_maximum_lookback_steps"":null,""cascade_passes"":4,""phase_error_abort_threshold"":0.11,""sample_fraction"":0.2,""security_margin_bits"":0,""verification_tag_length"":32},""qkd_signal_count"":20000,""version"":1},""tags"":[],""version"":1}","[{""p"":0.25,""type"":""depolarizing""}]",,authentication explicitly assumed; no runtime material,,,,,,false,1,428d01197d26b8501b289a14a119c2c0,QKD-ASSUMED,aborted,"BB84 security abort: Per-basis errors Z=0.120361, X=0.121486 give phase-error bound 0.121486, above the configured asymptotic threshold 0.110000; aggregate QBER 0.120923 is not the phase-error bound.",,0,[],"{""pqc_exchange"":null,""qkd_classical"":{""algorithm"":""none"",""executed"":false,""mechanism"":""assumed"",""purpose"":""QKD classical transcript authentication"",""trust_assumption"":""The classical BB84 channel is assumed authenticated externally."",""verified"":null}}","{""qkd_transcript_hash_sha384"":""88240687c62ffbfd8bcfe0666a70716eff8c1e5fc316d83afbb3d1af61149b35b09bcdb21f68cb9c34b290dd09d39caa"",""qkd_transcript_version"":1}",3218007900,20000,9960,1993,7967,0,0,0.498,0.0,0.12036108324974924,0.1214859437751004,0.12092323130958355,120,997,121,996,241,1993,0.1214859437751004,0.1217871485943775,0.12560192616372393,0.11796623794212219,0.1217871485943775,157056,,,,,,,,,,,,,,,,,,,,,,,,,,,,,,,,,,assumed,none,none,0,0,0,0,0,0,0,0,The classical BB84 channel is assumed authenticated externally.,,,,"{""implementation"":""cpython"",""platform"":""Windows-11-10.0.26200-SP0"",""processor"":""Intel64 Family 6 Model 158 Stepping 12, GenuineIntel"",""python"":""3.14.7""}",,,,,,,,,,,,,,,,,,,,,,,,,3218007900,"{""events"":[{""detail"":""QKD-ASSUMED"",""sequence"":0,""source"":""session"",""stage"":""session"",""state"":""started""},{""detail"":""Per-basis errors Z=0.120361, X=0.121486 give phase-error bound 0.121486, above the configured asymptotic threshold 0.110000; aggregate QBER 0.120923 is not the phase-error bound."",""sequence"":1,""source"":""qkd"",""stage"":""bb84"",""state"":""aborted""},{""detail"":""The classical BB84 channel is assumed authenticated externally."",""sequence"":2,""source"":""qkd"",""stage"":""classical_authentication"",""state"":""assumed_not_executed""},{""detail"":""No final key material is exposed by the orchestration result."",""sequence"":3,""source"":""qkd"",""stage"":""key_release"",""state"":""withheld""},{""detail"":""BB84 security abort: Per-basis errors Z=0.120361, X=0.121486 give phase-error bound 0.121486, above the configured asymptotic threshold 0.110000; aggregate QBER 0.120923 is not the phase-error bound."",""sequence"":4,""source"":""session"",""stage"":""session"",""state"":""aborted""}],""version"":1}"
1,21431818-d001-4824-aac1-3255437da1ba,E2,depolarizing-0.25,8,1,eafcdacf-9f23-4290-b8e6-0d06ba663426,false,,0,68,2026-09-08T07:46:49.080929+00:00,11631545345527752028,QKD-ASSUMED,6577,3.14.7,CPython,2.5.0,0.16.0,0.16.0,50.0.1,0.1.0,Windows,11,10.0.26200,AMD64,"Intel64 Family 6 Model 158 Stepping 12, GenuineIntel",ac46477bb374bde1c0ace1ef0bcfbc26b199dcfa,true,1,E2,depolarizing-0.25,8,11631545345527752028,1,QKD-ASSUMED,QKD-ASSUMED,20000,"{""cascade_initial_block_factor"":0.73,""cascade_maximum_initial_block_size"":null,""cascade_maximum_lookback_steps"":null,""cascade_passes"":4,""phase_error_abort_threshold"":0.11,""sample_fraction"":0.2,""security_margin_bits"":0,""verification_tag_length"":32}",,[],"{""condition_id"":""depolarizing-0.25"",""experiment_kind"":""E2"",""qkd_stages"":[{""p"":0.25,""type"":""depolarizing""}],""replicate_index"":8,""seed"":11631545345527752028,""session"":{""internal_pqc_profile"":null,""profile"":""QKD-ASSUMED"",""qkd_authentication_profile"":""QKD-ASSUMED"",""qkd_postprocessing"":{""cascade_initial_block_factor"":0.73,""cascade_maximum_initial_block_size"":null,""cascade_maximum_lookback_steps"":null,""cascade_passes"":4,""phase_error_abort_threshold"":0.11,""sample_fraction"":0.2,""security_margin_bits"":0,""verification_tag_length"":32},""qkd_signal_count"":20000,""version"":1},""tags"":[],""version"":1}","[{""p"":0.25,""type"":""depolarizing""}]",,authentication explicitly assumed; no runtime material,,,,,,false,1,dd0b6d5e0957310195097a9388a0bc53,QKD-ASSUMED,aborted,"BB84 security abort: Per-basis errors Z=0.156408, X=0.133591 give phase-error bound 0.156408, above the configured asymptotic threshold 0.110000; aggregate QBER 0.144763 is not the phase-error bound.",,0,[],"{""pqc_exchange"":null,""qkd_classical"":{""algorithm"":""none"",""executed"":false,""mechanism"":""assumed"",""purpose"":""QKD classical transcript authentication"",""trust_assumption"":""The classical BB84 channel is assumed authenticated externally."",""verified"":null}}","{""qkd_transcript_hash_sha384"":""fd7061a395339fffccc5a65cbf81f793bed395d4a01f29385d1e08dc4c83161a071ce7f27e09a2b2d99b1015669ebf44"",""qkd_transcript_version"":1}",3275573200,20000,10114,2024,8090,0,0,0.5057,0.0,0.15640766902119072,0.1335914811229429,0.14476284584980237,155,991,138,1033,293,2024,0.15640766902119072,0.13110539845758354,0.13648293963254593,0.12594458438287154,0.13110539845758354,158852,,,,,,,,,,,,,,,,,,,,,,,,,,,,,,,,,,assumed,none,none,0,0,0,0,0,0,0,0,The classical BB84 channel is assumed authenticated externally.,,,,"{""implementation"":""cpython"",""platform"":""Windows-11-10.0.26200-SP0"",""processor"":""Intel64 Family 6 Model 158 Stepping 12, GenuineIntel"",""python"":""3.14.7""}",,,,,,,,,,,,,,,,,,,,,,,,,3275573200,"{""events"":[{""detail"":""QKD-ASSUMED"",""sequence"":0,""source"":""session"",""stage"":""session"",""state"":""started""},{""detail"":""Per-basis errors Z=0.156408, X=0.133591 give phase-error bound 0.156408, above the configured asymptotic threshold 0.110000; aggregate QBER 0.144763 is not the phase-error bound."",""sequence"":1,""source"":""qkd"",""stage"":""bb84"",""state"":""aborted""},{""detail"":""The classical BB84 channel is assumed authenticated externally."",""sequence"":2,""source"":""qkd"",""stage"":""classical_authentication"",""state"":""assumed_not_executed""},{""detail"":""No final key material is exposed by the orchestration result."",""sequence"":3,""source"":""qkd"",""stage"":""key_release"",""state"":""withheld""},{""detail"":""BB84 security abort: Per-basis errors Z=0.156408, X=0.133591 give phase-error bound 0.156408, above the configured asymptotic threshold 0.110000; aggregate QBER 0.144763 is not the phase-error bound."",""sequence"":4,""source"":""session"",""stage"":""session"",""state"":""aborted""}],""version"":1}"
1,c733923f-f0c5-4489-a1f0-ec044c584004,E2,depolarizing-0.25,9,1,eafcdacf-9f23-4290-b8e6-0d06ba663426,false,,0,69,2026-09-08T07:46:52.385474+00:00,11617070858431113978,QKD-ASSUMED,6578,3.14.7,CPython,2.5.0,0.16.0,0.16.0,50.0.1,0.1.0,Windows,11,10.0.26200,AMD64,"Intel64 Family 6 Model 158 Stepping 12, GenuineIntel",ac46477bb374bde1c0ace1ef0bcfbc26b199dcfa,true,1,E2,depolarizing-0.25,9,11617070858431113978,1,QKD-ASSUMED,QKD-ASSUMED,20000,"{""cascade_initial_block_factor"":0.73,""cascade_maximum_initial_block_size"":null,""cascade_maximum_lookback_steps"":null,""cascade_passes"":4,""phase_error_abort_threshold"":0.11,""sample_fraction"":0.2,""security_margin_bits"":0,""verification_tag_length"":32}",,[],"{""condition_id"":""depolarizing-0.25"",""experiment_kind"":""E2"",""qkd_stages"":[{""p"":0.25,""type"":""depolarizing""}],""replicate_index"":9,""seed"":11617070858431113978,""session"":{""internal_pqc_profile"":null,""profile"":""QKD-ASSUMED"",""qkd_authentication_profile"":""QKD-ASSUMED"",""qkd_postprocessing"":{""cascade_initial_block_factor"":0.73,""cascade_maximum_initial_block_size"":null,""cascade_maximum_lookback_steps"":null,""cascade_passes"":4,""phase_error_abort_threshold"":0.11,""sample_fraction"":0.2,""security_margin_bits"":0,""verification_tag_length"":32},""qkd_signal_count"":20000,""version"":1},""tags"":[],""version"":1}","[{""p"":0.25,""type"":""depolarizing""}]",,authentication explicitly assumed; no runtime material,,,,,,false,1,ca1200350b256e90538b0643ee3505da,QKD-ASSUMED,aborted,"BB84 security abort: Per-basis errors Z=0.123506, X=0.136048 give phase-error bound 0.136048, above the configured asymptotic threshold 0.110000; aggregate QBER 0.129786 is not the phase-error bound.",,0,[],"{""pqc_exchange"":null,""qkd_classical"":{""algorithm"":""none"",""executed"":false,""mechanism"":""assumed"",""purpose"":""QKD classical transcript authentication"",""trust_assumption"":""The classical BB84 channel is assumed authenticated externally."",""verified"":null}}","{""qkd_transcript_hash_sha384"":""9d650fad1536a956fc2b699b88429c2787b82883b4d16b430ecfc450b16b99a1a3930e25ef19a58a0d14c7dff5f28987"",""qkd_transcript_version"":1}",3241812500,20000,10052,2011,8041,0,0,0.5026,0.0,0.12350597609561753,0.13604766633565044,0.12978617603182496,124,1004,137,1007,261,2011,0.13604766633565044,0.12574612017508954,0.1254980079681275,0.12599364069952304,0.12574612017508954,158120,,,,,,,,,,,,,,,,,,,,,,,,,,,,,,,,,,assumed,none,none,0,0,0,0,0,0,0,0,The classical BB84 channel is assumed authenticated externally.,,,,"{""implementation"":""cpython"",""platform"":""Windows-11-10.0.26200-SP0"",""processor"":""Intel64 Family 6 Model 158 Stepping 12, GenuineIntel"",""python"":""3.14.7""}",,,,,,,,,,,,,,,,,,,,,,,,,3241812500,"{""events"":[{""detail"":""QKD-ASSUMED"",""sequence"":0,""source"":""session"",""stage"":""session"",""state"":""started""},{""detail"":""Per-basis errors Z=0.123506, X=0.136048 give phase-error bound 0.136048, above the configured asymptotic threshold 0.110000; aggregate QBER 0.129786 is not the phase-error bound."",""sequence"":1,""source"":""qkd"",""stage"":""bb84"",""state"":""aborted""},{""detail"":""The classical BB84 channel is assumed authenticated externally."",""sequence"":2,""source"":""qkd"",""stage"":""classical_authentication"",""state"":""assumed_not_executed""},{""detail"":""No final key material is exposed by the orchestration result."",""sequence"":3,""source"":""qkd"",""stage"":""key_release"",""state"":""withheld""},{""detail"":""BB84 security abort: Per-basis errors Z=0.123506, X=0.136048 give phase-error bound 0.136048, above the configured asymptotic threshold 0.110000; aggregate QBER 0.129786 is not the phase-error bound."",""sequence"":4,""source"":""session"",""stage"":""session"",""state"":""aborted""}],""version"":1}"
1,4ca2287d-5ff8-48ec-8751-a37d74e33bc1,E2,bit-flip-0.02,0,1,eafcdacf-9f23-4290-b8e6-0d06ba663426,false,,0,70,2026-09-08T07:46:55.769423+00:00,8267765020702042356,QKD-ASSUMED,6313,3.14.7,CPython,2.5.0,0.16.0,0.16.0,50.0.1,0.1.0,Windows,11,10.0.26200,AMD64,"Intel64 Family 6 Model 158 Stepping 12, GenuineIntel",ac46477bb374bde1c0ace1ef0bcfbc26b199dcfa,true,1,E2,bit-flip-0.02,0,8267765020702042356,1,QKD-ASSUMED,QKD-ASSUMED,20000,"{""cascade_initial_block_factor"":0.73,""cascade_maximum_initial_block_size"":null,""cascade_maximum_lookback_steps"":null,""cascade_passes"":4,""phase_error_abort_threshold"":0.11,""sample_fraction"":0.2,""security_margin_bits"":0,""verification_tag_length"":32}",,[],"{""condition_id"":""bit-flip-0.02"",""experiment_kind"":""E2"",""qkd_stages"":[{""p"":0.02,""type"":""bit_flip""}],""replicate_index"":0,""seed"":8267765020702042356,""session"":{""internal_pqc_profile"":null,""profile"":""QKD-ASSUMED"",""qkd_authentication_profile"":""QKD-ASSUMED"",""qkd_postprocessing"":{""cascade_initial_block_factor"":0.73,""cascade_maximum_initial_block_size"":null,""cascade_maximum_lookback_steps"":null,""cascade_passes"":4,""phase_error_abort_threshold"":0.11,""sample_fraction"":0.2,""security_margin_bits"":0,""verification_tag_length"":32},""qkd_signal_count"":20000,""version"":1},""tags"":[],""version"":1}","[{""p"":0.02,""type"":""bit_flip""}]",,authentication explicitly assumed; no runtime material,,,,,,false,1,5b4af3884a5d0a7e2fac56151ac19747,QKD-ASSUMED,established,,qkd_bitstring,5916,"[{""algorithm"":""privacy-amplified-bitstring"",""bit_length"":5916,""byte_length"":740,""encoding"":""big-endian packed bits with explicit bit length"",""position"":1,""protocol"":""BB84"",""source"":""qkd""}]","{""pqc_exchange"":null,""qkd_classical"":{""algorithm"":""none"",""executed"":false,""mechanism"":""assumed"",""purpose"":""QKD classical transcript authentication"",""trust_assumption"":""The classical BB84 channel is assumed authenticated externally."",""verified"":null}}","{""qkd_transcript_hash_sha384"":""c7c804f9d6f7244948502d058a6551283d344be2bcab5f412405343c62a036bb22e5a8bfa52c31fefa76458041efe28f"",""qkd_transcript_version"":1}",3316077800,20000,10037,2008,8029,8029,5916,0.50185,0.2958,0.02485089463220676,0.0,0.01245019920318725,25,1006,0,1002,25,2008,0.02485089463220676,0.010062767759290625,0.020087509944311854,0.0,0.010062767759290625,1380592,,,,,,,,,,,,,,,,,,,,,,,,,,,,,,,,,,assumed,none,none,0,0,0,0,0,0,0,0,The classical BB84 channel is assumed authenticated externally.,,,,"{""implementation"":""cpython"",""platform"":""Windows-11-10.0.26200-SP0"",""processor"":""Intel64 Family 6 Model 158 Stepping 12, GenuineIntel"",""python"":""3.14.7""}",,,,,,,,,,,,,,,,,,,,,,,,,3316077800,"{""events"":[{""detail"":""QKD-ASSUMED"",""sequence"":0,""source"":""session"",""stage"":""session"",""state"":""started""},{""detail"":""BB84 post-processing completed."",""sequence"":1,""source"":""qkd"",""stage"":""bb84"",""state"":""completed""},{""detail"":""The classical BB84 channel is assumed authenticated externally."",""sequence"":2,""source"":""qkd"",""stage"":""classical_authentication"",""state"":""assumed_not_executed""},{""detail"":""Final key released after all profile checks."",""sequence"":3,""source"":""qkd"",""stage"":""key_release"",""state"":""released""},{""detail"":""Authenticated QKD key released."",""sequence"":4,""source"":""session"",""stage"":""session"",""state"":""established""}],""version"":1}"
1,a82c99b6-0972-4a42-aa95-9d99da236d01,E2,bit-flip-0.02,1,1,eafcdacf-9f23-4290-b8e6-0d06ba663426,false,,0,71,2026-09-08T07:46:59.158347+00:00,4570294476767417869,QKD-ASSUMED,6308,3.14.7,CPython,2.5.0,0.16.0,0.16.0,50.0.1,0.1.0,Windows,11,10.0.26200,AMD64,"Intel64 Family 6 Model 158 Stepping 12, GenuineIntel",ac46477bb374bde1c0ace1ef0bcfbc26b199dcfa,true,1,E2,bit-flip-0.02,1,4570294476767417869,1,QKD-ASSUMED,QKD-ASSUMED,20000,"{""cascade_initial_block_factor"":0.73,""cascade_maximum_initial_block_size"":null,""cascade_maximum_lookback_steps"":null,""cascade_passes"":4,""phase_error_abort_threshold"":0.11,""sample_fraction"":0.2,""security_margin_bits"":0,""verification_tag_length"":32}",,[],"{""condition_id"":""bit-flip-0.02"",""experiment_kind"":""E2"",""qkd_stages"":[{""p"":0.02,""type"":""bit_flip""}],""replicate_index"":1,""seed"":4570294476767417869,""session"":{""internal_pqc_profile"":null,""profile"":""QKD-ASSUMED"",""qkd_authentication_profile"":""QKD-ASSUMED"",""qkd_postprocessing"":{""cascade_initial_block_factor"":0.73,""cascade_maximum_initial_block_size"":null,""cascade_maximum_lookback_steps"":null,""cascade_passes"":4,""phase_error_abort_threshold"":0.11,""sample_fraction"":0.2,""security_margin_bits"":0,""verification_tag_length"":32},""qkd_signal_count"":20000,""version"":1},""tags"":[],""version"":1}","[{""p"":0.02,""type"":""bit_flip""}]",,authentication explicitly assumed; no runtime material,,,,,,false,1,480bc206c2e15bdfb7f5a007b7147e50,QKD-ASSUMED,established,,qkd_bitstring,5757,"[{""algorithm"":""privacy-amplified-bitstring"",""bit_length"":5757,""byte_length"":720,""encoding"":""big-endian packed bits with explicit bit length"",""position"":1,""protocol"":""BB84"",""source"":""qkd""}]","{""pqc_exchange"":null,""qkd_classical"":{""algorithm"":""none"",""executed"":false,""mechanism"":""assumed"",""purpose"":""QKD classical transcript authentication"",""trust_assumption"":""The classical BB84 channel is assumed authenticated externally."",""verified"":null}}","{""qkd_transcript_hash_sha384"":""38f080e50a44e376af899314dc41a9417992fb53b6abf56ce154c53b44f808f52243a866437991b952cf2a86aee846b8"",""qkd_transcript_version"":1}",3321707900,20000,9958,1992,7966,7966,5757,0.4979,0.28785,0.0249500998003992,0.0,0.012550200803212851,25,1002,0,990,25,1992,0.0249500998003992,0.01174934725848564,0.023353293413173652,0.0,0.01174934725848564,1449721,,,,,,,,,,,,,,,,,,,,,,,,,,,,,,,,,,assumed,none,none,0,0,0,0,0,0,0,0,The classical BB84 channel is assumed authenticated externally.,,,,"{""implementation"":""cpython"",""platform"":""Windows-11-10.0.26200-SP0"",""processor"":""Intel64 Family 6 Model 158 Stepping 12, GenuineIntel"",""python"":""3.14.7""}",,,,,,,,,,,,,,,,,,,,,,,,,3321707900,"{""events"":[{""detail"":""QKD-ASSUMED"",""sequence"":0,""source"":""session"",""stage"":""session"",""state"":""started""},{""detail"":""BB84 post-processing completed."",""sequence"":1,""source"":""qkd"",""stage"":""bb84"",""state"":""completed""},{""detail"":""The classical BB84 channel is assumed authenticated externally."",""sequence"":2,""source"":""qkd"",""stage"":""classical_authentication"",""state"":""assumed_not_executed""},{""detail"":""Final key released after all profile checks."",""sequence"":3,""source"":""qkd"",""stage"":""key_release"",""state"":""released""},{""detail"":""Authenticated QKD key released."",""sequence"":4,""source"":""session"",""stage"":""session"",""state"":""established""}],""version"":1}"
1,a749b3dc-487b-4974-9326-c244f300d043,E2,bit-flip-0.02,2,1,eafcdacf-9f23-4290-b8e6-0d06ba663426,false,,0,72,2026-09-08T07:47:02.537389+00:00,12671820135310468201,QKD-ASSUMED,6316,3.14.7,CPython,2.5.0,0.16.0,0.16.0,50.0.1,0.1.0,Windows,11,10.0.26200,AMD64,"Intel64 Family 6 Model 158 Stepping 12, GenuineIntel",ac46477bb374bde1c0ace1ef0bcfbc26b199dcfa,true,1,E2,bit-flip-0.02,2,12671820135310468201,1,QKD-ASSUMED,QKD-ASSUMED,20000,"{""cascade_initial_block_factor"":0.73,""cascade_maximum_initial_block_size"":null,""cascade_maximum_lookback_steps"":null,""cascade_passes"":4,""phase_error_abort_threshold"":0.11,""sample_fraction"":0.2,""security_margin_bits"":0,""verification_tag_length"":32}",,[],"{""condition_id"":""bit-flip-0.02"",""experiment_kind"":""E2"",""qkd_stages"":[{""p"":0.02,""type"":""bit_flip""}],""replicate_index"":2,""seed"":12671820135310468201,""session"":{""internal_pqc_profile"":null,""profile"":""QKD-ASSUMED"",""qkd_authentication_profile"":""QKD-ASSUMED"",""qkd_postprocessing"":{""cascade_initial_block_factor"":0.73,""cascade_maximum_initial_block_size"":null,""cascade_maximum_lookback_steps"":null,""cascade_passes"":4,""phase_error_abort_threshold"":0.11,""sample_fraction"":0.2,""security_margin_bits"":0,""verification_tag_length"":32},""qkd_signal_count"":20000,""version"":1},""tags"":[],""version"":1}","[{""p"":0.02,""type"":""bit_flip""}]",,authentication explicitly assumed; no runtime material,,,,,,false,1,e25045f0dfaeda0860ad90c5eda499a8,QKD-ASSUMED,established,,qkd_bitstring,5883,"[{""algorithm"":""privacy-amplified-bitstring"",""bit_length"":5883,""byte_length"":736,""encoding"":""big-endian packed bits with explicit bit length"",""position"":1,""protocol"":""BB84"",""source"":""qkd""}]","{""pqc_exchange"":null,""qkd_classical"":{""algorithm"":""none"",""executed"":false,""mechanism"":""assumed"",""purpose"":""QKD classical transcript authentication"",""trust_assumption"":""The classical BB84 channel is assumed authenticated externally."",""verified"":null}}","{""qkd_transcript_hash_sha384"":""ae50ce8bcbcaae5a1b0395747318bb4e273d8972e177a6d5bb1b613187d412539cd5f1c585f12e16bead8ea795271a4d"",""qkd_transcript_version"":1}",3311378800,20000,9931,1987,7944,7944,5883,0.49655,0.29415,0.024120603015075376,0.0,0.012078510317060896,24,995,0,992,24,1987,0.024120603015075376,0.010069479407914611,0.020108586366378443,0.0,0.010069479407914611,1373987,,,,,,,,,,,,,,,,,,,,,,,,,,,,,,,,,,assumed,none,none,0,0,0,0,0,0,0,0,The classical BB84 channel is assumed authenticated externally.,,,,"{""implementation"":""cpython"",""platform"":""Windows-11-10.0.26200-SP0"",""processor"":""Intel64 Family 6 Model 158 Stepping 12, GenuineIntel"",""python"":""3.14.7""}",,,,,,,,,,,,,,,,,,,,,,,,,3311378800,"{""events"":[{""detail"":""QKD-ASSUMED"",""sequence"":0,""source"":""session"",""stage"":""session"",""state"":""started""},{""detail"":""BB84 post-processing completed."",""sequence"":1,""source"":""qkd"",""stage"":""bb84"",""state"":""completed""},{""detail"":""The classical BB84 channel is assumed authenticated externally."",""sequence"":2,""source"":""qkd"",""stage"":""classical_authentication"",""state"":""assumed_not_executed""},{""detail"":""Final key released after all profile checks."",""sequence"":3,""source"":""qkd"",""stage"":""key_release"",""state"":""released""},{""detail"":""Authenticated QKD key released."",""sequence"":4,""source"":""session"",""stage"":""session"",""state"":""established""}],""version"":1}"
1,49076348-5916-471c-9dd8-f7dc2ebacfd6,E2,bit-flip-0.02,3,1,eafcdacf-9f23-4290-b8e6-0d06ba663426,false,,0,73,2026-09-08T07:47:05.927959+00:00,11800577955654432897,QKD-ASSUMED,6318,3.14.7,CPython,2.5.0,0.16.0,0.16.0,50.0.1,0.1.0,Windows,11,10.0.26200,AMD64,"Intel64 Family 6 Model 158 Stepping 12, GenuineIntel",ac46477bb374bde1c0ace1ef0bcfbc26b199dcfa,true,1,E2,bit-flip-0.02,3,11800577955654432897,1,QKD-ASSUMED,QKD-ASSUMED,20000,"{""cascade_initial_block_factor"":0.73,""cascade_maximum_initial_block_size"":null,""cascade_maximum_lookback_steps"":null,""cascade_passes"":4,""phase_error_abort_threshold"":0.11,""sample_fraction"":0.2,""security_margin_bits"":0,""verification_tag_length"":32}",,[],"{""condition_id"":""bit-flip-0.02"",""experiment_kind"":""E2"",""qkd_stages"":[{""p"":0.02,""type"":""bit_flip""}],""replicate_index"":3,""seed"":11800577955654432897,""session"":{""internal_pqc_profile"":null,""profile"":""QKD-ASSUMED"",""qkd_authentication_profile"":""QKD-ASSUMED"",""qkd_postprocessing"":{""cascade_initial_block_factor"":0.73,""cascade_maximum_initial_block_size"":null,""cascade_maximum_lookback_steps"":null,""cascade_passes"":4,""phase_error_abort_threshold"":0.11,""sample_fraction"":0.2,""security_margin_bits"":0,""verification_tag_length"":32},""qkd_signal_count"":20000,""version"":1},""tags"":[],""version"":1}","[{""p"":0.02,""type"":""bit_flip""}]",,authentication explicitly assumed; no runtime material,,,,,,false,1,b259c3e436311ef5702d31d55badd970,QKD-ASSUMED,established,,qkd_bitstring,6235,"[{""algorithm"":""privacy-amplified-bitstring"",""bit_length"":6235,""byte_length"":780,""encoding"":""big-endian packed bits with explicit bit length"",""position"":1,""protocol"":""BB84"",""source"":""qkd""}]","{""pqc_exchange"":null,""qkd_classical"":{""algorithm"":""none"",""executed"":false,""mechanism"":""assumed"",""purpose"":""QKD classical transcript authentication"",""trust_assumption"":""The classical BB84 channel is assumed authenticated externally."",""verified"":null}}","{""qkd_transcript_hash_sha384"":""2c762e810433dbf49f7c490b0f31cb627f10236b757d88d292765649d45c448633ec170bb44709a53c077c382a686af6"",""qkd_transcript_version"":1}",3321249800,20000,10044,2009,8035,8035,6235,0.5022,0.31175,0.016881827209533268,0.0,0.008461921353907416,17,1007,0,1002,17,2009,0.016881827209533268,0.010254878534448427,0.020460866110448946,0.0,0.010254878534448427,1484354,,,,,,,,,,,,,,,,,,,,,,,,,,,,,,,,,,assumed,none,none,0,0,0,0,0,0,0,0,The classical BB84 channel is assumed authenticated externally.,,,,"{""implementation"":""cpython"",""platform"":""Windows-11-10.0.26200-SP0"",""processor"":""Intel64 Family 6 Model 158 Stepping 12, GenuineIntel"",""python"":""3.14.7""}",,,,,,,,,,,,,,,,,,,,,,,,,3321249800,"{""events"":[{""detail"":""QKD-ASSUMED"",""sequence"":0,""source"":""session"",""stage"":""session"",""state"":""started""},{""detail"":""BB84 post-processing completed."",""sequence"":1,""source"":""qkd"",""stage"":""bb84"",""state"":""completed""},{""detail"":""The classical BB84 channel is assumed authenticated externally."",""sequence"":2,""source"":""qkd"",""stage"":""classical_authentication"",""state"":""assumed_not_executed""},{""detail"":""Final key released after all profile checks."",""sequence"":3,""source"":""qkd"",""stage"":""key_release"",""state"":""released""},{""detail"":""Authenticated QKD key released."",""sequence"":4,""source"":""session"",""stage"":""session"",""state"":""established""}],""version"":1}"
1,1e84a7df-1c07-45c9-bc22-bfe136488ea5,E2,bit-flip-0.02,4,1,eafcdacf-9f23-4290-b8e6-0d06ba663426,false,,0,74,2026-09-08T07:47:09.334305+00:00,4388061739073680831,QKD-ASSUMED,6314,3.14.7,CPython,2.5.0,0.16.0,0.16.0,50.0.1,0.1.0,Windows,11,10.0.26200,AMD64,"Intel64 Family 6 Model 158 Stepping 12, GenuineIntel",ac46477bb374bde1c0ace1ef0bcfbc26b199dcfa,true,1,E2,bit-flip-0.02,4,4388061739073680831,1,QKD-ASSUMED,QKD-ASSUMED,20000,"{""cascade_initial_block_factor"":0.73,""cascade_maximum_initial_block_size"":null,""cascade_maximum_lookback_steps"":null,""cascade_passes"":4,""phase_error_abort_threshold"":0.11,""sample_fraction"":0.2,""security_margin_bits"":0,""verification_tag_length"":32}",,[],"{""condition_id"":""bit-flip-0.02"",""experiment_kind"":""E2"",""qkd_stages"":[{""p"":0.02,""type"":""bit_flip""}],""replicate_index"":4,""seed"":4388061739073680831,""session"":{""internal_pqc_profile"":null,""profile"":""QKD-ASSUMED"",""qkd_authentication_profile"":""QKD-ASSUMED"",""qkd_postprocessing"":{""cascade_initial_block_factor"":0.73,""cascade_maximum_initial_block_size"":null,""cascade_maximum_lookback_steps"":null,""cascade_passes"":4,""phase_error_abort_threshold"":0.11,""sample_fraction"":0.2,""security_margin_bits"":0,""verification_tag_length"":32},""qkd_signal_count"":20000,""version"":1},""tags"":[],""version"":1}","[{""p"":0.02,""type"":""bit_flip""}]",,authentication explicitly assumed; no runtime material,,,,,,false,1,9d7ad7afffd240163dea904499b520bf,QKD-ASSUMED,established,,qkd_bitstring,5872,"[{""algorithm"":""privacy-amplified-bitstring"",""bit_length"":5872,""byte_length"":734,""encoding"":""big-endian packed bits with explicit bit length"",""position"":1,""protocol"":""BB84"",""source"":""qkd""}]","{""pqc_exchange"":null,""qkd_classical"":{""algorithm"":""none"",""executed"":false,""mechanism"":""assumed"",""purpose"":""QKD classical transcript authentication"",""trust_assumption"":""The classical BB84 channel is assumed authenticated externally."",""verified"":null}}","{""qkd_transcript_hash_sha384"":""162330e0edb071331d8d59bdf291a40d2342cab99cdcd2d7e9450169e5a91c66f6f4bfaa79767f031526be468042be1b"",""qkd_transcript_version"":1}",3336889400,20000,9925,1986,7939,7939,5872,0.49625,0.2936,0.021890547263681594,0.0,0.011077542799597181,22,1005,0,981,22,1986,0.021890547263681594,0.011788413098236776,0.023292852876766874,0.0,0.011788413098236776,1450627,,,,,,,,,,,,,,,,,,,,,,,,,,,,,,,,,,assumed,none,none,0,0,0,0,0,0,0,0,The classical BB84 channel is assumed authenticated externally.,,,,"{""implementation"":""cpython"",""platform"":""Windows-11-10.0.26200-SP0"",""processor"":""Intel64 Family 6 Model 158 Stepping 12, GenuineIntel"",""python"":""3.14.7""}",,,,,,,,,,,,,,,,,,,,,,,,,3336889400,"{""events"":[{""detail"":""QKD-ASSUMED"",""sequence"":0,""source"":""session"",""stage"":""session"",""state"":""started""},{""detail"":""BB84 post-processing completed."",""sequence"":1,""source"":""qkd"",""stage"":""bb84"",""state"":""completed""},{""detail"":""The classical BB84 channel is assumed authenticated externally."",""sequence"":2,""source"":""qkd"",""stage"":""classical_authentication"",""state"":""assumed_not_executed""},{""detail"":""Final key released after all profile checks."",""sequence"":3,""source"":""qkd"",""stage"":""key_release"",""state"":""released""},{""detail"":""Authenticated QKD key released."",""sequence"":4,""source"":""session"",""stage"":""session"",""state"":""established""}],""version"":1}"
1,abb8a7f4-3500-4545-840f-9cbf982d6ace,E2,bit-flip-0.02,5,1,eafcdacf-9f23-4290-b8e6-0d06ba663426,false,,0,75,2026-09-08T07:47:12.737897+00:00,10678559099290343121,QKD-ASSUMED,6312,3.14.7,CPython,2.5.0,0.16.0,0.16.0,50.0.1,0.1.0,Windows,11,10.0.26200,AMD64,"Intel64 Family 6 Model 158 Stepping 12, GenuineIntel",ac46477bb374bde1c0ace1ef0bcfbc26b199dcfa,true,1,E2,bit-flip-0.02,5,10678559099290343121,1,QKD-ASSUMED,QKD-ASSUMED,20000,"{""cascade_initial_block_factor"":0.73,""cascade_maximum_initial_block_size"":null,""cascade_maximum_lookback_steps"":null,""cascade_passes"":4,""phase_error_abort_threshold"":0.11,""sample_fraction"":0.2,""security_margin_bits"":0,""verification_tag_length"":32}",,[],"{""condition_id"":""bit-flip-0.02"",""experiment_kind"":""E2"",""qkd_stages"":[{""p"":0.02,""type"":""bit_flip""}],""replicate_index"":5,""seed"":10678559099290343121,""session"":{""internal_pqc_profile"":null,""profile"":""QKD-ASSUMED"",""qkd_authentication_profile"":""QKD-ASSUMED"",""qkd_postprocessing"":{""cascade_initial_block_factor"":0.73,""cascade_maximum_initial_block_size"":null,""cascade_maximum_lookback_steps"":null,""cascade_passes"":4,""phase_error_abort_threshold"":0.11,""sample_fraction"":0.2,""security_margin_bits"":0,""verification_tag_length"":32},""qkd_signal_count"":20000,""version"":1},""tags"":[],""version"":1}","[{""p"":0.02,""type"":""bit_flip""}]",,authentication explicitly assumed; no runtime material,,,,,,false,1,f1d3c473d7c4cacf961495cc6f36b695,QKD-ASSUMED,established,,qkd_bitstring,5821,"[{""algorithm"":""privacy-amplified-bitstring"",""bit_length"":5821,""byte_length"":728,""encoding"":""big-endian packed bits with explicit bit length"",""position"":1,""protocol"":""BB84"",""source"":""qkd""}]","{""pqc_exchange"":null,""qkd_classical"":{""algorithm"":""none"",""executed"":false,""mechanism"":""assumed"",""purpose"":""QKD classical transcript authentication"",""trust_assumption"":""The classical BB84 channel is assumed authenticated externally."",""verified"":null}}","{""qkd_transcript_hash_sha384"":""cf73398bca594ebb79c58bb6a6e8da50c558076a4ca044f86987570e1c227cc7bab087c75f67c9924ad962ac4f12cef9"",""qkd_transcript_version"":1}",3336117400,20000,9934,1988,7946,7946,5821,0.4967,0.29105,0.02404809619238477,0.0,0.012072434607645875,24,998,0,990,24,1988,0.02404809619238477,0.011173746728407489,0.02225787046320433,0.0,0.011173746728407489,1415140,,,,,,,,,,,,,,,,,,,,,,,,,,,,,,,,,,assumed,none,none,0,0,0,0,0,0,0,0,The classical BB84 channel is assumed authenticated externally.,,,,"{""implementation"":""cpython"",""platform"":""Windows-11-10.0.26200-SP0"",""processor"":""Intel64 Family 6 Model 158 Stepping 12, GenuineIntel"",""python"":""3.14.7""}",,,,,,,,,,,,,,,,,,,,,,,,,3336117400,"{""events"":[{""detail"":""QKD-ASSUMED"",""sequence"":0,""source"":""session"",""stage"":""session"",""state"":""started""},{""detail"":""BB84 post-processing completed."",""sequence"":1,""source"":""qkd"",""stage"":""bb84"",""state"":""completed""},{""detail"":""The classical BB84 channel is assumed authenticated externally."",""sequence"":2,""source"":""qkd"",""stage"":""classical_authentication"",""state"":""assumed_not_executed""},{""detail"":""Final key released after all profile checks."",""sequence"":3,""source"":""qkd"",""stage"":""key_release"",""state"":""released""},{""detail"":""Authenticated QKD key released."",""sequence"":4,""source"":""session"",""stage"":""session"",""state"":""established""}],""version"":1}"
1,a5b78dda-521c-4302-be37-308bf9f84af9,E2,bit-flip-0.02,6,1,eafcdacf-9f23-4290-b8e6-0d06ba663426,false,,0,76,2026-09-08T07:47:16.137549+00:00,3472150847015893254,QKD-ASSUMED,6313,3.14.7,CPython,2.5.0,0.16.0,0.16.0,50.0.1,0.1.0,Windows,11,10.0.26200,AMD64,"Intel64 Family 6 Model 158 Stepping 12, GenuineIntel",ac46477bb374bde1c0ace1ef0bcfbc26b199dcfa,true,1,E2,bit-flip-0.02,6,3472150847015893254,1,QKD-ASSUMED,QKD-ASSUMED,20000,"{""cascade_initial_block_factor"":0.73,""cascade_maximum_initial_block_size"":null,""cascade_maximum_lookback_steps"":null,""cascade_passes"":4,""phase_error_abort_threshold"":0.11,""sample_fraction"":0.2,""security_margin_bits"":0,""verification_tag_length"":32}",,[],"{""condition_id"":""bit-flip-0.02"",""experiment_kind"":""E2"",""qkd_stages"":[{""p"":0.02,""type"":""bit_flip""}],""replicate_index"":6,""seed"":3472150847015893254,""session"":{""internal_pqc_profile"":null,""profile"":""QKD-ASSUMED"",""qkd_authentication_profile"":""QKD-ASSUMED"",""qkd_postprocessing"":{""cascade_initial_block_factor"":0.73,""cascade_maximum_initial_block_size"":null,""cascade_maximum_lookback_steps"":null,""cascade_passes"":4,""phase_error_abort_threshold"":0.11,""sample_fraction"":0.2,""security_margin_bits"":0,""verification_tag_length"":32},""qkd_signal_count"":20000,""version"":1},""tags"":[],""version"":1}","[{""p"":0.02,""type"":""bit_flip""}]",,authentication explicitly assumed; no runtime material,,,,,,false,1,df71fab662fd25604ecee5d4a4c17509,QKD-ASSUMED,established,,qkd_bitstring,5923,"[{""algorithm"":""privacy-amplified-bitstring"",""bit_length"":5923,""byte_length"":741,""encoding"":""big-endian packed bits with explicit bit length"",""position"":1,""protocol"":""BB84"",""source"":""qkd""}]","{""pqc_exchange"":null,""qkd_classical"":{""algorithm"":""none"",""executed"":false,""mechanism"":""assumed"",""purpose"":""QKD classical transcript authentication"",""trust_assumption"":""The classical BB84 channel is assumed authenticated externally."",""verified"":null}}","{""qkd_transcript_hash_sha384"":""cf6f9a448246ab505a6f9b47a03774be5368bd71a7e495fa19bff200098c264e30891d1c8fd8c9596dfa90f365551cb4"",""qkd_transcript_version"":1}",3332221100,20000,9907,1982,7925,7925,5923,0.49535,0.29615,0.023232323232323233,0.0,0.01160443995963673,23,990,0,992,23,1982,0.023232323232323233,0.009891995558695871,0.019805982215036377,0.0,0.009891995558695871,1363019,,,,,,,,,,,,,,,,,,,,,,,,,,,,,,,,,,assumed,none,none,0,0,0,0,0,0,0,0,The classical BB84 channel is assumed authenticated externally.,,,,"{""implementation"":""cpython"",""platform"":""Windows-11-10.0.26200-SP0"",""processor"":""Intel64 Family 6 Model 158 Stepping 12, GenuineIntel"",""python"":""3.14.7""}",,,,,,,,,,,,,,,,,,,,,,,,,3332221100,"{""events"":[{""detail"":""QKD-ASSUMED"",""sequence"":0,""source"":""session"",""stage"":""session"",""state"":""started""},{""detail"":""BB84 post-processing completed."",""sequence"":1,""source"":""qkd"",""stage"":""bb84"",""state"":""completed""},{""detail"":""The classical BB84 channel is assumed authenticated externally."",""sequence"":2,""source"":""qkd"",""stage"":""classical_authentication"",""state"":""assumed_not_executed""},{""detail"":""Final key released after all profile checks."",""sequence"":3,""source"":""qkd"",""stage"":""key_release"",""state"":""released""},{""detail"":""Authenticated QKD key released."",""sequence"":4,""source"":""session"",""stage"":""session"",""state"":""established""}],""version"":1}"
1,39dcc6de-d852-42b4-9403-4fddf10e7a8a,E2,bit-flip-0.02,7,1,eafcdacf-9f23-4290-b8e6-0d06ba663426,false,,0,77,2026-09-08T07:47:19.549252+00:00,10939966102615674014,QKD-ASSUMED,6302,3.14.7,CPython,2.5.0,0.16.0,0.16.0,50.0.1,0.1.0,Windows,11,10.0.26200,AMD64,"Intel64 Family 6 Model 158 Stepping 12, GenuineIntel",ac46477bb374bde1c0ace1ef0bcfbc26b199dcfa,true,1,E2,bit-flip-0.02,7,10939966102615674014,1,QKD-ASSUMED,QKD-ASSUMED,20000,"{""cascade_initial_block_factor"":0.73,""cascade_maximum_initial_block_size"":null,""cascade_maximum_lookback_steps"":null,""cascade_passes"":4,""phase_error_abort_threshold"":0.11,""sample_fraction"":0.2,""security_margin_bits"":0,""verification_tag_length"":32}",,[],"{""condition_id"":""bit-flip-0.02"",""experiment_kind"":""E2"",""qkd_stages"":[{""p"":0.02,""type"":""bit_flip""}],""replicate_index"":7,""seed"":10939966102615674014,""session"":{""internal_pqc_profile"":null,""profile"":""QKD-ASSUMED"",""qkd_authentication_profile"":""QKD-ASSUMED"",""qkd_postprocessing"":{""cascade_initial_block_factor"":0.73,""cascade_maximum_initial_block_size"":null,""cascade_maximum_lookback_steps"":null,""cascade_passes"":4,""phase_error_abort_threshold"":0.11,""sample_fraction"":0.2,""security_margin_bits"":0,""verification_tag_length"":32},""qkd_signal_count"":20000,""version"":1},""tags"":[],""version"":1}","[{""p"":0.02,""type"":""bit_flip""}]",,authentication explicitly assumed; no runtime material,,,,,,false,1,259ec5443691c3a0a2f247405e812d24,QKD-ASSUMED,established,,qkd_bitstring,5739,"[{""algorithm"":""privacy-amplified-bitstring"",""bit_length"":5739,""byte_length"":718,""encoding"":""big-endian packed bits with explicit bit length"",""position"":1,""protocol"":""BB84"",""source"":""qkd""}]","{""pqc_exchange"":null,""qkd_classical"":{""algorithm"":""none"",""executed"":false,""mechanism"":""assumed"",""purpose"":""QKD classical transcript authentication"",""trust_assumption"":""The classical BB84 channel is assumed authenticated externally."",""verified"":null}}","{""qkd_transcript_hash_sha384"":""35a520922185fa5d017847740af0c2ea7d9210d1978514b24206de6534c4c068f3a5becfb1244244358a85da979b3e62"",""qkd_transcript_version"":1}",3342365300,20000,9996,2000,7996,7996,5739,0.4998,0.28695,0.026892430278884463,0.0,0.0135,27,1004,0,996,27,2000,0.026892430278884463,0.011204481792717087,0.022319649262654444,0.0,0.011204481792717087,1412400,,,,,,,,,,,,,,,,,,,,,,,,,,,,,,,,,,assumed,none,none,0,0,0,0,0,0,0,0,The classical BB84 channel is assumed authenticated externally.,,,,"{""implementation"":""cpython"",""platform"":""Windows-11-10.0.26200-SP0"",""processor"":""Intel64 Family 6 Model 158 Stepping 12, GenuineIntel"",""python"":""3.14.7""}",,,,,,,,,,,,,,,,,,,,,,,,,3342365300,"{""events"":[{""detail"":""QKD-ASSUMED"",""sequence"":0,""source"":""session"",""stage"":""session"",""state"":""started""},{""detail"":""BB84 post-processing completed."",""sequence"":1,""source"":""qkd"",""stage"":""bb84"",""state"":""completed""},{""detail"":""The classical BB84 channel is assumed authenticated externally."",""sequence"":2,""source"":""qkd"",""stage"":""classical_authentication"",""state"":""assumed_not_executed""},{""detail"":""Final key released after all profile checks."",""sequence"":3,""source"":""qkd"",""stage"":""key_release"",""state"":""released""},{""detail"":""Authenticated QKD key released."",""sequence"":4,""source"":""session"",""stage"":""session"",""state"":""established""}],""version"":1}"
1,81d6e673-b23a-423e-88b9-b2d094ea1435,E2,bit-flip-0.02,8,1,eafcdacf-9f23-4290-b8e6-0d06ba663426,false,,0,78,2026-09-08T07:47:22.958875+00:00,6034226156740697805,QKD-ASSUMED,6313,3.14.7,CPython,2.5.0,0.16.0,0.16.0,50.0.1,0.1.0,Windows,11,10.0.26200,AMD64,"Intel64 Family 6 Model 158 Stepping 12, GenuineIntel",ac46477bb374bde1c0ace1ef0bcfbc26b199dcfa,true,1,E2,bit-flip-0.02,8,6034226156740697805,1,QKD-ASSUMED,QKD-ASSUMED,20000,"{""cascade_initial_block_factor"":0.73,""cascade_maximum_initial_block_size"":null,""cascade_maximum_lookback_steps"":null,""cascade_passes"":4,""phase_error_abort_threshold"":0.11,""sample_fraction"":0.2,""security_margin_bits"":0,""verification_tag_length"":32}",,[],"{""condition_id"":""bit-flip-0.02"",""experiment_kind"":""E2"",""qkd_stages"":[{""p"":0.02,""type"":""bit_flip""}],""replicate_index"":8,""seed"":6034226156740697805,""session"":{""internal_pqc_profile"":null,""profile"":""QKD-ASSUMED"",""qkd_authentication_profile"":""QKD-ASSUMED"",""qkd_postprocessing"":{""cascade_initial_block_factor"":0.73,""cascade_maximum_initial_block_size"":null,""cascade_maximum_lookback_steps"":null,""cascade_passes"":4,""phase_error_abort_threshold"":0.11,""sample_fraction"":0.2,""security_margin_bits"":0,""verification_tag_length"":32},""qkd_signal_count"":20000,""version"":1},""tags"":[],""version"":1}","[{""p"":0.02,""type"":""bit_flip""}]",,authentication explicitly assumed; no runtime material,,,,,,false,1,616a418735415023947ffdc85e11cdc8,QKD-ASSUMED,established,,qkd_bitstring,6061,"[{""algorithm"":""privacy-amplified-bitstring"",""bit_length"":6061,""byte_length"":758,""encoding"":""big-endian packed bits with explicit bit length"",""position"":1,""protocol"":""BB84"",""source"":""qkd""}]","{""pqc_exchange"":null,""qkd_classical"":{""algorithm"":""none"",""executed"":false,""mechanism"":""assumed"",""purpose"":""QKD classical transcript authentication"",""trust_assumption"":""The classical BB84 channel is assumed authenticated externally."",""verified"":null}}","{""qkd_transcript_hash_sha384"":""cdafd4802cd1ee714052d7f56c57b38c187a105361c12c67b9ede8180ea4bce141e66d447aa91e654ac4a37fe487f3d5"",""qkd_transcript_version"":1}",3342112900,20000,9883,1977,7906,7906,6061,0.49415,0.30305,0.019269776876267748,0.0,0.009610520991401113,19,986,0,991,19,1977,0.019269776876267748,0.010017201254679753,0.02008520998174072,0.0,0.010017201254679753,1396260,,,,,,,,,,,,,,,,,,,,,,,,,,,,,,,,,,assumed,none,none,0,0,0,0,0,0,0,0,The classical BB84 channel is assumed authenticated externally.,,,,"{""implementation"":""cpython"",""platform"":""Windows-11-10.0.26200-SP0"",""processor"":""Intel64 Family 6 Model 158 Stepping 12, GenuineIntel"",""python"":""3.14.7""}",,,,,,,,,,,,,,,,,,,,,,,,,3342112900,"{""events"":[{""detail"":""QKD-ASSUMED"",""sequence"":0,""source"":""session"",""stage"":""session"",""state"":""started""},{""detail"":""BB84 post-processing completed."",""sequence"":1,""source"":""qkd"",""stage"":""bb84"",""state"":""completed""},{""detail"":""The classical BB84 channel is assumed authenticated externally."",""sequence"":2,""source"":""qkd"",""stage"":""classical_authentication"",""state"":""assumed_not_executed""},{""detail"":""Final key released after all profile checks."",""sequence"":3,""source"":""qkd"",""stage"":""key_release"",""state"":""released""},{""detail"":""Authenticated QKD key released."",""sequence"":4,""source"":""session"",""stage"":""session"",""state"":""established""}],""version"":1}"
1,abf4e6e6-265b-45b5-9f2d-aa59e4c98663,E2,bit-flip-0.02,9,1,eafcdacf-9f23-4290-b8e6-0d06ba663426,false,,0,79,2026-09-08T07:47:26.411650+00:00,15681738901665642251,QKD-ASSUMED,6319,3.14.7,CPython,2.5.0,0.16.0,0.16.0,50.0.1,0.1.0,Windows,11,10.0.26200,AMD64,"Intel64 Family 6 Model 158 Stepping 12, GenuineIntel",ac46477bb374bde1c0ace1ef0bcfbc26b199dcfa,true,1,E2,bit-flip-0.02,9,15681738901665642251,1,QKD-ASSUMED,QKD-ASSUMED,20000,"{""cascade_initial_block_factor"":0.73,""cascade_maximum_initial_block_size"":null,""cascade_maximum_lookback_steps"":null,""cascade_passes"":4,""phase_error_abort_threshold"":0.11,""sample_fraction"":0.2,""security_margin_bits"":0,""verification_tag_length"":32}",,[],"{""condition_id"":""bit-flip-0.02"",""experiment_kind"":""E2"",""qkd_stages"":[{""p"":0.02,""type"":""bit_flip""}],""replicate_index"":9,""seed"":15681738901665642251,""session"":{""internal_pqc_profile"":null,""profile"":""QKD-ASSUMED"",""qkd_authentication_profile"":""QKD-ASSUMED"",""qkd_postprocessing"":{""cascade_initial_block_factor"":0.73,""cascade_maximum_initial_block_size"":null,""cascade_maximum_lookback_steps"":null,""cascade_passes"":4,""phase_error_abort_threshold"":0.11,""sample_fraction"":0.2,""security_margin_bits"":0,""verification_tag_length"":32},""qkd_signal_count"":20000,""version"":1},""tags"":[],""version"":1}","[{""p"":0.02,""type"":""bit_flip""}]",,authentication explicitly assumed; no runtime material,,,,,,false,1,92e6bddbc55b7f28bffa77f846fec353,QKD-ASSUMED,established,,qkd_bitstring,6049,"[{""algorithm"":""privacy-amplified-bitstring"",""bit_length"":6049,""byte_length"":757,""encoding"":""big-endian packed bits with explicit bit length"",""position"":1,""protocol"":""BB84"",""source"":""qkd""}]","{""pqc_exchange"":null,""qkd_classical"":{""algorithm"":""none"",""executed"":false,""mechanism"":""assumed"",""purpose"":""QKD classical transcript authentication"",""trust_assumption"":""The classical BB84 channel is assumed authenticated externally."",""verified"":null}}","{""qkd_transcript_hash_sha384"":""638a931730a0e6eb96d5e4ea70cc2ce6b275f9008336fda2137a26b44a47531e645e3a60fd02fc410386b0ec29d5e7bc"",""qkd_transcript_version"":1}",3385880000,20000,10103,2021,8082,8082,6049,0.50515,0.30245,0.023552502453385672,0.0,0.011875309252845126,24,1019,0,1002,24,2021,0.023552502453385672,0.009502128080768089,0.018849401138817987,0.0,0.009502128080768089,1367555,,,,,,,,,,,,,,,,,,,,,,,,,,,,,,,,,,assumed,none,none,0,0,0,0,0,0,0,0,The classical BB84 channel is assumed authenticated externally.,,,,"{""implementation"":""cpython"",""platform"":""Windows-11-10.0.26200-SP0"",""processor"":""Intel64 Family 6 Model 158 Stepping 12, GenuineIntel"",""python"":""3.14.7""}",,,,,,,,,,,,,,,,,,,,,,,,,3385880000,"{""events"":[{""detail"":""QKD-ASSUMED"",""sequence"":0,""source"":""session"",""stage"":""session"",""state"":""started""},{""detail"":""BB84 post-processing completed."",""sequence"":1,""source"":""qkd"",""stage"":""bb84"",""state"":""completed""},{""detail"":""The classical BB84 channel is assumed authenticated externally."",""sequence"":2,""source"":""qkd"",""stage"":""classical_authentication"",""state"":""assumed_not_executed""},{""detail"":""Final key released after all profile checks."",""sequence"":3,""source"":""qkd"",""stage"":""key_release"",""state"":""released""},{""detail"":""Authenticated QKD key released."",""sequence"":4,""source"":""session"",""stage"":""session"",""state"":""established""}],""version"":1}"
1,64317049-b088-4131-b2d8-3cb359ac3c15,E2,bit-flip-0.05,0,1,eafcdacf-9f23-4290-b8e6-0d06ba663426,false,,0,80,2026-09-08T07:47:29.841069+00:00,9319738407568109853,QKD-ASSUMED,6308,3.14.7,CPython,2.5.0,0.16.0,0.16.0,50.0.1,0.1.0,Windows,11,10.0.26200,AMD64,"Intel64 Family 6 Model 158 Stepping 12, GenuineIntel",ac46477bb374bde1c0ace1ef0bcfbc26b199dcfa,true,1,E2,bit-flip-0.05,0,9319738407568109853,1,QKD-ASSUMED,QKD-ASSUMED,20000,"{""cascade_initial_block_factor"":0.73,""cascade_maximum_initial_block_size"":null,""cascade_maximum_lookback_steps"":null,""cascade_passes"":4,""phase_error_abort_threshold"":0.11,""sample_fraction"":0.2,""security_margin_bits"":0,""verification_tag_length"":32}",,[],"{""condition_id"":""bit-flip-0.05"",""experiment_kind"":""E2"",""qkd_stages"":[{""p"":0.05,""type"":""bit_flip""}],""replicate_index"":0,""seed"":9319738407568109853,""session"":{""internal_pqc_profile"":null,""profile"":""QKD-ASSUMED"",""qkd_authentication_profile"":""QKD-ASSUMED"",""qkd_postprocessing"":{""cascade_initial_block_factor"":0.73,""cascade_maximum_initial_block_size"":null,""cascade_maximum_lookback_steps"":null,""cascade_passes"":4,""phase_error_abort_threshold"":0.11,""sample_fraction"":0.2,""security_margin_bits"":0,""verification_tag_length"":32},""qkd_signal_count"":20000,""version"":1},""tags"":[],""version"":1}","[{""p"":0.05,""type"":""bit_flip""}]",,authentication explicitly assumed; no runtime material,,,,,,false,1,ded4f90939faa3ea0feb1bcf9c96b060,QKD-ASSUMED,established,,qkd_bitstring,3738,"[{""algorithm"":""privacy-amplified-bitstring"",""bit_length"":3738,""byte_length"":468,""encoding"":""big-endian packed bits with explicit bit length"",""position"":1,""protocol"":""BB84"",""source"":""qkd""}]","{""pqc_exchange"":null,""qkd_classical"":{""algorithm"":""none"",""executed"":false,""mechanism"":""assumed"",""purpose"":""QKD classical transcript authentication"",""trust_assumption"":""The classical BB84 channel is assumed authenticated externally."",""verified"":null}}","{""qkd_transcript_hash_sha384"":""4e759c22d02650283faabe8164d9c487e3f0cdd23dea16e806ad58114e59b395ddcf67967fc4f0cd4b14048ec3a26376"",""qkd_transcript_version"":1}",3358374600,20000,9962,1993,7969,7969,3738,0.4981,0.1869,0.06032719836400818,0.0,0.02960361264425489,59,978,0,1015,59,1993,0.06032719836400818,0.02549688817506525,0.051974626560261916,0.0,0.02549688817506525,1793653,,,,,,,,,,,,,,,,,,,,,,,,,,,,,,,,,,assumed,none,none,0,0,0,0,0,0,0,0,The classical BB84 channel is assumed authenticated externally.,,,,"{""implementation"":""cpython"",""platform"":""Windows-11-10.0.26200-SP0"",""processor"":""Intel64 Family 6 Model 158 Stepping 12, GenuineIntel"",""python"":""3.14.7""}",,,,,,,,,,,,,,,,,,,,,,,,,3358374600,"{""events"":[{""detail"":""QKD-ASSUMED"",""sequence"":0,""source"":""session"",""stage"":""session"",""state"":""started""},{""detail"":""BB84 post-processing completed."",""sequence"":1,""source"":""qkd"",""stage"":""bb84"",""state"":""completed""},{""detail"":""The classical BB84 channel is assumed authenticated externally."",""sequence"":2,""source"":""qkd"",""stage"":""classical_authentication"",""state"":""assumed_not_executed""},{""detail"":""Final key released after all profile checks."",""sequence"":3,""source"":""qkd"",""stage"":""key_release"",""state"":""released""},{""detail"":""Authenticated QKD key released."",""sequence"":4,""source"":""session"",""stage"":""session"",""state"":""established""}],""version"":1}"
1,c8e81b89-5ecd-4cdf-a353-f5914ef6173b,E2,bit-flip-0.05,1,1,eafcdacf-9f23-4290-b8e6-0d06ba663426,false,,0,81,2026-09-08T07:47:33.309766+00:00,17054634684162316492,QKD-ASSUMED,6312,3.14.7,CPython,2.5.0,0.16.0,0.16.0,50.0.1,0.1.0,Windows,11,10.0.26200,AMD64,"Intel64 Family 6 Model 158 Stepping 12, GenuineIntel",ac46477bb374bde1c0ace1ef0bcfbc26b199dcfa,true,1,E2,bit-flip-0.05,1,17054634684162316492,1,QKD-ASSUMED,QKD-ASSUMED,20000,"{""cascade_initial_block_factor"":0.73,""cascade_maximum_initial_block_size"":null,""cascade_maximum_lookback_steps"":null,""cascade_passes"":4,""phase_error_abort_threshold"":0.11,""sample_fraction"":0.2,""security_margin_bits"":0,""verification_tag_length"":32}",,[],"{""condition_id"":""bit-flip-0.05"",""experiment_kind"":""E2"",""qkd_stages"":[{""p"":0.05,""type"":""bit_flip""}],""replicate_index"":1,""seed"":17054634684162316492,""session"":{""internal_pqc_profile"":null,""profile"":""QKD-ASSUMED"",""qkd_authentication_profile"":""QKD-ASSUMED"",""qkd_postprocessing"":{""cascade_initial_block_factor"":0.73,""cascade_maximum_initial_block_size"":null,""cascade_maximum_lookback_steps"":null,""cascade_passes"":4,""phase_error_abort_threshold"":0.11,""sample_fraction"":0.2,""security_margin_bits"":0,""verification_tag_length"":32},""qkd_signal_count"":20000,""version"":1},""tags"":[],""version"":1}","[{""p"":0.05,""type"":""bit_flip""}]",,authentication explicitly assumed; no runtime material,,,,,,false,1,a047c5dcd5e3e22a58f3aacc7608cd42,QKD-ASSUMED,established,,qkd_bitstring,3982,"[{""algorithm"":""privacy-amplified-bitstring"",""bit_length"":3982,""byte_length"":498,""encoding"":""big-endian packed bits with explicit bit length"",""position"":1,""protocol"":""BB84"",""source"":""qkd""}]","{""pqc_exchange"":null,""qkd_classical"":{""algorithm"":""none"",""executed"":false,""mechanism"":""assumed"",""purpose"":""QKD classical transcript authentication"",""trust_assumption"":""The classical BB84 channel is assumed authenticated externally."",""verified"":null}}","{""qkd_transcript_hash_sha384"":""04bd7c027372256471e76f8f26aafa3ea0d42331c536021268c3aad5d1693aeed60e7757a891c865c90fd0643f63b7cb"",""qkd_transcript_version"":1}",3395817400,20000,9873,1976,7897,7897,3982,0.49365,0.1991,0.05432595573440644,0.0,0.027327935222672066,54,994,0,982,54,1976,0.05432595573440644,0.023802289071204293,0.04732178815948449,0.0,0.023802289071204293,1734623,,,,,,,,,,,,,,,,,,,,,,,,,,,,,,,,,,assumed,none,none,0,0,0,0,0,0,0,0,The classical BB84 channel is assumed authenticated externally.,,,,"{""implementation"":""cpython"",""platform"":""Windows-11-10.0.26200-SP0"",""processor"":""Intel64 Family 6 Model 158 Stepping 12, GenuineIntel"",""python"":""3.14.7""}",,,,,,,,,,,,,,,,,,,,,,,,,3395817400,"{""events"":[{""detail"":""QKD-ASSUMED"",""sequence"":0,""source"":""session"",""stage"":""session"",""state"":""started""},{""detail"":""BB84 post-processing completed."",""sequence"":1,""source"":""qkd"",""stage"":""bb84"",""state"":""completed""},{""detail"":""The classical BB84 channel is assumed authenticated externally."",""sequence"":2,""source"":""qkd"",""stage"":""classical_authentication"",""state"":""assumed_not_executed""},{""detail"":""Final key released after all profile checks."",""sequence"":3,""source"":""qkd"",""stage"":""key_release"",""state"":""released""},{""detail"":""Authenticated QKD key released."",""sequence"":4,""source"":""session"",""stage"":""session"",""state"":""established""}],""version"":1}"
1,4b089a73-e7f5-42de-ae47-c8765e45290d,E2,bit-flip-0.05,2,1,eafcdacf-9f23-4290-b8e6-0d06ba663426,false,,0,82,2026-09-08T07:47:36.717767+00:00,902402514524696607,QKD-ASSUMED,6308,3.14.7,CPython,2.5.0,0.16.0,0.16.0,50.0.1,0.1.0,Windows,11,10.0.26200,AMD64,"Intel64 Family 6 Model 158 Stepping 12, GenuineIntel",ac46477bb374bde1c0ace1ef0bcfbc26b199dcfa,true,1,E2,bit-flip-0.05,2,902402514524696607,1,QKD-ASSUMED,QKD-ASSUMED,20000,"{""cascade_initial_block_factor"":0.73,""cascade_maximum_initial_block_size"":null,""cascade_maximum_lookback_steps"":null,""cascade_passes"":4,""phase_error_abort_threshold"":0.11,""sample_fraction"":0.2,""security_margin_bits"":0,""verification_tag_length"":32}",,[],"{""condition_id"":""bit-flip-0.05"",""experiment_kind"":""E2"",""qkd_stages"":[{""p"":0.05,""type"":""bit_flip""}],""replicate_index"":2,""seed"":902402514524696607,""session"":{""internal_pqc_profile"":null,""profile"":""QKD-ASSUMED"",""qkd_authentication_profile"":""QKD-ASSUMED"",""qkd_postprocessing"":{""cascade_initial_block_factor"":0.73,""cascade_maximum_initial_block_size"":null,""cascade_maximum_lookback_steps"":null,""cascade_passes"":4,""phase_error_abort_threshold"":0.11,""sample_fraction"":0.2,""security_margin_bits"":0,""verification_tag_length"":32},""qkd_signal_count"":20000,""version"":1},""tags"":[],""version"":1}","[{""p"":0.05,""type"":""bit_flip""}]",,authentication explicitly assumed; no runtime material,,,,,,false,1,71838bdad5ea34fe6509d4a9366c6b16,QKD-ASSUMED,established,,qkd_bitstring,4346,"[{""algorithm"":""privacy-amplified-bitstring"",""bit_length"":4346,""byte_length"":544,""encoding"":""big-endian packed bits with explicit bit length"",""position"":1,""protocol"":""BB84"",""source"":""qkd""}]","{""pqc_exchange"":null,""qkd_classical"":{""algorithm"":""none"",""executed"":false,""mechanism"":""assumed"",""purpose"":""QKD classical transcript authentication"",""trust_assumption"":""The classical BB84 channel is assumed authenticated externally."",""verified"":null}}","{""qkd_transcript_hash_sha384"":""54f0a8b2d6dc78f0eead3670beb37a3eb1e81dbb6c16f7828f969d68d6b54ad099dbe7064cf62272096fd2046fffdc20"",""qkd_transcript_version"":1}",3334950600,20000,10025,2006,8019,8019,4346,0.50125,0.2173,0.04317269076305221,0.0,0.02143569292123629,43,996,0,1010,43,2006,0.04317269076305221,0.025037406483790523,0.0504218561671354,0.0,0.025037406483790523,1853472,,,,,,,,,,,,,,,,,,,,,,,,,,,,,,,,,,assumed,none,none,0,0,0,0,0,0,0,0,The classical BB84 channel is assumed authenticated externally.,,,,"{""implementation"":""cpython"",""platform"":""Windows-11-10.0.26200-SP0"",""processor"":""Intel64 Family 6 Model 158 Stepping 12, GenuineIntel"",""python"":""3.14.7""}",,,,,,,,,,,,,,,,,,,,,,,,,3334950600,"{""events"":[{""detail"":""QKD-ASSUMED"",""sequence"":0,""source"":""session"",""stage"":""session"",""state"":""started""},{""detail"":""BB84 post-processing completed."",""sequence"":1,""source"":""qkd"",""stage"":""bb84"",""state"":""completed""},{""detail"":""The classical BB84 channel is assumed authenticated externally."",""sequence"":2,""source"":""qkd"",""stage"":""classical_authentication"",""state"":""assumed_not_executed""},{""detail"":""Final key released after all profile checks."",""sequence"":3,""source"":""qkd"",""stage"":""key_release"",""state"":""released""},{""detail"":""Authenticated QKD key released."",""sequence"":4,""source"":""session"",""stage"":""session"",""state"":""established""}],""version"":1}"
1,6ed1588b-f3fa-461e-86c5-3e96b37088bb,E2,bit-flip-0.05,3,1,eafcdacf-9f23-4290-b8e6-0d06ba663426,false,,0,83,2026-09-08T07:47:40.221683+00:00,7238462418381918512,QKD-ASSUMED,6307,3.14.7,CPython,2.5.0,0.16.0,0.16.0,50.0.1,0.1.0,Windows,11,10.0.26200,AMD64,"Intel64 Family 6 Model 158 Stepping 12, GenuineIntel",ac46477bb374bde1c0ace1ef0bcfbc26b199dcfa,true,1,E2,bit-flip-0.05,3,7238462418381918512,1,QKD-ASSUMED,QKD-ASSUMED,20000,"{""cascade_initial_block_factor"":0.73,""cascade_maximum_initial_block_size"":null,""cascade_maximum_lookback_steps"":null,""cascade_passes"":4,""phase_error_abort_threshold"":0.11,""sample_fraction"":0.2,""security_margin_bits"":0,""verification_tag_length"":32}",,[],"{""condition_id"":""bit-flip-0.05"",""experiment_kind"":""E2"",""qkd_stages"":[{""p"":0.05,""type"":""bit_flip""}],""replicate_index"":3,""seed"":7238462418381918512,""session"":{""internal_pqc_profile"":null,""profile"":""QKD-ASSUMED"",""qkd_authentication_profile"":""QKD-ASSUMED"",""qkd_postprocessing"":{""cascade_initial_block_factor"":0.73,""cascade_maximum_initial_block_size"":null,""cascade_maximum_lookback_steps"":null,""cascade_passes"":4,""phase_error_abort_threshold"":0.11,""sample_fraction"":0.2,""security_margin_bits"":0,""verification_tag_length"":32},""qkd_signal_count"":20000,""version"":1},""tags"":[],""version"":1}","[{""p"":0.05,""type"":""bit_flip""}]",,authentication explicitly assumed; no runtime material,,,,,,false,1,c215c3e7cb1ebd0ac427a0a6bfd2bdbd,QKD-ASSUMED,established,,qkd_bitstring,3894,"[{""algorithm"":""privacy-amplified-bitstring"",""bit_length"":3894,""byte_length"":487,""encoding"":""big-endian packed bits with explicit bit length"",""position"":1,""protocol"":""BB84"",""source"":""qkd""}]","{""pqc_exchange"":null,""qkd_classical"":{""algorithm"":""none"",""executed"":false,""mechanism"":""assumed"",""purpose"":""QKD classical transcript authentication"",""trust_assumption"":""The classical BB84 channel is assumed authenticated externally."",""verified"":null}}","{""qkd_transcript_hash_sha384"":""0c4e9243971db712ba42debaee8b01dc689d69098cd6b34c3bef38f8622b91603ad252a8394eec82f0ffd5462b1851a4"",""qkd_transcript_version"":1}",3430509300,20000,10100,2021,8079,8079,3894,0.505,0.1947,0.0562685093780849,0.0,0.028203859475507173,57,1013,0,1008,57,2021,0.0562685093780849,0.02594059405940594,0.05175819834057685,0.0,0.02594059405940594,1841384,,,,,,,,,,,,,,,,,,,,,,,,,,,,,,,,,,assumed,none,none,0,0,0,0,0,0,0,0,The classical BB84 channel is assumed authenticated externally.,,,,"{""implementation"":""cpython"",""platform"":""Windows-11-10.0.26200-SP0"",""processor"":""Intel64 Family 6 Model 158 Stepping 12, GenuineIntel"",""python"":""3.14.7""}",,,,,,,,,,,,,,,,,,,,,,,,,3430509300,"{""events"":[{""detail"":""QKD-ASSUMED"",""sequence"":0,""source"":""session"",""stage"":""session"",""state"":""started""},{""detail"":""BB84 post-processing completed."",""sequence"":1,""source"":""qkd"",""stage"":""bb84"",""state"":""completed""},{""detail"":""The classical BB84 channel is assumed authenticated externally."",""sequence"":2,""source"":""qkd"",""stage"":""classical_authentication"",""state"":""assumed_not_executed""},{""detail"":""Final key released after all profile checks."",""sequence"":3,""source"":""qkd"",""stage"":""key_release"",""state"":""released""},{""detail"":""Authenticated QKD key released."",""sequence"":4,""source"":""session"",""stage"":""session"",""state"":""established""}],""version"":1}"
1,7906def1-651b-407e-9f35-5e3f0e6c1352,E2,bit-flip-0.05,4,1,eafcdacf-9f23-4290-b8e6-0d06ba663426,false,,0,84,2026-09-08T07:47:43.674634+00:00,16768801138193595491,QKD-ASSUMED,6313,3.14.7,CPython,2.5.0,0.16.0,0.16.0,50.0.1,0.1.0,Windows,11,10.0.26200,AMD64,"Intel64 Family 6 Model 158 Stepping 12, GenuineIntel",ac46477bb374bde1c0ace1ef0bcfbc26b199dcfa,true,1,E2,bit-flip-0.05,4,16768801138193595491,1,QKD-ASSUMED,QKD-ASSUMED,20000,"{""cascade_initial_block_factor"":0.73,""cascade_maximum_initial_block_size"":null,""cascade_maximum_lookback_steps"":null,""cascade_passes"":4,""phase_error_abort_threshold"":0.11,""sample_fraction"":0.2,""security_margin_bits"":0,""verification_tag_length"":32}",,[],"{""condition_id"":""bit-flip-0.05"",""experiment_kind"":""E2"",""qkd_stages"":[{""p"":0.05,""type"":""bit_flip""}],""replicate_index"":4,""seed"":16768801138193595491,""session"":{""internal_pqc_profile"":null,""profile"":""QKD-ASSUMED"",""qkd_authentication_profile"":""QKD-ASSUMED"",""qkd_postprocessing"":{""cascade_initial_block_factor"":0.73,""cascade_maximum_initial_block_size"":null,""cascade_maximum_lookback_steps"":null,""cascade_passes"":4,""phase_error_abort_threshold"":0.11,""sample_fraction"":0.2,""security_margin_bits"":0,""verification_tag_length"":32},""qkd_signal_count"":20000,""version"":1},""tags"":[],""version"":1}","[{""p"":0.05,""type"":""bit_flip""}]",,authentication explicitly assumed; no runtime material,,,,,,false,1,74d47e8355a68beda235beac07181704,QKD-ASSUMED,established,,qkd_bitstring,4091,"[{""algorithm"":""privacy-amplified-bitstring"",""bit_length"":4091,""byte_length"":512,""encoding"":""big-endian packed bits with explicit bit length"",""position"":1,""protocol"":""BB84"",""source"":""qkd""}]","{""pqc_exchange"":null,""qkd_classical"":{""algorithm"":""none"",""executed"":false,""mechanism"":""assumed"",""purpose"":""QKD classical transcript authentication"",""trust_assumption"":""The classical BB84 channel is assumed authenticated externally."",""verified"":null}}","{""qkd_transcript_hash_sha384"":""280431e523d9f6a0d4ea4104b84e97a983a9c31199d5c930f4d2cd8766b1e7a9cdbf0a42c910a3c80138d7f63f947728"",""qkd_transcript_version"":1}",3379592300,20000,10082,2017,8065,8065,4091,0.5041,0.20455,0.050049067713444556,0.0,0.02528507684680218,51,1019,0,998,51,2017,0.050049067713444556,0.02598690735965086,0.05143305850019631,0.0,0.02598690735965086,1856361,,,,,,,,,,,,,,,,,,,,,,,,,,,,,,,,,,assumed,none,none,0,0,0,0,0,0,0,0,The classical BB84 channel is assumed authenticated externally.,,,,"{""implementation"":""cpython"",""platform"":""Windows-11-10.0.26200-SP0"",""processor"":""Intel64 Family 6 Model 158 Stepping 12, GenuineIntel"",""python"":""3.14.7""}",,,,,,,,,,,,,,,,,,,,,,,,,3379592300,"{""events"":[{""detail"":""QKD-ASSUMED"",""sequence"":0,""source"":""session"",""stage"":""session"",""state"":""started""},{""detail"":""BB84 post-processing completed."",""sequence"":1,""source"":""qkd"",""stage"":""bb84"",""state"":""completed""},{""detail"":""The classical BB84 channel is assumed authenticated externally."",""sequence"":2,""source"":""qkd"",""stage"":""classical_authentication"",""state"":""assumed_not_executed""},{""detail"":""Final key released after all profile checks."",""sequence"":3,""source"":""qkd"",""stage"":""key_release"",""state"":""released""},{""detail"":""Authenticated QKD key released."",""sequence"":4,""source"":""session"",""stage"":""session"",""state"":""established""}],""version"":1}"
1,9822a63c-c019-4d01-a342-7c2c198764cd,E2,bit-flip-0.05,5,1,eafcdacf-9f23-4290-b8e6-0d06ba663426,false,,0,85,2026-09-08T07:47:47.118451+00:00,5221839212721809827,QKD-ASSUMED,6311,3.14.7,CPython,2.5.0,0.16.0,0.16.0,50.0.1,0.1.0,Windows,11,10.0.26200,AMD64,"Intel64 Family 6 Model 158 Stepping 12, GenuineIntel",ac46477bb374bde1c0ace1ef0bcfbc26b199dcfa,true,1,E2,bit-flip-0.05,5,5221839212721809827,1,QKD-ASSUMED,QKD-ASSUMED,20000,"{""cascade_initial_block_factor"":0.73,""cascade_maximum_initial_block_size"":null,""cascade_maximum_lookback_steps"":null,""cascade_passes"":4,""phase_error_abort_threshold"":0.11,""sample_fraction"":0.2,""security_margin_bits"":0,""verification_tag_length"":32}",,[],"{""condition_id"":""bit-flip-0.05"",""experiment_kind"":""E2"",""qkd_stages"":[{""p"":0.05,""type"":""bit_flip""}],""replicate_index"":5,""seed"":5221839212721809827,""session"":{""internal_pqc_profile"":null,""profile"":""QKD-ASSUMED"",""qkd_authentication_profile"":""QKD-ASSUMED"",""qkd_postprocessing"":{""cascade_initial_block_factor"":0.73,""cascade_maximum_initial_block_size"":null,""cascade_maximum_lookback_steps"":null,""cascade_passes"":4,""phase_error_abort_threshold"":0.11,""sample_fraction"":0.2,""security_margin_bits"":0,""verification_tag_length"":32},""qkd_signal_count"":20000,""version"":1},""tags"":[],""version"":1}","[{""p"":0.05,""type"":""bit_flip""}]",,authentication explicitly assumed; no runtime material,,,,,,false,1,b9be7872b54e40e38950829bce0c60fd,QKD-ASSUMED,established,,qkd_bitstring,3844,"[{""algorithm"":""privacy-amplified-bitstring"",""bit_length"":3844,""byte_length"":481,""encoding"":""big-endian packed bits with explicit bit length"",""position"":1,""protocol"":""BB84"",""source"":""qkd""}]","{""pqc_exchange"":null,""qkd_classical"":{""algorithm"":""none"",""executed"":false,""mechanism"":""assumed"",""purpose"":""QKD classical transcript authentication"",""trust_assumption"":""The classical BB84 channel is assumed authenticated externally."",""verified"":null}}","{""qkd_transcript_hash_sha384"":""a4194fdffb6d6151079814b5fd6aa32582fac3018322f9c747fd540e40e746ed2be1a654f0e2327fc41cdf3729da1251"",""qkd_transcript_version"":1}",3367873200,20000,10051,2011,8040,8040,3844,0.50255,0.1922,0.053201970443349754,0.0,0.026852312282446545,54,1015,0,996,54,2011,0.053201970443349754,0.02855437269923391,0.0565963320844015,0.0,0.02855437269923391,1915884,,,,,,,,,,,,,,,,,,,,,,,,,,,,,,,,,,assumed,none,none,0,0,0,0,0,0,0,0,The classical BB84 channel is assumed authenticated externally.,,,,"{""implementation"":""cpython"",""platform"":""Windows-11-10.0.26200-SP0"",""processor"":""Intel64 Family 6 Model 158 Stepping 12, GenuineIntel"",""python"":""3.14.7""}",,,,,,,,,,,,,,,,,,,,,,,,,3367873200,"{""events"":[{""detail"":""QKD-ASSUMED"",""sequence"":0,""source"":""session"",""stage"":""session"",""state"":""started""},{""detail"":""BB84 post-processing completed."",""sequence"":1,""source"":""qkd"",""stage"":""bb84"",""state"":""completed""},{""detail"":""The classical BB84 channel is assumed authenticated externally."",""sequence"":2,""source"":""qkd"",""stage"":""classical_authentication"",""state"":""assumed_not_executed""},{""detail"":""Final key released after all profile checks."",""sequence"":3,""source"":""qkd"",""stage"":""key_release"",""state"":""released""},{""detail"":""Authenticated QKD key released."",""sequence"":4,""source"":""session"",""stage"":""session"",""state"":""established""}],""version"":1}"
1,074d4dab-f49d-4e24-9df5-212da5afc34a,E2,bit-flip-0.05,6,1,eafcdacf-9f23-4290-b8e6-0d06ba663426,false,,0,86,2026-09-08T07:47:50.582489+00:00,4623118784674329121,QKD-ASSUMED,6311,3.14.7,CPython,2.5.0,0.16.0,0.16.0,50.0.1,0.1.0,Windows,11,10.0.26200,AMD64,"Intel64 Family 6 Model 158 Stepping 12, GenuineIntel",ac46477bb374bde1c0ace1ef0bcfbc26b199dcfa,true,1,E2,bit-flip-0.05,6,4623118784674329121,1,QKD-ASSUMED,QKD-ASSUMED,20000,"{""cascade_initial_block_factor"":0.73,""cascade_maximum_initial_block_size"":null,""cascade_maximum_lookback_steps"":null,""cascade_passes"":4,""phase_error_abort_threshold"":0.11,""sample_fraction"":0.2,""security_margin_bits"":0,""verification_tag_length"":32}",,[],"{""condition_id"":""bit-flip-0.05"",""experiment_kind"":""E2"",""qkd_stages"":[{""p"":0.05,""type"":""bit_flip""}],""replicate_index"":6,""seed"":4623118784674329121,""session"":{""internal_pqc_profile"":null,""profile"":""QKD-ASSUMED"",""qkd_authentication_profile"":""QKD-ASSUMED"",""qkd_postprocessing"":{""cascade_initial_block_factor"":0.73,""cascade_maximum_initial_block_size"":null,""cascade_maximum_lookback_steps"":null,""cascade_passes"":4,""phase_error_abort_threshold"":0.11,""sample_fraction"":0.2,""security_margin_bits"":0,""verification_tag_length"":32},""qkd_signal_count"":20000,""version"":1},""tags"":[],""version"":1}","[{""p"":0.05,""type"":""bit_flip""}]",,authentication explicitly assumed; no runtime material,,,,,,false,1,d338ba04084a35790b95f548e36b2386,QKD-ASSUMED,established,,qkd_bitstring,4460,"[{""algorithm"":""privacy-amplified-bitstring"",""bit_length"":4460,""byte_length"":558,""encoding"":""big-endian packed bits with explicit bit length"",""position"":1,""protocol"":""BB84"",""source"":""qkd""}]","{""pqc_exchange"":null,""qkd_classical"":{""algorithm"":""none"",""executed"":false,""mechanism"":""assumed"",""purpose"":""QKD classical transcript authentication"",""trust_assumption"":""The classical BB84 channel is assumed authenticated externally."",""verified"":null}}","{""qkd_transcript_hash_sha384"":""2c4d120b123e68cf57b0d9843142eb480b87cf16a1a2816bd579ed20c787f8dc157e26a5975f9e00e1559e5575022e4f"",""qkd_transcript_version"":1}",3390791200,20000,9978,1997,7981,7981,4460,0.4989,0.223,0.040594059405940595,0.0,0.020530796194291438,41,1010,0,987,41,1997,0.040594059405940595,0.023652034475846864,0.04676045175351694,0.0,0.023652034475846864,1828774,,,,,,,,,,,,,,,,,,,,,,,,,,,,,,,,,,assumed,none,none,0,0,0,0,0,0,0,0,The classical BB84 channel is assumed authenticated externally.,,,,"{""implementation"":""cpython"",""platform"":""Windows-11-10.0.26200-SP0"",""processor"":""Intel64 Family 6 Model 158 Stepping 12, GenuineIntel"",""python"":""3.14.7""}",,,,,,,,,,,,,,,,,,,,,,,,,3390791200,"{""events"":[{""detail"":""QKD-ASSUMED"",""sequence"":0,""source"":""session"",""stage"":""session"",""state"":""started""},{""detail"":""BB84 post-processing completed."",""sequence"":1,""source"":""qkd"",""stage"":""bb84"",""state"":""completed""},{""detail"":""The classical BB84 channel is assumed authenticated externally."",""sequence"":2,""source"":""qkd"",""stage"":""classical_authentication"",""state"":""assumed_not_executed""},{""detail"":""Final key released after all profile checks."",""sequence"":3,""source"":""qkd"",""stage"":""key_release"",""state"":""released""},{""detail"":""Authenticated QKD key released."",""sequence"":4,""source"":""session"",""stage"":""session"",""state"":""established""}],""version"":1}"
1,82cab126-930b-4a80-b59f-6f23ac5e4331,E2,bit-flip-0.05,7,1,eafcdacf-9f23-4290-b8e6-0d06ba663426,false,,0,87,2026-09-08T07:47:54.039104+00:00,363618119855083900,QKD-ASSUMED,6282,3.14.7,CPython,2.5.0,0.16.0,0.16.0,50.0.1,0.1.0,Windows,11,10.0.26200,AMD64,"Intel64 Family 6 Model 158 Stepping 12, GenuineIntel",ac46477bb374bde1c0ace1ef0bcfbc26b199dcfa,true,1,E2,bit-flip-0.05,7,363618119855083900,1,QKD-ASSUMED,QKD-ASSUMED,20000,"{""cascade_initial_block_factor"":0.73,""cascade_maximum_initial_block_size"":null,""cascade_maximum_lookback_steps"":null,""cascade_passes"":4,""phase_error_abort_threshold"":0.11,""sample_fraction"":0.2,""security_margin_bits"":0,""verification_tag_length"":32}",,[],"{""condition_id"":""bit-flip-0.05"",""experiment_kind"":""E2"",""qkd_stages"":[{""p"":0.05,""type"":""bit_flip""}],""replicate_index"":7,""seed"":363618119855083900,""session"":{""internal_pqc_profile"":null,""profile"":""QKD-ASSUMED"",""qkd_authentication_profile"":""QKD-ASSUMED"",""qkd_postprocessing"":{""cascade_initial_block_factor"":0.73,""cascade_maximum_initial_block_size"":null,""cascade_maximum_lookback_steps"":null,""cascade_passes"":4,""phase_error_abort_threshold"":0.11,""sample_fraction"":0.2,""security_margin_bits"":0,""verification_tag_length"":32},""qkd_signal_count"":20000,""version"":1},""tags"":[],""version"":1}","[{""p"":0.05,""type"":""bit_flip""}]",,authentication explicitly assumed; no runtime material,,,,,,false,1,2381b5fecddf61b96894f9686dc8e0cb,QKD-ASSUMED,established,,qkd_bitstring,4567,"[{""algorithm"":""privacy-amplified-bitstring"",""bit_length"":4567,""byte_length"":571,""encoding"":""big-endian packed bits with explicit bit length"",""position"":1,""protocol"":""BB84"",""source"":""qkd""}]","{""pqc_exchange"":null,""qkd_classical"":{""algorithm"":""none"",""executed"":false,""mechanism"":""assumed"",""purpose"":""QKD classical transcript authentication"",""trust_assumption"":""The classical BB84 channel is assumed authenticated externally."",""verified"":null}}","{""qkd_transcript_hash_sha384"":""706407a2d1d864a0a46e3793f977c8df87a5ae1f6242ea8155e1f485daa4c7c952b893205c051d9be7839bec8e962962"",""qkd_transcript_version"":1}",3383763700,20000,10051,2011,8040,8040,4567,0.50255,0.22835,0.039,0.0,0.019393336648433616,39,1000,0,1011,39,2011,0.039,0.02338075813351905,0.04700940188037608,0.0,0.02338075813351905,1835950,,,,,,,,,,,,,,,,,,,,,,,,,,,,,,,,,,assumed,none,none,0,0,0,0,0,0,0,0,The classical BB84 channel is assumed authenticated externally.,,,,"{""implementation"":""cpython"",""platform"":""Windows-11-10.0.26200-SP0"",""processor"":""Intel64 Family 6 Model 158 Stepping 12, GenuineIntel"",""python"":""3.14.7""}",,,,,,,,,,,,,,,,,,,,,,,,,3383763700,"{""events"":[{""detail"":""QKD-ASSUMED"",""sequence"":0,""source"":""session"",""stage"":""session"",""state"":""started""},{""detail"":""BB84 post-processing completed."",""sequence"":1,""source"":""qkd"",""stage"":""bb84"",""state"":""completed""},{""detail"":""The classical BB84 channel is assumed authenticated externally."",""sequence"":2,""source"":""qkd"",""stage"":""classical_authentication"",""state"":""assumed_not_executed""},{""detail"":""Final key released after all profile checks."",""sequence"":3,""source"":""qkd"",""stage"":""key_release"",""state"":""released""},{""detail"":""Authenticated QKD key released."",""sequence"":4,""source"":""session"",""stage"":""session"",""state"":""established""}],""version"":1}"
1,b020027e-e08c-4f44-8a9d-ee9aeaf0105f,E2,bit-flip-0.05,8,1,eafcdacf-9f23-4290-b8e6-0d06ba663426,false,,0,88,2026-09-08T07:47:57.547201+00:00,1707197123009714517,QKD-ASSUMED,6312,3.14.7,CPython,2.5.0,0.16.0,0.16.0,50.0.1,0.1.0,Windows,11,10.0.26200,AMD64,"Intel64 Family 6 Model 158 Stepping 12, GenuineIntel",ac46477bb374bde1c0ace1ef0bcfbc26b199dcfa,true,1,E2,bit-flip-0.05,8,1707197123009714517,1,QKD-ASSUMED,QKD-ASSUMED,20000,"{""cascade_initial_block_factor"":0.73,""cascade_maximum_initial_block_size"":null,""cascade_maximum_lookback_steps"":null,""cascade_passes"":4,""phase_error_abort_threshold"":0.11,""sample_fraction"":0.2,""security_margin_bits"":0,""verification_tag_length"":32}",,[],"{""condition_id"":""bit-flip-0.05"",""experiment_kind"":""E2"",""qkd_stages"":[{""p"":0.05,""type"":""bit_flip""}],""replicate_index"":8,""seed"":1707197123009714517,""session"":{""internal_pqc_profile"":null,""profile"":""QKD-ASSUMED"",""qkd_authentication_profile"":""QKD-ASSUMED"",""qkd_postprocessing"":{""cascade_initial_block_factor"":0.73,""cascade_maximum_initial_block_size"":null,""cascade_maximum_lookback_steps"":null,""cascade_passes"":4,""phase_error_abort_threshold"":0.11,""sample_fraction"":0.2,""security_margin_bits"":0,""verification_tag_length"":32},""qkd_signal_count"":20000,""version"":1},""tags"":[],""version"":1}","[{""p"":0.05,""type"":""bit_flip""}]",,authentication explicitly assumed; no runtime material,,,,,,false,1,660d03d7069028e6a5c398ca1b02b881,QKD-ASSUMED,established,,qkd_bitstring,4153,"[{""algorithm"":""privacy-amplified-bitstring"",""bit_length"":4153,""byte_length"":520,""encoding"":""big-endian packed bits with explicit bit length"",""position"":1,""protocol"":""BB84"",""source"":""qkd""}]","{""pqc_exchange"":null,""qkd_classical"":{""algorithm"":""none"",""executed"":false,""mechanism"":""assumed"",""purpose"":""QKD classical transcript authentication"",""trust_assumption"":""The classical BB84 channel is assumed authenticated externally."",""verified"":null}}","{""qkd_transcript_hash_sha384"":""37ec53df145116309fc35e4be42b182afa94bacfd732cdce8d7d9d9d886eef87be7de33ac4691472bb00c461e982f3aa"",""qkd_transcript_version"":1}",3435184900,20000,10006,2002,8004,8004,4153,0.5003,0.20765,0.04795204795204795,0.0,0.023976023976023976,48,1001,0,1001,48,2002,0.04795204795204795,0.02568458924645213,0.051379448220711714,0.0,0.02568458924645213,1838228,,,,,,,,,,,,,,,,,,,,,,,,,,,,,,,,,,assumed,none,none,0,0,0,0,0,0,0,0,The classical BB84 channel is assumed authenticated externally.,,,,"{""implementation"":""cpython"",""platform"":""Windows-11-10.0.26200-SP0"",""processor"":""Intel64 Family 6 Model 158 Stepping 12, GenuineIntel"",""python"":""3.14.7""}",,,,,,,,,,,,,,,,,,,,,,,,,3435184900,"{""events"":[{""detail"":""QKD-ASSUMED"",""sequence"":0,""source"":""session"",""stage"":""session"",""state"":""started""},{""detail"":""BB84 post-processing completed."",""sequence"":1,""source"":""qkd"",""stage"":""bb84"",""state"":""completed""},{""detail"":""The classical BB84 channel is assumed authenticated externally."",""sequence"":2,""source"":""qkd"",""stage"":""classical_authentication"",""state"":""assumed_not_executed""},{""detail"":""Final key released after all profile checks."",""sequence"":3,""source"":""qkd"",""stage"":""key_release"",""state"":""released""},{""detail"":""Authenticated QKD key released."",""sequence"":4,""source"":""session"",""stage"":""session"",""state"":""established""}],""version"":1}"
1,83747655-dd35-4212-98c4-89ac530e6cab,E2,bit-flip-0.05,9,1,eafcdacf-9f23-4290-b8e6-0d06ba663426,false,,0,89,2026-09-08T07:48:01.030446+00:00,496106073835432493,QKD-ASSUMED,6311,3.14.7,CPython,2.5.0,0.16.0,0.16.0,50.0.1,0.1.0,Windows,11,10.0.26200,AMD64,"Intel64 Family 6 Model 158 Stepping 12, GenuineIntel",ac46477bb374bde1c0ace1ef0bcfbc26b199dcfa,true,1,E2,bit-flip-0.05,9,496106073835432493,1,QKD-ASSUMED,QKD-ASSUMED,20000,"{""cascade_initial_block_factor"":0.73,""cascade_maximum_initial_block_size"":null,""cascade_maximum_lookback_steps"":null,""cascade_passes"":4,""phase_error_abort_threshold"":0.11,""sample_fraction"":0.2,""security_margin_bits"":0,""verification_tag_length"":32}",,[],"{""condition_id"":""bit-flip-0.05"",""experiment_kind"":""E2"",""qkd_stages"":[{""p"":0.05,""type"":""bit_flip""}],""replicate_index"":9,""seed"":496106073835432493,""session"":{""internal_pqc_profile"":null,""profile"":""QKD-ASSUMED"",""qkd_authentication_profile"":""QKD-ASSUMED"",""qkd_postprocessing"":{""cascade_initial_block_factor"":0.73,""cascade_maximum_initial_block_size"":null,""cascade_maximum_lookback_steps"":null,""cascade_passes"":4,""phase_error_abort_threshold"":0.11,""sample_fraction"":0.2,""security_margin_bits"":0,""verification_tag_length"":32},""qkd_signal_count"":20000,""version"":1},""tags"":[],""version"":1}","[{""p"":0.05,""type"":""bit_flip""}]",,authentication explicitly assumed; no runtime material,,,,,,false,1,5999f7956c942d9e8e05dec3e0e96790,QKD-ASSUMED,established,,qkd_bitstring,3927,"[{""algorithm"":""privacy-amplified-bitstring"",""bit_length"":3927,""byte_length"":491,""encoding"":""big-endian packed bits with explicit bit length"",""position"":1,""protocol"":""BB84"",""source"":""qkd""}]","{""pqc_exchange"":null,""qkd_classical"":{""algorithm"":""none"",""executed"":false,""mechanism"":""assumed"",""purpose"":""QKD classical transcript authentication"",""trust_assumption"":""The classical BB84 channel is assumed authenticated externally."",""verified"":null}}","{""qkd_transcript_hash_sha384"":""952251358829a36d43d98d2337cf8c8b036366dbc683921c7c88843acd4572dfc32220d62ef6f419fa763adb1ae774ba"",""qkd_transcript_version"":1}",3410572200,20000,10050,2011,8039,8039,3927,0.5025,0.19635,0.05309734513274336,0.0,0.026852312282446545,54,1017,0,994,54,2011,0.05309734513274336,0.026965174129353234,0.053314971473539245,0.0,0.026965174129353234,1866974,,,,,,,,,,,,,,,,,,,,,,,,,,,,,,,,,,assumed,none,none,0,0,0,0,0,0,0,0,The classical BB84 channel is assumed authenticated externally.,,,,"{""implementation"":""cpython"",""platform"":""Windows-11-10.0.26200-SP0"",""processor"":""Intel64 Family 6 Model 158 Stepping 12, GenuineIntel"",""python"":""3.14.7""}",,,,,,,,,,,,,,,,,,,,,,,,,3410572200,"{""events"":[{""detail"":""QKD-ASSUMED"",""sequence"":0,""source"":""session"",""stage"":""session"",""state"":""started""},{""detail"":""BB84 post-processing completed."",""sequence"":1,""source"":""qkd"",""stage"":""bb84"",""state"":""completed""},{""detail"":""The classical BB84 channel is assumed authenticated externally."",""sequence"":2,""source"":""qkd"",""stage"":""classical_authentication"",""state"":""assumed_not_executed""},{""detail"":""Final key released after all profile checks."",""sequence"":3,""source"":""qkd"",""stage"":""key_release"",""state"":""released""},{""detail"":""Authenticated QKD key released."",""sequence"":4,""source"":""session"",""stage"":""session"",""state"":""established""}],""version"":1}"
1,22654f3f-dd8c-411c-a5d5-d58e95dc07fb,E2,bit-flip-0.10,0,1,eafcdacf-9f23-4290-b8e6-0d06ba663426,false,,0,90,2026-09-08T07:48:04.546734+00:00,13316767510703652155,QKD-ASSUMED,6311,3.14.7,CPython,2.5.0,0.16.0,0.16.0,50.0.1,0.1.0,Windows,11,10.0.26200,AMD64,"Intel64 Family 6 Model 158 Stepping 12, GenuineIntel",ac46477bb374bde1c0ace1ef0bcfbc26b199dcfa,true,1,E2,bit-flip-0.10,0,13316767510703652155,1,QKD-ASSUMED,QKD-ASSUMED,20000,"{""cascade_initial_block_factor"":0.73,""cascade_maximum_initial_block_size"":null,""cascade_maximum_lookback_steps"":null,""cascade_passes"":4,""phase_error_abort_threshold"":0.11,""sample_fraction"":0.2,""security_margin_bits"":0,""verification_tag_length"":32}",,[],"{""condition_id"":""bit-flip-0.10"",""experiment_kind"":""E2"",""qkd_stages"":[{""p"":0.1,""type"":""bit_flip""}],""replicate_index"":0,""seed"":13316767510703652155,""session"":{""internal_pqc_profile"":null,""profile"":""QKD-ASSUMED"",""qkd_authentication_profile"":""QKD-ASSUMED"",""qkd_postprocessing"":{""cascade_initial_block_factor"":0.73,""cascade_maximum_initial_block_size"":null,""cascade_maximum_lookback_steps"":null,""cascade_passes"":4,""phase_error_abort_threshold"":0.11,""sample_fraction"":0.2,""security_margin_bits"":0,""verification_tag_length"":32},""qkd_signal_count"":20000,""version"":1},""tags"":[],""version"":1}","[{""p"":0.1,""type"":""bit_flip""}]",,authentication explicitly assumed; no runtime material,,,,,,false,1,edc69136377cd1ced4281cb2f18eccdc,QKD-ASSUMED,established,,qkd_bitstring,1994,"[{""algorithm"":""privacy-amplified-bitstring"",""bit_length"":1994,""byte_length"":250,""encoding"":""big-endian packed bits with explicit bit length"",""position"":1,""protocol"":""BB84"",""source"":""qkd""}]","{""pqc_exchange"":null,""qkd_classical"":{""algorithm"":""none"",""executed"":false,""mechanism"":""assumed"",""purpose"":""QKD classical transcript authentication"",""trust_assumption"":""The classical BB84 channel is assumed authenticated externally."",""verified"":null}}","{""qkd_transcript_hash_sha384"":""f0d82f0079200102fb9bb46623ee6e5ce4838d326ce95304080d9ba7d15bcf9086cb604f066dd13c40182150350e4c07"",""qkd_transcript_version"":1}",3435092800,20000,10088,2018,8070,8070,1994,0.5044,0.0997,0.08134920634920635,0.0,0.040634291377601585,82,1008,0,1010,82,2018,0.08134920634920635,0.04976209357652656,0.09964271536323938,0.0,0.04976209357652656,2436730,,,,,,,,,,,,,,,,,,,,,,,,,,,,,,,,,,assumed,none,none,0,0,0,0,0,0,0,0,The classical BB84 channel is assumed authenticated externally.,,,,"{""implementation"":""cpython"",""platform"":""Windows-11-10.0.26200-SP0"",""processor"":""Intel64 Family 6 Model 158 Stepping 12, GenuineIntel"",""python"":""3.14.7""}",,,,,,,,,,,,,,,,,,,,,,,,,3435092800,"{""events"":[{""detail"":""QKD-ASSUMED"",""sequence"":0,""source"":""session"",""stage"":""session"",""state"":""started""},{""detail"":""BB84 post-processing completed."",""sequence"":1,""source"":""qkd"",""stage"":""bb84"",""state"":""completed""},{""detail"":""The classical BB84 channel is assumed authenticated externally."",""sequence"":2,""source"":""qkd"",""stage"":""classical_authentication"",""state"":""assumed_not_executed""},{""detail"":""Final key released after all profile checks."",""sequence"":3,""source"":""qkd"",""stage"":""key_release"",""state"":""released""},{""detail"":""Authenticated QKD key released."",""sequence"":4,""source"":""session"",""stage"":""session"",""state"":""established""}],""version"":1}"
1,6db7889c-cec7-48c4-bd0a-98b0a61819b4,E2,bit-flip-0.10,1,1,eafcdacf-9f23-4290-b8e6-0d06ba663426,false,,0,91,2026-09-08T07:48:08.025898+00:00,5107503539430756295,QKD-ASSUMED,6309,3.14.7,CPython,2.5.0,0.16.0,0.16.0,50.0.1,0.1.0,Windows,11,10.0.26200,AMD64,"Intel64 Family 6 Model 158 Stepping 12, GenuineIntel",ac46477bb374bde1c0ace1ef0bcfbc26b199dcfa,true,1,E2,bit-flip-0.10,1,5107503539430756295,1,QKD-ASSUMED,QKD-ASSUMED,20000,"{""cascade_initial_block_factor"":0.73,""cascade_maximum_initial_block_size"":null,""cascade_maximum_lookback_steps"":null,""cascade_passes"":4,""phase_error_abort_threshold"":0.11,""sample_fraction"":0.2,""security_margin_bits"":0,""verification_tag_length"":32}",,[],"{""condition_id"":""bit-flip-0.10"",""experiment_kind"":""E2"",""qkd_stages"":[{""p"":0.1,""type"":""bit_flip""}],""replicate_index"":1,""seed"":5107503539430756295,""session"":{""internal_pqc_profile"":null,""profile"":""QKD-ASSUMED"",""qkd_authentication_profile"":""QKD-ASSUMED"",""qkd_postprocessing"":{""cascade_initial_block_factor"":0.73,""cascade_maximum_initial_block_size"":null,""cascade_maximum_lookback_steps"":null,""cascade_passes"":4,""phase_error_abort_threshold"":0.11,""sample_fraction"":0.2,""security_margin_bits"":0,""verification_tag_length"":32},""qkd_signal_count"":20000,""version"":1},""tags"":[],""version"":1}","[{""p"":0.1,""type"":""bit_flip""}]",,authentication explicitly assumed; no runtime material,,,,,,false,1,2637c511d5391ef48706f01f4633cff5,QKD-ASSUMED,established,,qkd_bitstring,1573,"[{""algorithm"":""privacy-amplified-bitstring"",""bit_length"":1573,""byte_length"":197,""encoding"":""big-endian packed bits with explicit bit length"",""position"":1,""protocol"":""BB84"",""source"":""qkd""}]","{""pqc_exchange"":null,""qkd_classical"":{""algorithm"":""none"",""executed"":false,""mechanism"":""assumed"",""purpose"":""QKD classical transcript authentication"",""trust_assumption"":""The classical BB84 channel is assumed authenticated externally."",""verified"":null}}","{""qkd_transcript_hash_sha384"":""4d89c8739fccba05fd4cb39e3f7bf5bea3f45c08856fff9b0ac41a8d1dac531ba843472a0210e9d12f28ef4c38493027"",""qkd_transcript_version"":1}",3400009300,20000,10025,2005,8020,8020,1573,0.50125,0.07865,0.09758551307847083,0.0,0.04837905236907731,97,994,0,1011,97,2005,0.09758551307847083,0.04997506234413965,0.10080482897384306,0.0,0.04997506234413965,2372801,,,,,,,,,,,,,,,,,,,,,,,,,,,,,,,,,,assumed,none,none,0,0,0,0,0,0,0,0,The classical BB84 channel is assumed authenticated externally.,,,,"{""implementation"":""cpython"",""platform"":""Windows-11-10.0.26200-SP0"",""processor"":""Intel64 Family 6 Model 158 Stepping 12, GenuineIntel"",""python"":""3.14.7""}",,,,,,,,,,,,,,,,,,,,,,,,,3400009300,"{""events"":[{""detail"":""QKD-ASSUMED"",""sequence"":0,""source"":""session"",""stage"":""session"",""state"":""started""},{""detail"":""BB84 post-processing completed."",""sequence"":1,""source"":""qkd"",""stage"":""bb84"",""state"":""completed""},{""detail"":""The classical BB84 channel is assumed authenticated externally."",""sequence"":2,""source"":""qkd"",""stage"":""classical_authentication"",""state"":""assumed_not_executed""},{""detail"":""Final key released after all profile checks."",""sequence"":3,""source"":""qkd"",""stage"":""key_release"",""state"":""released""},{""detail"":""Authenticated QKD key released."",""sequence"":4,""source"":""session"",""stage"":""session"",""state"":""established""}],""version"":1}"
1,1fb4c541-e3bf-4c20-900f-318b99796844,E2,bit-flip-0.10,2,1,eafcdacf-9f23-4290-b8e6-0d06ba663426,false,,0,92,2026-09-08T07:48:11.508135+00:00,11905494634730166200,QKD-ASSUMED,6313,3.14.7,CPython,2.5.0,0.16.0,0.16.0,50.0.1,0.1.0,Windows,11,10.0.26200,AMD64,"Intel64 Family 6 Model 158 Stepping 12, GenuineIntel",ac46477bb374bde1c0ace1ef0bcfbc26b199dcfa,true,1,E2,bit-flip-0.10,2,11905494634730166200,1,QKD-ASSUMED,QKD-ASSUMED,20000,"{""cascade_initial_block_factor"":0.73,""cascade_maximum_initial_block_size"":null,""cascade_maximum_lookback_steps"":null,""cascade_passes"":4,""phase_error_abort_threshold"":0.11,""sample_fraction"":0.2,""security_margin_bits"":0,""verification_tag_length"":32}",,[],"{""condition_id"":""bit-flip-0.10"",""experiment_kind"":""E2"",""qkd_stages"":[{""p"":0.1,""type"":""bit_flip""}],""replicate_index"":2,""seed"":11905494634730166200,""session"":{""internal_pqc_profile"":null,""profile"":""QKD-ASSUMED"",""qkd_authentication_profile"":""QKD-ASSUMED"",""qkd_postprocessing"":{""cascade_initial_block_factor"":0.73,""cascade_maximum_initial_block_size"":null,""cascade_maximum_lookback_steps"":null,""cascade_passes"":4,""phase_error_abort_threshold"":0.11,""sample_fraction"":0.2,""security_margin_bits"":0,""verification_tag_length"":32},""qkd_signal_count"":20000,""version"":1},""tags"":[],""version"":1}","[{""p"":0.1,""type"":""bit_flip""}]",,authentication explicitly assumed; no runtime material,,,,,,false,1,6d8c645a756b3a0c912d170406728770,QKD-ASSUMED,established,,qkd_bitstring,1299,"[{""algorithm"":""privacy-amplified-bitstring"",""bit_length"":1299,""byte_length"":163,""encoding"":""big-endian packed bits with explicit bit length"",""position"":1,""protocol"":""BB84"",""source"":""qkd""}]","{""pqc_exchange"":null,""qkd_classical"":{""algorithm"":""none"",""executed"":false,""mechanism"":""assumed"",""purpose"":""QKD classical transcript authentication"",""trust_assumption"":""The classical BB84 channel is assumed authenticated externally."",""verified"":null}}","{""qkd_transcript_hash_sha384"":""c571e0eb5f4f96a3b7a44777b8018bcc543a7c783021ce48d0aaeb2b51c05df04ad9585178b04c601562b8983e479696"",""qkd_transcript_version"":1}",3403122300,20000,9936,1988,7948,7948,1299,0.4968,0.06495,0.10728744939271255,0.0,0.05331991951710262,106,988,0,1000,106,1988,0.10728744939271255,0.050422705314009664,0.10149918962722852,0.0,0.050422705314009664,2352431,,,,,,,,,,,,,,,,,,,,,,,,,,,,,,,,,,assumed,none,none,0,0,0,0,0,0,0,0,The classical BB84 channel is assumed authenticated externally.,,,,"{""implementation"":""cpython"",""platform"":""Windows-11-10.0.26200-SP0"",""processor"":""Intel64 Family 6 Model 158 Stepping 12, GenuineIntel"",""python"":""3.14.7""}",,,,,,,,,,,,,,,,,,,,,,,,,3403122300,"{""events"":[{""detail"":""QKD-ASSUMED"",""sequence"":0,""source"":""session"",""stage"":""session"",""state"":""started""},{""detail"":""BB84 post-processing completed."",""sequence"":1,""source"":""qkd"",""stage"":""bb84"",""state"":""completed""},{""detail"":""The classical BB84 channel is assumed authenticated externally."",""sequence"":2,""source"":""qkd"",""stage"":""classical_authentication"",""state"":""assumed_not_executed""},{""detail"":""Final key released after all profile checks."",""sequence"":3,""source"":""qkd"",""stage"":""key_release"",""state"":""released""},{""detail"":""Authenticated QKD key released."",""sequence"":4,""source"":""session"",""stage"":""session"",""state"":""established""}],""version"":1}"
1,a60fd246-0c8f-424f-9442-fea654170f75,E2,bit-flip-0.10,3,1,eafcdacf-9f23-4290-b8e6-0d06ba663426,false,,0,93,2026-09-08T07:48:14.976453+00:00,2168077180077679494,QKD-ASSUMED,6308,3.14.7,CPython,2.5.0,0.16.0,0.16.0,50.0.1,0.1.0,Windows,11,10.0.26200,AMD64,"Intel64 Family 6 Model 158 Stepping 12, GenuineIntel",ac46477bb374bde1c0ace1ef0bcfbc26b199dcfa,true,1,E2,bit-flip-0.10,3,2168077180077679494,1,QKD-ASSUMED,QKD-ASSUMED,20000,"{""cascade_initial_block_factor"":0.73,""cascade_maximum_initial_block_size"":null,""cascade_maximum_lookback_steps"":null,""cascade_passes"":4,""phase_error_abort_threshold"":0.11,""sample_fraction"":0.2,""security_margin_bits"":0,""verification_tag_length"":32}",,[],"{""condition_id"":""bit-flip-0.10"",""experiment_kind"":""E2"",""qkd_stages"":[{""p"":0.1,""type"":""bit_flip""}],""replicate_index"":3,""seed"":2168077180077679494,""session"":{""internal_pqc_profile"":null,""profile"":""QKD-ASSUMED"",""qkd_authentication_profile"":""QKD-ASSUMED"",""qkd_postprocessing"":{""cascade_initial_block_factor"":0.73,""cascade_maximum_initial_block_size"":null,""cascade_maximum_lookback_steps"":null,""cascade_passes"":4,""phase_error_abort_threshold"":0.11,""sample_fraction"":0.2,""security_margin_bits"":0,""verification_tag_length"":32},""qkd_signal_count"":20000,""version"":1},""tags"":[],""version"":1}","[{""p"":0.1,""type"":""bit_flip""}]",,authentication explicitly assumed; no runtime material,,,,,,false,1,95477722e5695d709566dbd9a6322dd0,QKD-ASSUMED,established,,qkd_bitstring,1819,"[{""algorithm"":""privacy-amplified-bitstring"",""bit_length"":1819,""byte_length"":228,""encoding"":""big-endian packed bits with explicit bit length"",""position"":1,""protocol"":""BB84"",""source"":""qkd""}]","{""pqc_exchange"":null,""qkd_classical"":{""algorithm"":""none"",""executed"":false,""mechanism"":""assumed"",""purpose"":""QKD classical transcript authentication"",""trust_assumption"":""The classical BB84 channel is assumed authenticated externally."",""verified"":null}}","{""qkd_transcript_hash_sha384"":""af189c9d9e861ff8ee52c310f09bf41dce10928f7c6f64a9dbeadff09fe553e45dfbc8fa516a961fb4af5a5631b25583"",""qkd_transcript_version"":1}",3387682400,20000,9889,1979,7910,7910,1819,0.49445,0.09095,0.08997955010224949,0.0,0.04446690247599798,88,978,0,1001,88,1979,0.08997955010224949,0.04803316816664981,0.09719664415797012,0.0,0.04803316816664981,2319790,,,,,,,,,,,,,,,,,,,,,,,,,,,,,,,,,,assumed,none,none,0,0,0,0,0,0,0,0,The classical BB84 channel is assumed authenticated externally.,,,,"{""implementation"":""cpython"",""platform"":""Windows-11-10.0.26200-SP0"",""processor"":""Intel64 Family 6 Model 158 Stepping 12, GenuineIntel"",""python"":""3.14.7""}",,,,,,,,,,,,,,,,,,,,,,,,,3387682400,"{""events"":[{""detail"":""QKD-ASSUMED"",""sequence"":0,""source"":""session"",""stage"":""session"",""state"":""started""},{""detail"":""BB84 post-processing completed."",""sequence"":1,""source"":""qkd"",""stage"":""bb84"",""state"":""completed""},{""detail"":""The classical BB84 channel is assumed authenticated externally."",""sequence"":2,""source"":""qkd"",""stage"":""classical_authentication"",""state"":""assumed_not_executed""},{""detail"":""Final key released after all profile checks."",""sequence"":3,""source"":""qkd"",""stage"":""key_release"",""state"":""released""},{""detail"":""Authenticated QKD key released."",""sequence"":4,""source"":""session"",""stage"":""session"",""state"":""established""}],""version"":1}"
1,3915e30d-4b49-4d1d-a4ad-35eedad7dd61,E2,bit-flip-0.10,4,1,eafcdacf-9f23-4290-b8e6-0d06ba663426,false,,0,94,2026-09-08T07:48:18.465362+00:00,1386722418881452255,QKD-ASSUMED,6313,3.14.7,CPython,2.5.0,0.16.0,0.16.0,50.0.1,0.1.0,Windows,11,10.0.26200,AMD64,"Intel64 Family 6 Model 158 Stepping 12, GenuineIntel",ac46477bb374bde1c0ace1ef0bcfbc26b199dcfa,true,1,E2,bit-flip-0.10,4,1386722418881452255,1,QKD-ASSUMED,QKD-ASSUMED,20000,"{""cascade_initial_block_factor"":0.73,""cascade_maximum_initial_block_size"":null,""cascade_maximum_lookback_steps"":null,""cascade_passes"":4,""phase_error_abort_threshold"":0.11,""sample_fraction"":0.2,""security_margin_bits"":0,""verification_tag_length"":32}",,[],"{""condition_id"":""bit-flip-0.10"",""experiment_kind"":""E2"",""qkd_stages"":[{""p"":0.1,""type"":""bit_flip""}],""replicate_index"":4,""seed"":1386722418881452255,""session"":{""internal_pqc_profile"":null,""profile"":""QKD-ASSUMED"",""qkd_authentication_profile"":""QKD-ASSUMED"",""qkd_postprocessing"":{""cascade_initial_block_factor"":0.73,""cascade_maximum_initial_block_size"":null,""cascade_maximum_lookback_steps"":null,""cascade_passes"":4,""phase_error_abort_threshold"":0.11,""sample_fraction"":0.2,""security_margin_bits"":0,""verification_tag_length"":32},""qkd_signal_count"":20000,""version"":1},""tags"":[],""version"":1}","[{""p"":0.1,""type"":""bit_flip""}]",,authentication explicitly assumed; no runtime material,,,,,,false,1,1d940453eff58ed41b45ffb65843fa37,QKD-ASSUMED,established,,qkd_bitstring,1327,"[{""algorithm"":""privacy-amplified-bitstring"",""bit_length"":1327,""byte_length"":166,""encoding"":""big-endian packed bits with explicit bit length"",""position"":1,""protocol"":""BB84"",""source"":""qkd""}]","{""pqc_exchange"":null,""qkd_classical"":{""algorithm"":""none"",""executed"":false,""mechanism"":""assumed"",""purpose"":""QKD classical transcript authentication"",""trust_assumption"":""The classical BB84 channel is assumed authenticated externally."",""verified"":null}}","{""qkd_transcript_hash_sha384"":""6623b2fc356d5dceace17e8851ed0392f1fdde98fb59e06b0d7750027cba7b05dbdf4e7a599756ac8009d5f87aa001b6"",""qkd_transcript_version"":1}",3409132300,20000,10050,2011,8039,8039,1327,0.5025,0.06635,0.10531594784353059,0.0,0.052212829438090504,105,997,0,1014,105,2011,0.10531594784353059,0.050945273631840794,0.10276997189883581,0.0,0.050945273631840794,2401411,,,,,,,,,,,,,,,,,,,,,,,,,,,,,,,,,,assumed,none,none,0,0,0,0,0,0,0,0,The classical BB84 channel is assumed authenticated externally.,,,,"{""implementation"":""cpython"",""platform"":""Windows-11-10.0.26200-SP0"",""processor"":""Intel64 Family 6 Model 158 Stepping 12, GenuineIntel"",""python"":""3.14.7""}",,,,,,,,,,,,,,,,,,,,,,,,,3409132300,"{""events"":[{""detail"":""QKD-ASSUMED"",""sequence"":0,""source"":""session"",""stage"":""session"",""state"":""started""},{""detail"":""BB84 post-processing completed."",""sequence"":1,""source"":""qkd"",""stage"":""bb84"",""state"":""completed""},{""detail"":""The classical BB84 channel is assumed authenticated externally."",""sequence"":2,""source"":""qkd"",""stage"":""classical_authentication"",""state"":""assumed_not_executed""},{""detail"":""Final key released after all profile checks."",""sequence"":3,""source"":""qkd"",""stage"":""key_release"",""state"":""released""},{""detail"":""Authenticated QKD key released."",""sequence"":4,""source"":""session"",""stage"":""session"",""state"":""established""}],""version"":1}"
1,53e9af58-09bf-4632-8f1e-003662714503,E2,bit-flip-0.10,5,1,eafcdacf-9f23-4290-b8e6-0d06ba663426,false,,0,95,2026-09-08T07:48:21.972922+00:00,14295978665732437474,QKD-ASSUMED,6311,3.14.7,CPython,2.5.0,0.16.0,0.16.0,50.0.1,0.1.0,Windows,11,10.0.26200,AMD64,"Intel64 Family 6 Model 158 Stepping 12, GenuineIntel",ac46477bb374bde1c0ace1ef0bcfbc26b199dcfa,true,1,E2,bit-flip-0.10,5,14295978665732437474,1,QKD-ASSUMED,QKD-ASSUMED,20000,"{""cascade_initial_block_factor"":0.73,""cascade_maximum_initial_block_size"":null,""cascade_maximum_lookback_steps"":null,""cascade_passes"":4,""phase_error_abort_threshold"":0.11,""sample_fraction"":0.2,""security_margin_bits"":0,""verification_tag_length"":32}",,[],"{""condition_id"":""bit-flip-0.10"",""experiment_kind"":""E2"",""qkd_stages"":[{""p"":0.1,""type"":""bit_flip""}],""replicate_index"":5,""seed"":14295978665732437474,""session"":{""internal_pqc_profile"":null,""profile"":""QKD-ASSUMED"",""qkd_authentication_profile"":""QKD-ASSUMED"",""qkd_postprocessing"":{""cascade_initial_block_factor"":0.73,""cascade_maximum_initial_block_size"":null,""cascade_maximum_lookback_steps"":null,""cascade_passes"":4,""phase_error_abort_threshold"":0.11,""sample_fraction"":0.2,""security_margin_bits"":0,""verification_tag_length"":32},""qkd_signal_count"":20000,""version"":1},""tags"":[],""version"":1}","[{""p"":0.1,""type"":""bit_flip""}]",,authentication explicitly assumed; no runtime material,,,,,,false,1,156eb95d272330e7a53cdfe3f916331b,QKD-ASSUMED,established,,qkd_bitstring,1524,"[{""algorithm"":""privacy-amplified-bitstring"",""bit_length"":1524,""byte_length"":191,""encoding"":""big-endian packed bits with explicit bit length"",""position"":1,""protocol"":""BB84"",""source"":""qkd""}]","{""pqc_exchange"":null,""qkd_classical"":{""algorithm"":""none"",""executed"":false,""mechanism"":""assumed"",""purpose"":""QKD classical transcript authentication"",""trust_assumption"":""The classical BB84 channel is assumed authenticated externally."",""verified"":null}}","{""qkd_transcript_hash_sha384"":""a303279b82f5bef1357cff926e25d52122f2353afaa68ec7a43e7b0191a67427f3772636c5d0c2c9dc36a04286640120"",""qkd_transcript_version"":1}",3424239100,20000,10013,2003,8010,8010,1524,0.50065,0.0762,0.09919839679358718,0.0,0.04942586120818772,99,998,0,1005,99,2003,0.09919839679358718,0.050434435234195545,0.1012226899178192,0.0,0.050434435234195545,2372369,,,,,,,,,,,,,,,,,,,,,,,,,,,,,,,,,,assumed,none,none,0,0,0,0,0,0,0,0,The classical BB84 channel is assumed authenticated externally.,,,,"{""implementation"":""cpython"",""platform"":""Windows-11-10.0.26200-SP0"",""processor"":""Intel64 Family 6 Model 158 Stepping 12, GenuineIntel"",""python"":""3.14.7""}",,,,,,,,,,,,,,,,,,,,,,,,,3424239100,"{""events"":[{""detail"":""QKD-ASSUMED"",""sequence"":0,""source"":""session"",""stage"":""session"",""state"":""started""},{""detail"":""BB84 post-processing completed."",""sequence"":1,""source"":""qkd"",""stage"":""bb84"",""state"":""completed""},{""detail"":""The classical BB84 channel is assumed authenticated externally."",""sequence"":2,""source"":""qkd"",""stage"":""classical_authentication"",""state"":""assumed_not_executed""},{""detail"":""Final key released after all profile checks."",""sequence"":3,""source"":""qkd"",""stage"":""key_release"",""state"":""released""},{""detail"":""Authenticated QKD key released."",""sequence"":4,""source"":""session"",""stage"":""session"",""state"":""established""}],""version"":1}"
1,c8855714-512a-4109-8a36-c722f1cc88c1,E2,bit-flip-0.10,6,1,eafcdacf-9f23-4290-b8e6-0d06ba663426,false,,0,96,2026-09-08T07:48:25.452750+00:00,16105601352822805534,QKD-ASSUMED,6310,3.14.7,CPython,2.5.0,0.16.0,0.16.0,50.0.1,0.1.0,Windows,11,10.0.26200,AMD64,"Intel64 Family 6 Model 158 Stepping 12, GenuineIntel",ac46477bb374bde1c0ace1ef0bcfbc26b199dcfa,true,1,E2,bit-flip-0.10,6,16105601352822805534,1,QKD-ASSUMED,QKD-ASSUMED,20000,"{""cascade_initial_block_factor"":0.73,""cascade_maximum_initial_block_size"":null,""cascade_maximum_lookback_steps"":null,""cascade_passes"":4,""phase_error_abort_threshold"":0.11,""sample_fraction"":0.2,""security_margin_bits"":0,""verification_tag_length"":32}",,[],"{""condition_id"":""bit-flip-0.10"",""experiment_kind"":""E2"",""qkd_stages"":[{""p"":0.1,""type"":""bit_flip""}],""replicate_index"":6,""seed"":16105601352822805534,""session"":{""internal_pqc_profile"":null,""profile"":""QKD-ASSUMED"",""qkd_authentication_profile"":""QKD-ASSUMED"",""qkd_postprocessing"":{""cascade_initial_block_factor"":0.73,""cascade_maximum_initial_block_size"":null,""cascade_maximum_lookback_steps"":null,""cascade_passes"":4,""phase_error_abort_threshold"":0.11,""sample_fraction"":0.2,""security_margin_bits"":0,""verification_tag_length"":32},""qkd_signal_count"":20000,""version"":1},""tags"":[],""version"":1}","[{""p"":0.1,""type"":""bit_flip""}]",,authentication explicitly assumed; no runtime material,,,,,,false,1,6516eaa6f0ab61345ab31b14b27499d1,QKD-ASSUMED,established,,qkd_bitstring,1739,"[{""algorithm"":""privacy-amplified-bitstring"",""bit_length"":1739,""byte_length"":218,""encoding"":""big-endian packed bits with explicit bit length"",""position"":1,""protocol"":""BB84"",""source"":""qkd""}]","{""pqc_exchange"":null,""qkd_classical"":{""algorithm"":""none"",""executed"":false,""mechanism"":""assumed"",""purpose"":""QKD classical transcript authentication"",""trust_assumption"":""The classical BB84 channel is assumed authenticated externally."",""verified"":null}}","{""qkd_transcript_hash_sha384"":""bcecd6e58272ce4bfa6a7726582b2673777b70ae8dcef8b1cbaa48054929efba1a3d3cf68a7336b3250f278cc67ae1c6"",""qkd_transcript_version"":1}",3402404000,20000,10037,2008,8029,8029,1739,0.50185,0.08695,0.0919080919080919,0.0,0.045816733067729085,92,1001,0,1007,92,2008,0.0919080919080919,0.04941715652087277,0.0991008991008991,0.0,0.04941715652087277,2388564,,,,,,,,,,,,,,,,,,,,,,,,,,,,,,,,,,assumed,none,none,0,0,0,0,0,0,0,0,The classical BB84 channel is assumed authenticated externally.,,,,"{""implementation"":""cpython"",""platform"":""Windows-11-10.0.26200-SP0"",""processor"":""Intel64 Family 6 Model 158 Stepping 12, GenuineIntel"",""python"":""3.14.7""}",,,,,,,,,,,,,,,,,,,,,,,,,3402404000,"{""events"":[{""detail"":""QKD-ASSUMED"",""sequence"":0,""source"":""session"",""stage"":""session"",""state"":""started""},{""detail"":""BB84 post-processing completed."",""sequence"":1,""source"":""qkd"",""stage"":""bb84"",""state"":""completed""},{""detail"":""The classical BB84 channel is assumed authenticated externally."",""sequence"":2,""source"":""qkd"",""stage"":""classical_authentication"",""state"":""assumed_not_executed""},{""detail"":""Final key released after all profile checks."",""sequence"":3,""source"":""qkd"",""stage"":""key_release"",""state"":""released""},{""detail"":""Authenticated QKD key released."",""sequence"":4,""source"":""session"",""stage"":""session"",""state"":""established""}],""version"":1}"
1,84687fc5-774c-46eb-aaeb-55c8bc89dcc4,E2,bit-flip-0.10,7,1,eafcdacf-9f23-4290-b8e6-0d06ba663426,false,,0,97,2026-09-08T07:48:28.927003+00:00,16682073807515748149,QKD-ASSUMED,6293,3.14.7,CPython,2.5.0,0.16.0,0.16.0,50.0.1,0.1.0,Windows,11,10.0.26200,AMD64,"Intel64 Family 6 Model 158 Stepping 12, GenuineIntel",ac46477bb374bde1c0ace1ef0bcfbc26b199dcfa,true,1,E2,bit-flip-0.10,7,16682073807515748149,1,QKD-ASSUMED,QKD-ASSUMED,20000,"{""cascade_initial_block_factor"":0.73,""cascade_maximum_initial_block_size"":null,""cascade_maximum_lookback_steps"":null,""cascade_passes"":4,""phase_error_abort_threshold"":0.11,""sample_fraction"":0.2,""security_margin_bits"":0,""verification_tag_length"":32}",,[],"{""condition_id"":""bit-flip-0.10"",""experiment_kind"":""E2"",""qkd_stages"":[{""p"":0.1,""type"":""bit_flip""}],""replicate_index"":7,""seed"":16682073807515748149,""session"":{""internal_pqc_profile"":null,""profile"":""QKD-ASSUMED"",""qkd_authentication_profile"":""QKD-ASSUMED"",""qkd_postprocessing"":{""cascade_initial_block_factor"":0.73,""cascade_maximum_initial_block_size"":null,""cascade_maximum_lookback_steps"":null,""cascade_passes"":4,""phase_error_abort_threshold"":0.11,""sample_fraction"":0.2,""security_margin_bits"":0,""verification_tag_length"":32},""qkd_signal_count"":20000,""version"":1},""tags"":[],""version"":1}","[{""p"":0.1,""type"":""bit_flip""}]",,authentication explicitly assumed; no runtime material,,,,,,false,1,558bbdaf89c6eb9f159306ee6c6e8451,QKD-ASSUMED,established,,qkd_bitstring,1720,"[{""algorithm"":""privacy-amplified-bitstring"",""bit_length"":1720,""byte_length"":215,""encoding"":""big-endian packed bits with explicit bit length"",""position"":1,""protocol"":""BB84"",""source"":""qkd""}]","{""pqc_exchange"":null,""qkd_classical"":{""algorithm"":""none"",""executed"":false,""mechanism"":""assumed"",""purpose"":""QKD classical transcript authentication"",""trust_assumption"":""The classical BB84 channel is assumed authenticated externally."",""verified"":null}}","{""qkd_transcript_hash_sha384"":""4d9e758108e08699beb0e53d0e15a225a4c6e6b846fd8a20664baa6feedeb64306cff2ab8e8ce7b1609c372455e4be2d"",""qkd_transcript_version"":1}",3394920400,20000,9998,2000,7998,7998,1720,0.4999,0.086,0.08565737051792828,0.0,0.043,86,1004,0,996,86,2000,0.08565737051792828,0.05321064212842568,0.10599721059972106,0.0,0.05321064212842568,2483500,,,,,,,,,,,,,,,,,,,,,,,,,,,,,,,,,,assumed,none,none,0,0,0,0,0,0,0,0,The classical BB84 channel is assumed authenticated externally.,,,,"{""implementation"":""cpython"",""platform"":""Windows-11-10.0.26200-SP0"",""processor"":""Intel64 Family 6 Model 158 Stepping 12, GenuineIntel"",""python"":""3.14.7""}",,,,,,,,,,,,,,,,,,,,,,,,,3394920400,"{""events"":[{""detail"":""QKD-ASSUMED"",""sequence"":0,""source"":""session"",""stage"":""session"",""state"":""started""},{""detail"":""BB84 post-processing completed."",""sequence"":1,""source"":""qkd"",""stage"":""bb84"",""state"":""completed""},{""detail"":""The classical BB84 channel is assumed authenticated externally."",""sequence"":2,""source"":""qkd"",""stage"":""classical_authentication"",""state"":""assumed_not_executed""},{""detail"":""Final key released after all profile checks."",""sequence"":3,""source"":""qkd"",""stage"":""key_release"",""state"":""released""},{""detail"":""Authenticated QKD key released."",""sequence"":4,""source"":""session"",""stage"":""session"",""state"":""established""}],""version"":1}"
1,ed467881-4ba7-48ac-8c6b-3e7ae56b36f3,E2,bit-flip-0.10,8,1,eafcdacf-9f23-4290-b8e6-0d06ba663426,false,,0,98,2026-09-08T07:48:32.398541+00:00,11599258573785097196,QKD-ASSUMED,6311,3.14.7,CPython,2.5.0,0.16.0,0.16.0,50.0.1,0.1.0,Windows,11,10.0.26200,AMD64,"Intel64 Family 6 Model 158 Stepping 12, GenuineIntel",ac46477bb374bde1c0ace1ef0bcfbc26b199dcfa,true,1,E2,bit-flip-0.10,8,11599258573785097196,1,QKD-ASSUMED,QKD-ASSUMED,20000,"{""cascade_initial_block_factor"":0.73,""cascade_maximum_initial_block_size"":null,""cascade_maximum_lookback_steps"":null,""cascade_passes"":4,""phase_error_abort_threshold"":0.11,""sample_fraction"":0.2,""security_margin_bits"":0,""verification_tag_length"":32}",,[],"{""condition_id"":""bit-flip-0.10"",""experiment_kind"":""E2"",""qkd_stages"":[{""p"":0.1,""type"":""bit_flip""}],""replicate_index"":8,""seed"":11599258573785097196,""session"":{""internal_pqc_profile"":null,""profile"":""QKD-ASSUMED"",""qkd_authentication_profile"":""QKD-ASSUMED"",""qkd_postprocessing"":{""cascade_initial_block_factor"":0.73,""cascade_maximum_initial_block_size"":null,""cascade_maximum_lookback_steps"":null,""cascade_passes"":4,""phase_error_abort_threshold"":0.11,""sample_fraction"":0.2,""security_margin_bits"":0,""verification_tag_length"":32},""qkd_signal_count"":20000,""version"":1},""tags"":[],""version"":1}","[{""p"":0.1,""type"":""bit_flip""}]",,authentication explicitly assumed; no runtime material,,,,,,false,1,196ccb1590e7b66b46b6bbde09b5062e,QKD-ASSUMED,established,,qkd_bitstring,1862,"[{""algorithm"":""privacy-amplified-bitstring"",""bit_length"":1862,""byte_length"":233,""encoding"":""big-endian packed bits with explicit bit length"",""position"":1,""protocol"":""BB84"",""source"":""qkd""}]","{""pqc_exchange"":null,""qkd_classical"":{""algorithm"":""none"",""executed"":false,""mechanism"":""assumed"",""purpose"":""QKD classical transcript authentication"",""trust_assumption"":""The classical BB84 channel is assumed authenticated externally."",""verified"":null}}","{""qkd_transcript_hash_sha384"":""bf7681419597570a1f6bbbd906f9c7bdeb656332f71ba72c7fd3be3cbf026ba73b8201822da13e7dd197d1b2324c9c6f"",""qkd_transcript_version"":1}",3392234100,20000,10126,2026,8100,8100,1862,0.5063,0.0931,0.09082125603864734,0.0,0.04639684106614018,94,1035,0,991,94,2026,0.09082125603864734,0.048094015405885836,0.09414266383143244,0.0,0.048094015405885836,2361252,,,,,,,,,,,,,,,,,,,,,,,,,,,,,,,,,,assumed,none,none,0,0,0,0,0,0,0,0,The classical BB84 channel is assumed authenticated externally.,,,,"{""implementation"":""cpython"",""platform"":""Windows-11-10.0.26200-SP0"",""processor"":""Intel64 Family 6 Model 158 Stepping 12, GenuineIntel"",""python"":""3.14.7""}",,,,,,,,,,,,,,,,,,,,,,,,,3392234100,"{""events"":[{""detail"":""QKD-ASSUMED"",""sequence"":0,""source"":""session"",""stage"":""session"",""state"":""started""},{""detail"":""BB84 post-processing completed."",""sequence"":1,""source"":""qkd"",""stage"":""bb84"",""state"":""completed""},{""detail"":""The classical BB84 channel is assumed authenticated externally."",""sequence"":2,""source"":""qkd"",""stage"":""classical_authentication"",""state"":""assumed_not_executed""},{""detail"":""Final key released after all profile checks."",""sequence"":3,""source"":""qkd"",""stage"":""key_release"",""state"":""released""},{""detail"":""Authenticated QKD key released."",""sequence"":4,""source"":""session"",""stage"":""session"",""state"":""established""}],""version"":1}"
1,f925ee39-f92c-47f7-a5af-90ba9b5bf216,E2,bit-flip-0.10,9,1,eafcdacf-9f23-4290-b8e6-0d06ba663426,false,,0,99,2026-09-08T07:48:35.887011+00:00,9763631898046978030,QKD-ASSUMED,6308,3.14.7,CPython,2.5.0,0.16.0,0.16.0,50.0.1,0.1.0,Windows,11,10.0.26200,AMD64,"Intel64 Family 6 Model 158 Stepping 12, GenuineIntel",ac46477bb374bde1c0ace1ef0bcfbc26b199dcfa,true,1,E2,bit-flip-0.10,9,9763631898046978030,1,QKD-ASSUMED,QKD-ASSUMED,20000,"{""cascade_initial_block_factor"":0.73,""cascade_maximum_initial_block_size"":null,""cascade_maximum_lookback_steps"":null,""cascade_passes"":4,""phase_error_abort_threshold"":0.11,""sample_fraction"":0.2,""security_margin_bits"":0,""verification_tag_length"":32}",,[],"{""condition_id"":""bit-flip-0.10"",""experiment_kind"":""E2"",""qkd_stages"":[{""p"":0.1,""type"":""bit_flip""}],""replicate_index"":9,""seed"":9763631898046978030,""session"":{""internal_pqc_profile"":null,""profile"":""QKD-ASSUMED"",""qkd_authentication_profile"":""QKD-ASSUMED"",""qkd_postprocessing"":{""cascade_initial_block_factor"":0.73,""cascade_maximum_initial_block_size"":null,""cascade_maximum_lookback_steps"":null,""cascade_passes"":4,""phase_error_abort_threshold"":0.11,""sample_fraction"":0.2,""security_margin_bits"":0,""verification_tag_length"":32},""qkd_signal_count"":20000,""version"":1},""tags"":[],""version"":1}","[{""p"":0.1,""type"":""bit_flip""}]",,authentication explicitly assumed; no runtime material,,,,,,false,1,daa15d6a2d1fc7ae3a5a5f9747959e68,QKD-ASSUMED,established,,qkd_bitstring,2082,"[{""algorithm"":""privacy-amplified-bitstring"",""bit_length"":2082,""byte_length"":261,""encoding"":""big-endian packed bits with explicit bit length"",""position"":1,""protocol"":""BB84"",""source"":""qkd""}]","{""pqc_exchange"":null,""qkd_classical"":{""algorithm"":""none"",""executed"":false,""mechanism"":""assumed"",""purpose"":""QKD classical transcript authentication"",""trust_assumption"":""The classical BB84 channel is assumed authenticated externally."",""verified"":null}}","{""qkd_transcript_hash_sha384"":""d3e402b2ef667b28ac2010a41c02fa401092c1f749b285071a3d1f9cebe6beff124c062a3a19dfeeab03f6caa122e48e"",""qkd_transcript_version"":1}",3409789200,20000,10021,2005,8016,8016,2082,0.50105,0.1041,0.08426395939086294,0.0,0.04139650872817955,83,985,0,1020,83,2005,0.08426395939086294,0.04620297375511426,0.09402924451665312,0.0,0.04620297375511426,2316900,,,,,,,,,,,,,,,,,,,,,,,,,,,,,,,,,,assumed,none,none,0,0,0,0,0,0,0,0,The classical BB84 channel is assumed authenticated externally.,,,,"{""implementation"":""cpython"",""platform"":""Windows-11-10.0.26200-SP0"",""processor"":""Intel64 Family 6 Model 158 Stepping 12, GenuineIntel"",""python"":""3.14.7""}",,,,,,,,,,,,,,,,,,,,,,,,,3409789200,"{""events"":[{""detail"":""QKD-ASSUMED"",""sequence"":0,""source"":""session"",""stage"":""session"",""state"":""started""},{""detail"":""BB84 post-processing completed."",""sequence"":1,""source"":""qkd"",""stage"":""bb84"",""state"":""completed""},{""detail"":""The classical BB84 channel is assumed authenticated externally."",""sequence"":2,""source"":""qkd"",""stage"":""classical_authentication"",""state"":""assumed_not_executed""},{""detail"":""Final key released after all profile checks."",""sequence"":3,""source"":""qkd"",""stage"":""key_release"",""state"":""released""},{""detail"":""Authenticated QKD key released."",""sequence"":4,""source"":""session"",""stage"":""session"",""state"":""established""}],""version"":1}"
1,cecd25b2-e5b4-4e68-9620-2ddc19db5045,E2,bit-flip-0.16,0,1,eafcdacf-9f23-4290-b8e6-0d06ba663426,false,,0,100,2026-09-08T07:48:39.275889+00:00,2822176690448351109,QKD-ASSUMED,6531,3.14.7,CPython,2.5.0,0.16.0,0.16.0,50.0.1,0.1.0,Windows,11,10.0.26200,AMD64,"Intel64 Family 6 Model 158 Stepping 12, GenuineIntel",ac46477bb374bde1c0ace1ef0bcfbc26b199dcfa,true,1,E2,bit-flip-0.16,0,2822176690448351109,1,QKD-ASSUMED,QKD-ASSUMED,20000,"{""cascade_initial_block_factor"":0.73,""cascade_maximum_initial_block_size"":null,""cascade_maximum_lookback_steps"":null,""cascade_passes"":4,""phase_error_abort_threshold"":0.11,""sample_fraction"":0.2,""security_margin_bits"":0,""verification_tag_length"":32}",,[],"{""condition_id"":""bit-flip-0.16"",""experiment_kind"":""E2"",""qkd_stages"":[{""p"":0.16,""type"":""bit_flip""}],""replicate_index"":0,""seed"":2822176690448351109,""session"":{""internal_pqc_profile"":null,""profile"":""QKD-ASSUMED"",""qkd_authentication_profile"":""QKD-ASSUMED"",""qkd_postprocessing"":{""cascade_initial_block_factor"":0.73,""cascade_maximum_initial_block_size"":null,""cascade_maximum_lookback_steps"":null,""cascade_passes"":4,""phase_error_abort_threshold"":0.11,""sample_fraction"":0.2,""security_margin_bits"":0,""verification_tag_length"":32},""qkd_signal_count"":20000,""version"":1},""tags"":[],""version"":1}","[{""p"":0.16,""type"":""bit_flip""}]",,authentication explicitly assumed; no runtime material,,,,,,false,1,bad8ab88d44041a828296cc15c4650ac,QKD-ASSUMED,aborted,"BB84 security abort: Per-basis errors Z=0.137450, X=0.000000 give phase-error bound 0.137450, above the configured asymptotic threshold 0.110000; aggregate QBER 0.068828 is not the phase-error bound.",,0,[],"{""pqc_exchange"":null,""qkd_classical"":{""algorithm"":""none"",""executed"":false,""mechanism"":""assumed"",""purpose"":""QKD classical transcript authentication"",""trust_assumption"":""The classical BB84 channel is assumed authenticated externally."",""verified"":null}}","{""qkd_transcript_hash_sha384"":""82a2329f37868c46f3011f25f64e8f9bdf408052c2ba265979e68ce998234d063b9800d765a59a989dfd06c3fd60c7ce"",""qkd_transcript_version"":1}",3326346400,20000,10022,2005,8017,0,0,0.5011,0.0,0.13745019920318724,0.0,0.0688279301745636,138,1004,0,1001,138,2005,0.13745019920318724,0.07533426461784075,0.15045834994021523,0.0,0.07533426461784075,157770,,,,,,,,,,,,,,,,,,,,,,,,,,,,,,,,,,assumed,none,none,0,0,0,0,0,0,0,0,The classical BB84 channel is assumed authenticated externally.,,,,"{""implementation"":""cpython"",""platform"":""Windows-11-10.0.26200-SP0"",""processor"":""Intel64 Family 6 Model 158 Stepping 12, GenuineIntel"",""python"":""3.14.7""}",,,,,,,,,,,,,,,,,,,,,,,,,3326346400,"{""events"":[{""detail"":""QKD-ASSUMED"",""sequence"":0,""source"":""session"",""stage"":""session"",""state"":""started""},{""detail"":""Per-basis errors Z=0.137450, X=0.000000 give phase-error bound 0.137450, above the configured asymptotic threshold 0.110000; aggregate QBER 0.068828 is not the phase-error bound."",""sequence"":1,""source"":""qkd"",""stage"":""bb84"",""state"":""aborted""},{""detail"":""The classical BB84 channel is assumed authenticated externally."",""sequence"":2,""source"":""qkd"",""stage"":""classical_authentication"",""state"":""assumed_not_executed""},{""detail"":""No final key material is exposed by the orchestration result."",""sequence"":3,""source"":""qkd"",""stage"":""key_release"",""state"":""withheld""},{""detail"":""BB84 security abort: Per-basis errors Z=0.137450, X=0.000000 give phase-error bound 0.137450, above the configured asymptotic threshold 0.110000; aggregate QBER 0.068828 is not the phase-error bound."",""sequence"":4,""source"":""session"",""stage"":""session"",""state"":""aborted""}],""version"":1}"
1,e41f8a84-de6e-4c54-a8c3-f83832123da5,E2,bit-flip-0.16,1,1,eafcdacf-9f23-4290-b8e6-0d06ba663426,false,,0,101,2026-09-08T07:48:42.621195+00:00,1283842026007786435,QKD-ASSUMED,6530,3.14.7,CPython,2.5.0,0.16.0,0.16.0,50.0.1,0.1.0,Windows,11,10.0.26200,AMD64,"Intel64 Family 6 Model 158 Stepping 12, GenuineIntel",ac46477bb374bde1c0ace1ef0bcfbc26b199dcfa,true,1,E2,bit-flip-0.16,1,1283842026007786435,1,QKD-ASSUMED,QKD-ASSUMED,20000,"{""cascade_initial_block_factor"":0.73,""cascade_maximum_initial_block_size"":null,""cascade_maximum_lookback_steps"":null,""cascade_passes"":4,""phase_error_abort_threshold"":0.11,""sample_fraction"":0.2,""security_margin_bits"":0,""verification_tag_length"":32}",,[],"{""condition_id"":""bit-flip-0.16"",""experiment_kind"":""E2"",""qkd_stages"":[{""p"":0.16,""type"":""bit_flip""}],""replicate_index"":1,""seed"":1283842026007786435,""session"":{""internal_pqc_profile"":null,""profile"":""QKD-ASSUMED"",""qkd_authentication_profile"":""QKD-ASSUMED"",""qkd_postprocessing"":{""cascade_initial_block_factor"":0.73,""cascade_maximum_initial_block_size"":null,""cascade_maximum_lookback_steps"":null,""cascade_passes"":4,""phase_error_abort_threshold"":0.11,""sample_fraction"":0.2,""security_margin_bits"":0,""verification_tag_length"":32},""qkd_signal_count"":20000,""version"":1},""tags"":[],""version"":1}","[{""p"":0.16,""type"":""bit_flip""}]",,authentication explicitly assumed; no runtime material,,,,,,false,1,9c00ef707b018598f23012018a584f60,QKD-ASSUMED,aborted,"BB84 security abort: Per-basis errors Z=0.155242, X=0.000000 give phase-error bound 0.155242, above the configured asymptotic threshold 0.110000; aggregate QBER 0.077426 is not the phase-error bound.",,0,[],"{""pqc_exchange"":null,""qkd_classical"":{""algorithm"":""none"",""executed"":false,""mechanism"":""assumed"",""purpose"":""QKD classical transcript authentication"",""trust_assumption"":""The classical BB84 channel is assumed authenticated externally."",""verified"":null}}","{""qkd_transcript_hash_sha384"":""0216f2cce8ff19536ace72be388986c5c336d6541d7a6015294480e754c95078a3ddd36f195443c1a9daa0ce32f432d1"",""qkd_transcript_version"":1}",3281825000,20000,9941,1989,7952,0,0,0.49705,0.0,0.15524193548387097,0.0,0.07742584213172449,154,992,0,997,154,1989,0.15524193548387097,0.07775877678301982,0.15587820125025206,0.0,0.07775877678301982,156830,,,,,,,,,,,,,,,,,,,,,,,,,,,,,,,,,,assumed,none,none,0,0,0,0,0,0,0,0,The classical BB84 channel is assumed authenticated externally.,,,,"{""implementation"":""cpython"",""platform"":""Windows-11-10.0.26200-SP0"",""processor"":""Intel64 Family 6 Model 158 Stepping 12, GenuineIntel"",""python"":""3.14.7""}",,,,,,,,,,,,,,,,,,,,,,,,,3281825000,"{""events"":[{""detail"":""QKD-ASSUMED"",""sequence"":0,""source"":""session"",""stage"":""session"",""state"":""started""},{""detail"":""Per-basis errors Z=0.155242, X=0.000000 give phase-error bound 0.155242, above the configured asymptotic threshold 0.110000; aggregate QBER 0.077426 is not the phase-error bound."",""sequence"":1,""source"":""qkd"",""stage"":""bb84"",""state"":""aborted""},{""detail"":""The classical BB84 channel is assumed authenticated externally."",""sequence"":2,""source"":""qkd"",""stage"":""classical_authentication"",""state"":""assumed_not_executed""},{""detail"":""No final key material is exposed by the orchestration result."",""sequence"":3,""source"":""qkd"",""stage"":""key_release"",""state"":""withheld""},{""detail"":""BB84 security abort: Per-basis errors Z=0.155242, X=0.000000 give phase-error bound 0.155242, above the configured asymptotic threshold 0.110000; aggregate QBER 0.077426 is not the phase-error bound."",""sequence"":4,""source"":""session"",""stage"":""session"",""state"":""aborted""}],""version"":1}"
1,5e7c5db6-ec54-4c86-85fe-c121724c7747,E2,bit-flip-0.16,2,1,eafcdacf-9f23-4290-b8e6-0d06ba663426,false,,0,102,2026-09-08T07:48:45.905780+00:00,16410625883605542535,QKD-ASSUMED,6502,3.14.7,CPython,2.5.0,0.16.0,0.16.0,50.0.1,0.1.0,Windows,11,10.0.26200,AMD64,"Intel64 Family 6 Model 158 Stepping 12, GenuineIntel",ac46477bb374bde1c0ace1ef0bcfbc26b199dcfa,true,1,E2,bit-flip-0.16,2,16410625883605542535,1,QKD-ASSUMED,QKD-ASSUMED,20000,"{""cascade_initial_block_factor"":0.73,""cascade_maximum_initial_block_size"":null,""cascade_maximum_lookback_steps"":null,""cascade_passes"":4,""phase_error_abort_threshold"":0.11,""sample_fraction"":0.2,""security_margin_bits"":0,""verification_tag_length"":32}",,[],"{""condition_id"":""bit-flip-0.16"",""experiment_kind"":""E2"",""qkd_stages"":[{""p"":0.16,""type"":""bit_flip""}],""replicate_index"":2,""seed"":16410625883605542535,""session"":{""internal_pqc_profile"":null,""profile"":""QKD-ASSUMED"",""qkd_authentication_profile"":""QKD-ASSUMED"",""qkd_postprocessing"":{""cascade_initial_block_factor"":0.73,""cascade_maximum_initial_block_size"":null,""cascade_maximum_lookback_steps"":null,""cascade_passes"":4,""phase_error_abort_threshold"":0.11,""sample_fraction"":0.2,""security_margin_bits"":0,""verification_tag_length"":32},""qkd_signal_count"":20000,""version"":1},""tags"":[],""version"":1}","[{""p"":0.16,""type"":""bit_flip""}]",,authentication explicitly assumed; no runtime material,,,,,,false,1,8866a9a8b40f5b39f93dc7ccdbb78862,QKD-ASSUMED,aborted,"BB84 security abort: Per-basis errors Z=0.174349, X=0.000000 give phase-error bound 0.174349, above the configured asymptotic threshold 0.110000; aggregate QBER 0.086957 is not the phase-error bound.",,0,[],"{""pqc_exchange"":null,""qkd_classical"":{""algorithm"":""none"",""executed"":false,""mechanism"":""assumed"",""purpose"":""QKD classical transcript authentication"",""trust_assumption"":""The classical BB84 channel is assumed authenticated externally."",""verified"":null}}","{""qkd_transcript_hash_sha384"":""dc33d9236505b5fd7ae7a4316f7d97648f43f0c2255b7e2b3dcdd0e204b4af7a42b27b520c05f44797926aa86b6218d6"",""qkd_transcript_version"":1}",3225415600,20000,10000,2001,7999,0,0,0.5,0.0,0.1743486973947896,0.0,0.08695652173913043,174,998,0,1003,174,2001,0.1743486973947896,0.0807,0.16178829190056135,0.0,0.0807,157522,,,,,,,,,,,,,,,,,,,,,,,,,,,,,,,,,,assumed,none,none,0,0,0,0,0,0,0,0,The classical BB84 channel is assumed authenticated externally.,,,,"{""implementation"":""cpython"",""platform"":""Windows-11-10.0.26200-SP0"",""processor"":""Intel64 Family 6 Model 158 Stepping 12, GenuineIntel"",""python"":""3.14.7""}",,,,,,,,,,,,,,,,,,,,,,,,,3225415600,"{""events"":[{""detail"":""QKD-ASSUMED"",""sequence"":0,""source"":""session"",""stage"":""session"",""state"":""started""},{""detail"":""Per-basis errors Z=0.174349, X=0.000000 give phase-error bound 0.174349, above the configured asymptotic threshold 0.110000; aggregate QBER 0.086957 is not the phase-error bound."",""sequence"":1,""source"":""qkd"",""stage"":""bb84"",""state"":""aborted""},{""detail"":""The classical BB84 channel is assumed authenticated externally."",""sequence"":2,""source"":""qkd"",""stage"":""classical_authentication"",""state"":""assumed_not_executed""},{""detail"":""No final key material is exposed by the orchestration result."",""sequence"":3,""source"":""qkd"",""stage"":""key_release"",""state"":""withheld""},{""detail"":""BB84 security abort: Per-basis errors Z=0.174349, X=0.000000 give phase-error bound 0.174349, above the configured asymptotic threshold 0.110000; aggregate QBER 0.086957 is not the phase-error bound."",""sequence"":4,""source"":""session"",""stage"":""session"",""state"":""aborted""}],""version"":1}"
1,c370ac93-2f5c-4ff8-b423-4551825b982f,E2,bit-flip-0.16,3,1,eafcdacf-9f23-4290-b8e6-0d06ba663426,false,,0,103,2026-09-08T07:48:49.235802+00:00,2594687626735602420,QKD-ASSUMED,6532,3.14.7,CPython,2.5.0,0.16.0,0.16.0,50.0.1,0.1.0,Windows,11,10.0.26200,AMD64,"Intel64 Family 6 Model 158 Stepping 12, GenuineIntel",ac46477bb374bde1c0ace1ef0bcfbc26b199dcfa,true,1,E2,bit-flip-0.16,3,2594687626735602420,1,QKD-ASSUMED,QKD-ASSUMED,20000,"{""cascade_initial_block_factor"":0.73,""cascade_maximum_initial_block_size"":null,""cascade_maximum_lookback_steps"":null,""cascade_passes"":4,""phase_error_abort_threshold"":0.11,""sample_fraction"":0.2,""security_margin_bits"":0,""verification_tag_length"":32}",,[],"{""condition_id"":""bit-flip-0.16"",""experiment_kind"":""E2"",""qkd_stages"":[{""p"":0.16,""type"":""bit_flip""}],""replicate_index"":3,""seed"":2594687626735602420,""session"":{""internal_pqc_profile"":null,""profile"":""QKD-ASSUMED"",""qkd_authentication_profile"":""QKD-ASSUMED"",""qkd_postprocessing"":{""cascade_initial_block_factor"":0.73,""cascade_maximum_initial_block_size"":null,""cascade_maximum_lookback_steps"":null,""cascade_passes"":4,""phase_error_abort_threshold"":0.11,""sample_fraction"":0.2,""security_margin_bits"":0,""verification_tag_length"":32},""qkd_signal_count"":20000,""version"":1},""tags"":[],""version"":1}","[{""p"":0.16,""type"":""bit_flip""}]",,authentication explicitly assumed; no runtime material,,,,,,false,1,cbad7ec840c1b4498260ba58c5264bc8,QKD-ASSUMED,aborted,"BB84 security abort: Per-basis errors Z=0.155819, X=0.000000 give phase-error bound 0.155819, above the configured asymptotic threshold 0.110000; aggregate QBER 0.078568 is not the phase-error bound.",,0,[],"{""pqc_exchange"":null,""qkd_classical"":{""algorithm"":""none"",""executed"":false,""mechanism"":""assumed"",""purpose"":""QKD classical transcript authentication"",""trust_assumption"":""The classical BB84 channel is assumed authenticated externally."",""verified"":null}}","{""qkd_transcript_hash_sha384"":""c858135ca73519c4867d1cbd912e276ea753c145237ae40fa81bd819735ce4472b158b8ac095c83edc44cc25ac7541d6"",""qkd_transcript_version"":1}",3267001100,20000,10053,2011,8042,0,0,0.50265,0.0,0.15581854043392504,0.0,0.07856787667826952,158,1014,0,997,158,2011,0.15581854043392504,0.07798667064557843,0.15469613259668508,0.0,0.07798667064557843,158128,,,,,,,,,,,,,,,,,,,,,,,,,,,,,,,,,,assumed,none,none,0,0,0,0,0,0,0,0,The classical BB84 channel is assumed authenticated externally.,,,,"{""implementation"":""cpython"",""platform"":""Windows-11-10.0.26200-SP0"",""processor"":""Intel64 Family 6 Model 158 Stepping 12, GenuineIntel"",""python"":""3.14.7""}",,,,,,,,,,,,,,,,,,,,,,,,,3267001100,"{""events"":[{""detail"":""QKD-ASSUMED"",""sequence"":0,""source"":""session"",""stage"":""session"",""state"":""started""},{""detail"":""Per-basis errors Z=0.155819, X=0.000000 give phase-error bound 0.155819, above the configured asymptotic threshold 0.110000; aggregate QBER 0.078568 is not the phase-error bound."",""sequence"":1,""source"":""qkd"",""stage"":""bb84"",""state"":""aborted""},{""detail"":""The classical BB84 channel is assumed authenticated externally."",""sequence"":2,""source"":""qkd"",""stage"":""classical_authentication"",""state"":""assumed_not_executed""},{""detail"":""No final key material is exposed by the orchestration result."",""sequence"":3,""source"":""qkd"",""stage"":""key_release"",""state"":""withheld""},{""detail"":""BB84 security abort: Per-basis errors Z=0.155819, X=0.000000 give phase-error bound 0.155819, above the configured asymptotic threshold 0.110000; aggregate QBER 0.078568 is not the phase-error bound."",""sequence"":4,""source"":""session"",""stage"":""session"",""state"":""aborted""}],""version"":1}"
1,57beff46-f2f1-4f6a-b802-3c8bb06d539a,E2,bit-flip-0.16,4,1,eafcdacf-9f23-4290-b8e6-0d06ba663426,false,,0,104,2026-09-08T07:48:52.546168+00:00,17506989478691490039,QKD-ASSUMED,6532,3.14.7,CPython,2.5.0,0.16.0,0.16.0,50.0.1,0.1.0,Windows,11,10.0.26200,AMD64,"Intel64 Family 6 Model 158 Stepping 12, GenuineIntel",ac46477bb374bde1c0ace1ef0bcfbc26b199dcfa,true,1,E2,bit-flip-0.16,4,17506989478691490039,1,QKD-ASSUMED,QKD-ASSUMED,20000,"{""cascade_initial_block_factor"":0.73,""cascade_maximum_initial_block_size"":null,""cascade_maximum_lookback_steps"":null,""cascade_passes"":4,""phase_error_abort_threshold"":0.11,""sample_fraction"":0.2,""security_margin_bits"":0,""verification_tag_length"":32}",,[],"{""condition_id"":""bit-flip-0.16"",""experiment_kind"":""E2"",""qkd_stages"":[{""p"":0.16,""type"":""bit_flip""}],""replicate_index"":4,""seed"":17506989478691490039,""session"":{""internal_pqc_profile"":null,""profile"":""QKD-ASSUMED"",""qkd_authentication_profile"":""QKD-ASSUMED"",""qkd_postprocessing"":{""cascade_initial_block_factor"":0.73,""cascade_maximum_initial_block_size"":null,""cascade_maximum_lookback_steps"":null,""cascade_passes"":4,""phase_error_abort_threshold"":0.11,""sample_fraction"":0.2,""security_margin_bits"":0,""verification_tag_length"":32},""qkd_signal_count"":20000,""version"":1},""tags"":[],""version"":1}","[{""p"":0.16,""type"":""bit_flip""}]",,authentication explicitly assumed; no runtime material,,,,,,false,1,2dc1a0c6902e5af06f3f9b0ab3a0f499,QKD-ASSUMED,aborted,"BB84 security abort: Per-basis errors Z=0.170170, X=0.000000 give phase-error bound 0.170170, above the configured asymptotic threshold 0.110000; aggregate QBER 0.084661 is not the phase-error bound.",,0,[],"{""pqc_exchange"":null,""qkd_classical"":{""algorithm"":""none"",""executed"":false,""mechanism"":""assumed"",""purpose"":""QKD classical transcript authentication"",""trust_assumption"":""The classical BB84 channel is assumed authenticated externally."",""verified"":null}}","{""qkd_transcript_hash_sha384"":""4ff4b9c2937b3715335cf71e2dd5b26a18ddb40e01cef1a3445caa3a1ae255f6948b1f4647b454bd7b326186e736b5f6"",""qkd_transcript_version"":1}",3249076100,20000,10038,2008,8030,0,0,0.5019,0.0,0.17017017017017017,0.0,0.0846613545816733,170,999,0,1009,170,2008,0.17017017017017017,0.08178920103606296,0.16436436436436436,0.0,0.08178920103606296,157952,,,,,,,,,,,,,,,,,,,,,,,,,,,,,,,,,,assumed,none,none,0,0,0,0,0,0,0,0,The classical BB84 channel is assumed authenticated externally.,,,,"{""implementation"":""cpython"",""platform"":""Windows-11-10.0.26200-SP0"",""processor"":""Intel64 Family 6 Model 158 Stepping 12, GenuineIntel"",""python"":""3.14.7""}",,,,,,,,,,,,,,,,,,,,,,,,,3249076100,"{""events"":[{""detail"":""QKD-ASSUMED"",""sequence"":0,""source"":""session"",""stage"":""session"",""state"":""started""},{""detail"":""Per-basis errors Z=0.170170, X=0.000000 give phase-error bound 0.170170, above the configured asymptotic threshold 0.110000; aggregate QBER 0.084661 is not the phase-error bound."",""sequence"":1,""source"":""qkd"",""stage"":""bb84"",""state"":""aborted""},{""detail"":""The classical BB84 channel is assumed authenticated externally."",""sequence"":2,""source"":""qkd"",""stage"":""classical_authentication"",""state"":""assumed_not_executed""},{""detail"":""No final key material is exposed by the orchestration result."",""sequence"":3,""source"":""qkd"",""stage"":""key_release"",""state"":""withheld""},{""detail"":""BB84 security abort: Per-basis errors Z=0.170170, X=0.000000 give phase-error bound 0.170170, above the configured asymptotic threshold 0.110000; aggregate QBER 0.084661 is not the phase-error bound."",""sequence"":4,""source"":""session"",""stage"":""session"",""state"":""aborted""}],""version"":1}"
1,957138c3-ca99-4285-902f-d4696caa8048,E2,bit-flip-0.16,5,1,eafcdacf-9f23-4290-b8e6-0d06ba663426,false,,0,105,2026-09-08T07:48:55.824711+00:00,17807799802897179556,QKD-ASSUMED,6516,3.14.7,CPython,2.5.0,0.16.0,0.16.0,50.0.1,0.1.0,Windows,11,10.0.26200,AMD64,"Intel64 Family 6 Model 158 Stepping 12, GenuineIntel",ac46477bb374bde1c0ace1ef0bcfbc26b199dcfa,true,1,E2,bit-flip-0.16,5,17807799802897179556,1,QKD-ASSUMED,QKD-ASSUMED,20000,"{""cascade_initial_block_factor"":0.73,""cascade_maximum_initial_block_size"":null,""cascade_maximum_lookback_steps"":null,""cascade_passes"":4,""phase_error_abort_threshold"":0.11,""sample_fraction"":0.2,""security_margin_bits"":0,""verification_tag_length"":32}",,[],"{""condition_id"":""bit-flip-0.16"",""experiment_kind"":""E2"",""qkd_stages"":[{""p"":0.16,""type"":""bit_flip""}],""replicate_index"":5,""seed"":17807799802897179556,""session"":{""internal_pqc_profile"":null,""profile"":""QKD-ASSUMED"",""qkd_authentication_profile"":""QKD-ASSUMED"",""qkd_postprocessing"":{""cascade_initial_block_factor"":0.73,""cascade_maximum_initial_block_size"":null,""cascade_maximum_lookback_steps"":null,""cascade_passes"":4,""phase_error_abort_threshold"":0.11,""sample_fraction"":0.2,""security_margin_bits"":0,""verification_tag_length"":32},""qkd_signal_count"":20000,""version"":1},""tags"":[],""version"":1}","[{""p"":0.16,""type"":""bit_flip""}]",,authentication explicitly assumed; no runtime material,,,,,,false,1,9c2023f387a326608ba2615b4e818a4e,QKD-ASSUMED,aborted,"BB84 security abort: Per-basis errors Z=0.162675, X=0.000000 give phase-error bound 0.162675, above the configured asymptotic threshold 0.110000; aggregate QBER 0.081500 is not the phase-error bound.",,0,[],"{""pqc_exchange"":null,""qkd_classical"":{""algorithm"":""none"",""executed"":false,""mechanism"":""assumed"",""purpose"":""QKD classical transcript authentication"",""trust_assumption"":""The classical BB84 channel is assumed authenticated externally."",""verified"":null}}","{""qkd_transcript_hash_sha384"":""168c7365100ef794a663753adaa4b662d98fca3f133102b5ad6b6a6fde2fdcbc318072ccc64af469d55f9f09ce2eb884"",""qkd_transcript_version"":1}",3217661100,20000,9994,2000,7994,0,0,0.4997,0.0,0.1626746506986028,0.0,0.0815,163,1002,0,998,163,2000,0.1626746506986028,0.08585151090654393,0.1713600958657879,0.0,0.08585151090654393,157454,,,,,,,,,,,,,,,,,,,,,,,,,,,,,,,,,,assumed,none,none,0,0,0,0,0,0,0,0,The classical BB84 channel is assumed authenticated externally.,,,,"{""implementation"":""cpython"",""platform"":""Windows-11-10.0.26200-SP0"",""processor"":""Intel64 Family 6 Model 158 Stepping 12, GenuineIntel"",""python"":""3.14.7""}",,,,,,,,,,,,,,,,,,,,,,,,,3217661100,"{""events"":[{""detail"":""QKD-ASSUMED"",""sequence"":0,""source"":""session"",""stage"":""session"",""state"":""started""},{""detail"":""Per-basis errors Z=0.162675, X=0.000000 give phase-error bound 0.162675, above the configured asymptotic threshold 0.110000; aggregate QBER 0.081500 is not the phase-error bound."",""sequence"":1,""source"":""qkd"",""stage"":""bb84"",""state"":""aborted""},{""detail"":""The classical BB84 channel is assumed authenticated externally."",""sequence"":2,""source"":""qkd"",""stage"":""classical_authentication"",""state"":""assumed_not_executed""},{""detail"":""No final key material is exposed by the orchestration result."",""sequence"":3,""source"":""qkd"",""stage"":""key_release"",""state"":""withheld""},{""detail"":""BB84 security abort: Per-basis errors Z=0.162675, X=0.000000 give phase-error bound 0.162675, above the configured asymptotic threshold 0.110000; aggregate QBER 0.081500 is not the phase-error bound."",""sequence"":4,""source"":""session"",""stage"":""session"",""state"":""aborted""}],""version"":1}"
1,9a84106b-f631-4288-afc5-d878222ac7f3,E2,bit-flip-0.16,6,1,eafcdacf-9f23-4290-b8e6-0d06ba663426,false,,0,106,2026-09-08T07:48:59.150664+00:00,16908781113370971281,QKD-ASSUMED,6531,3.14.7,CPython,2.5.0,0.16.0,0.16.0,50.0.1,0.1.0,Windows,11,10.0.26200,AMD64,"Intel64 Family 6 Model 158 Stepping 12, GenuineIntel",ac46477bb374bde1c0ace1ef0bcfbc26b199dcfa,true,1,E2,bit-flip-0.16,6,16908781113370971281,1,QKD-ASSUMED,QKD-ASSUMED,20000,"{""cascade_initial_block_factor"":0.73,""cascade_maximum_initial_block_size"":null,""cascade_maximum_lookback_steps"":null,""cascade_passes"":4,""phase_error_abort_threshold"":0.11,""sample_fraction"":0.2,""security_margin_bits"":0,""verification_tag_length"":32}",,[],"{""condition_id"":""bit-flip-0.16"",""experiment_kind"":""E2"",""qkd_stages"":[{""p"":0.16,""type"":""bit_flip""}],""replicate_index"":6,""seed"":16908781113370971281,""session"":{""internal_pqc_profile"":null,""profile"":""QKD-ASSUMED"",""qkd_authentication_profile"":""QKD-ASSUMED"",""qkd_postprocessing"":{""cascade_initial_block_factor"":0.73,""cascade_maximum_initial_block_size"":null,""cascade_maximum_lookback_steps"":null,""cascade_passes"":4,""phase_error_abort_threshold"":0.11,""sample_fraction"":0.2,""security_margin_bits"":0,""verification_tag_length"":32},""qkd_signal_count"":20000,""version"":1},""tags"":[],""version"":1}","[{""p"":0.16,""type"":""bit_flip""}]",,authentication explicitly assumed; no runtime material,,,,,,false,1,5f84cbcaea73de14f682fe21ffab57c1,QKD-ASSUMED,aborted,"BB84 security abort: Per-basis errors Z=0.158107, X=0.000000 give phase-error bound 0.158107, above the configured asymptotic threshold 0.110000; aggregate QBER 0.078343 is not the phase-error bound.",,0,[],"{""pqc_exchange"":null,""qkd_classical"":{""algorithm"":""none"",""executed"":false,""mechanism"":""assumed"",""purpose"":""QKD classical transcript authentication"",""trust_assumption"":""The classical BB84 channel is assumed authenticated externally."",""verified"":null}}","{""qkd_transcript_hash_sha384"":""4d0ec59fc8bed787650ad80619b262f5cec41a3a4dc0815fbbfe466770f03efcd6e55c28ade83b53476bf376013e12b9"",""qkd_transcript_version"":1}",3263465000,20000,10013,2004,8009,0,0,0.50065,0.0,0.1581067472306143,0.0,0.0783433133732535,157,993,0,1011,157,2004,0.1581067472306143,0.08169379806251872,0.16488611167103406,0.0,0.08169379806251872,157680,,,,,,,,,,,,,,,,,,,,,,,,,,,,,,,,,,assumed,none,none,0,0,0,0,0,0,0,0,The classical BB84 channel is assumed authenticated externally.,,,,"{""implementation"":""cpython"",""platform"":""Windows-11-10.0.26200-SP0"",""processor"":""Intel64 Family 6 Model 158 Stepping 12, GenuineIntel"",""python"":""3.14.7""}",,,,,,,,,,,,,,,,,,,,,,,,,3263465000,"{""events"":[{""detail"":""QKD-ASSUMED"",""sequence"":0,""source"":""session"",""stage"":""session"",""state"":""started""},{""detail"":""Per-basis errors Z=0.158107, X=0.000000 give phase-error bound 0.158107, above the configured asymptotic threshold 0.110000; aggregate QBER 0.078343 is not the phase-error bound."",""sequence"":1,""source"":""qkd"",""stage"":""bb84"",""state"":""aborted""},{""detail"":""The classical BB84 channel is assumed authenticated externally."",""sequence"":2,""source"":""qkd"",""stage"":""classical_authentication"",""state"":""assumed_not_executed""},{""detail"":""No final key material is exposed by the orchestration result."",""sequence"":3,""source"":""qkd"",""stage"":""key_release"",""state"":""withheld""},{""detail"":""BB84 security abort: Per-basis errors Z=0.158107, X=0.000000 give phase-error bound 0.158107, above the configured asymptotic threshold 0.110000; aggregate QBER 0.078343 is not the phase-error bound."",""sequence"":4,""source"":""session"",""stage"":""session"",""state"":""aborted""}],""version"":1}"
1,cbe9e08b-fa89-4997-8d9c-cea825edbf8d,E2,bit-flip-0.16,7,1,eafcdacf-9f23-4290-b8e6-0d06ba663426,false,,0,107,2026-09-08T07:49:02.457078+00:00,15027550991079458071,QKD-ASSUMED,6530,3.14.7,CPython,2.5.0,0.16.0,0.16.0,50.0.1,0.1.0,Windows,11,10.0.26200,AMD64,"Intel64 Family 6 Model 158 Stepping 12, GenuineIntel",ac46477bb374bde1c0ace1ef0bcfbc26b199dcfa,true,1,E2,bit-flip-0.16,7,15027550991079458071,1,QKD-ASSUMED,QKD-ASSUMED,20000,"{""cascade_initial_block_factor"":0.73,""cascade_maximum_initial_block_size"":null,""cascade_maximum_lookback_steps"":null,""cascade_passes"":4,""phase_error_abort_threshold"":0.11,""sample_fraction"":0.2,""security_margin_bits"":0,""verification_tag_length"":32}",,[],"{""condition_id"":""bit-flip-0.16"",""experiment_kind"":""E2"",""qkd_stages"":[{""p"":0.16,""type"":""bit_flip""}],""replicate_index"":7,""seed"":15027550991079458071,""session"":{""internal_pqc_profile"":null,""profile"":""QKD-ASSUMED"",""qkd_authentication_profile"":""QKD-ASSUMED"",""qkd_postprocessing"":{""cascade_initial_block_factor"":0.73,""cascade_maximum_initial_block_size"":null,""cascade_maximum_lookback_steps"":null,""cascade_passes"":4,""phase_error_abort_threshold"":0.11,""sample_fraction"":0.2,""security_margin_bits"":0,""verification_tag_length"":32},""qkd_signal_count"":20000,""version"":1},""tags"":[],""version"":1}","[{""p"":0.16,""type"":""bit_flip""}]",,authentication explicitly assumed; no runtime material,,,,,,false,1,04be14b528e27c453aee6472ccc80fd0,QKD-ASSUMED,aborted,"BB84 security abort: Per-basis errors Z=0.151244, X=0.000000 give phase-error bound 0.151244, above the configured asymptotic threshold 0.110000; aggregate QBER 0.076652 is not the phase-error bound.",,0,[],"{""pqc_exchange"":null,""qkd_classical"":{""algorithm"":""none"",""executed"":false,""mechanism"":""assumed"",""purpose"":""QKD classical transcript authentication"",""trust_assumption"":""The classical BB84 channel is assumed authenticated externally."",""verified"":null}}","{""qkd_transcript_hash_sha384"":""da95c43a8277657f89bf8dcfae2a77b688a8a45ee979016bc9c496b0a97b3c634b08e6616191c79d6cb6bd8765a83d11"",""qkd_transcript_version"":1}",3245069400,20000,9910,1983,7927,0,0,0.4955,0.0,0.15124378109452735,0.0,0.07665153807362582,152,1005,0,978,152,1983,0.15124378109452735,0.08446014127144298,0.166633485964563,0.0,0.08446014127144298,156472,,,,,,,,,,,,,,,,,,,,,,,,,,,,,,,,,,assumed,none,none,0,0,0,0,0,0,0,0,The classical BB84 channel is assumed authenticated externally.,,,,"{""implementation"":""cpython"",""platform"":""Windows-11-10.0.26200-SP0"",""processor"":""Intel64 Family 6 Model 158 Stepping 12, GenuineIntel"",""python"":""3.14.7""}",,,,,,,,,,,,,,,,,,,,,,,,,3245069400,"{""events"":[{""detail"":""QKD-ASSUMED"",""sequence"":0,""source"":""session"",""stage"":""session"",""state"":""started""},{""detail"":""Per-basis errors Z=0.151244, X=0.000000 give phase-error bound 0.151244, above the configured asymptotic threshold 0.110000; aggregate QBER 0.076652 is not the phase-error bound."",""sequence"":1,""source"":""qkd"",""stage"":""bb84"",""state"":""aborted""},{""detail"":""The classical BB84 channel is assumed authenticated externally."",""sequence"":2,""source"":""qkd"",""stage"":""classical_authentication"",""state"":""assumed_not_executed""},{""detail"":""No final key material is exposed by the orchestration result."",""sequence"":3,""source"":""qkd"",""stage"":""key_release"",""state"":""withheld""},{""detail"":""BB84 security abort: Per-basis errors Z=0.151244, X=0.000000 give phase-error bound 0.151244, above the configured asymptotic threshold 0.110000; aggregate QBER 0.076652 is not the phase-error bound."",""sequence"":4,""source"":""session"",""stage"":""session"",""state"":""aborted""}],""version"":1}"
1,77288ee1-986f-4dcc-80fa-a3f1ebab83bb,E2,bit-flip-0.16,8,1,eafcdacf-9f23-4290-b8e6-0d06ba663426,false,,0,108,2026-09-08T07:49:05.740575+00:00,1428066048284173827,QKD-ASSUMED,6530,3.14.7,CPython,2.5.0,0.16.0,0.16.0,50.0.1,0.1.0,Windows,11,10.0.26200,AMD64,"Intel64 Family 6 Model 158 Stepping 12, GenuineIntel",ac46477bb374bde1c0ace1ef0bcfbc26b199dcfa,true,1,E2,bit-flip-0.16,8,1428066048284173827,1,QKD-ASSUMED,QKD-ASSUMED,20000,"{""cascade_initial_block_factor"":0.73,""cascade_maximum_initial_block_size"":null,""cascade_maximum_lookback_steps"":null,""cascade_passes"":4,""phase_error_abort_threshold"":0.11,""sample_fraction"":0.2,""security_margin_bits"":0,""verification_tag_length"":32}",,[],"{""condition_id"":""bit-flip-0.16"",""experiment_kind"":""E2"",""qkd_stages"":[{""p"":0.16,""type"":""bit_flip""}],""replicate_index"":8,""seed"":1428066048284173827,""session"":{""internal_pqc_profile"":null,""profile"":""QKD-ASSUMED"",""qkd_authentication_profile"":""QKD-ASSUMED"",""qkd_postprocessing"":{""cascade_initial_block_factor"":0.73,""cascade_maximum_initial_block_size"":null,""cascade_maximum_lookback_steps"":null,""cascade_passes"":4,""phase_error_abort_threshold"":0.11,""sample_fraction"":0.2,""security_margin_bits"":0,""verification_tag_length"":32},""qkd_signal_count"":20000,""version"":1},""tags"":[],""version"":1}","[{""p"":0.16,""type"":""bit_flip""}]",,authentication explicitly assumed; no runtime material,,,,,,false,1,a25c141aa1bf3098980986e401e04e9b,QKD-ASSUMED,aborted,"BB84 security abort: Per-basis errors Z=0.168177, X=0.000000 give phase-error bound 0.168177, above the configured asymptotic threshold 0.110000; aggregate QBER 0.083793 is not the phase-error bound.",,0,[],"{""pqc_exchange"":null,""qkd_classical"":{""algorithm"":""none"",""executed"":false,""mechanism"":""assumed"",""purpose"":""QKD classical transcript authentication"",""trust_assumption"":""The classical BB84 channel is assumed authenticated externally."",""verified"":null}}","{""qkd_transcript_hash_sha384"":""bc263aa4b7c0ffbd4a34f2396e7402e0b9ba0ef0e0d9161e963ac4d25971000fa05946ad2e5746809f9e714254543281"",""qkd_transcript_version"":1}",3223254100,20000,9959,1993,7966,0,0,0.49795,0.0,0.16817724068479356,0.0,0.08379327646763673,167,993,0,1000,167,1993,0.16817724068479356,0.08083140877598152,0.1622329705763805,0.0,0.08083140877598152,157048,,,,,,,,,,,,,,,,,,,,,,,,,,,,,,,,,,assumed,none,none,0,0,0,0,0,0,0,0,The classical BB84 channel is assumed authenticated externally.,,,,"{""implementation"":""cpython"",""platform"":""Windows-11-10.0.26200-SP0"",""processor"":""Intel64 Family 6 Model 158 Stepping 12, GenuineIntel"",""python"":""3.14.7""}",,,,,,,,,,,,,,,,,,,,,,,,,3223254100,"{""events"":[{""detail"":""QKD-ASSUMED"",""sequence"":0,""source"":""session"",""stage"":""session"",""state"":""started""},{""detail"":""Per-basis errors Z=0.168177, X=0.000000 give phase-error bound 0.168177, above the configured asymptotic threshold 0.110000; aggregate QBER 0.083793 is not the phase-error bound."",""sequence"":1,""source"":""qkd"",""stage"":""bb84"",""state"":""aborted""},{""detail"":""The classical BB84 channel is assumed authenticated externally."",""sequence"":2,""source"":""qkd"",""stage"":""classical_authentication"",""state"":""assumed_not_executed""},{""detail"":""No final key material is exposed by the orchestration result."",""sequence"":3,""source"":""qkd"",""stage"":""key_release"",""state"":""withheld""},{""detail"":""BB84 security abort: Per-basis errors Z=0.168177, X=0.000000 give phase-error bound 0.168177, above the configured asymptotic threshold 0.110000; aggregate QBER 0.083793 is not the phase-error bound."",""sequence"":4,""source"":""session"",""stage"":""session"",""state"":""aborted""}],""version"":1}"
1,410d02a9-c2ae-4e59-ad20-a8f1285b9d29,E2,bit-flip-0.16,9,1,eafcdacf-9f23-4290-b8e6-0d06ba663426,false,,0,109,2026-09-08T07:49:09.047899+00:00,13075575203333090568,QKD-ASSUMED,6533,3.14.7,CPython,2.5.0,0.16.0,0.16.0,50.0.1,0.1.0,Windows,11,10.0.26200,AMD64,"Intel64 Family 6 Model 158 Stepping 12, GenuineIntel",ac46477bb374bde1c0ace1ef0bcfbc26b199dcfa,true,1,E2,bit-flip-0.16,9,13075575203333090568,1,QKD-ASSUMED,QKD-ASSUMED,20000,"{""cascade_initial_block_factor"":0.73,""cascade_maximum_initial_block_size"":null,""cascade_maximum_lookback_steps"":null,""cascade_passes"":4,""phase_error_abort_threshold"":0.11,""sample_fraction"":0.2,""security_margin_bits"":0,""verification_tag_length"":32}",,[],"{""condition_id"":""bit-flip-0.16"",""experiment_kind"":""E2"",""qkd_stages"":[{""p"":0.16,""type"":""bit_flip""}],""replicate_index"":9,""seed"":13075575203333090568,""session"":{""internal_pqc_profile"":null,""profile"":""QKD-ASSUMED"",""qkd_authentication_profile"":""QKD-ASSUMED"",""qkd_postprocessing"":{""cascade_initial_block_factor"":0.73,""cascade_maximum_initial_block_size"":null,""cascade_maximum_lookback_steps"":null,""cascade_passes"":4,""phase_error_abort_threshold"":0.11,""sample_fraction"":0.2,""security_margin_bits"":0,""verification_tag_length"":32},""qkd_signal_count"":20000,""version"":1},""tags"":[],""version"":1}","[{""p"":0.16,""type"":""bit_flip""}]",,authentication explicitly assumed; no runtime material,,,,,,false,1,a7560ba8d8a86d34a68e517d2b212cef,QKD-ASSUMED,aborted,"BB84 security abort: Per-basis errors Z=0.169643, X=0.000000 give phase-error bound 0.169643, above the configured asymptotic threshold 0.110000; aggregate QBER 0.085671 is not the phase-error bound.",,0,[],"{""pqc_exchange"":null,""qkd_classical"":{""algorithm"":""none"",""executed"":false,""mechanism"":""assumed"",""purpose"":""QKD classical transcript authentication"",""trust_assumption"":""The classical BB84 channel is assumed authenticated externally."",""verified"":null}}","{""qkd_transcript_hash_sha384"":""2580ca5a8e0f142829dfb9a8feb45e96700692447bf0bf2c5a622d745fa61f299560475827900ab954e5c2c50ce2b17c"",""qkd_transcript_version"":1}",3245472400,20000,9975,1996,7979,0,0,0.49875,0.0,0.16964285714285715,0.0,0.08567134268537074,171,1008,0,988,171,1996,0.16964285714285715,0.08170426065162907,0.16177054386661374,0.0,0.08170426065162907,157230,,,,,,,,,,,,,,,,,,,,,,,,,,,,,,,,,,assumed,none,none,0,0,0,0,0,0,0,0,The classical BB84 channel is assumed authenticated externally.,,,,"{""implementation"":""cpython"",""platform"":""Windows-11-10.0.26200-SP0"",""processor"":""Intel64 Family 6 Model 158 Stepping 12, GenuineIntel"",""python"":""3.14.7""}",,,,,,,,,,,,,,,,,,,,,,,,,3245472400,"{""events"":[{""detail"":""QKD-ASSUMED"",""sequence"":0,""source"":""session"",""stage"":""session"",""state"":""started""},{""detail"":""Per-basis errors Z=0.169643, X=0.000000 give phase-error bound 0.169643, above the configured asymptotic threshold 0.110000; aggregate QBER 0.085671 is not the phase-error bound."",""sequence"":1,""source"":""qkd"",""stage"":""bb84"",""state"":""aborted""},{""detail"":""The classical BB84 channel is assumed authenticated externally."",""sequence"":2,""source"":""qkd"",""stage"":""classical_authentication"",""state"":""assumed_not_executed""},{""detail"":""No final key material is exposed by the orchestration result."",""sequence"":3,""source"":""qkd"",""stage"":""key_release"",""state"":""withheld""},{""detail"":""BB84 security abort: Per-basis errors Z=0.169643, X=0.000000 give phase-error bound 0.169643, above the configured asymptotic threshold 0.110000; aggregate QBER 0.085671 is not the phase-error bound."",""sequence"":4,""source"":""session"",""stage"":""session"",""state"":""aborted""}],""version"":1}"
1,d91c30da-dc73-4cea-a3dc-8ef914d51a5c,E2,bit-flip-0.20,0,1,eafcdacf-9f23-4290-b8e6-0d06ba663426,false,,0,110,2026-09-08T07:49:12.342155+00:00,12229315937803878081,QKD-ASSUMED,6531,3.14.7,CPython,2.5.0,0.16.0,0.16.0,50.0.1,0.1.0,Windows,11,10.0.26200,AMD64,"Intel64 Family 6 Model 158 Stepping 12, GenuineIntel",ac46477bb374bde1c0ace1ef0bcfbc26b199dcfa,true,1,E2,bit-flip-0.20,0,12229315937803878081,1,QKD-ASSUMED,QKD-ASSUMED,20000,"{""cascade_initial_block_factor"":0.73,""cascade_maximum_initial_block_size"":null,""cascade_maximum_lookback_steps"":null,""cascade_passes"":4,""phase_error_abort_threshold"":0.11,""sample_fraction"":0.2,""security_margin_bits"":0,""verification_tag_length"":32}",,[],"{""condition_id"":""bit-flip-0.20"",""experiment_kind"":""E2"",""qkd_stages"":[{""p"":0.2,""type"":""bit_flip""}],""replicate_index"":0,""seed"":12229315937803878081,""session"":{""internal_pqc_profile"":null,""profile"":""QKD-ASSUMED"",""qkd_authentication_profile"":""QKD-ASSUMED"",""qkd_postprocessing"":{""cascade_initial_block_factor"":0.73,""cascade_maximum_initial_block_size"":null,""cascade_maximum_lookback_steps"":null,""cascade_passes"":4,""phase_error_abort_threshold"":0.11,""sample_fraction"":0.2,""security_margin_bits"":0,""verification_tag_length"":32},""qkd_signal_count"":20000,""version"":1},""tags"":[],""version"":1}","[{""p"":0.2,""type"":""bit_flip""}]",,authentication explicitly assumed; no runtime material,,,,,,false,1,f5839d339342cddcd2fa8b8116cba86f,QKD-ASSUMED,aborted,"BB84 security abort: Per-basis errors Z=0.183794, X=0.000000 give phase-error bound 0.183794, above the configured asymptotic threshold 0.110000; aggregate QBER 0.092768 is not the phase-error bound.",,0,[],"{""pqc_exchange"":null,""qkd_classical"":{""algorithm"":""none"",""executed"":false,""mechanism"":""assumed"",""purpose"":""QKD classical transcript authentication"",""trust_assumption"":""The classical BB84 channel is assumed authenticated externally."",""verified"":null}}","{""qkd_transcript_hash_sha384"":""cccd51975e4ee03902127a26183df2a2947a9d2aee74e87030870194425664a13a1f9ee0b0012cf065e537053dd1e443"",""qkd_transcript_version"":1}",3234266700,20000,10022,2005,8017,0,0,0.5011,0.0,0.18379446640316205,0.0,0.09276807980049875,186,1012,0,993,186,2005,0.18379446640316205,0.09788465376172421,0.1939885307494562,0.0,0.09788465376172421,157770,,,,,,,,,,,,,,,,,,,,,,,,,,,,,,,,,,assumed,none,none,0,0,0,0,0,0,0,0,The classical BB84 channel is assumed authenticated externally.,,,,"{""implementation"":""cpython"",""platform"":""Windows-11-10.0.26200-SP0"",""processor"":""Intel64 Family 6 Model 158 Stepping 12, GenuineIntel"",""python"":""3.14.7""}",,,,,,,,,,,,,,,,,,,,,,,,,3234266700,"{""events"":[{""detail"":""QKD-ASSUMED"",""sequence"":0,""source"":""session"",""stage"":""session"",""state"":""started""},{""detail"":""Per-basis errors Z=0.183794, X=0.000000 give phase-error bound 0.183794, above the configured asymptotic threshold 0.110000; aggregate QBER 0.092768 is not the phase-error bound."",""sequence"":1,""source"":""qkd"",""stage"":""bb84"",""state"":""aborted""},{""detail"":""The classical BB84 channel is assumed authenticated externally."",""sequence"":2,""source"":""qkd"",""stage"":""classical_authentication"",""state"":""assumed_not_executed""},{""detail"":""No final key material is exposed by the orchestration result."",""sequence"":3,""source"":""qkd"",""stage"":""key_release"",""state"":""withheld""},{""detail"":""BB84 security abort: Per-basis errors Z=0.183794, X=0.000000 give phase-error bound 0.183794, above the configured asymptotic threshold 0.110000; aggregate QBER 0.092768 is not the phase-error bound."",""sequence"":4,""source"":""session"",""stage"":""session"",""state"":""aborted""}],""version"":1}"
1,64648208-5411-440f-ae71-3293de192cd4,E2,bit-flip-0.20,1,1,eafcdacf-9f23-4290-b8e6-0d06ba663426,false,,0,111,2026-09-08T07:49:15.619641+00:00,14355434122656363657,QKD-ASSUMED,6528,3.14.7,CPython,2.5.0,0.16.0,0.16.0,50.0.1,0.1.0,Windows,11,10.0.26200,AMD64,"Intel64 Family 6 Model 158 Stepping 12, GenuineIntel",ac46477bb374bde1c0ace1ef0bcfbc26b199dcfa,true,1,E2,bit-flip-0.20,1,14355434122656363657,1,QKD-ASSUMED,QKD-ASSUMED,20000,"{""cascade_initial_block_factor"":0.73,""cascade_maximum_initial_block_size"":null,""cascade_maximum_lookback_steps"":null,""cascade_passes"":4,""phase_error_abort_threshold"":0.11,""sample_fraction"":0.2,""security_margin_bits"":0,""verification_tag_length"":32}",,[],"{""condition_id"":""bit-flip-0.20"",""experiment_kind"":""E2"",""qkd_stages"":[{""p"":0.2,""type"":""bit_flip""}],""replicate_index"":1,""seed"":14355434122656363657,""session"":{""internal_pqc_profile"":null,""profile"":""QKD-ASSUMED"",""qkd_authentication_profile"":""QKD-ASSUMED"",""qkd_postprocessing"":{""cascade_initial_block_factor"":0.73,""cascade_maximum_initial_block_size"":null,""cascade_maximum_lookback_steps"":null,""cascade_passes"":4,""phase_error_abort_threshold"":0.11,""sample_fraction"":0.2,""security_margin_bits"":0,""verification_tag_length"":32},""qkd_signal_count"":20000,""version"":1},""tags"":[],""version"":1}","[{""p"":0.2,""type"":""bit_flip""}]",,authentication explicitly assumed; no runtime material,,,,,,false,1,c060001decb1a30779b839944abd9314,QKD-ASSUMED,aborted,"BB84 security abort: Per-basis errors Z=0.203252, X=0.000000 give phase-error bound 0.203252, above the configured asymptotic threshold 0.110000; aggregate QBER 0.101420 is not the phase-error bound.",,0,[],"{""pqc_exchange"":null,""qkd_classical"":{""algorithm"":""none"",""executed"":false,""mechanism"":""assumed"",""purpose"":""QKD classical transcript authentication"",""trust_assumption"":""The classical BB84 channel is assumed authenticated externally."",""verified"":null}}","{""qkd_transcript_hash_sha384"":""b24c73ea34c9cd5947c02342db039074daaa63d6cafc15721ef1f98eac1261904a04d39da06a8218cc7c02ecbef66afb"",""qkd_transcript_version"":1}",3215883600,20000,9855,1972,7883,0,0,0.49275,0.0,0.2032520325203252,0.0,0.10141987829614604,200,984,0,988,200,1972,0.2032520325203252,0.09731100963977676,0.1950772986167616,0.0,0.09731100963977676,155832,,,,,,,,,,,,,,,,,,,,,,,,,,,,,,,,,,assumed,none,none,0,0,0,0,0,0,0,0,The classical BB84 channel is assumed authenticated externally.,,,,"{""implementation"":""cpython"",""platform"":""Windows-11-10.0.26200-SP0"",""processor"":""Intel64 Family 6 Model 158 Stepping 12, GenuineIntel"",""python"":""3.14.7""}",,,,,,,,,,,,,,,,,,,,,,,,,3215883600,"{""events"":[{""detail"":""QKD-ASSUMED"",""sequence"":0,""source"":""session"",""stage"":""session"",""state"":""started""},{""detail"":""Per-basis errors Z=0.203252, X=0.000000 give phase-error bound 0.203252, above the configured asymptotic threshold 0.110000; aggregate QBER 0.101420 is not the phase-error bound."",""sequence"":1,""source"":""qkd"",""stage"":""bb84"",""state"":""aborted""},{""detail"":""The classical BB84 channel is assumed authenticated externally."",""sequence"":2,""source"":""qkd"",""stage"":""classical_authentication"",""state"":""assumed_not_executed""},{""detail"":""No final key material is exposed by the orchestration result."",""sequence"":3,""source"":""qkd"",""stage"":""key_release"",""state"":""withheld""},{""detail"":""BB84 security abort: Per-basis errors Z=0.203252, X=0.000000 give phase-error bound 0.203252, above the configured asymptotic threshold 0.110000; aggregate QBER 0.101420 is not the phase-error bound."",""sequence"":4,""source"":""session"",""stage"":""session"",""state"":""aborted""}],""version"":1}"
1,a5e72965-d953-4f25-8b39-b3a06e214eb1,E2,bit-flip-0.20,2,1,eafcdacf-9f23-4290-b8e6-0d06ba663426,false,,0,112,2026-09-08T07:49:18.944022+00:00,7818008934844930236,QKD-ASSUMED,6532,3.14.7,CPython,2.5.0,0.16.0,0.16.0,50.0.1,0.1.0,Windows,11,10.0.26200,AMD64,"Intel64 Family 6 Model 158 Stepping 12, GenuineIntel",ac46477bb374bde1c0ace1ef0bcfbc26b199dcfa,true,1,E2,bit-flip-0.20,2,7818008934844930236,1,QKD-ASSUMED,QKD-ASSUMED,20000,"{""cascade_initial_block_factor"":0.73,""cascade_maximum_initial_block_size"":null,""cascade_maximum_lookback_steps"":null,""cascade_passes"":4,""phase_error_abort_threshold"":0.11,""sample_fraction"":0.2,""security_margin_bits"":0,""verification_tag_length"":32}",,[],"{""condition_id"":""bit-flip-0.20"",""experiment_kind"":""E2"",""qkd_stages"":[{""p"":0.2,""type"":""bit_flip""}],""replicate_index"":2,""seed"":7818008934844930236,""session"":{""internal_pqc_profile"":null,""profile"":""QKD-ASSUMED"",""qkd_authentication_profile"":""QKD-ASSUMED"",""qkd_postprocessing"":{""cascade_initial_block_factor"":0.73,""cascade_maximum_initial_block_size"":null,""cascade_maximum_lookback_steps"":null,""cascade_passes"":4,""phase_error_abort_threshold"":0.11,""sample_fraction"":0.2,""security_margin_bits"":0,""verification_tag_length"":32},""qkd_signal_count"":20000,""version"":1},""tags"":[],""version"":1}","[{""p"":0.2,""type"":""bit_flip""}]",,authentication explicitly assumed; no runtime material,,,,,,false,1,56e44cb39dcf01c0dd443686967bf205,QKD-ASSUMED,aborted,"BB84 security abort: Per-basis errors Z=0.189484, X=0.000000 give phase-error bound 0.189484, above the configured asymptotic threshold 0.110000; aggregate QBER 0.094836 is not the phase-error bound.",,0,[],"{""pqc_exchange"":null,""qkd_classical"":{""algorithm"":""none"",""executed"":false,""mechanism"":""assumed"",""purpose"":""QKD classical transcript authentication"",""trust_assumption"":""The classical BB84 channel is assumed authenticated externally."",""verified"":null}}","{""qkd_transcript_hash_sha384"":""de014ce8e54f618efe000ab40c6fac4b7045905ccf0200ac68f290767c0b711fae674b5e95f12f68e7f51b4baade4d5d"",""qkd_transcript_version"":1}",3262812400,20000,10069,2014,8055,0,0,0.50345,0.0,0.18948412698412698,0.0,0.09483614697120159,191,1008,0,1006,191,2014,0.18948412698412698,0.10179759658357335,0.20341337566977574,0.0,0.10179759658357335,158310,,,,,,,,,,,,,,,,,,,,,,,,,,,,,,,,,,assumed,none,none,0,0,0,0,0,0,0,0,The classical BB84 channel is assumed authenticated externally.,,,,"{""implementation"":""cpython"",""platform"":""Windows-11-10.0.26200-SP0"",""processor"":""Intel64 Family 6 Model 158 Stepping 12, GenuineIntel"",""python"":""3.14.7""}",,,,,,,,,,,,,,,,,,,,,,,,,3262812400,"{""events"":[{""detail"":""QKD-ASSUMED"",""sequence"":0,""source"":""session"",""stage"":""session"",""state"":""started""},{""detail"":""Per-basis errors Z=0.189484, X=0.000000 give phase-error bound 0.189484, above the configured asymptotic threshold 0.110000; aggregate QBER 0.094836 is not the phase-error bound."",""sequence"":1,""source"":""qkd"",""stage"":""bb84"",""state"":""aborted""},{""detail"":""The classical BB84 channel is assumed authenticated externally."",""sequence"":2,""source"":""qkd"",""stage"":""classical_authentication"",""state"":""assumed_not_executed""},{""detail"":""No final key material is exposed by the orchestration result."",""sequence"":3,""source"":""qkd"",""stage"":""key_release"",""state"":""withheld""},{""detail"":""BB84 security abort: Per-basis errors Z=0.189484, X=0.000000 give phase-error bound 0.189484, above the configured asymptotic threshold 0.110000; aggregate QBER 0.094836 is not the phase-error bound."",""sequence"":4,""source"":""session"",""stage"":""session"",""state"":""aborted""}],""version"":1}"
1,a9810e2c-d244-4931-9880-85cce593f2b2,E2,bit-flip-0.20,3,1,eafcdacf-9f23-4290-b8e6-0d06ba663426,false,,0,113,2026-09-08T07:49:22.235140+00:00,10629413802406762891,QKD-ASSUMED,6533,3.14.7,CPython,2.5.0,0.16.0,0.16.0,50.0.1,0.1.0,Windows,11,10.0.26200,AMD64,"Intel64 Family 6 Model 158 Stepping 12, GenuineIntel",ac46477bb374bde1c0ace1ef0bcfbc26b199dcfa,true,1,E2,bit-flip-0.20,3,10629413802406762891,1,QKD-ASSUMED,QKD-ASSUMED,20000,"{""cascade_initial_block_factor"":0.73,""cascade_maximum_initial_block_size"":null,""cascade_maximum_lookback_steps"":null,""cascade_passes"":4,""phase_error_abort_threshold"":0.11,""sample_fraction"":0.2,""security_margin_bits"":0,""verification_tag_length"":32}",,[],"{""condition_id"":""bit-flip-0.20"",""experiment_kind"":""E2"",""qkd_stages"":[{""p"":0.2,""type"":""bit_flip""}],""replicate_index"":3,""seed"":10629413802406762891,""session"":{""internal_pqc_profile"":null,""profile"":""QKD-ASSUMED"",""qkd_authentication_profile"":""QKD-ASSUMED"",""qkd_postprocessing"":{""cascade_initial_block_factor"":0.73,""cascade_maximum_initial_block_size"":null,""cascade_maximum_lookback_steps"":null,""cascade_passes"":4,""phase_error_abort_threshold"":0.11,""sample_fraction"":0.2,""security_margin_bits"":0,""verification_tag_length"":32},""qkd_signal_count"":20000,""version"":1},""tags"":[],""version"":1}","[{""p"":0.2,""type"":""bit_flip""}]",,authentication explicitly assumed; no runtime material,,,,,,false,1,2b983e7352052490ae48e104677ede18,QKD-ASSUMED,aborted,"BB84 security abort: Per-basis errors Z=0.183085, X=0.000000 give phase-error bound 0.183085, above the configured asymptotic threshold 0.110000; aggregate QBER 0.091451 is not the phase-error bound.",,0,[],"{""pqc_exchange"":null,""qkd_classical"":{""algorithm"":""none"",""executed"":false,""mechanism"":""assumed"",""purpose"":""QKD classical transcript authentication"",""trust_assumption"":""The classical BB84 channel is assumed authenticated externally."",""verified"":null}}","{""qkd_transcript_hash_sha384"":""9a97e093949ab26c4fe5497216eccd567ff3bb87cce553af2de8d576e87bcd6d9011193a33795830482e57b7e87a21f1"",""qkd_transcript_version"":1}",3229232100,20000,10053,2012,8041,0,0,0.50265,0.0,0.18308457711442785,0.0,0.09145129224652088,184,1005,0,1007,184,2012,0.18308457711442785,0.09579230080572963,0.1917562724014337,0.0,0.09579230080572963,158146,,,,,,,,,,,,,,,,,,,,,,,,,,,,,,,,,,assumed,none,none,0,0,0,0,0,0,0,0,The classical BB84 channel is assumed authenticated externally.,,,,"{""implementation"":""cpython"",""platform"":""Windows-11-10.0.26200-SP0"",""processor"":""Intel64 Family 6 Model 158 Stepping 12, GenuineIntel"",""python"":""3.14.7""}",,,,,,,,,,,,,,,,,,,,,,,,,3229232100,"{""events"":[{""detail"":""QKD-ASSUMED"",""sequence"":0,""source"":""session"",""stage"":""session"",""state"":""started""},{""detail"":""Per-basis errors Z=0.183085, X=0.000000 give phase-error bound 0.183085, above the configured asymptotic threshold 0.110000; aggregate QBER 0.091451 is not the phase-error bound."",""sequence"":1,""source"":""qkd"",""stage"":""bb84"",""state"":""aborted""},{""detail"":""The classical BB84 channel is assumed authenticated externally."",""sequence"":2,""source"":""qkd"",""stage"":""classical_authentication"",""state"":""assumed_not_executed""},{""detail"":""No final key material is exposed by the orchestration result."",""sequence"":3,""source"":""qkd"",""stage"":""key_release"",""state"":""withheld""},{""detail"":""BB84 security abort: Per-basis errors Z=0.183085, X=0.000000 give phase-error bound 0.183085, above the configured asymptotic threshold 0.110000; aggregate QBER 0.091451 is not the phase-error bound."",""sequence"":4,""source"":""session"",""stage"":""session"",""state"":""aborted""}],""version"":1}"
1,2c9c06ab-d615-4106-9892-a10bd9bdf65e,E2,bit-flip-0.20,4,1,eafcdacf-9f23-4290-b8e6-0d06ba663426,false,,0,114,2026-09-08T07:49:25.517948+00:00,6120908995408791955,QKD-ASSUMED,6529,3.14.7,CPython,2.5.0,0.16.0,0.16.0,50.0.1,0.1.0,Windows,11,10.0.26200,AMD64,"Intel64 Family 6 Model 158 Stepping 12, GenuineIntel",ac46477bb374bde1c0ace1ef0bcfbc26b199dcfa,true,1,E2,bit-flip-0.20,4,6120908995408791955,1,QKD-ASSUMED,QKD-ASSUMED,20000,"{""cascade_initial_block_factor"":0.73,""cascade_maximum_initial_block_size"":null,""cascade_maximum_lookback_steps"":null,""cascade_passes"":4,""phase_error_abort_threshold"":0.11,""sample_fraction"":0.2,""security_margin_bits"":0,""verification_tag_length"":32}",,[],"{""condition_id"":""bit-flip-0.20"",""experiment_kind"":""E2"",""qkd_stages"":[{""p"":0.2,""type"":""bit_flip""}],""replicate_index"":4,""seed"":6120908995408791955,""session"":{""internal_pqc_profile"":null,""profile"":""QKD-ASSUMED"",""qkd_authentication_profile"":""QKD-ASSUMED"",""qkd_postprocessing"":{""cascade_initial_block_factor"":0.73,""cascade_maximum_initial_block_size"":null,""cascade_maximum_lookback_steps"":null,""cascade_passes"":4,""phase_error_abort_threshold"":0.11,""sample_fraction"":0.2,""security_margin_bits"":0,""verification_tag_length"":32},""qkd_signal_count"":20000,""version"":1},""tags"":[],""version"":1}","[{""p"":0.2,""type"":""bit_flip""}]",,authentication explicitly assumed; no runtime material,,,,,,false,1,001b80f8dd22f8bd52b9e8240ae4e7b5,QKD-ASSUMED,aborted,"BB84 security abort: Per-basis errors Z=0.197757, X=0.000000 give phase-error bound 0.197757, above the configured asymptotic threshold 0.110000; aggregate QBER 0.097487 is not the phase-error bound.",,0,[],"{""pqc_exchange"":null,""qkd_classical"":{""algorithm"":""none"",""executed"":false,""mechanism"":""assumed"",""purpose"":""QKD classical transcript authentication"",""trust_assumption"":""The classical BB84 channel is assumed authenticated externally."",""verified"":null}}","{""qkd_transcript_hash_sha384"":""c4c0c3adb61ad1085c9b873ab663c57bd88727c46d66c899637dc0fc7027607f042ff4b417dd83685ed876fa1fb9ddf3"",""qkd_transcript_version"":1}",3221897700,20000,9946,1990,7956,0,0,0.4973,0.0,0.19775739041794088,0.0,0.09748743718592964,194,981,0,1009,194,1990,0.19775739041794088,0.10024130303639654,0.20330342577487764,0.0,0.10024130303639654,156888,,,,,,,,,,,,,,,,,,,,,,,,,,,,,,,,,,assumed,none,none,0,0,0,0,0,0,0,0,The classical BB84 channel is assumed authenticated externally.,,,,"{""implementation"":""cpython"",""platform"":""Windows-11-10.0.26200-SP0"",""processor"":""Intel64 Family 6 Model 158 Stepping 12, GenuineIntel"",""python"":""3.14.7""}",,,,,,,,,,,,,,,,,,,,,,,,,3221897700,"{""events"":[{""detail"":""QKD-ASSUMED"",""sequence"":0,""source"":""session"",""stage"":""session"",""state"":""started""},{""detail"":""Per-basis errors Z=0.197757, X=0.000000 give phase-error bound 0.197757, above the configured asymptotic threshold 0.110000; aggregate QBER 0.097487 is not the phase-error bound."",""sequence"":1,""source"":""qkd"",""stage"":""bb84"",""state"":""aborted""},{""detail"":""The classical BB84 channel is assumed authenticated externally."",""sequence"":2,""source"":""qkd"",""stage"":""classical_authentication"",""state"":""assumed_not_executed""},{""detail"":""No final key material is exposed by the orchestration result."",""sequence"":3,""source"":""qkd"",""stage"":""key_release"",""state"":""withheld""},{""detail"":""BB84 security abort: Per-basis errors Z=0.197757, X=0.000000 give phase-error bound 0.197757, above the configured asymptotic threshold 0.110000; aggregate QBER 0.097487 is not the phase-error bound."",""sequence"":4,""source"":""session"",""stage"":""session"",""state"":""aborted""}],""version"":1}"
1,77d8b2f7-3acb-4101-bd1a-9e630a27868b,E2,bit-flip-0.20,5,1,eafcdacf-9f23-4290-b8e6-0d06ba663426,false,,0,115,2026-09-08T07:49:28.846117+00:00,16588287805338023500,QKD-ASSUMED,6527,3.14.7,CPython,2.5.0,0.16.0,0.16.0,50.0.1,0.1.0,Windows,11,10.0.26200,AMD64,"Intel64 Family 6 Model 158 Stepping 12, GenuineIntel",ac46477bb374bde1c0ace1ef0bcfbc26b199dcfa,true,1,E2,bit-flip-0.20,5,16588287805338023500,1,QKD-ASSUMED,QKD-ASSUMED,20000,"{""cascade_initial_block_factor"":0.73,""cascade_maximum_initial_block_size"":null,""cascade_maximum_lookback_steps"":null,""cascade_passes"":4,""phase_error_abort_threshold"":0.11,""sample_fraction"":0.2,""security_margin_bits"":0,""verification_tag_length"":32}",,[],"{""condition_id"":""bit-flip-0.20"",""experiment_kind"":""E2"",""qkd_stages"":[{""p"":0.2,""type"":""bit_flip""}],""replicate_index"":5,""seed"":16588287805338023500,""session"":{""internal_pqc_profile"":null,""profile"":""QKD-ASSUMED"",""qkd_authentication_profile"":""QKD-ASSUMED"",""qkd_postprocessing"":{""cascade_initial_block_factor"":0.73,""cascade_maximum_initial_block_size"":null,""cascade_maximum_lookback_steps"":null,""cascade_passes"":4,""phase_error_abort_threshold"":0.11,""sample_fraction"":0.2,""security_margin_bits"":0,""verification_tag_length"":32},""qkd_signal_count"":20000,""version"":1},""tags"":[],""version"":1}","[{""p"":0.2,""type"":""bit_flip""}]",,authentication explicitly assumed; no runtime material,,,,,,false,1,ac2101e215d3dc582de013107162e5e8,QKD-ASSUMED,aborted,"BB84 security abort: Per-basis errors Z=0.199203, X=0.000000 give phase-error bound 0.199203, above the configured asymptotic threshold 0.110000; aggregate QBER 0.099850 is not the phase-error bound.",,0,[],"{""pqc_exchange"":null,""qkd_classical"":{""algorithm"":""none"",""executed"":false,""mechanism"":""assumed"",""purpose"":""QKD classical transcript authentication"",""trust_assumption"":""The classical BB84 channel is assumed authenticated externally."",""verified"":null}}","{""qkd_transcript_hash_sha384"":""fc1756ba22fa2e2ea0721c43b3a3ee06cd142953dd2fdd50dec2d5174aa14d358c3e3433bfd00ad0232233e45fc0ec32"",""qkd_transcript_version"":1}",3266418300,20000,10014,2003,8011,0,0,0.5007,0.0,0.199203187250996,0.0,0.09985022466300549,200,1004,0,999,200,2003,0.199203187250996,0.10445376472937887,0.2084080494122335,0.0,0.10445376472937887,157670,,,,,,,,,,,,,,,,,,,,,,,,,,,,,,,,,,assumed,none,none,0,0,0,0,0,0,0,0,The classical BB84 channel is assumed authenticated externally.,,,,"{""implementation"":""cpython"",""platform"":""Windows-11-10.0.26200-SP0"",""processor"":""Intel64 Family 6 Model 158 Stepping 12, GenuineIntel"",""python"":""3.14.7""}",,,,,,,,,,,,,,,,,,,,,,,,,3266418300,"{""events"":[{""detail"":""QKD-ASSUMED"",""sequence"":0,""source"":""session"",""stage"":""session"",""state"":""started""},{""detail"":""Per-basis errors Z=0.199203, X=0.000000 give phase-error bound 0.199203, above the configured asymptotic threshold 0.110000; aggregate QBER 0.099850 is not the phase-error bound."",""sequence"":1,""source"":""qkd"",""stage"":""bb84"",""state"":""aborted""},{""detail"":""The classical BB84 channel is assumed authenticated externally."",""sequence"":2,""source"":""qkd"",""stage"":""classical_authentication"",""state"":""assumed_not_executed""},{""detail"":""No final key material is exposed by the orchestration result."",""sequence"":3,""source"":""qkd"",""stage"":""key_release"",""state"":""withheld""},{""detail"":""BB84 security abort: Per-basis errors Z=0.199203, X=0.000000 give phase-error bound 0.199203, above the configured asymptotic threshold 0.110000; aggregate QBER 0.099850 is not the phase-error bound."",""sequence"":4,""source"":""session"",""stage"":""session"",""state"":""aborted""}],""version"":1}"
1,ac91a8f5-f8e7-4aeb-9c98-33eb3750ffd7,E2,bit-flip-0.20,6,1,eafcdacf-9f23-4290-b8e6-0d06ba663426,false,,0,116,2026-09-08T07:49:32.128395+00:00,9376113304380218746,QKD-ASSUMED,6516,3.14.7,CPython,2.5.0,0.16.0,0.16.0,50.0.1,0.1.0,Windows,11,10.0.26200,AMD64,"Intel64 Family 6 Model 158 Stepping 12, GenuineIntel",ac46477bb374bde1c0ace1ef0bcfbc26b199dcfa,true,1,E2,bit-flip-0.20,6,9376113304380218746,1,QKD-ASSUMED,QKD-ASSUMED,20000,"{""cascade_initial_block_factor"":0.73,""cascade_maximum_initial_block_size"":null,""cascade_maximum_lookback_steps"":null,""cascade_passes"":4,""phase_error_abort_threshold"":0.11,""sample_fraction"":0.2,""security_margin_bits"":0,""verification_tag_length"":32}",,[],"{""condition_id"":""bit-flip-0.20"",""experiment_kind"":""E2"",""qkd_stages"":[{""p"":0.2,""type"":""bit_flip""}],""replicate_index"":6,""seed"":9376113304380218746,""session"":{""internal_pqc_profile"":null,""profile"":""QKD-ASSUMED"",""qkd_authentication_profile"":""QKD-ASSUMED"",""qkd_postprocessing"":{""cascade_initial_block_factor"":0.73,""cascade_maximum_initial_block_size"":null,""cascade_maximum_lookback_steps"":null,""cascade_passes"":4,""phase_error_abort_threshold"":0.11,""sample_fraction"":0.2,""security_margin_bits"":0,""verification_tag_length"":32},""qkd_signal_count"":20000,""version"":1},""tags"":[],""version"":1}","[{""p"":0.2,""type"":""bit_flip""}]",,authentication explicitly assumed; no runtime material,,,,,,false,1,8192e5f9ff8e66d7dd5c95fb2f199b54,QKD-ASSUMED,aborted,"BB84 security abort: Per-basis errors Z=0.211914, X=0.000000 give phase-error bound 0.211914, above the configured asymptotic threshold 0.110000; aggregate QBER 0.108068 is not the phase-error bound.",,0,[],"{""pqc_exchange"":null,""qkd_classical"":{""algorithm"":""none"",""executed"":false,""mechanism"":""assumed"",""purpose"":""QKD classical transcript authentication"",""trust_assumption"":""The classical BB84 channel is assumed authenticated externally."",""verified"":null}}","{""qkd_transcript_hash_sha384"":""fc46bede0e2e70d568747d5aac2df854f12ca976740bda23576581056c44e143c24b6d990a48e71ae3a012f3b6145db8"",""qkd_transcript_version"":1}",3221528200,20000,10036,2008,8028,0,0,0.5018,0.0,0.2119140625,0.0,0.10806772908366534,217,1024,0,984,217,2008,0.2119140625,0.10133519330410522,0.19867161554991208,0.0,0.10133519330410522,157936,,,,,,,,,,,,,,,,,,,,,,,,,,,,,,,,,,assumed,none,none,0,0,0,0,0,0,0,0,The classical BB84 channel is assumed authenticated externally.,,,,"{""implementation"":""cpython"",""platform"":""Windows-11-10.0.26200-SP0"",""processor"":""Intel64 Family 6 Model 158 Stepping 12, GenuineIntel"",""python"":""3.14.7""}",,,,,,,,,,,,,,,,,,,,,,,,,3221528200,"{""events"":[{""detail"":""QKD-ASSUMED"",""sequence"":0,""source"":""session"",""stage"":""session"",""state"":""started""},{""detail"":""Per-basis errors Z=0.211914, X=0.000000 give phase-error bound 0.211914, above the configured asymptotic threshold 0.110000; aggregate QBER 0.108068 is not the phase-error bound."",""sequence"":1,""source"":""qkd"",""stage"":""bb84"",""state"":""aborted""},{""detail"":""The classical BB84 channel is assumed authenticated externally."",""sequence"":2,""source"":""qkd"",""stage"":""classical_authentication"",""state"":""assumed_not_executed""},{""detail"":""No final key material is exposed by the orchestration result."",""sequence"":3,""source"":""qkd"",""stage"":""key_release"",""state"":""withheld""},{""detail"":""BB84 security abort: Per-basis errors Z=0.211914, X=0.000000 give phase-error bound 0.211914, above the configured asymptotic threshold 0.110000; aggregate QBER 0.108068 is not the phase-error bound."",""sequence"":4,""source"":""session"",""stage"":""session"",""state"":""aborted""}],""version"":1}"
1,e47814c8-e3a6-4125-bd30-be2028f30103,E2,bit-flip-0.20,7,1,eafcdacf-9f23-4290-b8e6-0d06ba663426,false,,0,117,2026-09-08T07:49:35.495067+00:00,5400790937447483848,QKD-ASSUMED,6531,3.14.7,CPython,2.5.0,0.16.0,0.16.0,50.0.1,0.1.0,Windows,11,10.0.26200,AMD64,"Intel64 Family 6 Model 158 Stepping 12, GenuineIntel",ac46477bb374bde1c0ace1ef0bcfbc26b199dcfa,true,1,E2,bit-flip-0.20,7,5400790937447483848,1,QKD-ASSUMED,QKD-ASSUMED,20000,"{""cascade_initial_block_factor"":0.73,""cascade_maximum_initial_block_size"":null,""cascade_maximum_lookback_steps"":null,""cascade_passes"":4,""phase_error_abort_threshold"":0.11,""sample_fraction"":0.2,""security_margin_bits"":0,""verification_tag_length"":32}",,[],"{""condition_id"":""bit-flip-0.20"",""experiment_kind"":""E2"",""qkd_stages"":[{""p"":0.2,""type"":""bit_flip""}],""replicate_index"":7,""seed"":5400790937447483848,""session"":{""internal_pqc_profile"":null,""profile"":""QKD-ASSUMED"",""qkd_authentication_profile"":""QKD-ASSUMED"",""qkd_postprocessing"":{""cascade_initial_block_factor"":0.73,""cascade_maximum_initial_block_size"":null,""cascade_maximum_lookback_steps"":null,""cascade_passes"":4,""phase_error_abort_threshold"":0.11,""sample_fraction"":0.2,""security_margin_bits"":0,""verification_tag_length"":32},""qkd_signal_count"":20000,""version"":1},""tags"":[],""version"":1}","[{""p"":0.2,""type"":""bit_flip""}]",,authentication explicitly assumed; no runtime material,,,,,,false,1,7b9ca41c2f411cd7900158d3cbd95ed6,QKD-ASSUMED,aborted,"BB84 security abort: Per-basis errors Z=0.202756, X=0.000000 give phase-error bound 0.202756, above the configured asymptotic threshold 0.110000; aggregate QBER 0.101478 is not the phase-error bound.",,0,[],"{""pqc_exchange"":null,""qkd_classical"":{""algorithm"":""none"",""executed"":false,""mechanism"":""assumed"",""purpose"":""QKD classical transcript authentication"",""trust_assumption"":""The classical BB84 channel is assumed authenticated externally."",""verified"":null}}","{""qkd_transcript_hash_sha384"":""7b08d2d3c28ac7de962d6373e89c22e7068c79b220eecccf9256bcd6a4b7768157d960b83d87bbea8e9f3a039ee3d00e"",""qkd_transcript_version"":1}",3304647100,20000,10145,2030,8115,0,0,0.50725,0.0,0.20275590551181102,0.0,0.10147783251231528,206,1016,0,1014,206,2030,0.20275590551181102,0.09926071956628882,0.1983845547675335,0.0,0.09926071956628882,159210,,,,,,,,,,,,,,,,,,,,,,,,,,,,,,,,,,assumed,none,none,0,0,0,0,0,0,0,0,The classical BB84 channel is assumed authenticated externally.,,,,"{""implementation"":""cpython"",""platform"":""Windows-11-10.0.26200-SP0"",""processor"":""Intel64 Family 6 Model 158 Stepping 12, GenuineIntel"",""python"":""3.14.7""}",,,,,,,,,,,,,,,,,,,,,,,,,3304647100,"{""events"":[{""detail"":""QKD-ASSUMED"",""sequence"":0,""source"":""session"",""stage"":""session"",""state"":""started""},{""detail"":""Per-basis errors Z=0.202756, X=0.000000 give phase-error bound 0.202756, above the configured asymptotic threshold 0.110000; aggregate QBER 0.101478 is not the phase-error bound."",""sequence"":1,""source"":""qkd"",""stage"":""bb84"",""state"":""aborted""},{""detail"":""The classical BB84 channel is assumed authenticated externally."",""sequence"":2,""source"":""qkd"",""stage"":""classical_authentication"",""state"":""assumed_not_executed""},{""detail"":""No final key material is exposed by the orchestration result."",""sequence"":3,""source"":""qkd"",""stage"":""key_release"",""state"":""withheld""},{""detail"":""BB84 security abort: Per-basis errors Z=0.202756, X=0.000000 give phase-error bound 0.202756, above the configured asymptotic threshold 0.110000; aggregate QBER 0.101478 is not the phase-error bound."",""sequence"":4,""source"":""session"",""stage"":""session"",""state"":""aborted""}],""version"":1}"
1,4368323c-c1c5-4310-82a5-b130c7a81c88,E2,bit-flip-0.20,8,1,eafcdacf-9f23-4290-b8e6-0d06ba663426,false,,0,118,2026-09-08T07:49:38.820234+00:00,2660610002250518903,QKD-ASSUMED,6526,3.14.7,CPython,2.5.0,0.16.0,0.16.0,50.0.1,0.1.0,Windows,11,10.0.26200,AMD64,"Intel64 Family 6 Model 158 Stepping 12, GenuineIntel",ac46477bb374bde1c0ace1ef0bcfbc26b199dcfa,true,1,E2,bit-flip-0.20,8,2660610002250518903,1,QKD-ASSUMED,QKD-ASSUMED,20000,"{""cascade_initial_block_factor"":0.73,""cascade_maximum_initial_block_size"":null,""cascade_maximum_lookback_steps"":null,""cascade_passes"":4,""phase_error_abort_threshold"":0.11,""sample_fraction"":0.2,""security_margin_bits"":0,""verification_tag_length"":32}",,[],"{""condition_id"":""bit-flip-0.20"",""experiment_kind"":""E2"",""qkd_stages"":[{""p"":0.2,""type"":""bit_flip""}],""replicate_index"":8,""seed"":2660610002250518903,""session"":{""internal_pqc_profile"":null,""profile"":""QKD-ASSUMED"",""qkd_authentication_profile"":""QKD-ASSUMED"",""qkd_postprocessing"":{""cascade_initial_block_factor"":0.73,""cascade_maximum_initial_block_size"":null,""cascade_maximum_lookback_steps"":null,""cascade_passes"":4,""phase_error_abort_threshold"":0.11,""sample_fraction"":0.2,""security_margin_bits"":0,""verification_tag_length"":32},""qkd_signal_count"":20000,""version"":1},""tags"":[],""version"":1}","[{""p"":0.2,""type"":""bit_flip""}]",,authentication explicitly assumed; no runtime material,,,,,,false,1,710871e61abfa39e37da8d8dd3d1ddd9,QKD-ASSUMED,aborted,"BB84 security abort: Per-basis errors Z=0.189810, X=0.000000 give phase-error bound 0.189810, above the configured asymptotic threshold 0.110000; aggregate QBER 0.094527 is not the phase-error bound.",,0,[],"{""pqc_exchange"":null,""qkd_classical"":{""algorithm"":""none"",""executed"":false,""mechanism"":""assumed"",""purpose"":""QKD classical transcript authentication"",""trust_assumption"":""The classical BB84 channel is assumed authenticated externally."",""verified"":null}}","{""qkd_transcript_hash_sha384"":""2216d3a227e19a1c35d32486a90c67b01a377e88c758a52a1a4fb92e7773dfec7f7305f47edbd50c673483330b106705"",""qkd_transcript_version"":1}",3263186200,20000,10045,2010,8035,0,0,0.50225,0.0,0.18981018981018982,0.0,0.0945273631840796,190,1001,0,1009,190,2010,0.18981018981018982,0.095370831259333,0.1914468425259792,0.0,0.095370831259333,158046,,,,,,,,,,,,,,,,,,,,,,,,,,,,,,,,,,assumed,none,none,0,0,0,0,0,0,0,0,The classical BB84 channel is assumed authenticated externally.,,,,"{""implementation"":""cpython"",""platform"":""Windows-11-10.0.26200-SP0"",""processor"":""Intel64 Family 6 Model 158 Stepping 12, GenuineIntel"",""python"":""3.14.7""}",,,,,,,,,,,,,,,,,,,,,,,,,3263186200,"{""events"":[{""detail"":""QKD-ASSUMED"",""sequence"":0,""source"":""session"",""stage"":""session"",""state"":""started""},{""detail"":""Per-basis errors Z=0.189810, X=0.000000 give phase-error bound 0.189810, above the configured asymptotic threshold 0.110000; aggregate QBER 0.094527 is not the phase-error bound."",""sequence"":1,""source"":""qkd"",""stage"":""bb84"",""state"":""aborted""},{""detail"":""The classical BB84 channel is assumed authenticated externally."",""sequence"":2,""source"":""qkd"",""stage"":""classical_authentication"",""state"":""assumed_not_executed""},{""detail"":""No final key material is exposed by the orchestration result."",""sequence"":3,""source"":""qkd"",""stage"":""key_release"",""state"":""withheld""},{""detail"":""BB84 security abort: Per-basis errors Z=0.189810, X=0.000000 give phase-error bound 0.189810, above the configured asymptotic threshold 0.110000; aggregate QBER 0.094527 is not the phase-error bound."",""sequence"":4,""source"":""session"",""stage"":""session"",""state"":""aborted""}],""version"":1}"
1,f3c0ddb3-60f2-4b81-ba96-5cd6a90555b8,E2,bit-flip-0.20,9,1,eafcdacf-9f23-4290-b8e6-0d06ba663426,false,,0,119,2026-09-08T07:49:42.136516+00:00,16566119450478613486,QKD-ASSUMED,6531,3.14.7,CPython,2.5.0,0.16.0,0.16.0,50.0.1,0.1.0,Windows,11,10.0.26200,AMD64,"Intel64 Family 6 Model 158 Stepping 12, GenuineIntel",ac46477bb374bde1c0ace1ef0bcfbc26b199dcfa,true,1,E2,bit-flip-0.20,9,16566119450478613486,1,QKD-ASSUMED,QKD-ASSUMED,20000,"{""cascade_initial_block_factor"":0.73,""cascade_maximum_initial_block_size"":null,""cascade_maximum_lookback_steps"":null,""cascade_passes"":4,""phase_error_abort_threshold"":0.11,""sample_fraction"":0.2,""security_margin_bits"":0,""verification_tag_length"":32}",,[],"{""condition_id"":""bit-flip-0.20"",""experiment_kind"":""E2"",""qkd_stages"":[{""p"":0.2,""type"":""bit_flip""}],""replicate_index"":9,""seed"":16566119450478613486,""session"":{""internal_pqc_profile"":null,""profile"":""QKD-ASSUMED"",""qkd_authentication_profile"":""QKD-ASSUMED"",""qkd_postprocessing"":{""cascade_initial_block_factor"":0.73,""cascade_maximum_initial_block_size"":null,""cascade_maximum_lookback_steps"":null,""cascade_passes"":4,""phase_error_abort_threshold"":0.11,""sample_fraction"":0.2,""security_margin_bits"":0,""verification_tag_length"":32},""qkd_signal_count"":20000,""version"":1},""tags"":[],""version"":1}","[{""p"":0.2,""type"":""bit_flip""}]",,authentication explicitly assumed; no runtime material,,,,,,false,1,b18b0b367b4ecbf0f9eb1a18d9543250,QKD-ASSUMED,aborted,"BB84 security abort: Per-basis errors Z=0.187437, X=0.000000 give phase-error bound 0.187437, above the configured asymptotic threshold 0.110000; aggregate QBER 0.092593 is not the phase-error bound.",,0,[],"{""pqc_exchange"":null,""qkd_classical"":{""algorithm"":""none"",""executed"":false,""mechanism"":""assumed"",""purpose"":""QKD classical transcript authentication"",""trust_assumption"":""The classical BB84 channel is assumed authenticated externally."",""verified"":null}}","{""qkd_transcript_hash_sha384"":""17999834c1ec990e5e730a01051c15902dd7785366a0c2c297cd0ff095a95d5cfd2ebba8a6be849057259db18efc27fb"",""qkd_transcript_version"":1}",3253818500,20000,9983,1998,7985,0,0,0.49915,0.0,0.18743667679837892,0.0,0.09259259259259259,185,987,0,1011,185,1998,0.18743667679837892,0.09806671341280176,0.1985398499290205,0.0,0.09806671341280176,157330,,,,,,,,,,,,,,,,,,,,,,,,,,,,,,,,,,assumed,none,none,0,0,0,0,0,0,0,0,The classical BB84 channel is assumed authenticated externally.,,,,"{""implementation"":""cpython"",""platform"":""Windows-11-10.0.26200-SP0"",""processor"":""Intel64 Family 6 Model 158 Stepping 12, GenuineIntel"",""python"":""3.14.7""}",,,,,,,,,,,,,,,,,,,,,,,,,3253818500,"{""events"":[{""detail"":""QKD-ASSUMED"",""sequence"":0,""source"":""session"",""stage"":""session"",""state"":""started""},{""detail"":""Per-basis errors Z=0.187437, X=0.000000 give phase-error bound 0.187437, above the configured asymptotic threshold 0.110000; aggregate QBER 0.092593 is not the phase-error bound."",""sequence"":1,""source"":""qkd"",""stage"":""bb84"",""state"":""aborted""},{""detail"":""The classical BB84 channel is assumed authenticated externally."",""sequence"":2,""source"":""qkd"",""stage"":""classical_authentication"",""state"":""assumed_not_executed""},{""detail"":""No final key material is exposed by the orchestration result."",""sequence"":3,""source"":""qkd"",""stage"":""key_release"",""state"":""withheld""},{""detail"":""BB84 security abort: Per-basis errors Z=0.187437, X=0.000000 give phase-error bound 0.187437, above the configured asymptotic threshold 0.110000; aggregate QBER 0.092593 is not the phase-error bound."",""sequence"":4,""source"":""session"",""stage"":""session"",""state"":""aborted""}],""version"":1}"
1,85ad32d7-ad09-4cb0-bf9f-f8789cb69310,E2,phase-flip-0.02,0,1,eafcdacf-9f23-4290-b8e6-0d06ba663426,false,,0,120,2026-09-08T07:49:45.594402+00:00,8799260884135390668,QKD-ASSUMED,6319,3.14.7,CPython,2.5.0,0.16.0,0.16.0,50.0.1,0.1.0,Windows,11,10.0.26200,AMD64,"Intel64 Family 6 Model 158 Stepping 12, GenuineIntel",ac46477bb374bde1c0ace1ef0bcfbc26b199dcfa,true,1,E2,phase-flip-0.02,0,8799260884135390668,1,QKD-ASSUMED,QKD-ASSUMED,20000,"{""cascade_initial_block_factor"":0.73,""cascade_maximum_initial_block_size"":null,""cascade_maximum_lookback_steps"":null,""cascade_passes"":4,""phase_error_abort_threshold"":0.11,""sample_fraction"":0.2,""security_margin_bits"":0,""verification_tag_length"":32}",,[],"{""condition_id"":""phase-flip-0.02"",""experiment_kind"":""E2"",""qkd_stages"":[{""p"":0.02,""type"":""phase_flip""}],""replicate_index"":0,""seed"":8799260884135390668,""session"":{""internal_pqc_profile"":null,""profile"":""QKD-ASSUMED"",""qkd_authentication_profile"":""QKD-ASSUMED"",""qkd_postprocessing"":{""cascade_initial_block_factor"":0.73,""cascade_maximum_initial_block_size"":null,""cascade_maximum_lookback_steps"":null,""cascade_passes"":4,""phase_error_abort_threshold"":0.11,""sample_fraction"":0.2,""security_margin_bits"":0,""verification_tag_length"":32},""qkd_signal_count"":20000,""version"":1},""tags"":[],""version"":1}","[{""p"":0.02,""type"":""phase_flip""}]",,authentication explicitly assumed; no runtime material,,,,,,false,1,7836282229f466e132aaabb730d5f474,QKD-ASSUMED,established,,qkd_bitstring,6320,"[{""algorithm"":""privacy-amplified-bitstring"",""bit_length"":6320,""byte_length"":790,""encoding"":""big-endian packed bits with explicit bit length"",""position"":1,""protocol"":""BB84"",""source"":""qkd""}]","{""pqc_exchange"":null,""qkd_classical"":{""algorithm"":""none"",""executed"":false,""mechanism"":""assumed"",""purpose"":""QKD classical transcript authentication"",""trust_assumption"":""The classical BB84 channel is assumed authenticated externally."",""verified"":null}}","{""qkd_transcript_hash_sha384"":""31df3fc81191dc2cb8450b999b06adea3a351584328629ce26a03192055bc5a81f458d91106dd6f1c047bc04eb5b4d7c"",""qkd_transcript_version"":1}",3389111400,20000,9901,1981,7920,7920,6320,0.49505,0.316,0.0,0.013131313131313131,0.006562342251388188,0,991,13,990,13,1981,0.013131313131313131,0.009998990001009999,0.0,0.020004041220448576,0.009998990001009999,1531017,,,,,,,,,,,,,,,,,,,,,,,,,,,,,,,,,,assumed,none,none,0,0,0,0,0,0,0,0,The classical BB84 channel is assumed authenticated externally.,,,,"{""implementation"":""cpython"",""platform"":""Windows-11-10.0.26200-SP0"",""processor"":""Intel64 Family 6 Model 158 Stepping 12, GenuineIntel"",""python"":""3.14.7""}",,,,,,,,,,,,,,,,,,,,,,,,,3389111400,"{""events"":[{""detail"":""QKD-ASSUMED"",""sequence"":0,""source"":""session"",""stage"":""session"",""state"":""started""},{""detail"":""BB84 post-processing completed."",""sequence"":1,""source"":""qkd"",""stage"":""bb84"",""state"":""completed""},{""detail"":""The classical BB84 channel is assumed authenticated externally."",""sequence"":2,""source"":""qkd"",""stage"":""classical_authentication"",""state"":""assumed_not_executed""},{""detail"":""Final key released after all profile checks."",""sequence"":3,""source"":""qkd"",""stage"":""key_release"",""state"":""released""},{""detail"":""Authenticated QKD key released."",""sequence"":4,""source"":""session"",""stage"":""session"",""state"":""established""}],""version"":1}"
1,71b44b6f-decd-4719-8b99-ad00db034244,E2,phase-flip-0.02,1,1,eafcdacf-9f23-4290-b8e6-0d06ba663426,false,,0,121,2026-09-08T07:49:49.064297+00:00,3195037242119776072,QKD-ASSUMED,6322,3.14.7,CPython,2.5.0,0.16.0,0.16.0,50.0.1,0.1.0,Windows,11,10.0.26200,AMD64,"Intel64 Family 6 Model 158 Stepping 12, GenuineIntel",ac46477bb374bde1c0ace1ef0bcfbc26b199dcfa,true,1,E2,phase-flip-0.02,1,3195037242119776072,1,QKD-ASSUMED,QKD-ASSUMED,20000,"{""cascade_initial_block_factor"":0.73,""cascade_maximum_initial_block_size"":null,""cascade_maximum_lookback_steps"":null,""cascade_passes"":4,""phase_error_abort_threshold"":0.11,""sample_fraction"":0.2,""security_margin_bits"":0,""verification_tag_length"":32}",,[],"{""condition_id"":""phase-flip-0.02"",""experiment_kind"":""E2"",""qkd_stages"":[{""p"":0.02,""type"":""phase_flip""}],""replicate_index"":1,""seed"":3195037242119776072,""session"":{""internal_pqc_profile"":null,""profile"":""QKD-ASSUMED"",""qkd_authentication_profile"":""QKD-ASSUMED"",""qkd_postprocessing"":{""cascade_initial_block_factor"":0.73,""cascade_maximum_initial_block_size"":null,""cascade_maximum_lookback_steps"":null,""cascade_passes"":4,""phase_error_abort_threshold"":0.11,""sample_fraction"":0.2,""security_margin_bits"":0,""verification_tag_length"":32},""qkd_signal_count"":20000,""version"":1},""tags"":[],""version"":1}","[{""p"":0.02,""type"":""phase_flip""}]",,authentication explicitly assumed; no runtime material,,,,,,false,1,a7fe6accf6130937b39e0d3bdf2a2af1,QKD-ASSUMED,established,,qkd_bitstring,6279,"[{""algorithm"":""privacy-amplified-bitstring"",""bit_length"":6279,""byte_length"":785,""encoding"":""big-endian packed bits with explicit bit length"",""position"":1,""protocol"":""BB84"",""source"":""qkd""}]","{""pqc_exchange"":null,""qkd_classical"":{""algorithm"":""none"",""executed"":false,""mechanism"":""assumed"",""purpose"":""QKD classical transcript authentication"",""trust_assumption"":""The classical BB84 channel is assumed authenticated externally."",""verified"":null}}","{""qkd_transcript_hash_sha384"":""61cbb544ef4c137c6158a2c101da78456ae622cd8fb7e1a8918cabbd761f45e9a6eca7190fac9d418c682f0fdbd60065"",""qkd_transcript_version"":1}",3400704900,20000,10102,2021,8081,8081,6279,0.5051,0.31395,0.0,0.017699115044247787,0.008906481939633844,0,1004,18,1017,18,2021,0.017699115044247787,0.009701049297168878,0.0,0.01927616050354052,0.009701049297168878,1434048,,,,,,,,,,,,,,,,,,,,,,,,,,,,,,,,,,assumed,none,none,0,0,0,0,0,0,0,0,The classical BB84 channel is assumed authenticated externally.,,,,"{""implementation"":""cpython"",""platform"":""Windows-11-10.0.26200-SP0"",""processor"":""Intel64 Family 6 Model 158 Stepping 12, GenuineIntel"",""python"":""3.14.7""}",,,,,,,,,,,,,,,,,,,,,,,,,3400704900,"{""events"":[{""detail"":""QKD-ASSUMED"",""sequence"":0,""source"":""session"",""stage"":""session"",""state"":""started""},{""detail"":""BB84 post-processing completed."",""sequence"":1,""source"":""qkd"",""stage"":""bb84"",""state"":""completed""},{""detail"":""The classical BB84 channel is assumed authenticated externally."",""sequence"":2,""source"":""qkd"",""stage"":""classical_authentication"",""state"":""assumed_not_executed""},{""detail"":""Final key released after all profile checks."",""sequence"":3,""source"":""qkd"",""stage"":""key_release"",""state"":""released""},{""detail"":""Authenticated QKD key released."",""sequence"":4,""source"":""session"",""stage"":""session"",""state"":""established""}],""version"":1}"
1,ad310337-b05b-43bf-8a41-26c6f1f17fd5,E2,phase-flip-0.02,2,1,eafcdacf-9f23-4290-b8e6-0d06ba663426,false,,0,122,2026-09-08T07:49:52.458174+00:00,18042689538053174505,QKD-ASSUMED,6321,3.14.7,CPython,2.5.0,0.16.0,0.16.0,50.0.1,0.1.0,Windows,11,10.0.26200,AMD64,"Intel64 Family 6 Model 158 Stepping 12, GenuineIntel",ac46477bb374bde1c0ace1ef0bcfbc26b199dcfa,true,1,E2,phase-flip-0.02,2,18042689538053174505,1,QKD-ASSUMED,QKD-ASSUMED,20000,"{""cascade_initial_block_factor"":0.73,""cascade_maximum_initial_block_size"":null,""cascade_maximum_lookback_steps"":null,""cascade_passes"":4,""phase_error_abort_threshold"":0.11,""sample_fraction"":0.2,""security_margin_bits"":0,""verification_tag_length"":32}",,[],"{""condition_id"":""phase-flip-0.02"",""experiment_kind"":""E2"",""qkd_stages"":[{""p"":0.02,""type"":""phase_flip""}],""replicate_index"":2,""seed"":18042689538053174505,""session"":{""internal_pqc_profile"":null,""profile"":""QKD-ASSUMED"",""qkd_authentication_profile"":""QKD-ASSUMED"",""qkd_postprocessing"":{""cascade_initial_block_factor"":0.73,""cascade_maximum_initial_block_size"":null,""cascade_maximum_lookback_steps"":null,""cascade_passes"":4,""phase_error_abort_threshold"":0.11,""sample_fraction"":0.2,""security_margin_bits"":0,""verification_tag_length"":32},""qkd_signal_count"":20000,""version"":1},""tags"":[],""version"":1}","[{""p"":0.02,""type"":""phase_flip""}]",,authentication explicitly assumed; no runtime material,,,,,,false,1,32ea164ddfd245e1a303fe1bddacaaa1,QKD-ASSUMED,established,,qkd_bitstring,6244,"[{""algorithm"":""privacy-amplified-bitstring"",""bit_length"":6244,""byte_length"":781,""encoding"":""big-endian packed bits with explicit bit length"",""position"":1,""protocol"":""BB84"",""source"":""qkd""}]","{""pqc_exchange"":null,""qkd_classical"":{""algorithm"":""none"",""executed"":false,""mechanism"":""assumed"",""purpose"":""QKD classical transcript authentication"",""trust_assumption"":""The classical BB84 channel is assumed authenticated externally."",""verified"":null}}","{""qkd_transcript_hash_sha384"":""44587eef4953260dd64eb992035eb4a87db6a9d792bc68746a7a3a1ad619c24903d3415863b4f52acfc4d3d75d2f85d6"",""qkd_transcript_version"":1}",3326529800,20000,10080,2016,8064,8064,6244,0.504,0.3122,0.0,0.016683022571148183,0.008432539682539682,0,997,17,1019,17,2016,0.016683022571148183,0.010615079365079366,0.0,0.02100098135426889,0.010615079365079366,1511376,,,,,,,,,,,,,,,,,,,,,,,,,,,,,,,,,,assumed,none,none,0,0,0,0,0,0,0,0,The classical BB84 channel is assumed authenticated externally.,,,,"{""implementation"":""cpython"",""platform"":""Windows-11-10.0.26200-SP0"",""processor"":""Intel64 Family 6 Model 158 Stepping 12, GenuineIntel"",""python"":""3.14.7""}",,,,,,,,,,,,,,,,,,,,,,,,,3326529800,"{""events"":[{""detail"":""QKD-ASSUMED"",""sequence"":0,""source"":""session"",""stage"":""session"",""state"":""started""},{""detail"":""BB84 post-processing completed."",""sequence"":1,""source"":""qkd"",""stage"":""bb84"",""state"":""completed""},{""detail"":""The classical BB84 channel is assumed authenticated externally."",""sequence"":2,""source"":""qkd"",""stage"":""classical_authentication"",""state"":""assumed_not_executed""},{""detail"":""Final key released after all profile checks."",""sequence"":3,""source"":""qkd"",""stage"":""key_release"",""state"":""released""},{""detail"":""Authenticated QKD key released."",""sequence"":4,""source"":""session"",""stage"":""session"",""state"":""established""}],""version"":1}"
1,bdaf26e6-3568-4409-ab77-3b9084a5acc2,E2,phase-flip-0.02,3,1,eafcdacf-9f23-4290-b8e6-0d06ba663426,false,,0,123,2026-09-08T07:49:55.882429+00:00,1992943841159294198,QKD-ASSUMED,6320,3.14.7,CPython,2.5.0,0.16.0,0.16.0,50.0.1,0.1.0,Windows,11,10.0.26200,AMD64,"Intel64 Family 6 Model 158 Stepping 12, GenuineIntel",ac46477bb374bde1c0ace1ef0bcfbc26b199dcfa,true,1,E2,phase-flip-0.02,3,1992943841159294198,1,QKD-ASSUMED,QKD-ASSUMED,20000,"{""cascade_initial_block_factor"":0.73,""cascade_maximum_initial_block_size"":null,""cascade_maximum_lookback_steps"":null,""cascade_passes"":4,""phase_error_abort_threshold"":0.11,""sample_fraction"":0.2,""security_margin_bits"":0,""verification_tag_length"":32}",,[],"{""condition_id"":""phase-flip-0.02"",""experiment_kind"":""E2"",""qkd_stages"":[{""p"":0.02,""type"":""phase_flip""}],""replicate_index"":3,""seed"":1992943841159294198,""session"":{""internal_pqc_profile"":null,""profile"":""QKD-ASSUMED"",""qkd_authentication_profile"":""QKD-ASSUMED"",""qkd_postprocessing"":{""cascade_initial_block_factor"":0.73,""cascade_maximum_initial_block_size"":null,""cascade_maximum_lookback_steps"":null,""cascade_passes"":4,""phase_error_abort_threshold"":0.11,""sample_fraction"":0.2,""security_margin_bits"":0,""verification_tag_length"":32},""qkd_signal_count"":20000,""version"":1},""tags"":[],""version"":1}","[{""p"":0.02,""type"":""phase_flip""}]",,authentication explicitly assumed; no runtime material,,,,,,false,1,7003e5bc315d903f5d77be309273171c,QKD-ASSUMED,established,,qkd_bitstring,6293,"[{""algorithm"":""privacy-amplified-bitstring"",""bit_length"":6293,""byte_length"":787,""encoding"":""big-endian packed bits with explicit bit length"",""position"":1,""protocol"":""BB84"",""source"":""qkd""}]","{""pqc_exchange"":null,""qkd_classical"":{""algorithm"":""none"",""executed"":false,""mechanism"":""assumed"",""purpose"":""QKD classical transcript authentication"",""trust_assumption"":""The classical BB84 channel is assumed authenticated externally."",""verified"":null}}","{""qkd_transcript_hash_sha384"":""374ae8a46d553d1280535138efbc15c018007bf751ee667028510fba37eacce26f27f18c6a3ff28b253524c376dc1422"",""qkd_transcript_version"":1}",3356915200,20000,10044,2010,8034,8034,6293,0.5022,0.31465,0.0,0.015968063872255488,0.007960199004975124,0,1008,16,1002,16,2010,0.015968063872255488,0.01015531660692951,0.0,0.02036741214057508,0.01015531660692951,1470779,,,,,,,,,,,,,,,,,,,,,,,,,,,,,,,,,,assumed,none,none,0,0,0,0,0,0,0,0,The classical BB84 channel is assumed authenticated externally.,,,,"{""implementation"":""cpython"",""platform"":""Windows-11-10.0.26200-SP0"",""processor"":""Intel64 Family 6 Model 158 Stepping 12, GenuineIntel"",""python"":""3.14.7""}",,,,,,,,,,,,,,,,,,,,,,,,,3356915200,"{""events"":[{""detail"":""QKD-ASSUMED"",""sequence"":0,""source"":""session"",""stage"":""session"",""state"":""started""},{""detail"":""BB84 post-processing completed."",""sequence"":1,""source"":""qkd"",""stage"":""bb84"",""state"":""completed""},{""detail"":""The classical BB84 channel is assumed authenticated externally."",""sequence"":2,""source"":""qkd"",""stage"":""classical_authentication"",""state"":""assumed_not_executed""},{""detail"":""Final key released after all profile checks."",""sequence"":3,""source"":""qkd"",""stage"":""key_release"",""state"":""released""},{""detail"":""Authenticated QKD key released."",""sequence"":4,""source"":""session"",""stage"":""session"",""state"":""established""}],""version"":1}"
1,a763db3e-8872-40bd-b3b4-6c05882c2212,E2,phase-flip-0.02,4,1,eafcdacf-9f23-4290-b8e6-0d06ba663426,false,,0,124,2026-09-08T07:49:59.239096+00:00,2689035422128080040,QKD-ASSUMED,6305,3.14.7,CPython,2.5.0,0.16.0,0.16.0,50.0.1,0.1.0,Windows,11,10.0.26200,AMD64,"Intel64 Family 6 Model 158 Stepping 12, GenuineIntel",ac46477bb374bde1c0ace1ef0bcfbc26b199dcfa,true,1,E2,phase-flip-0.02,4,2689035422128080040,1,QKD-ASSUMED,QKD-ASSUMED,20000,"{""cascade_initial_block_factor"":0.73,""cascade_maximum_initial_block_size"":null,""cascade_maximum_lookback_steps"":null,""cascade_passes"":4,""phase_error_abort_threshold"":0.11,""sample_fraction"":0.2,""security_margin_bits"":0,""verification_tag_length"":32}",,[],"{""condition_id"":""phase-flip-0.02"",""experiment_kind"":""E2"",""qkd_stages"":[{""p"":0.02,""type"":""phase_flip""}],""replicate_index"":4,""seed"":2689035422128080040,""session"":{""internal_pqc_profile"":null,""profile"":""QKD-ASSUMED"",""qkd_authentication_profile"":""QKD-ASSUMED"",""qkd_postprocessing"":{""cascade_initial_block_factor"":0.73,""cascade_maximum_initial_block_size"":null,""cascade_maximum_lookback_steps"":null,""cascade_passes"":4,""phase_error_abort_threshold"":0.11,""sample_fraction"":0.2,""security_margin_bits"":0,""verification_tag_length"":32},""qkd_signal_count"":20000,""version"":1},""tags"":[],""version"":1}","[{""p"":0.02,""type"":""phase_flip""}]",,authentication explicitly assumed; no runtime material,,,,,,false,1,4cefea3f88324067b8d40ef90db8f4b0,QKD-ASSUMED,established,,qkd_bitstring,6232,"[{""algorithm"":""privacy-amplified-bitstring"",""bit_length"":6232,""byte_length"":779,""encoding"":""big-endian packed bits with explicit bit length"",""position"":1,""protocol"":""BB84"",""source"":""qkd""}]","{""pqc_exchange"":null,""qkd_classical"":{""algorithm"":""none"",""executed"":false,""mechanism"":""assumed"",""purpose"":""QKD classical transcript authentication"",""trust_assumption"":""The classical BB84 channel is assumed authenticated externally."",""verified"":null}}","{""qkd_transcript_hash_sha384"":""bf5892baaf46225970d52270a5e1ef415a215a8ab2e228eb18bed064f1875b5e98ecc47f67548d2d31a84f5468bb3de0"",""qkd_transcript_version"":1}",3288260100,20000,9996,2000,7996,7996,6232,0.4998,0.3116,0.0,0.018145161290322582,0.009,0,1008,18,992,18,2000,0.018145161290322582,0.009103641456582634,0.0,0.018350473885864086,0.009103641456582634,1399750,,,,,,,,,,,,,,,,,,,,,,,,,,,,,,,,,,assumed,none,none,0,0,0,0,0,0,0,0,The classical BB84 channel is assumed authenticated externally.,,,,"{""implementation"":""cpython"",""platform"":""Windows-11-10.0.26200-SP0"",""processor"":""Intel64 Family 6 Model 158 Stepping 12, GenuineIntel"",""python"":""3.14.7""}",,,,,,,,,,,,,,,,,,,,,,,,,3288260100,"{""events"":[{""detail"":""QKD-ASSUMED"",""sequence"":0,""source"":""session"",""stage"":""session"",""state"":""started""},{""detail"":""BB84 post-processing completed."",""sequence"":1,""source"":""qkd"",""stage"":""bb84"",""state"":""completed""},{""detail"":""The classical BB84 channel is assumed authenticated externally."",""sequence"":2,""source"":""qkd"",""stage"":""classical_authentication"",""state"":""assumed_not_executed""},{""detail"":""Final key released after all profile checks."",""sequence"":3,""source"":""qkd"",""stage"":""key_release"",""state"":""released""},{""detail"":""Authenticated QKD key released."",""sequence"":4,""source"":""session"",""stage"":""session"",""state"":""established""}],""version"":1}"
1,c3fcf31a-115b-4601-b126-bd6ccb561a0f,E2,phase-flip-0.02,5,1,eafcdacf-9f23-4290-b8e6-0d06ba663426,false,,0,125,2026-09-08T07:50:02.645647+00:00,14086603316728833317,QKD-ASSUMED,6292,3.14.7,CPython,2.5.0,0.16.0,0.16.0,50.0.1,0.1.0,Windows,11,10.0.26200,AMD64,"Intel64 Family 6 Model 158 Stepping 12, GenuineIntel",ac46477bb374bde1c0ace1ef0bcfbc26b199dcfa,true,1,E2,phase-flip-0.02,5,14086603316728833317,1,QKD-ASSUMED,QKD-ASSUMED,20000,"{""cascade_initial_block_factor"":0.73,""cascade_maximum_initial_block_size"":null,""cascade_maximum_lookback_steps"":null,""cascade_passes"":4,""phase_error_abort_threshold"":0.11,""sample_fraction"":0.2,""security_margin_bits"":0,""verification_tag_length"":32}",,[],"{""condition_id"":""phase-flip-0.02"",""experiment_kind"":""E2"",""qkd_stages"":[{""p"":0.02,""type"":""phase_flip""}],""replicate_index"":5,""seed"":14086603316728833317,""session"":{""internal_pqc_profile"":null,""profile"":""QKD-ASSUMED"",""qkd_authentication_profile"":""QKD-ASSUMED"",""qkd_postprocessing"":{""cascade_initial_block_factor"":0.73,""cascade_maximum_initial_block_size"":null,""cascade_maximum_lookback_steps"":null,""cascade_passes"":4,""phase_error_abort_threshold"":0.11,""sample_fraction"":0.2,""security_margin_bits"":0,""verification_tag_length"":32},""qkd_signal_count"":20000,""version"":1},""tags"":[],""version"":1}","[{""p"":0.02,""type"":""phase_flip""}]",,authentication explicitly assumed; no runtime material,,,,,,false,1,1bb7c28e282e78095d31f8632f1042a0,QKD-ASSUMED,established,,qkd_bitstring,6266,"[{""algorithm"":""privacy-amplified-bitstring"",""bit_length"":6266,""byte_length"":784,""encoding"":""big-endian packed bits with explicit bit length"",""position"":1,""protocol"":""BB84"",""source"":""qkd""}]","{""pqc_exchange"":null,""qkd_classical"":{""algorithm"":""none"",""executed"":false,""mechanism"":""assumed"",""purpose"":""QKD classical transcript authentication"",""trust_assumption"":""The classical BB84 channel is assumed authenticated externally."",""verified"":null}}","{""qkd_transcript_hash_sha384"":""3b2837863e073f4ddb5a6407bb829664036550a03e50d42df2ee3eb2bc24a743962637a36dbe4b98e440ebd2b1642d6c"",""qkd_transcript_version"":1}",3337029100,20000,9977,1996,7981,7981,6266,0.49885,0.3133,0.0,0.016,0.008016032064128256,0,996,16,1000,16,1996,0.016,0.009922822491730982,0.0,0.01980396079215843,0.009922822491730982,1443168,,,,,,,,,,,,,,,,,,,,,,,,,,,,,,,,,,assumed,none,none,0,0,0,0,0,0,0,0,The classical BB84 channel is assumed authenticated externally.,,,,"{""implementation"":""cpython"",""platform"":""Windows-11-10.0.26200-SP0"",""processor"":""Intel64 Family 6 Model 158 Stepping 12, GenuineIntel"",""python"":""3.14.7""}",,,,,,,,,,,,,,,,,,,,,,,,,3337029100,"{""events"":[{""detail"":""QKD-ASSUMED"",""sequence"":0,""source"":""session"",""stage"":""session"",""state"":""started""},{""detail"":""BB84 post-processing completed."",""sequence"":1,""source"":""qkd"",""stage"":""bb84"",""state"":""completed""},{""detail"":""The classical BB84 channel is assumed authenticated externally."",""sequence"":2,""source"":""qkd"",""stage"":""classical_authentication"",""state"":""assumed_not_executed""},{""detail"":""Final key released after all profile checks."",""sequence"":3,""source"":""qkd"",""stage"":""key_release"",""state"":""released""},{""detail"":""Authenticated QKD key released."",""sequence"":4,""source"":""session"",""stage"":""session"",""state"":""established""}],""version"":1}"
1,5a58c29e-caf5-424f-9fb8-9b3ad3e15f31,E2,phase-flip-0.02,6,1,eafcdacf-9f23-4290-b8e6-0d06ba663426,false,,0,126,2026-09-08T07:50:06.000379+00:00,13735448252045781235,QKD-ASSUMED,6323,3.14.7,CPython,2.5.0,0.16.0,0.16.0,50.0.1,0.1.0,Windows,11,10.0.26200,AMD64,"Intel64 Family 6 Model 158 Stepping 12, GenuineIntel",ac46477bb374bde1c0ace1ef0bcfbc26b199dcfa,true,1,E2,phase-flip-0.02,6,13735448252045781235,1,QKD-ASSUMED,QKD-ASSUMED,20000,"{""cascade_initial_block_factor"":0.73,""cascade_maximum_initial_block_size"":null,""cascade_maximum_lookback_steps"":null,""cascade_passes"":4,""phase_error_abort_threshold"":0.11,""sample_fraction"":0.2,""security_margin_bits"":0,""verification_tag_length"":32}",,[],"{""condition_id"":""phase-flip-0.02"",""experiment_kind"":""E2"",""qkd_stages"":[{""p"":0.02,""type"":""phase_flip""}],""replicate_index"":6,""seed"":13735448252045781235,""session"":{""internal_pqc_profile"":null,""profile"":""QKD-ASSUMED"",""qkd_authentication_profile"":""QKD-ASSUMED"",""qkd_postprocessing"":{""cascade_initial_block_factor"":0.73,""cascade_maximum_initial_block_size"":null,""cascade_maximum_lookback_steps"":null,""cascade_passes"":4,""phase_error_abort_threshold"":0.11,""sample_fraction"":0.2,""security_margin_bits"":0,""verification_tag_length"":32},""qkd_signal_count"":20000,""version"":1},""tags"":[],""version"":1}","[{""p"":0.02,""type"":""phase_flip""}]",,authentication explicitly assumed; no runtime material,,,,,,false,1,abf61a12672b5c29a9db2b3e6b9d8953,QKD-ASSUMED,established,,qkd_bitstring,5639,"[{""algorithm"":""privacy-amplified-bitstring"",""bit_length"":5639,""byte_length"":705,""encoding"":""big-endian packed bits with explicit bit length"",""position"":1,""protocol"":""BB84"",""source"":""qkd""}]","{""pqc_exchange"":null,""qkd_classical"":{""algorithm"":""none"",""executed"":false,""mechanism"":""assumed"",""purpose"":""QKD classical transcript authentication"",""trust_assumption"":""The classical BB84 channel is assumed authenticated externally."",""verified"":null}}","{""qkd_transcript_hash_sha384"":""94cda09b40fa416ebd7a44038fe512584a7b5679167ddd8e600bb991893c9f3648a73c2e6587a35e981fc9f30aefa6c1"",""qkd_transcript_version"":1}",3286978000,20000,9982,1997,7985,7985,5639,0.4991,0.28195,0.0,0.027777777777777776,0.014021031547320982,0,989,28,1008,28,1997,0.027777777777777776,0.012021638950110198,0.0,0.023823704586063133,0.012021638950110198,1443906,,,,,,,,,,,,,,,,,,,,,,,,,,,,,,,,,,assumed,none,none,0,0,0,0,0,0,0,0,The classical BB84 channel is assumed authenticated externally.,,,,"{""implementation"":""cpython"",""platform"":""Windows-11-10.0.26200-SP0"",""processor"":""Intel64 Family 6 Model 158 Stepping 12, GenuineIntel"",""python"":""3.14.7""}",,,,,,,,,,,,,,,,,,,,,,,,,3286978000,"{""events"":[{""detail"":""QKD-ASSUMED"",""sequence"":0,""source"":""session"",""stage"":""session"",""state"":""started""},{""detail"":""BB84 post-processing completed."",""sequence"":1,""source"":""qkd"",""stage"":""bb84"",""state"":""completed""},{""detail"":""The classical BB84 channel is assumed authenticated externally."",""sequence"":2,""source"":""qkd"",""stage"":""classical_authentication"",""state"":""assumed_not_executed""},{""detail"":""Final key released after all profile checks."",""sequence"":3,""source"":""qkd"",""stage"":""key_release"",""state"":""released""},{""detail"":""Authenticated QKD key released."",""sequence"":4,""source"":""session"",""stage"":""session"",""state"":""established""}],""version"":1}"
1,81c0cba9-25f8-4899-a60e-7d2ded1c6be4,E2,phase-flip-0.02,7,1,eafcdacf-9f23-4290-b8e6-0d06ba663426,false,,0,127,2026-09-08T07:50:09.360495+00:00,4993103664515694682,QKD-ASSUMED,6318,3.14.7,CPython,2.5.0,0.16.0,0.16.0,50.0.1,0.1.0,Windows,11,10.0.26200,AMD64,"Intel64 Family 6 Model 158 Stepping 12, GenuineIntel",ac46477bb374bde1c0ace1ef0bcfbc26b199dcfa,true,1,E2,phase-flip-0.02,7,4993103664515694682,1,QKD-ASSUMED,QKD-ASSUMED,20000,"{""cascade_initial_block_factor"":0.73,""cascade_maximum_initial_block_size"":null,""cascade_maximum_lookback_steps"":null,""cascade_passes"":4,""phase_error_abort_threshold"":0.11,""sample_fraction"":0.2,""security_margin_bits"":0,""verification_tag_length"":32}",,[],"{""condition_id"":""phase-flip-0.02"",""experiment_kind"":""E2"",""qkd_stages"":[{""p"":0.02,""type"":""phase_flip""}],""replicate_index"":7,""seed"":4993103664515694682,""session"":{""internal_pqc_profile"":null,""profile"":""QKD-ASSUMED"",""qkd_authentication_profile"":""QKD-ASSUMED"",""qkd_postprocessing"":{""cascade_initial_block_factor"":0.73,""cascade_maximum_initial_block_size"":null,""cascade_maximum_lookback_steps"":null,""cascade_passes"":4,""phase_error_abort_threshold"":0.11,""sample_fraction"":0.2,""security_margin_bits"":0,""verification_tag_length"":32},""qkd_signal_count"":20000,""version"":1},""tags"":[],""version"":1}","[{""p"":0.02,""type"":""phase_flip""}]",,authentication explicitly assumed; no runtime material,,,,,,false,1,3541059b0de3dab448aa18b86687a3e8,QKD-ASSUMED,established,,qkd_bitstring,6106,"[{""algorithm"":""privacy-amplified-bitstring"",""bit_length"":6106,""byte_length"":764,""encoding"":""big-endian packed bits with explicit bit length"",""position"":1,""protocol"":""BB84"",""source"":""qkd""}]","{""pqc_exchange"":null,""qkd_classical"":{""algorithm"":""none"",""executed"":false,""mechanism"":""assumed"",""purpose"":""QKD classical transcript authentication"",""trust_assumption"":""The classical BB84 channel is assumed authenticated externally."",""verified"":null}}","{""qkd_transcript_hash_sha384"":""2f71d27bcad5e028918ddeb917fd456c55284e088dfcef34c6ecda94f7bf30a5ded530daedda87fa454d466ce152f8b6"",""qkd_transcript_version"":1}",3290447500,20000,9915,1984,7931,7931,6106,0.49575,0.3053,0.0,0.01996007984031936,0.010080645161290322,0,982,20,1002,20,1984,0.01996007984031936,0.009178013111447302,0.0,0.01817455562212902,0.009178013111447302,1351770,,,,,,,,,,,,,,,,,,,,,,,,,,,,,,,,,,assumed,none,none,0,0,0,0,0,0,0,0,The classical BB84 channel is assumed authenticated externally.,,,,"{""implementation"":""cpython"",""platform"":""Windows-11-10.0.26200-SP0"",""processor"":""Intel64 Family 6 Model 158 Stepping 12, GenuineIntel"",""python"":""3.14.7""}",,,,,,,,,,,,,,,,,,,,,,,,,3290447500,"{""events"":[{""detail"":""QKD-ASSUMED"",""sequence"":0,""source"":""session"",""stage"":""session"",""state"":""started""},{""detail"":""BB84 post-processing completed."",""sequence"":1,""source"":""qkd"",""stage"":""bb84"",""state"":""completed""},{""detail"":""The classical BB84 channel is assumed authenticated externally."",""sequence"":2,""source"":""qkd"",""stage"":""classical_authentication"",""state"":""assumed_not_executed""},{""detail"":""Final key released after all profile checks."",""sequence"":3,""source"":""qkd"",""stage"":""key_release"",""state"":""released""},{""detail"":""Authenticated QKD key released."",""sequence"":4,""source"":""session"",""stage"":""session"",""state"":""established""}],""version"":1}"
1,54cc04ee-becb-4ef3-aac2-55151d86c107,E2,phase-flip-0.02,8,1,eafcdacf-9f23-4290-b8e6-0d06ba663426,false,,0,128,2026-09-08T07:50:12.765610+00:00,1320410260604319720,QKD-ASSUMED,6318,3.14.7,CPython,2.5.0,0.16.0,0.16.0,50.0.1,0.1.0,Windows,11,10.0.26200,AMD64,"Intel64 Family 6 Model 158 Stepping 12, GenuineIntel",ac46477bb374bde1c0ace1ef0bcfbc26b199dcfa,true,1,E2,phase-flip-0.02,8,1320410260604319720,1,QKD-ASSUMED,QKD-ASSUMED,20000,"{""cascade_initial_block_factor"":0.73,""cascade_maximum_initial_block_size"":null,""cascade_maximum_lookback_steps"":null,""cascade_passes"":4,""phase_error_abort_threshold"":0.11,""sample_fraction"":0.2,""security_margin_bits"":0,""verification_tag_length"":32}",,[],"{""condition_id"":""phase-flip-0.02"",""experiment_kind"":""E2"",""qkd_stages"":[{""p"":0.02,""type"":""phase_flip""}],""replicate_index"":8,""seed"":1320410260604319720,""session"":{""internal_pqc_profile"":null,""profile"":""QKD-ASSUMED"",""qkd_authentication_profile"":""QKD-ASSUMED"",""qkd_postprocessing"":{""cascade_initial_block_factor"":0.73,""cascade_maximum_initial_block_size"":null,""cascade_maximum_lookback_steps"":null,""cascade_passes"":4,""phase_error_abort_threshold"":0.11,""sample_fraction"":0.2,""security_margin_bits"":0,""verification_tag_length"":32},""qkd_signal_count"":20000,""version"":1},""tags"":[],""version"":1}","[{""p"":0.02,""type"":""phase_flip""}]",,authentication explicitly assumed; no runtime material,,,,,,false,1,1c25901805496f6f4e6b66bd71f8327c,QKD-ASSUMED,established,,qkd_bitstring,6074,"[{""algorithm"":""privacy-amplified-bitstring"",""bit_length"":6074,""byte_length"":760,""encoding"":""big-endian packed bits with explicit bit length"",""position"":1,""protocol"":""BB84"",""source"":""qkd""}]","{""pqc_exchange"":null,""qkd_classical"":{""algorithm"":""none"",""executed"":false,""mechanism"":""assumed"",""purpose"":""QKD classical transcript authentication"",""trust_assumption"":""The classical BB84 channel is assumed authenticated externally."",""verified"":null}}","{""qkd_transcript_hash_sha384"":""3698e7e68c63a6ec59096b489656ec69f253c6e1c73a2c831490bf6eae75a426fcd73388ed216d00486c9c1e1e29d5b1"",""qkd_transcript_version"":1}",3338707400,20000,9933,1988,7945,7945,6074,0.49665,0.3037,0.0,0.019076305220883535,0.009557344064386318,0,992,19,996,19,1988,0.019076305220883535,0.010268800966475386,0.0,0.0204983922829582,0.010268800966475386,1435321,,,,,,,,,,,,,,,,,,,,,,,,,,,,,,,,,,assumed,none,none,0,0,0,0,0,0,0,0,The classical BB84 channel is assumed authenticated externally.,,,,"{""implementation"":""cpython"",""platform"":""Windows-11-10.0.26200-SP0"",""processor"":""Intel64 Family 6 Model 158 Stepping 12, GenuineIntel"",""python"":""3.14.7""}",,,,,,,,,,,,,,,,,,,,,,,,,3338707400,"{""events"":[{""detail"":""QKD-ASSUMED"",""sequence"":0,""source"":""session"",""stage"":""session"",""state"":""started""},{""detail"":""BB84 post-processing completed."",""sequence"":1,""source"":""qkd"",""stage"":""bb84"",""state"":""completed""},{""detail"":""The classical BB84 channel is assumed authenticated externally."",""sequence"":2,""source"":""qkd"",""stage"":""classical_authentication"",""state"":""assumed_not_executed""},{""detail"":""Final key released after all profile checks."",""sequence"":3,""source"":""qkd"",""stage"":""key_release"",""state"":""released""},{""detail"":""Authenticated QKD key released."",""sequence"":4,""source"":""session"",""stage"":""session"",""state"":""established""}],""version"":1}"
1,14202eb2-c6e3-4dfc-944c-04f3c470c310,E2,phase-flip-0.02,9,1,eafcdacf-9f23-4290-b8e6-0d06ba663426,false,,0,129,2026-09-08T07:50:16.136207+00:00,2809588551936845956,QKD-ASSUMED,6317,3.14.7,CPython,2.5.0,0.16.0,0.16.0,50.0.1,0.1.0,Windows,11,10.0.26200,AMD64,"Intel64 Family 6 Model 158 Stepping 12, GenuineIntel",ac46477bb374bde1c0ace1ef0bcfbc26b199dcfa,true,1,E2,phase-flip-0.02,9,2809588551936845956,1,QKD-ASSUMED,QKD-ASSUMED,20000,"{""cascade_initial_block_factor"":0.73,""cascade_maximum_initial_block_size"":null,""cascade_maximum_lookback_steps"":null,""cascade_passes"":4,""phase_error_abort_threshold"":0.11,""sample_fraction"":0.2,""security_margin_bits"":0,""verification_tag_length"":32}",,[],"{""condition_id"":""phase-flip-0.02"",""experiment_kind"":""E2"",""qkd_stages"":[{""p"":0.02,""type"":""phase_flip""}],""replicate_index"":9,""seed"":2809588551936845956,""session"":{""internal_pqc_profile"":null,""profile"":""QKD-ASSUMED"",""qkd_authentication_profile"":""QKD-ASSUMED"",""qkd_postprocessing"":{""cascade_initial_block_factor"":0.73,""cascade_maximum_initial_block_size"":null,""cascade_maximum_lookback_steps"":null,""cascade_passes"":4,""phase_error_abort_threshold"":0.11,""sample_fraction"":0.2,""security_margin_bits"":0,""verification_tag_length"":32},""qkd_signal_count"":20000,""version"":1},""tags"":[],""version"":1}","[{""p"":0.02,""type"":""phase_flip""}]",,authentication explicitly assumed; no runtime material,,,,,,false,1,0fc542347898405ef16649baad3fd910,QKD-ASSUMED,established,,qkd_bitstring,6231,"[{""algorithm"":""privacy-amplified-bitstring"",""bit_length"":6231,""byte_length"":779,""encoding"":""big-endian packed bits with explicit bit length"",""position"":1,""protocol"":""BB84"",""source"":""qkd""}]","{""pqc_exchange"":null,""qkd_classical"":{""algorithm"":""none"",""executed"":false,""mechanism"":""assumed"",""purpose"":""QKD classical transcript authentication"",""trust_assumption"":""The classical BB84 channel is assumed authenticated externally."",""verified"":null}}","{""qkd_transcript_hash_sha384"":""fb04c4fa5cd6d66703447e78a5b9f4e0ccd773cc399b5bab4b04468c394ebfc8d784875f2de6f3ec00761b433ab0b7c2"",""qkd_transcript_version"":1}",3302368900,20000,9998,2001,7997,7997,6231,0.4999,0.31155,0.0,0.01691542288557214,0.00849575212393803,0,996,17,1005,17,2001,0.01691542288557214,0.009901980396079216,0.0,0.01971718781119299,0.009901980396079216,1455236,,,,,,,,,,,,,,,,,,,,,,,,,,,,,,,,,,assumed,none,none,0,0,0,0,0,0,0,0,The classical BB84 channel is assumed authenticated externally.,,,,"{""implementation"":""cpython"",""platform"":""Windows-11-10.0.26200-SP0"",""processor"":""Intel64 Family 6 Model 158 Stepping 12, GenuineIntel"",""python"":""3.14.7""}",,,,,,,,,,,,,,,,,,,,,,,,,3302368900,"{""events"":[{""detail"":""QKD-ASSUMED"",""sequence"":0,""source"":""session"",""stage"":""session"",""state"":""started""},{""detail"":""BB84 post-processing completed."",""sequence"":1,""source"":""qkd"",""stage"":""bb84"",""state"":""completed""},{""detail"":""The classical BB84 channel is assumed authenticated externally."",""sequence"":2,""source"":""qkd"",""stage"":""classical_authentication"",""state"":""assumed_not_executed""},{""detail"":""Final key released after all profile checks."",""sequence"":3,""source"":""qkd"",""stage"":""key_release"",""state"":""released""},{""detail"":""Authenticated QKD key released."",""sequence"":4,""source"":""session"",""stage"":""session"",""state"":""established""}],""version"":1}"
1,6185401a-1eed-4f24-bf6d-ce4cb7c7fb96,E2,phase-flip-0.05,0,1,eafcdacf-9f23-4290-b8e6-0d06ba663426,false,,0,130,2026-09-08T07:50:19.596142+00:00,10056385074654670159,QKD-ASSUMED,6321,3.14.7,CPython,2.5.0,0.16.0,0.16.0,50.0.1,0.1.0,Windows,11,10.0.26200,AMD64,"Intel64 Family 6 Model 158 Stepping 12, GenuineIntel",ac46477bb374bde1c0ace1ef0bcfbc26b199dcfa,true,1,E2,phase-flip-0.05,0,10056385074654670159,1,QKD-ASSUMED,QKD-ASSUMED,20000,"{""cascade_initial_block_factor"":0.73,""cascade_maximum_initial_block_size"":null,""cascade_maximum_lookback_steps"":null,""cascade_passes"":4,""phase_error_abort_threshold"":0.11,""sample_fraction"":0.2,""security_margin_bits"":0,""verification_tag_length"":32}",,[],"{""condition_id"":""phase-flip-0.05"",""experiment_kind"":""E2"",""qkd_stages"":[{""p"":0.05,""type"":""phase_flip""}],""replicate_index"":0,""seed"":10056385074654670159,""session"":{""internal_pqc_profile"":null,""profile"":""QKD-ASSUMED"",""qkd_authentication_profile"":""QKD-ASSUMED"",""qkd_postprocessing"":{""cascade_initial_block_factor"":0.73,""cascade_maximum_initial_block_size"":null,""cascade_maximum_lookback_steps"":null,""cascade_passes"":4,""phase_error_abort_threshold"":0.11,""sample_fraction"":0.2,""security_margin_bits"":0,""verification_tag_length"":32},""qkd_signal_count"":20000,""version"":1},""tags"":[],""version"":1}","[{""p"":0.05,""type"":""phase_flip""}]",,authentication explicitly assumed; no runtime material,,,,,,false,1,18ec7e793103243d0a47f8aa79a42c49,QKD-ASSUMED,established,,qkd_bitstring,4035,"[{""algorithm"":""privacy-amplified-bitstring"",""bit_length"":4035,""byte_length"":505,""encoding"":""big-endian packed bits with explicit bit length"",""position"":1,""protocol"":""BB84"",""source"":""qkd""}]","{""pqc_exchange"":null,""qkd_classical"":{""algorithm"":""none"",""executed"":false,""mechanism"":""assumed"",""purpose"":""QKD classical transcript authentication"",""trust_assumption"":""The classical BB84 channel is assumed authenticated externally."",""verified"":null}}","{""qkd_transcript_hash_sha384"":""e8e322c9749a5ef994442fd94b70b0c352526b37a6f2a77e6f9565dc29c752f1825a43a569ee26f9780130897e57c4da"",""qkd_transcript_version"":1}",3387604200,20000,10116,2024,8092,8092,4035,0.5058,0.20175,0.0,0.05373134328358209,0.0266798418972332,0,1019,54,1005,54,2024,0.05373134328358209,0.024812178726769475,0.0,0.049990041824337784,0.024812178726769475,1822551,,,,,,,,,,,,,,,,,,,,,,,,,,,,,,,,,,assumed,none,none,0,0,0,0,0,0,0,0,The classical BB84 channel is assumed authenticated externally.,,,,"{""implementation"":""cpython"",""platform"":""Windows-11-10.0.26200-SP0"",""processor"":""Intel64 Family 6 Model 158 Stepping 12, GenuineIntel"",""python"":""3.14.7""}",,,,,,,,,,,,,,,,,,,,,,,,,3387604200,"{""events"":[{""detail"":""QKD-ASSUMED"",""sequence"":0,""source"":""session"",""stage"":""session"",""state"":""started""},{""detail"":""BB84 post-processing completed."",""sequence"":1,""source"":""qkd"",""stage"":""bb84"",""state"":""completed""},{""detail"":""The classical BB84 channel is assumed authenticated externally."",""sequence"":2,""source"":""qkd"",""stage"":""classical_authentication"",""state"":""assumed_not_executed""},{""detail"":""Final key released after all profile checks."",""sequence"":3,""source"":""qkd"",""stage"":""key_release"",""state"":""released""},{""detail"":""Authenticated QKD key released."",""sequence"":4,""source"":""session"",""stage"":""session"",""state"":""established""}],""version"":1}"
1,da5bd435-1762-4fcc-8d7b-ac65f34756a6,E2,phase-flip-0.05,1,1,eafcdacf-9f23-4290-b8e6-0d06ba663426,false,,0,131,2026-09-08T07:50:23.035719+00:00,3456926511092766677,QKD-ASSUMED,6316,3.14.7,CPython,2.5.0,0.16.0,0.16.0,50.0.1,0.1.0,Windows,11,10.0.26200,AMD64,"Intel64 Family 6 Model 158 Stepping 12, GenuineIntel",ac46477bb374bde1c0ace1ef0bcfbc26b199dcfa,true,1,E2,phase-flip-0.05,1,3456926511092766677,1,QKD-ASSUMED,QKD-ASSUMED,20000,"{""cascade_initial_block_factor"":0.73,""cascade_maximum_initial_block_size"":null,""cascade_maximum_lookback_steps"":null,""cascade_passes"":4,""phase_error_abort_threshold"":0.11,""sample_fraction"":0.2,""security_margin_bits"":0,""verification_tag_length"":32}",,[],"{""condition_id"":""phase-flip-0.05"",""experiment_kind"":""E2"",""qkd_stages"":[{""p"":0.05,""type"":""phase_flip""}],""replicate_index"":1,""seed"":3456926511092766677,""session"":{""internal_pqc_profile"":null,""profile"":""QKD-ASSUMED"",""qkd_authentication_profile"":""QKD-ASSUMED"",""qkd_postprocessing"":{""cascade_initial_block_factor"":0.73,""cascade_maximum_initial_block_size"":null,""cascade_maximum_lookback_steps"":null,""cascade_passes"":4,""phase_error_abort_threshold"":0.11,""sample_fraction"":0.2,""security_margin_bits"":0,""verification_tag_length"":32},""qkd_signal_count"":20000,""version"":1},""tags"":[],""version"":1}","[{""p"":0.05,""type"":""phase_flip""}]",,authentication explicitly assumed; no runtime material,,,,,,false,1,b233031f95ef3ac8cc6f329aff0446c7,QKD-ASSUMED,established,,qkd_bitstring,4325,"[{""algorithm"":""privacy-amplified-bitstring"",""bit_length"":4325,""byte_length"":541,""encoding"":""big-endian packed bits with explicit bit length"",""position"":1,""protocol"":""BB84"",""source"":""qkd""}]","{""pqc_exchange"":null,""qkd_classical"":{""algorithm"":""none"",""executed"":false,""mechanism"":""assumed"",""purpose"":""QKD classical transcript authentication"",""trust_assumption"":""The classical BB84 channel is assumed authenticated externally."",""verified"":null}}","{""qkd_transcript_hash_sha384"":""b567b292a86b0c038ce81e2050d0f92ef09550f5973a3b5a10059f74ca0aff80c2efed9205e28b075fedc77bc545e973"",""qkd_transcript_version"":1}",3367624400,20000,9848,1970,7878,7878,4325,0.4924,0.21625,0.0,0.04620123203285421,0.02284263959390863,0,996,45,974,45,1970,0.04620123203285421,0.022542648253452476,0.0,0.04559457794208256,0.022542648253452476,1707180,,,,,,,,,,,,,,,,,,,,,,,,,,,,,,,,,,assumed,none,none,0,0,0,0,0,0,0,0,The classical BB84 channel is assumed authenticated externally.,,,,"{""implementation"":""cpython"",""platform"":""Windows-11-10.0.26200-SP0"",""processor"":""Intel64 Family 6 Model 158 Stepping 12, GenuineIntel"",""python"":""3.14.7""}",,,,,,,,,,,,,,,,,,,,,,,,,3367624400,"{""events"":[{""detail"":""QKD-ASSUMED"",""sequence"":0,""source"":""session"",""stage"":""session"",""state"":""started""},{""detail"":""BB84 post-processing completed."",""sequence"":1,""source"":""qkd"",""stage"":""bb84"",""state"":""completed""},{""detail"":""The classical BB84 channel is assumed authenticated externally."",""sequence"":2,""source"":""qkd"",""stage"":""classical_authentication"",""state"":""assumed_not_executed""},{""detail"":""Final key released after all profile checks."",""sequence"":3,""source"":""qkd"",""stage"":""key_release"",""state"":""released""},{""detail"":""Authenticated QKD key released."",""sequence"":4,""source"":""session"",""stage"":""session"",""state"":""established""}],""version"":1}"
1,2e0a985f-3503-4fc7-bc17-747b2fc6f6f9,E2,phase-flip-0.05,2,1,eafcdacf-9f23-4290-b8e6-0d06ba663426,false,,0,132,2026-09-08T07:50:26.496336+00:00,6578108825442354778,QKD-ASSUMED,6311,3.14.7,CPython,2.5.0,0.16.0,0.16.0,50.0.1,0.1.0,Windows,11,10.0.26200,AMD64,"Intel64 Family 6 Model 158 Stepping 12, GenuineIntel",ac46477bb374bde1c0ace1ef0bcfbc26b199dcfa,true,1,E2,phase-flip-0.05,2,6578108825442354778,1,QKD-ASSUMED,QKD-ASSUMED,20000,"{""cascade_initial_block_factor"":0.73,""cascade_maximum_initial_block_size"":null,""cascade_maximum_lookback_steps"":null,""cascade_passes"":4,""phase_error_abort_threshold"":0.11,""sample_fraction"":0.2,""security_margin_bits"":0,""verification_tag_length"":32}",,[],"{""condition_id"":""phase-flip-0.05"",""experiment_kind"":""E2"",""qkd_stages"":[{""p"":0.05,""type"":""phase_flip""}],""replicate_index"":2,""seed"":6578108825442354778,""session"":{""internal_pqc_profile"":null,""profile"":""QKD-ASSUMED"",""qkd_authentication_profile"":""QKD-ASSUMED"",""qkd_postprocessing"":{""cascade_initial_block_factor"":0.73,""cascade_maximum_initial_block_size"":null,""cascade_maximum_lookback_steps"":null,""cascade_passes"":4,""phase_error_abort_threshold"":0.11,""sample_fraction"":0.2,""security_margin_bits"":0,""verification_tag_length"":32},""qkd_signal_count"":20000,""version"":1},""tags"":[],""version"":1}","[{""p"":0.05,""type"":""phase_flip""}]",,authentication explicitly assumed; no runtime material,,,,,,false,1,45e92a2891d310563766404ff16e0e63,QKD-ASSUMED,established,,qkd_bitstring,4200,"[{""algorithm"":""privacy-amplified-bitstring"",""bit_length"":4200,""byte_length"":525,""encoding"":""big-endian packed bits with explicit bit length"",""position"":1,""protocol"":""BB84"",""source"":""qkd""}]","{""pqc_exchange"":null,""qkd_classical"":{""algorithm"":""none"",""executed"":false,""mechanism"":""assumed"",""purpose"":""QKD classical transcript authentication"",""trust_assumption"":""The classical BB84 channel is assumed authenticated externally."",""verified"":null}}","{""qkd_transcript_hash_sha384"":""53e251e2d6729c850409598a14bd2552e3883e8ff651c9c70eb9a76cd767f7bdf84a6138d64c849adf4a0d54823aebf4"",""qkd_transcript_version"":1}",3387673000,20000,9954,1992,7962,7962,4200,0.4977,0.21,0.0,0.04909819639278557,0.02459839357429719,0,994,49,998,49,1992,0.04909819639278557,0.02390998593530239,0.0,0.04771451483560545,0.02390998593530239,1759880,,,,,,,,,,,,,,,,,,,,,,,,,,,,,,,,,,assumed,none,none,0,0,0,0,0,0,0,0,The classical BB84 channel is assumed authenticated externally.,,,,"{""implementation"":""cpython"",""platform"":""Windows-11-10.0.26200-SP0"",""processor"":""Intel64 Family 6 Model 158 Stepping 12, GenuineIntel"",""python"":""3.14.7""}",,,,,,,,,,,,,,,,,,,,,,,,,3387673000,"{""events"":[{""detail"":""QKD-ASSUMED"",""sequence"":0,""source"":""session"",""stage"":""session"",""state"":""started""},{""detail"":""BB84 post-processing completed."",""sequence"":1,""source"":""qkd"",""stage"":""bb84"",""state"":""completed""},{""detail"":""The classical BB84 channel is assumed authenticated externally."",""sequence"":2,""source"":""qkd"",""stage"":""classical_authentication"",""state"":""assumed_not_executed""},{""detail"":""Final key released after all profile checks."",""sequence"":3,""source"":""qkd"",""stage"":""key_release"",""state"":""released""},{""detail"":""Authenticated QKD key released."",""sequence"":4,""source"":""session"",""stage"":""session"",""state"":""established""}],""version"":1}"
1,f084cfea-5ce7-40ac-b923-9dc49d80fabe,E2,phase-flip-0.05,3,1,eafcdacf-9f23-4290-b8e6-0d06ba663426,false,,0,133,2026-09-08T07:50:29.963181+00:00,6488184091858831022,QKD-ASSUMED,6320,3.14.7,CPython,2.5.0,0.16.0,0.16.0,50.0.1,0.1.0,Windows,11,10.0.26200,AMD64,"Intel64 Family 6 Model 158 Stepping 12, GenuineIntel",ac46477bb374bde1c0ace1ef0bcfbc26b199dcfa,true,1,E2,phase-flip-0.05,3,6488184091858831022,1,QKD-ASSUMED,QKD-ASSUMED,20000,"{""cascade_initial_block_factor"":0.73,""cascade_maximum_initial_block_size"":null,""cascade_maximum_lookback_steps"":null,""cascade_passes"":4,""phase_error_abort_threshold"":0.11,""sample_fraction"":0.2,""security_margin_bits"":0,""verification_tag_length"":32}",,[],"{""condition_id"":""phase-flip-0.05"",""experiment_kind"":""E2"",""qkd_stages"":[{""p"":0.05,""type"":""phase_flip""}],""replicate_index"":3,""seed"":6488184091858831022,""session"":{""internal_pqc_profile"":null,""profile"":""QKD-ASSUMED"",""qkd_authentication_profile"":""QKD-ASSUMED"",""qkd_postprocessing"":{""cascade_initial_block_factor"":0.73,""cascade_maximum_initial_block_size"":null,""cascade_maximum_lookback_steps"":null,""cascade_passes"":4,""phase_error_abort_threshold"":0.11,""sample_fraction"":0.2,""security_margin_bits"":0,""verification_tag_length"":32},""qkd_signal_count"":20000,""version"":1},""tags"":[],""version"":1}","[{""p"":0.05,""type"":""phase_flip""}]",,authentication explicitly assumed; no runtime material,,,,,,false,1,32845a6f68293af36be46c5c2dade391,QKD-ASSUMED,established,,qkd_bitstring,4354,"[{""algorithm"":""privacy-amplified-bitstring"",""bit_length"":4354,""byte_length"":545,""encoding"":""big-endian packed bits with explicit bit length"",""position"":1,""protocol"":""BB84"",""source"":""qkd""}]","{""pqc_exchange"":null,""qkd_classical"":{""algorithm"":""none"",""executed"":false,""mechanism"":""assumed"",""purpose"":""QKD classical transcript authentication"",""trust_assumption"":""The classical BB84 channel is assumed authenticated externally."",""verified"":null}}","{""qkd_transcript_hash_sha384"":""1ae219b51b79648f93a48646bf486bd23089276b66620fabfa523c220c0d716c6d795dbe2d890a368007e7a904cf02f7"",""qkd_transcript_version"":1}",3393336000,20000,9983,1997,7986,7986,4354,0.49915,0.2177,0.0,0.044687189672293945,0.022533800701051578,0,990,45,1007,45,1997,0.044687189672293945,0.023740358609636383,0.0,0.04707985697258641,0.023740358609636383,1788301,,,,,,,,,,,,,,,,,,,,,,,,,,,,,,,,,,assumed,none,none,0,0,0,0,0,0,0,0,The classical BB84 channel is assumed authenticated externally.,,,,"{""implementation"":""cpython"",""platform"":""Windows-11-10.0.26200-SP0"",""processor"":""Intel64 Family 6 Model 158 Stepping 12, GenuineIntel"",""python"":""3.14.7""}",,,,,,,,,,,,,,,,,,,,,,,,,3393336000,"{""events"":[{""detail"":""QKD-ASSUMED"",""sequence"":0,""source"":""session"",""stage"":""session"",""state"":""started""},{""detail"":""BB84 post-processing completed."",""sequence"":1,""source"":""qkd"",""stage"":""bb84"",""state"":""completed""},{""detail"":""The classical BB84 channel is assumed authenticated externally."",""sequence"":2,""source"":""qkd"",""stage"":""classical_authentication"",""state"":""assumed_not_executed""},{""detail"":""Final key released after all profile checks."",""sequence"":3,""source"":""qkd"",""stage"":""key_release"",""state"":""released""},{""detail"":""Authenticated QKD key released."",""sequence"":4,""source"":""session"",""stage"":""session"",""state"":""established""}],""version"":1}"
1,99ecfcdc-2a07-458c-8698-0fa1534f9d6e,E2,phase-flip-0.05,4,1,eafcdacf-9f23-4290-b8e6-0d06ba663426,false,,0,134,2026-09-08T07:50:33.381870+00:00,15211605649743776855,QKD-ASSUMED,6322,3.14.7,CPython,2.5.0,0.16.0,0.16.0,50.0.1,0.1.0,Windows,11,10.0.26200,AMD64,"Intel64 Family 6 Model 158 Stepping 12, GenuineIntel",ac46477bb374bde1c0ace1ef0bcfbc26b199dcfa,true,1,E2,phase-flip-0.05,4,15211605649743776855,1,QKD-ASSUMED,QKD-ASSUMED,20000,"{""cascade_initial_block_factor"":0.73,""cascade_maximum_initial_block_size"":null,""cascade_maximum_lookback_steps"":null,""cascade_passes"":4,""phase_error_abort_threshold"":0.11,""sample_fraction"":0.2,""security_margin_bits"":0,""verification_tag_length"":32}",,[],"{""condition_id"":""phase-flip-0.05"",""experiment_kind"":""E2"",""qkd_stages"":[{""p"":0.05,""type"":""phase_flip""}],""replicate_index"":4,""seed"":15211605649743776855,""session"":{""internal_pqc_profile"":null,""profile"":""QKD-ASSUMED"",""qkd_authentication_profile"":""QKD-ASSUMED"",""qkd_postprocessing"":{""cascade_initial_block_factor"":0.73,""cascade_maximum_initial_block_size"":null,""cascade_maximum_lookback_steps"":null,""cascade_passes"":4,""phase_error_abort_threshold"":0.11,""sample_fraction"":0.2,""security_margin_bits"":0,""verification_tag_length"":32},""qkd_signal_count"":20000,""version"":1},""tags"":[],""version"":1}","[{""p"":0.05,""type"":""phase_flip""}]",,authentication explicitly assumed; no runtime material,,,,,,false,1,267c5448dec32921b1602335fe82e302,QKD-ASSUMED,established,,qkd_bitstring,4882,"[{""algorithm"":""privacy-amplified-bitstring"",""bit_length"":4882,""byte_length"":611,""encoding"":""big-endian packed bits with explicit bit length"",""position"":1,""protocol"":""BB84"",""source"":""qkd""}]","{""pqc_exchange"":null,""qkd_classical"":{""algorithm"":""none"",""executed"":false,""mechanism"":""assumed"",""purpose"":""QKD classical transcript authentication"",""trust_assumption"":""The classical BB84 channel is assumed authenticated externally."",""verified"":null}}","{""qkd_transcript_hash_sha384"":""70146d2cead1dafab38d95b992fd05d0fd3fffb234d1383e690dbb5174eb7aadd000de7935751496e3848dd48fa2f78b"",""qkd_transcript_version"":1}",3347815000,20000,10042,2010,8032,8032,4882,0.5021,0.2441,0.0,0.03293413173652695,0.016417910447761194,0,1008,33,1002,33,2010,0.03293413173652695,0.021708822943636727,0.0,0.043547742708749504,0.021708822943636727,1807336,,,,,,,,,,,,,,,,,,,,,,,,,,,,,,,,,,assumed,none,none,0,0,0,0,0,0,0,0,The classical BB84 channel is assumed authenticated externally.,,,,"{""implementation"":""cpython"",""platform"":""Windows-11-10.0.26200-SP0"",""processor"":""Intel64 Family 6 Model 158 Stepping 12, GenuineIntel"",""python"":""3.14.7""}",,,,,,,,,,,,,,,,,,,,,,,,,3347815000,"{""events"":[{""detail"":""QKD-ASSUMED"",""sequence"":0,""source"":""session"",""stage"":""session"",""state"":""started""},{""detail"":""BB84 post-processing completed."",""sequence"":1,""source"":""qkd"",""stage"":""bb84"",""state"":""completed""},{""detail"":""The classical BB84 channel is assumed authenticated externally."",""sequence"":2,""source"":""qkd"",""stage"":""classical_authentication"",""state"":""assumed_not_executed""},{""detail"":""Final key released after all profile checks."",""sequence"":3,""source"":""qkd"",""stage"":""key_release"",""state"":""released""},{""detail"":""Authenticated QKD key released."",""sequence"":4,""source"":""session"",""stage"":""session"",""state"":""established""}],""version"":1}"
1,d9c1069d-cfb9-46cc-86e8-6f6e4b1b21d0,E2,phase-flip-0.05,5,1,eafcdacf-9f23-4290-b8e6-0d06ba663426,false,,0,135,2026-09-08T07:50:36.782141+00:00,15310849780446477291,QKD-ASSUMED,6323,3.14.7,CPython,2.5.0,0.16.0,0.16.0,50.0.1,0.1.0,Windows,11,10.0.26200,AMD64,"Intel64 Family 6 Model 158 Stepping 12, GenuineIntel",ac46477bb374bde1c0ace1ef0bcfbc26b199dcfa,true,1,E2,phase-flip-0.05,5,15310849780446477291,1,QKD-ASSUMED,QKD-ASSUMED,20000,"{""cascade_initial_block_factor"":0.73,""cascade_maximum_initial_block_size"":null,""cascade_maximum_lookback_steps"":null,""cascade_passes"":4,""phase_error_abort_threshold"":0.11,""sample_fraction"":0.2,""security_margin_bits"":0,""verification_tag_length"":32}",,[],"{""condition_id"":""phase-flip-0.05"",""experiment_kind"":""E2"",""qkd_stages"":[{""p"":0.05,""type"":""phase_flip""}],""replicate_index"":5,""seed"":15310849780446477291,""session"":{""internal_pqc_profile"":null,""profile"":""QKD-ASSUMED"",""qkd_authentication_profile"":""QKD-ASSUMED"",""qkd_postprocessing"":{""cascade_initial_block_factor"":0.73,""cascade_maximum_initial_block_size"":null,""cascade_maximum_lookback_steps"":null,""cascade_passes"":4,""phase_error_abort_threshold"":0.11,""sample_fraction"":0.2,""security_margin_bits"":0,""verification_tag_length"":32},""qkd_signal_count"":20000,""version"":1},""tags"":[],""version"":1}","[{""p"":0.05,""type"":""phase_flip""}]",,authentication explicitly assumed; no runtime material,,,,,,false,1,e745f9468d373e72d7d20add61f3223b,QKD-ASSUMED,established,,qkd_bitstring,4685,"[{""algorithm"":""privacy-amplified-bitstring"",""bit_length"":4685,""byte_length"":586,""encoding"":""big-endian packed bits with explicit bit length"",""position"":1,""protocol"":""BB84"",""source"":""qkd""}]","{""pqc_exchange"":null,""qkd_classical"":{""algorithm"":""none"",""executed"":false,""mechanism"":""assumed"",""purpose"":""QKD classical transcript authentication"",""trust_assumption"":""The classical BB84 channel is assumed authenticated externally."",""verified"":null}}","{""qkd_transcript_hash_sha384"":""03518b6bc136fea5c11ac4cf338fafe8aa3f7d2078ff36a0f796f838fdde296275db9531abb6af2a826e4350044e4bd4"",""qkd_transcript_version"":1}",3327239400,20000,9974,1996,7978,7978,4685,0.4987,0.23425,0.0,0.036180904522613064,0.018036072144288578,0,1001,36,995,36,1996,0.036180904522613064,0.022558652496490875,0.0,0.045262522631261314,0.022558652496490875,1805000,,,,,,,,,,,,,,,,,,,,,,,,,,,,,,,,,,assumed,none,none,0,0,0,0,0,0,0,0,The classical BB84 channel is assumed authenticated externally.,,,,"{""implementation"":""cpython"",""platform"":""Windows-11-10.0.26200-SP0"",""processor"":""Intel64 Family 6 Model 158 Stepping 12, GenuineIntel"",""python"":""3.14.7""}",,,,,,,,,,,,,,,,,,,,,,,,,3327239400,"{""events"":[{""detail"":""QKD-ASSUMED"",""sequence"":0,""source"":""session"",""stage"":""session"",""state"":""started""},{""detail"":""BB84 post-processing completed."",""sequence"":1,""source"":""qkd"",""stage"":""bb84"",""state"":""completed""},{""detail"":""The classical BB84 channel is assumed authenticated externally."",""sequence"":2,""source"":""qkd"",""stage"":""classical_authentication"",""state"":""assumed_not_executed""},{""detail"":""Final key released after all profile checks."",""sequence"":3,""source"":""qkd"",""stage"":""key_release"",""state"":""released""},{""detail"":""Authenticated QKD key released."",""sequence"":4,""source"":""session"",""stage"":""session"",""state"":""established""}],""version"":1}"
1,fbdd5801-b19a-4088-a518-dfe03dfd801f,E2,phase-flip-0.05,6,1,eafcdacf-9f23-4290-b8e6-0d06ba663426,false,,0,136,2026-09-08T07:50:40.184112+00:00,10970443258049890385,QKD-ASSUMED,6320,3.14.7,CPython,2.5.0,0.16.0,0.16.0,50.0.1,0.1.0,Windows,11,10.0.26200,AMD64,"Intel64 Family 6 Model 158 Stepping 12, GenuineIntel",ac46477bb374bde1c0ace1ef0bcfbc26b199dcfa,true,1,E2,phase-flip-0.05,6,10970443258049890385,1,QKD-ASSUMED,QKD-ASSUMED,20000,"{""cascade_initial_block_factor"":0.73,""cascade_maximum_initial_block_size"":null,""cascade_maximum_lookback_steps"":null,""cascade_passes"":4,""phase_error_abort_threshold"":0.11,""sample_fraction"":0.2,""security_margin_bits"":0,""verification_tag_length"":32}",,[],"{""condition_id"":""phase-flip-0.05"",""experiment_kind"":""E2"",""qkd_stages"":[{""p"":0.05,""type"":""phase_flip""}],""replicate_index"":6,""seed"":10970443258049890385,""session"":{""internal_pqc_profile"":null,""profile"":""QKD-ASSUMED"",""qkd_authentication_profile"":""QKD-ASSUMED"",""qkd_postprocessing"":{""cascade_initial_block_factor"":0.73,""cascade_maximum_initial_block_size"":null,""cascade_maximum_lookback_steps"":null,""cascade_passes"":4,""phase_error_abort_threshold"":0.11,""sample_fraction"":0.2,""security_margin_bits"":0,""verification_tag_length"":32},""qkd_signal_count"":20000,""version"":1},""tags"":[],""version"":1}","[{""p"":0.05,""type"":""phase_flip""}]",,authentication explicitly assumed; no runtime material,,,,,,false,1,df5c7df96f6e8c034c3b1279d21f02de,QKD-ASSUMED,established,,qkd_bitstring,4020,"[{""algorithm"":""privacy-amplified-bitstring"",""bit_length"":4020,""byte_length"":503,""encoding"":""big-endian packed bits with explicit bit length"",""position"":1,""protocol"":""BB84"",""source"":""qkd""}]","{""pqc_exchange"":null,""qkd_classical"":{""algorithm"":""none"",""executed"":false,""mechanism"":""assumed"",""purpose"":""QKD classical transcript authentication"",""trust_assumption"":""The classical BB84 channel is assumed authenticated externally."",""verified"":null}}","{""qkd_transcript_hash_sha384"":""4077ce561df1470a55813ca76abfb27f40046ea9acf06bce3bbf8adc3a3f4bf70b56e163565129364e8e0155ecb8485f"",""qkd_transcript_version"":1}",3328321500,20000,9935,1988,7947,7947,4020,0.49675,0.201,0.0,0.05273833671399594,0.026156941649899398,0,1002,52,986,52,1988,0.05273833671399594,0.024559637644690487,0.0,0.049512987012987016,0.024559637644690487,1779535,,,,,,,,,,,,,,,,,,,,,,,,,,,,,,,,,,assumed,none,none,0,0,0,0,0,0,0,0,The classical BB84 channel is assumed authenticated externally.,,,,"{""implementation"":""cpython"",""platform"":""Windows-11-10.0.26200-SP0"",""processor"":""Intel64 Family 6 Model 158 Stepping 12, GenuineIntel"",""python"":""3.14.7""}",,,,,,,,,,,,,,,,,,,,,,,,,3328321500,"{""events"":[{""detail"":""QKD-ASSUMED"",""sequence"":0,""source"":""session"",""stage"":""session"",""state"":""started""},{""detail"":""BB84 post-processing completed."",""sequence"":1,""source"":""qkd"",""stage"":""bb84"",""state"":""completed""},{""detail"":""The classical BB84 channel is assumed authenticated externally."",""sequence"":2,""source"":""qkd"",""stage"":""classical_authentication"",""state"":""assumed_not_executed""},{""detail"":""Final key released after all profile checks."",""sequence"":3,""source"":""qkd"",""stage"":""key_release"",""state"":""released""},{""detail"":""Authenticated QKD key released."",""sequence"":4,""source"":""session"",""stage"":""session"",""state"":""established""}],""version"":1}"
1,5f11fd58-29b2-47a6-ba26-de3bee1ce803,E2,phase-flip-0.05,7,1,eafcdacf-9f23-4290-b8e6-0d06ba663426,false,,0,137,2026-09-08T07:50:43.627521+00:00,7002480377629692160,QKD-ASSUMED,6319,3.14.7,CPython,2.5.0,0.16.0,0.16.0,50.0.1,0.1.0,Windows,11,10.0.26200,AMD64,"Intel64 Family 6 Model 158 Stepping 12, GenuineIntel",ac46477bb374bde1c0ace1ef0bcfbc26b199dcfa,true,1,E2,phase-flip-0.05,7,7002480377629692160,1,QKD-ASSUMED,QKD-ASSUMED,20000,"{""cascade_initial_block_factor"":0.73,""cascade_maximum_initial_block_size"":null,""cascade_maximum_lookback_steps"":null,""cascade_passes"":4,""phase_error_abort_threshold"":0.11,""sample_fraction"":0.2,""security_margin_bits"":0,""verification_tag_length"":32}",,[],"{""condition_id"":""phase-flip-0.05"",""experiment_kind"":""E2"",""qkd_stages"":[{""p"":0.05,""type"":""phase_flip""}],""replicate_index"":7,""seed"":7002480377629692160,""session"":{""internal_pqc_profile"":null,""profile"":""QKD-ASSUMED"",""qkd_authentication_profile"":""QKD-ASSUMED"",""qkd_postprocessing"":{""cascade_initial_block_factor"":0.73,""cascade_maximum_initial_block_size"":null,""cascade_maximum_lookback_steps"":null,""cascade_passes"":4,""phase_error_abort_threshold"":0.11,""sample_fraction"":0.2,""security_margin_bits"":0,""verification_tag_length"":32},""qkd_signal_count"":20000,""version"":1},""tags"":[],""version"":1}","[{""p"":0.05,""type"":""phase_flip""}]",,authentication explicitly assumed; no runtime material,,,,,,false,1,7bd9f0856235b81b50bf2c74db13ecc0,QKD-ASSUMED,established,,qkd_bitstring,4085,"[{""algorithm"":""privacy-amplified-bitstring"",""bit_length"":4085,""byte_length"":511,""encoding"":""big-endian packed bits with explicit bit length"",""position"":1,""protocol"":""BB84"",""source"":""qkd""}]","{""pqc_exchange"":null,""qkd_classical"":{""algorithm"":""none"",""executed"":false,""mechanism"":""assumed"",""purpose"":""QKD classical transcript authentication"",""trust_assumption"":""The classical BB84 channel is assumed authenticated externally."",""verified"":null}}","{""qkd_transcript_hash_sha384"":""0a2b7da3e9a5d24b5e4a0ccfdb4ec8911a4ba04e8a1a56416e0fde986e20c1f812d98316dd38dc57c3d35d44562440b7"",""qkd_transcript_version"":1}",3368164300,20000,10095,2020,8075,8075,4085,0.50475,0.20425,0.0,0.05133267522211254,0.02574257425742574,0,1007,52,1013,52,2020,0.05133267522211254,0.02516097077761268,0.0,0.050157977883096366,0.02516097077761268,1838915,,,,,,,,,,,,,,,,,,,,,,,,,,,,,,,,,,assumed,none,none,0,0,0,0,0,0,0,0,The classical BB84 channel is assumed authenticated externally.,,,,"{""implementation"":""cpython"",""platform"":""Windows-11-10.0.26200-SP0"",""processor"":""Intel64 Family 6 Model 158 Stepping 12, GenuineIntel"",""python"":""3.14.7""}",,,,,,,,,,,,,,,,,,,,,,,,,3368164300,"{""events"":[{""detail"":""QKD-ASSUMED"",""sequence"":0,""source"":""session"",""stage"":""session"",""state"":""started""},{""detail"":""BB84 post-processing completed."",""sequence"":1,""source"":""qkd"",""stage"":""bb84"",""state"":""completed""},{""detail"":""The classical BB84 channel is assumed authenticated externally."",""sequence"":2,""source"":""qkd"",""stage"":""classical_authentication"",""state"":""assumed_not_executed""},{""detail"":""Final key released after all profile checks."",""sequence"":3,""source"":""qkd"",""stage"":""key_release"",""state"":""released""},{""detail"":""Authenticated QKD key released."",""sequence"":4,""source"":""session"",""stage"":""session"",""state"":""established""}],""version"":1}"
1,5c4e688f-01a6-41b0-8e2c-e7f07a9656d2,E2,phase-flip-0.05,8,1,eafcdacf-9f23-4290-b8e6-0d06ba663426,false,,0,138,2026-09-08T07:50:47.092380+00:00,4545748397061025284,QKD-ASSUMED,6319,3.14.7,CPython,2.5.0,0.16.0,0.16.0,50.0.1,0.1.0,Windows,11,10.0.26200,AMD64,"Intel64 Family 6 Model 158 Stepping 12, GenuineIntel",ac46477bb374bde1c0ace1ef0bcfbc26b199dcfa,true,1,E2,phase-flip-0.05,8,4545748397061025284,1,QKD-ASSUMED,QKD-ASSUMED,20000,"{""cascade_initial_block_factor"":0.73,""cascade_maximum_initial_block_size"":null,""cascade_maximum_lookback_steps"":null,""cascade_passes"":4,""phase_error_abort_threshold"":0.11,""sample_fraction"":0.2,""security_margin_bits"":0,""verification_tag_length"":32}",,[],"{""condition_id"":""phase-flip-0.05"",""experiment_kind"":""E2"",""qkd_stages"":[{""p"":0.05,""type"":""phase_flip""}],""replicate_index"":8,""seed"":4545748397061025284,""session"":{""internal_pqc_profile"":null,""profile"":""QKD-ASSUMED"",""qkd_authentication_profile"":""QKD-ASSUMED"",""qkd_postprocessing"":{""cascade_initial_block_factor"":0.73,""cascade_maximum_initial_block_size"":null,""cascade_maximum_lookback_steps"":null,""cascade_passes"":4,""phase_error_abort_threshold"":0.11,""sample_fraction"":0.2,""security_margin_bits"":0,""verification_tag_length"":32},""qkd_signal_count"":20000,""version"":1},""tags"":[],""version"":1}","[{""p"":0.05,""type"":""phase_flip""}]",,authentication explicitly assumed; no runtime material,,,,,,false,1,0506b7796f2f424a28d62d9d096cd63a,QKD-ASSUMED,established,,qkd_bitstring,3986,"[{""algorithm"":""privacy-amplified-bitstring"",""bit_length"":3986,""byte_length"":499,""encoding"":""big-endian packed bits with explicit bit length"",""position"":1,""protocol"":""BB84"",""source"":""qkd""}]","{""pqc_exchange"":null,""qkd_classical"":{""algorithm"":""none"",""executed"":false,""mechanism"":""assumed"",""purpose"":""QKD classical transcript authentication"",""trust_assumption"":""The classical BB84 channel is assumed authenticated externally."",""verified"":null}}","{""qkd_transcript_hash_sha384"":""4a818b0afea3171c1dee4fb5f5469643fcb6700dc476276412a8f2530bdd43a2bd896018bd8cdd0d85a942d4514e5064"",""qkd_transcript_version"":1}",3390624400,20000,9968,1994,7974,7974,3986,0.4984,0.1993,0.0,0.050445103857566766,0.025576730190571714,0,983,51,1011,51,1994,0.050445103857566766,0.026986356340288925,0.0,0.05322516818361694,0.026986356340288925,1869131,,,,,,,,,,,,,,,,,,,,,,,,,,,,,,,,,,assumed,none,none,0,0,0,0,0,0,0,0,The classical BB84 channel is assumed authenticated externally.,,,,"{""implementation"":""cpython"",""platform"":""Windows-11-10.0.26200-SP0"",""processor"":""Intel64 Family 6 Model 158 Stepping 12, GenuineIntel"",""python"":""3.14.7""}",,,,,,,,,,,,,,,,,,,,,,,,,3390624400,"{""events"":[{""detail"":""QKD-ASSUMED"",""sequence"":0,""source"":""session"",""stage"":""session"",""state"":""started""},{""detail"":""BB84 post-processing completed."",""sequence"":1,""source"":""qkd"",""stage"":""bb84"",""state"":""completed""},{""detail"":""The classical BB84 channel is assumed authenticated externally."",""sequence"":2,""source"":""qkd"",""stage"":""classical_authentication"",""state"":""assumed_not_executed""},{""detail"":""Final key released after all profile checks."",""sequence"":3,""source"":""qkd"",""stage"":""key_release"",""state"":""released""},{""detail"":""Authenticated QKD key released."",""sequence"":4,""source"":""session"",""stage"":""session"",""state"":""established""}],""version"":1}"
1,0ec3801d-1ac0-4b83-962d-122d135052e6,E2,phase-flip-0.05,9,1,eafcdacf-9f23-4290-b8e6-0d06ba663426,false,,0,139,2026-09-08T07:50:50.492394+00:00,12522016831630239439,QKD-ASSUMED,6323,3.14.7,CPython,2.5.0,0.16.0,0.16.0,50.0.1,0.1.0,Windows,11,10.0.26200,AMD64,"Intel64 Family 6 Model 158 Stepping 12, GenuineIntel",ac46477bb374bde1c0ace1ef0bcfbc26b199dcfa,true,1,E2,phase-flip-0.05,9,12522016831630239439,1,QKD-ASSUMED,QKD-ASSUMED,20000,"{""cascade_initial_block_factor"":0.73,""cascade_maximum_initial_block_size"":null,""cascade_maximum_lookback_steps"":null,""cascade_passes"":4,""phase_error_abort_threshold"":0.11,""sample_fraction"":0.2,""security_margin_bits"":0,""verification_tag_length"":32}",,[],"{""condition_id"":""phase-flip-0.05"",""experiment_kind"":""E2"",""qkd_stages"":[{""p"":0.05,""type"":""phase_flip""}],""replicate_index"":9,""seed"":12522016831630239439,""session"":{""internal_pqc_profile"":null,""profile"":""QKD-ASSUMED"",""qkd_authentication_profile"":""QKD-ASSUMED"",""qkd_postprocessing"":{""cascade_initial_block_factor"":0.73,""cascade_maximum_initial_block_size"":null,""cascade_maximum_lookback_steps"":null,""cascade_passes"":4,""phase_error_abort_threshold"":0.11,""sample_fraction"":0.2,""security_margin_bits"":0,""verification_tag_length"":32},""qkd_signal_count"":20000,""version"":1},""tags"":[],""version"":1}","[{""p"":0.05,""type"":""phase_flip""}]",,authentication explicitly assumed; no runtime material,,,,,,false,1,146088efc37c838d7ee7f658b46e4972,QKD-ASSUMED,established,,qkd_bitstring,4255,"[{""algorithm"":""privacy-amplified-bitstring"",""bit_length"":4255,""byte_length"":532,""encoding"":""big-endian packed bits with explicit bit length"",""position"":1,""protocol"":""BB84"",""source"":""qkd""}]","{""pqc_exchange"":null,""qkd_classical"":{""algorithm"":""none"",""executed"":false,""mechanism"":""assumed"",""purpose"":""QKD classical transcript authentication"",""trust_assumption"":""The classical BB84 channel is assumed authenticated externally."",""verified"":null}}","{""qkd_transcript_hash_sha384"":""6f0e20ebddeb76dc02ff1cc0a703e51fa7196e2abeefe204a61fa09852e47b6ab09cb87de7692bf421a30e52c5bf0cd5"",""qkd_transcript_version"":1}",3327710800,20000,10071,2015,8056,8056,4255,0.50355,0.21275,0.0,0.05089820359281437,0.025310173697270472,0,1013,51,1002,51,2015,0.05089820359281437,0.022341376228775692,0.0,0.04491017964071856,0.022341376228775692,1734943,,,,,,,,,,,,,,,,,,,,,,,,,,,,,,,,,,assumed,none,none,0,0,0,0,0,0,0,0,The classical BB84 channel is assumed authenticated externally.,,,,"{""implementation"":""cpython"",""platform"":""Windows-11-10.0.26200-SP0"",""processor"":""Intel64 Family 6 Model 158 Stepping 12, GenuineIntel"",""python"":""3.14.7""}",,,,,,,,,,,,,,,,,,,,,,,,,3327710800,"{""events"":[{""detail"":""QKD-ASSUMED"",""sequence"":0,""source"":""session"",""stage"":""session"",""state"":""started""},{""detail"":""BB84 post-processing completed."",""sequence"":1,""source"":""qkd"",""stage"":""bb84"",""state"":""completed""},{""detail"":""The classical BB84 channel is assumed authenticated externally."",""sequence"":2,""source"":""qkd"",""stage"":""classical_authentication"",""state"":""assumed_not_executed""},{""detail"":""Final key released after all profile checks."",""sequence"":3,""source"":""qkd"",""stage"":""key_release"",""state"":""released""},{""detail"":""Authenticated QKD key released."",""sequence"":4,""source"":""session"",""stage"":""session"",""state"":""established""}],""version"":1}"
1,cef5f9d9-ad1c-473e-896e-768c9a0a03d3,E2,phase-flip-0.10,0,1,eafcdacf-9f23-4290-b8e6-0d06ba663426,false,,0,140,2026-09-08T07:50:53.946225+00:00,8729666234731551633,QKD-ASSUMED,6315,3.14.7,CPython,2.5.0,0.16.0,0.16.0,50.0.1,0.1.0,Windows,11,10.0.26200,AMD64,"Intel64 Family 6 Model 158 Stepping 12, GenuineIntel",ac46477bb374bde1c0ace1ef0bcfbc26b199dcfa,true,1,E2,phase-flip-0.10,0,8729666234731551633,1,QKD-ASSUMED,QKD-ASSUMED,20000,"{""cascade_initial_block_factor"":0.73,""cascade_maximum_initial_block_size"":null,""cascade_maximum_lookback_steps"":null,""cascade_passes"":4,""phase_error_abort_threshold"":0.11,""sample_fraction"":0.2,""security_margin_bits"":0,""verification_tag_length"":32}",,[],"{""condition_id"":""phase-flip-0.10"",""experiment_kind"":""E2"",""qkd_stages"":[{""p"":0.1,""type"":""phase_flip""}],""replicate_index"":0,""seed"":8729666234731551633,""session"":{""internal_pqc_profile"":null,""profile"":""QKD-ASSUMED"",""qkd_authentication_profile"":""QKD-ASSUMED"",""qkd_postprocessing"":{""cascade_initial_block_factor"":0.73,""cascade_maximum_initial_block_size"":null,""cascade_maximum_lookback_steps"":null,""cascade_passes"":4,""phase_error_abort_threshold"":0.11,""sample_fraction"":0.2,""security_margin_bits"":0,""verification_tag_length"":32},""qkd_signal_count"":20000,""version"":1},""tags"":[],""version"":1}","[{""p"":0.1,""type"":""phase_flip""}]",,authentication explicitly assumed; no runtime material,,,,,,false,1,b58110016e0b6e694c4d79b68f8bb398,QKD-ASSUMED,established,,qkd_bitstring,1914,"[{""algorithm"":""privacy-amplified-bitstring"",""bit_length"":1914,""byte_length"":240,""encoding"":""big-endian packed bits with explicit bit length"",""position"":1,""protocol"":""BB84"",""source"":""qkd""}]","{""pqc_exchange"":null,""qkd_classical"":{""algorithm"":""none"",""executed"":false,""mechanism"":""assumed"",""purpose"":""QKD classical transcript authentication"",""trust_assumption"":""The classical BB84 channel is assumed authenticated externally."",""verified"":null}}","{""qkd_transcript_hash_sha384"":""fdd3c794fdfdd69d1fce4ade4b6a3a5b0a5b9fb4685ef4b20d15c832cedf05a415c204d9d4c10767021388215d4dbdc7"",""qkd_transcript_version"":1}",3375415800,20000,9975,1996,7979,7979,1914,0.49875,0.0957,0.0,0.08937437934458789,0.045090180360721446,0,989,90,1007,90,1996,0.08937437934458789,0.04681704260651629,0.0,0.09278760182793562,0.04681704260651629,2302850,,,,,,,,,,,,,,,,,,,,,,,,,,,,,,,,,,assumed,none,none,0,0,0,0,0,0,0,0,The classical BB84 channel is assumed authenticated externally.,,,,"{""implementation"":""cpython"",""platform"":""Windows-11-10.0.26200-SP0"",""processor"":""Intel64 Family 6 Model 158 Stepping 12, GenuineIntel"",""python"":""3.14.7""}",,,,,,,,,,,,,,,,,,,,,,,,,3375415800,"{""events"":[{""detail"":""QKD-ASSUMED"",""sequence"":0,""source"":""session"",""stage"":""session"",""state"":""started""},{""detail"":""BB84 post-processing completed."",""sequence"":1,""source"":""qkd"",""stage"":""bb84"",""state"":""completed""},{""detail"":""The classical BB84 channel is assumed authenticated externally."",""sequence"":2,""source"":""qkd"",""stage"":""classical_authentication"",""state"":""assumed_not_executed""},{""detail"":""Final key released after all profile checks."",""sequence"":3,""source"":""qkd"",""stage"":""key_release"",""state"":""released""},{""detail"":""Authenticated QKD key released."",""sequence"":4,""source"":""session"",""stage"":""session"",""state"":""established""}],""version"":1}"
1,c1632b6e-50af-4681-aaeb-668bb70b4205,E2,phase-flip-0.10,1,1,eafcdacf-9f23-4290-b8e6-0d06ba663426,false,,0,141,2026-09-08T07:50:57.457447+00:00,14151718915896930061,QKD-ASSUMED,6316,3.14.7,CPython,2.5.0,0.16.0,0.16.0,50.0.1,0.1.0,Windows,11,10.0.26200,AMD64,"Intel64 Family 6 Model 158 Stepping 12, GenuineIntel",ac46477bb374bde1c0ace1ef0bcfbc26b199dcfa,true,1,E2,phase-flip-0.10,1,14151718915896930061,1,QKD-ASSUMED,QKD-ASSUMED,20000,"{""cascade_initial_block_factor"":0.73,""cascade_maximum_initial_block_size"":null,""cascade_maximum_lookback_steps"":null,""cascade_passes"":4,""phase_error_abort_threshold"":0.11,""sample_fraction"":0.2,""security_margin_bits"":0,""verification_tag_length"":32}",,[],"{""condition_id"":""phase-flip-0.10"",""experiment_kind"":""E2"",""qkd_stages"":[{""p"":0.1,""type"":""phase_flip""}],""replicate_index"":1,""seed"":14151718915896930061,""session"":{""internal_pqc_profile"":null,""profile"":""QKD-ASSUMED"",""qkd_authentication_profile"":""QKD-ASSUMED"",""qkd_postprocessing"":{""cascade_initial_block_factor"":0.73,""cascade_maximum_initial_block_size"":null,""cascade_maximum_lookback_steps"":null,""cascade_passes"":4,""phase_error_abort_threshold"":0.11,""sample_fraction"":0.2,""security_margin_bits"":0,""verification_tag_length"":32},""qkd_signal_count"":20000,""version"":1},""tags"":[],""version"":1}","[{""p"":0.1,""type"":""phase_flip""}]",,authentication explicitly assumed; no runtime material,,,,,,false,1,bd8455e6626e0df9c3c2403c5841e287,QKD-ASSUMED,established,,qkd_bitstring,1729,"[{""algorithm"":""privacy-amplified-bitstring"",""bit_length"":1729,""byte_length"":217,""encoding"":""big-endian packed bits with explicit bit length"",""position"":1,""protocol"":""BB84"",""source"":""qkd""}]","{""pqc_exchange"":null,""qkd_classical"":{""algorithm"":""none"",""executed"":false,""mechanism"":""assumed"",""purpose"":""QKD classical transcript authentication"",""trust_assumption"":""The classical BB84 channel is assumed authenticated externally."",""verified"":null}}","{""qkd_transcript_hash_sha384"":""4256e737967ebf114868d3527db2779613937941825827276b47d8833f8b94ba89bd0a2172f39d90185b11f947abd2a7"",""qkd_transcript_version"":1}",3433098200,20000,9834,1967,7867,7867,1729,0.4917,0.08645,0.0,0.09109311740890688,0.045754956786985254,0,979,90,988,90,1967,0.09109311740890688,0.04982713036404311,0.0,0.09919028340080972,0.04982713036404311,2332917,,,,,,,,,,,,,,,,,,,,,,,,,,,,,,,,,,assumed,none,none,0,0,0,0,0,0,0,0,The classical BB84 channel is assumed authenticated externally.,,,,"{""implementation"":""cpython"",""platform"":""Windows-11-10.0.26200-SP0"",""processor"":""Intel64 Family 6 Model 158 Stepping 12, GenuineIntel"",""python"":""3.14.7""}",,,,,,,,,,,,,,,,,,,,,,,,,3433098200,"{""events"":[{""detail"":""QKD-ASSUMED"",""sequence"":0,""source"":""session"",""stage"":""session"",""state"":""started""},{""detail"":""BB84 post-processing completed."",""sequence"":1,""source"":""qkd"",""stage"":""bb84"",""state"":""completed""},{""detail"":""The classical BB84 channel is assumed authenticated externally."",""sequence"":2,""source"":""qkd"",""stage"":""classical_authentication"",""state"":""assumed_not_executed""},{""detail"":""Final key released after all profile checks."",""sequence"":3,""source"":""qkd"",""stage"":""key_release"",""state"":""released""},{""detail"":""Authenticated QKD key released."",""sequence"":4,""source"":""session"",""stage"":""session"",""state"":""established""}],""version"":1}"
1,0478305c-bf01-4456-a72d-ba02ce4e5d93,E2,phase-flip-0.10,2,1,eafcdacf-9f23-4290-b8e6-0d06ba663426,false,,0,142,2026-09-08T07:51:00.944458+00:00,5786545802612023863,QKD-ASSUMED,6317,3.14.7,CPython,2.5.0,0.16.0,0.16.0,50.0.1,0.1.0,Windows,11,10.0.26200,AMD64,"Intel64 Family 6 Model 158 Stepping 12, GenuineIntel",ac46477bb374bde1c0ace1ef0bcfbc26b199dcfa,true,1,E2,phase-flip-0.10,2,5786545802612023863,1,QKD-ASSUMED,QKD-ASSUMED,20000,"{""cascade_initial_block_factor"":0.73,""cascade_maximum_initial_block_size"":null,""cascade_maximum_lookback_steps"":null,""cascade_passes"":4,""phase_error_abort_threshold"":0.11,""sample_fraction"":0.2,""security_margin_bits"":0,""verification_tag_length"":32}",,[],"{""condition_id"":""phase-flip-0.10"",""experiment_kind"":""E2"",""qkd_stages"":[{""p"":0.1,""type"":""phase_flip""}],""replicate_index"":2,""seed"":5786545802612023863,""session"":{""internal_pqc_profile"":null,""profile"":""QKD-ASSUMED"",""qkd_authentication_profile"":""QKD-ASSUMED"",""qkd_postprocessing"":{""cascade_initial_block_factor"":0.73,""cascade_maximum_initial_block_size"":null,""cascade_maximum_lookback_steps"":null,""cascade_passes"":4,""phase_error_abort_threshold"":0.11,""sample_fraction"":0.2,""security_margin_bits"":0,""verification_tag_length"":32},""qkd_signal_count"":20000,""version"":1},""tags"":[],""version"":1}","[{""p"":0.1,""type"":""phase_flip""}]",,authentication explicitly assumed; no runtime material,,,,,,false,1,143a702b087949eee5a6ac3e3c35db07,QKD-ASSUMED,established,,qkd_bitstring,2044,"[{""algorithm"":""privacy-amplified-bitstring"",""bit_length"":2044,""byte_length"":256,""encoding"":""big-endian packed bits with explicit bit length"",""position"":1,""protocol"":""BB84"",""source"":""qkd""}]","{""pqc_exchange"":null,""qkd_classical"":{""algorithm"":""none"",""executed"":false,""mechanism"":""assumed"",""purpose"":""QKD classical transcript authentication"",""trust_assumption"":""The classical BB84 channel is assumed authenticated externally."",""verified"":null}}","{""qkd_transcript_hash_sha384"":""3b635b5002040c9d99fa6f8f59812ad750a5ff20362629168fd7cc73a868ce9fe821361d9882dfdcfb58c9d82aeef307"",""qkd_transcript_version"":1}",3409245200,20000,10014,2004,8010,8010,2044,0.5007,0.1022,0.0,0.08132530120481928,0.040419161676646706,0,1008,81,996,81,2004,0.08132530120481928,0.048731775514280005,0.0,0.09807073954983923,0.048731775514280005,2380848,,,,,,,,,,,,,,,,,,,,,,,,,,,,,,,,,,assumed,none,none,0,0,0,0,0,0,0,0,The classical BB84 channel is assumed authenticated externally.,,,,"{""implementation"":""cpython"",""platform"":""Windows-11-10.0.26200-SP0"",""processor"":""Intel64 Family 6 Model 158 Stepping 12, GenuineIntel"",""python"":""3.14.7""}",,,,,,,,,,,,,,,,,,,,,,,,,3409245200,"{""events"":[{""detail"":""QKD-ASSUMED"",""sequence"":0,""source"":""session"",""stage"":""session"",""state"":""started""},{""detail"":""BB84 post-processing completed."",""sequence"":1,""source"":""qkd"",""stage"":""bb84"",""state"":""completed""},{""detail"":""The classical BB84 channel is assumed authenticated externally."",""sequence"":2,""source"":""qkd"",""stage"":""classical_authentication"",""state"":""assumed_not_executed""},{""detail"":""Final key released after all profile checks."",""sequence"":3,""source"":""qkd"",""stage"":""key_release"",""state"":""released""},{""detail"":""Authenticated QKD key released."",""sequence"":4,""source"":""session"",""stage"":""session"",""state"":""established""}],""version"":1}"
1,574adf9d-a35a-496d-925d-d6006cf131d5,E2,phase-flip-0.10,3,1,eafcdacf-9f23-4290-b8e6-0d06ba663426,false,,0,143,2026-09-08T07:51:04.478372+00:00,17000467404268307505,QKD-ASSUMED,6314,3.14.7,CPython,2.5.0,0.16.0,0.16.0,50.0.1,0.1.0,Windows,11,10.0.26200,AMD64,"Intel64 Family 6 Model 158 Stepping 12, GenuineIntel",ac46477bb374bde1c0ace1ef0bcfbc26b199dcfa,true,1,E2,phase-flip-0.10,3,17000467404268307505,1,QKD-ASSUMED,QKD-ASSUMED,20000,"{""cascade_initial_block_factor"":0.73,""cascade_maximum_initial_block_size"":null,""cascade_maximum_lookback_steps"":null,""cascade_passes"":4,""phase_error_abort_threshold"":0.11,""sample_fraction"":0.2,""security_margin_bits"":0,""verification_tag_length"":32}",,[],"{""condition_id"":""phase-flip-0.10"",""experiment_kind"":""E2"",""qkd_stages"":[{""p"":0.1,""type"":""phase_flip""}],""replicate_index"":3,""seed"":17000467404268307505,""session"":{""internal_pqc_profile"":null,""profile"":""QKD-ASSUMED"",""qkd_authentication_profile"":""QKD-ASSUMED"",""qkd_postprocessing"":{""cascade_initial_block_factor"":0.73,""cascade_maximum_initial_block_size"":null,""cascade_maximum_lookback_steps"":null,""cascade_passes"":4,""phase_error_abort_threshold"":0.11,""sample_fraction"":0.2,""security_margin_bits"":0,""verification_tag_length"":32},""qkd_signal_count"":20000,""version"":1},""tags"":[],""version"":1}","[{""p"":0.1,""type"":""phase_flip""}]",,authentication explicitly assumed; no runtime material,,,,,,false,1,c26bc36ea15a37d49ff649cae940e3fd,QKD-ASSUMED,established,,qkd_bitstring,1517,"[{""algorithm"":""privacy-amplified-bitstring"",""bit_length"":1517,""byte_length"":190,""encoding"":""big-endian packed bits with explicit bit length"",""position"":1,""protocol"":""BB84"",""source"":""qkd""}]","{""pqc_exchange"":null,""qkd_classical"":{""algorithm"":""none"",""executed"":false,""mechanism"":""assumed"",""purpose"":""QKD classical transcript authentication"",""trust_assumption"":""The classical BB84 channel is assumed authenticated externally."",""verified"":null}}","{""qkd_transcript_hash_sha384"":""693964d418f45673917c7401058562835b6261241c1ddc89bec26616c2ad1d3cff8aa40eb2d45027d69c45db2d740f7e"",""qkd_transcript_version"":1}",3454912900,20000,9852,1971,7881,7881,1517,0.4926,0.07585,0.0,0.0980788675429727,0.049213597158802636,0,982,97,989,97,1971,0.0980788675429727,0.05004060089321965,0.0,0.09969666329625884,0.05004060089321965,2342865,,,,,,,,,,,,,,,,,,,,,,,,,,,,,,,,,,assumed,none,none,0,0,0,0,0,0,0,0,The classical BB84 channel is assumed authenticated externally.,,,,"{""implementation"":""cpython"",""platform"":""Windows-11-10.0.26200-SP0"",""processor"":""Intel64 Family 6 Model 158 Stepping 12, GenuineIntel"",""python"":""3.14.7""}",,,,,,,,,,,,,,,,,,,,,,,,,3454912900,"{""events"":[{""detail"":""QKD-ASSUMED"",""sequence"":0,""source"":""session"",""stage"":""session"",""state"":""started""},{""detail"":""BB84 post-processing completed."",""sequence"":1,""source"":""qkd"",""stage"":""bb84"",""state"":""completed""},{""detail"":""The classical BB84 channel is assumed authenticated externally."",""sequence"":2,""source"":""qkd"",""stage"":""classical_authentication"",""state"":""assumed_not_executed""},{""detail"":""Final key released after all profile checks."",""sequence"":3,""source"":""qkd"",""stage"":""key_release"",""state"":""released""},{""detail"":""Authenticated QKD key released."",""sequence"":4,""source"":""session"",""stage"":""session"",""state"":""established""}],""version"":1}"
1,c2bebca3-d2d6-4d7a-98ae-c3aa182ad726,E2,phase-flip-0.10,4,1,eafcdacf-9f23-4290-b8e6-0d06ba663426,false,,0,144,2026-09-08T07:51:07.810406+00:00,15210518303952657873,QKD-ASSUMED,6538,3.14.7,CPython,2.5.0,0.16.0,0.16.0,50.0.1,0.1.0,Windows,11,10.0.26200,AMD64,"Intel64 Family 6 Model 158 Stepping 12, GenuineIntel",ac46477bb374bde1c0ace1ef0bcfbc26b199dcfa,true,1,E2,phase-flip-0.10,4,15210518303952657873,1,QKD-ASSUMED,QKD-ASSUMED,20000,"{""cascade_initial_block_factor"":0.73,""cascade_maximum_initial_block_size"":null,""cascade_maximum_lookback_steps"":null,""cascade_passes"":4,""phase_error_abort_threshold"":0.11,""sample_fraction"":0.2,""security_margin_bits"":0,""verification_tag_length"":32}",,[],"{""condition_id"":""phase-flip-0.10"",""experiment_kind"":""E2"",""qkd_stages"":[{""p"":0.1,""type"":""phase_flip""}],""replicate_index"":4,""seed"":15210518303952657873,""session"":{""internal_pqc_profile"":null,""profile"":""QKD-ASSUMED"",""qkd_authentication_profile"":""QKD-ASSUMED"",""qkd_postprocessing"":{""cascade_initial_block_factor"":0.73,""cascade_maximum_initial_block_size"":null,""cascade_maximum_lookback_steps"":null,""cascade_passes"":4,""phase_error_abort_threshold"":0.11,""sample_fraction"":0.2,""security_margin_bits"":0,""verification_tag_length"":32},""qkd_signal_count"":20000,""version"":1},""tags"":[],""version"":1}","[{""p"":0.1,""type"":""phase_flip""}]",,authentication explicitly assumed; no runtime material,,,,,,false,1,3a8bf357ce67fc2970ca0f0bd444254b,QKD-ASSUMED,aborted,"BB84 security abort: Per-basis errors Z=0.000000, X=0.111789 give phase-error bound 0.111789, above the configured asymptotic threshold 0.110000; aggregate QBER 0.054754 is not the phase-error bound.",,0,[],"{""pqc_exchange"":null,""qkd_classical"":{""algorithm"":""none"",""executed"":false,""mechanism"":""assumed"",""purpose"":""QKD classical transcript authentication"",""trust_assumption"":""The classical BB84 channel is assumed authenticated externally."",""verified"":null}}","{""qkd_transcript_hash_sha384"":""b28dc449927306c2315c8102004080b7e5df4ce2d53baa4f2b02cbcadd5c52f003d3ed0cdc332be4745f1e13ce432c5c"",""qkd_transcript_version"":1}",3271252900,20000,10039,2009,8030,0,0,0.50195,0.0,0.0,0.11178861788617886,0.0547536087605774,0,1025,110,984,110,2009,0.11178861788617886,0.04851080784938739,0.0,0.09906427990235964,0.04851080784938739,157980,,,,,,,,,,,,,,,,,,,,,,,,,,,,,,,,,,assumed,none,none,0,0,0,0,0,0,0,0,The classical BB84 channel is assumed authenticated externally.,,,,"{""implementation"":""cpython"",""platform"":""Windows-11-10.0.26200-SP0"",""processor"":""Intel64 Family 6 Model 158 Stepping 12, GenuineIntel"",""python"":""3.14.7""}",,,,,,,,,,,,,,,,,,,,,,,,,3271252900,"{""events"":[{""detail"":""QKD-ASSUMED"",""sequence"":0,""source"":""session"",""stage"":""session"",""state"":""started""},{""detail"":""Per-basis errors Z=0.000000, X=0.111789 give phase-error bound 0.111789, above the configured asymptotic threshold 0.110000; aggregate QBER 0.054754 is not the phase-error bound."",""sequence"":1,""source"":""qkd"",""stage"":""bb84"",""state"":""aborted""},{""detail"":""The classical BB84 channel is assumed authenticated externally."",""sequence"":2,""source"":""qkd"",""stage"":""classical_authentication"",""state"":""assumed_not_executed""},{""detail"":""No final key material is exposed by the orchestration result."",""sequence"":3,""source"":""qkd"",""stage"":""key_release"",""state"":""withheld""},{""detail"":""BB84 security abort: Per-basis errors Z=0.000000, X=0.111789 give phase-error bound 0.111789, above the configured asymptotic threshold 0.110000; aggregate QBER 0.054754 is not the phase-error bound."",""sequence"":4,""source"":""session"",""stage"":""session"",""state"":""aborted""}],""version"":1}"
1,6621a9f7-8a27-4e99-86c4-51b7aad326c0,E2,phase-flip-0.10,5,1,eafcdacf-9f23-4290-b8e6-0d06ba663426,false,,0,145,2026-09-08T07:51:11.350852+00:00,12353850164547182005,QKD-ASSUMED,6318,3.14.7,CPython,2.5.0,0.16.0,0.16.0,50.0.1,0.1.0,Windows,11,10.0.26200,AMD64,"Intel64 Family 6 Model 158 Stepping 12, GenuineIntel",ac46477bb374bde1c0ace1ef0bcfbc26b199dcfa,true,1,E2,phase-flip-0.10,5,12353850164547182005,1,QKD-ASSUMED,QKD-ASSUMED,20000,"{""cascade_initial_block_factor"":0.73,""cascade_maximum_initial_block_size"":null,""cascade_maximum_lookback_steps"":null,""cascade_passes"":4,""phase_error_abort_threshold"":0.11,""sample_fraction"":0.2,""security_margin_bits"":0,""verification_tag_length"":32}",,[],"{""condition_id"":""phase-flip-0.10"",""experiment_kind"":""E2"",""qkd_stages"":[{""p"":0.1,""type"":""phase_flip""}],""replicate_index"":5,""seed"":12353850164547182005,""session"":{""internal_pqc_profile"":null,""profile"":""QKD-ASSUMED"",""qkd_authentication_profile"":""QKD-ASSUMED"",""qkd_postprocessing"":{""cascade_initial_block_factor"":0.73,""cascade_maximum_initial_block_size"":null,""cascade_maximum_lookback_steps"":null,""cascade_passes"":4,""phase_error_abort_threshold"":0.11,""sample_fraction"":0.2,""security_margin_bits"":0,""verification_tag_length"":32},""qkd_signal_count"":20000,""version"":1},""tags"":[],""version"":1}","[{""p"":0.1,""type"":""phase_flip""}]",,authentication explicitly assumed; no runtime material,,,,,,false,1,b97be10572016e0351b8979221a7c711,QKD-ASSUMED,established,,qkd_bitstring,1364,"[{""algorithm"":""privacy-amplified-bitstring"",""bit_length"":1364,""byte_length"":171,""encoding"":""big-endian packed bits with explicit bit length"",""position"":1,""protocol"":""BB84"",""source"":""qkd""}]","{""pqc_exchange"":null,""qkd_classical"":{""algorithm"":""none"",""executed"":false,""mechanism"":""assumed"",""purpose"":""QKD classical transcript authentication"",""trust_assumption"":""The classical BB84 channel is assumed authenticated externally."",""verified"":null}}","{""qkd_transcript_hash_sha384"":""8e3c967a217814a82ac7e9ec166374ff6cc2a69113114f8ab875cea5538205bb19d8291fb182b735a8caaa61f45cd86c"",""qkd_transcript_version"":1}",3458406900,20000,9949,1991,7958,7958,1364,0.49745,0.0682,0.0,0.10070493454179255,0.050226017076845805,0,998,100,993,100,1991,0.10070493454179255,0.05246758468187757,0.0,0.10519951632406288,0.05246758468187757,2425908,,,,,,,,,,,,,,,,,,,,,,,,,,,,,,,,,,assumed,none,none,0,0,0,0,0,0,0,0,The classical BB84 channel is assumed authenticated externally.,,,,"{""implementation"":""cpython"",""platform"":""Windows-11-10.0.26200-SP0"",""processor"":""Intel64 Family 6 Model 158 Stepping 12, GenuineIntel"",""python"":""3.14.7""}",,,,,,,,,,,,,,,,,,,,,,,,,3458406900,"{""events"":[{""detail"":""QKD-ASSUMED"",""sequence"":0,""source"":""session"",""stage"":""session"",""state"":""started""},{""detail"":""BB84 post-processing completed."",""sequence"":1,""source"":""qkd"",""stage"":""bb84"",""state"":""completed""},{""detail"":""The classical BB84 channel is assumed authenticated externally."",""sequence"":2,""source"":""qkd"",""stage"":""classical_authentication"",""state"":""assumed_not_executed""},{""detail"":""Final key released after all profile checks."",""sequence"":3,""source"":""qkd"",""stage"":""key_release"",""state"":""released""},{""detail"":""Authenticated QKD key released."",""sequence"":4,""source"":""session"",""stage"":""session"",""state"":""established""}],""version"":1}"
1,6a33c6d7-7f9b-442b-bfec-362a98dacf7a,E2,phase-flip-0.10,6,1,eafcdacf-9f23-4290-b8e6-0d06ba663426,false,,0,146,2026-09-08T07:51:14.696274+00:00,17525632360584519454,QKD-ASSUMED,6538,3.14.7,CPython,2.5.0,0.16.0,0.16.0,50.0.1,0.1.0,Windows,11,10.0.26200,AMD64,"Intel64 Family 6 Model 158 Stepping 12, GenuineIntel",ac46477bb374bde1c0ace1ef0bcfbc26b199dcfa,true,1,E2,phase-flip-0.10,6,17525632360584519454,1,QKD-ASSUMED,QKD-ASSUMED,20000,"{""cascade_initial_block_factor"":0.73,""cascade_maximum_initial_block_size"":null,""cascade_maximum_lookback_steps"":null,""cascade_passes"":4,""phase_error_abort_threshold"":0.11,""sample_fraction"":0.2,""security_margin_bits"":0,""verification_tag_length"":32}",,[],"{""condition_id"":""phase-flip-0.10"",""experiment_kind"":""E2"",""qkd_stages"":[{""p"":0.1,""type"":""phase_flip""}],""replicate_index"":6,""seed"":17525632360584519454,""session"":{""internal_pqc_profile"":null,""profile"":""QKD-ASSUMED"",""qkd_authentication_profile"":""QKD-ASSUMED"",""qkd_postprocessing"":{""cascade_initial_block_factor"":0.73,""cascade_maximum_initial_block_size"":null,""cascade_maximum_lookback_steps"":null,""cascade_passes"":4,""phase_error_abort_threshold"":0.11,""sample_fraction"":0.2,""security_margin_bits"":0,""verification_tag_length"":32},""qkd_signal_count"":20000,""version"":1},""tags"":[],""version"":1}","[{""p"":0.1,""type"":""phase_flip""}]",,authentication explicitly assumed; no runtime material,,,,,,false,1,4206850f24c27399145882589143fbdb,QKD-ASSUMED,aborted,"BB84 security abort: Per-basis errors Z=0.000000, X=0.110781 give phase-error bound 0.110781, above the configured asymptotic threshold 0.110000; aggregate QBER 0.055916 is not the phase-error bound.",,0,[],"{""pqc_exchange"":null,""qkd_classical"":{""algorithm"":""none"",""executed"":false,""mechanism"":""assumed"",""purpose"":""QKD classical transcript authentication"",""trust_assumption"":""The classical BB84 channel is assumed authenticated externally."",""verified"":null}}","{""qkd_transcript_hash_sha384"":""1ef9f1c3db84fa13001a6195806175c7c58db0cddd6e94558f42e08f988a1a2aeb1a6c2fee2319008416456f68a8b315"",""qkd_transcript_version"":1}",3284459000,20000,10009,2003,8006,0,0,0.50045,0.0,0.0,0.11078140454995054,0.05591612581128307,0,992,112,1011,112,2003,0.11078140454995054,0.05035468078729144,0.0,0.0997624703087886,0.05035468078729144,157630,,,,,,,,,,,,,,,,,,,,,,,,,,,,,,,,,,assumed,none,none,0,0,0,0,0,0,0,0,The classical BB84 channel is assumed authenticated externally.,,,,"{""implementation"":""cpython"",""platform"":""Windows-11-10.0.26200-SP0"",""processor"":""Intel64 Family 6 Model 158 Stepping 12, GenuineIntel"",""python"":""3.14.7""}",,,,,,,,,,,,,,,,,,,,,,,,,3284459000,"{""events"":[{""detail"":""QKD-ASSUMED"",""sequence"":0,""source"":""session"",""stage"":""session"",""state"":""started""},{""detail"":""Per-basis errors Z=0.000000, X=0.110781 give phase-error bound 0.110781, above the configured asymptotic threshold 0.110000; aggregate QBER 0.055916 is not the phase-error bound."",""sequence"":1,""source"":""qkd"",""stage"":""bb84"",""state"":""aborted""},{""detail"":""The classical BB84 channel is assumed authenticated externally."",""sequence"":2,""source"":""qkd"",""stage"":""classical_authentication"",""state"":""assumed_not_executed""},{""detail"":""No final key material is exposed by the orchestration result."",""sequence"":3,""source"":""qkd"",""stage"":""key_release"",""state"":""withheld""},{""detail"":""BB84 security abort: Per-basis errors Z=0.000000, X=0.110781 give phase-error bound 0.110781, above the configured asymptotic threshold 0.110000; aggregate QBER 0.055916 is not the phase-error bound."",""sequence"":4,""source"":""session"",""stage"":""session"",""state"":""aborted""}],""version"":1}"
1,e7f8fc55-ad2b-41e5-aade-2a397fbb2d32,E2,phase-flip-0.10,7,1,eafcdacf-9f23-4290-b8e6-0d06ba663426,false,,0,147,2026-09-08T07:51:18.173424+00:00,4254076980392082530,QKD-ASSUMED,6315,3.14.7,CPython,2.5.0,0.16.0,0.16.0,50.0.1,0.1.0,Windows,11,10.0.26200,AMD64,"Intel64 Family 6 Model 158 Stepping 12, GenuineIntel",ac46477bb374bde1c0ace1ef0bcfbc26b199dcfa,true,1,E2,phase-flip-0.10,7,4254076980392082530,1,QKD-ASSUMED,QKD-ASSUMED,20000,"{""cascade_initial_block_factor"":0.73,""cascade_maximum_initial_block_size"":null,""cascade_maximum_lookback_steps"":null,""cascade_passes"":4,""phase_error_abort_threshold"":0.11,""sample_fraction"":0.2,""security_margin_bits"":0,""verification_tag_length"":32}",,[],"{""condition_id"":""phase-flip-0.10"",""experiment_kind"":""E2"",""qkd_stages"":[{""p"":0.1,""type"":""phase_flip""}],""replicate_index"":7,""seed"":4254076980392082530,""session"":{""internal_pqc_profile"":null,""profile"":""QKD-ASSUMED"",""qkd_authentication_profile"":""QKD-ASSUMED"",""qkd_postprocessing"":{""cascade_initial_block_factor"":0.73,""cascade_maximum_initial_block_size"":null,""cascade_maximum_lookback_steps"":null,""cascade_passes"":4,""phase_error_abort_threshold"":0.11,""sample_fraction"":0.2,""security_margin_bits"":0,""verification_tag_length"":32},""qkd_signal_count"":20000,""version"":1},""tags"":[],""version"":1}","[{""p"":0.1,""type"":""phase_flip""}]",,authentication explicitly assumed; no runtime material,,,,,,false,1,1876590ce85149c9815ced4c5173147a,QKD-ASSUMED,established,,qkd_bitstring,1428,"[{""algorithm"":""privacy-amplified-bitstring"",""bit_length"":1428,""byte_length"":179,""encoding"":""big-endian packed bits with explicit bit length"",""position"":1,""protocol"":""BB84"",""source"":""qkd""}]","{""pqc_exchange"":null,""qkd_classical"":{""algorithm"":""none"",""executed"":false,""mechanism"":""assumed"",""purpose"":""QKD classical transcript authentication"",""trust_assumption"":""The classical BB84 channel is assumed authenticated externally."",""verified"":null}}","{""qkd_transcript_hash_sha384"":""d0a4cb361596d9a69d64f612534ad358079771ec028a8f4272b5f44e4ebeeb0c2d0365c6ba1ecd770e633227709be405"",""qkd_transcript_version"":1}",3396582400,20000,9929,1986,7943,7943,1428,0.49645,0.0714,0.0,0.10505050505050505,0.05236656596173213,0,996,104,990,104,1986,0.10505050505050505,0.04804109175143519,0.0,0.09638310769852496,0.04804109175143519,2310528,,,,,,,,,,,,,,,,,,,,,,,,,,,,,,,,,,assumed,none,none,0,0,0,0,0,0,0,0,The classical BB84 channel is assumed authenticated externally.,,,,"{""implementation"":""cpython"",""platform"":""Windows-11-10.0.26200-SP0"",""processor"":""Intel64 Family 6 Model 158 Stepping 12, GenuineIntel"",""python"":""3.14.7""}",,,,,,,,,,,,,,,,,,,,,,,,,3396582400,"{""events"":[{""detail"":""QKD-ASSUMED"",""sequence"":0,""source"":""session"",""stage"":""session"",""state"":""started""},{""detail"":""BB84 post-processing completed."",""sequence"":1,""source"":""qkd"",""stage"":""bb84"",""state"":""completed""},{""detail"":""The classical BB84 channel is assumed authenticated externally."",""sequence"":2,""source"":""qkd"",""stage"":""classical_authentication"",""state"":""assumed_not_executed""},{""detail"":""Final key released after all profile checks."",""sequence"":3,""source"":""qkd"",""stage"":""key_release"",""state"":""released""},{""detail"":""Authenticated QKD key released."",""sequence"":4,""source"":""session"",""stage"":""session"",""state"":""established""}],""version"":1}"
1,9d43daaa-01b2-480a-8596-8483bd35c564,E2,phase-flip-0.10,8,1,eafcdacf-9f23-4290-b8e6-0d06ba663426,false,,0,148,2026-09-08T07:51:21.683142+00:00,17656420905567209393,QKD-ASSUMED,6318,3.14.7,CPython,2.5.0,0.16.0,0.16.0,50.0.1,0.1.0,Windows,11,10.0.26200,AMD64,"Intel64 Family 6 Model 158 Stepping 12, GenuineIntel",ac46477bb374bde1c0ace1ef0bcfbc26b199dcfa,true,1,E2,phase-flip-0.10,8,17656420905567209393,1,QKD-ASSUMED,QKD-ASSUMED,20000,"{""cascade_initial_block_factor"":0.73,""cascade_maximum_initial_block_size"":null,""cascade_maximum_lookback_steps"":null,""cascade_passes"":4,""phase_error_abort_threshold"":0.11,""sample_fraction"":0.2,""security_margin_bits"":0,""verification_tag_length"":32}",,[],"{""condition_id"":""phase-flip-0.10"",""experiment_kind"":""E2"",""qkd_stages"":[{""p"":0.1,""type"":""phase_flip""}],""replicate_index"":8,""seed"":17656420905567209393,""session"":{""internal_pqc_profile"":null,""profile"":""QKD-ASSUMED"",""qkd_authentication_profile"":""QKD-ASSUMED"",""qkd_postprocessing"":{""cascade_initial_block_factor"":0.73,""cascade_maximum_initial_block_size"":null,""cascade_maximum_lookback_steps"":null,""cascade_passes"":4,""phase_error_abort_threshold"":0.11,""sample_fraction"":0.2,""security_margin_bits"":0,""verification_tag_length"":32},""qkd_signal_count"":20000,""version"":1},""tags"":[],""version"":1}","[{""p"":0.1,""type"":""phase_flip""}]",,authentication explicitly assumed; no runtime material,,,,,,false,1,b02659144b95bbdcf1b23b48c0eac67f,QKD-ASSUMED,established,,qkd_bitstring,1576,"[{""algorithm"":""privacy-amplified-bitstring"",""bit_length"":1576,""byte_length"":197,""encoding"":""big-endian packed bits with explicit bit length"",""position"":1,""protocol"":""BB84"",""source"":""qkd""}]","{""pqc_exchange"":null,""qkd_classical"":{""algorithm"":""none"",""executed"":false,""mechanism"":""assumed"",""purpose"":""QKD classical transcript authentication"",""trust_assumption"":""The classical BB84 channel is assumed authenticated externally."",""verified"":null}}","{""qkd_transcript_hash_sha384"":""34216eb6cee224d943e8a0c3b0288f5e7f9d35e7f01281fbfd9f3c92b325a23fef141c4ea144d9de63ecc9f4568a25cf"",""qkd_transcript_version"":1}",3430607600,20000,10050,2010,8040,8040,1576,0.5025,0.0788,0.0,0.09566074950690336,0.04825870646766169,0,996,97,1014,97,2010,0.09566074950690336,0.051343283582089554,0.0,0.10177514792899409,0.051343283582089554,2406602,,,,,,,,,,,,,,,,,,,,,,,,,,,,,,,,,,assumed,none,none,0,0,0,0,0,0,0,0,The classical BB84 channel is assumed authenticated externally.,,,,"{""implementation"":""cpython"",""platform"":""Windows-11-10.0.26200-SP0"",""processor"":""Intel64 Family 6 Model 158 Stepping 12, GenuineIntel"",""python"":""3.14.7""}",,,,,,,,,,,,,,,,,,,,,,,,,3430607600,"{""events"":[{""detail"":""QKD-ASSUMED"",""sequence"":0,""source"":""session"",""stage"":""session"",""state"":""started""},{""detail"":""BB84 post-processing completed."",""sequence"":1,""source"":""qkd"",""stage"":""bb84"",""state"":""completed""},{""detail"":""The classical BB84 channel is assumed authenticated externally."",""sequence"":2,""source"":""qkd"",""stage"":""classical_authentication"",""state"":""assumed_not_executed""},{""detail"":""Final key released after all profile checks."",""sequence"":3,""source"":""qkd"",""stage"":""key_release"",""state"":""released""},{""detail"":""Authenticated QKD key released."",""sequence"":4,""source"":""session"",""stage"":""session"",""state"":""established""}],""version"":1}"
1,ae81149d-c017-4700-b329-1cb760634ba4,E2,phase-flip-0.10,9,1,eafcdacf-9f23-4290-b8e6-0d06ba663426,false,,0,149,2026-09-08T07:51:25.181423+00:00,8054086303391192678,QKD-ASSUMED,6302,3.14.7,CPython,2.5.0,0.16.0,0.16.0,50.0.1,0.1.0,Windows,11,10.0.26200,AMD64,"Intel64 Family 6 Model 158 Stepping 12, GenuineIntel",ac46477bb374bde1c0ace1ef0bcfbc26b199dcfa,true,1,E2,phase-flip-0.10,9,8054086303391192678,1,QKD-ASSUMED,QKD-ASSUMED,20000,"{""cascade_initial_block_factor"":0.73,""cascade_maximum_initial_block_size"":null,""cascade_maximum_lookback_steps"":null,""cascade_passes"":4,""phase_error_abort_threshold"":0.11,""sample_fraction"":0.2,""security_margin_bits"":0,""verification_tag_length"":32}",,[],"{""condition_id"":""phase-flip-0.10"",""experiment_kind"":""E2"",""qkd_stages"":[{""p"":0.1,""type"":""phase_flip""}],""replicate_index"":9,""seed"":8054086303391192678,""session"":{""internal_pqc_profile"":null,""profile"":""QKD-ASSUMED"",""qkd_authentication_profile"":""QKD-ASSUMED"",""qkd_postprocessing"":{""cascade_initial_block_factor"":0.73,""cascade_maximum_initial_block_size"":null,""cascade_maximum_lookback_steps"":null,""cascade_passes"":4,""phase_error_abort_threshold"":0.11,""sample_fraction"":0.2,""security_margin_bits"":0,""verification_tag_length"":32},""qkd_signal_count"":20000,""version"":1},""tags"":[],""version"":1}","[{""p"":0.1,""type"":""phase_flip""}]",,authentication explicitly assumed; no runtime material,,,,,,false,1,37b6d576fb529c4b83504723229878cf,QKD-ASSUMED,established,,qkd_bitstring,1688,"[{""algorithm"":""privacy-amplified-bitstring"",""bit_length"":1688,""byte_length"":211,""encoding"":""big-endian packed bits with explicit bit length"",""position"":1,""protocol"":""BB84"",""source"":""qkd""}]","{""pqc_exchange"":null,""qkd_classical"":{""algorithm"":""none"",""executed"":false,""mechanism"":""assumed"",""purpose"":""QKD classical transcript authentication"",""trust_assumption"":""The classical BB84 channel is assumed authenticated externally."",""verified"":null}}","{""qkd_transcript_hash_sha384"":""5d7d75afc1f4f7b7e9f8843cd1201c28e7097fbe54c95075fdcc63902193c2575af7bdd68661414528d623b6d279d1e3"",""qkd_transcript_version"":1}",3416426700,20000,10067,2014,8053,8053,1688,0.50335,0.0844,0.0,0.09270216962524655,0.04667328699106256,0,1000,94,1014,94,2014,0.09270216962524655,0.050362570775802126,0.0,0.1,0.050362570775802126,2413812,,,,,,,,,,,,,,,,,,,,,,,,,,,,,,,,,,assumed,none,none,0,0,0,0,0,0,0,0,The classical BB84 channel is assumed authenticated externally.,,,,"{""implementation"":""cpython"",""platform"":""Windows-11-10.0.26200-SP0"",""processor"":""Intel64 Family 6 Model 158 Stepping 12, GenuineIntel"",""python"":""3.14.7""}",,,,,,,,,,,,,,,,,,,,,,,,,3416426700,"{""events"":[{""detail"":""QKD-ASSUMED"",""sequence"":0,""source"":""session"",""stage"":""session"",""state"":""started""},{""detail"":""BB84 post-processing completed."",""sequence"":1,""source"":""qkd"",""stage"":""bb84"",""state"":""completed""},{""detail"":""The classical BB84 channel is assumed authenticated externally."",""sequence"":2,""source"":""qkd"",""stage"":""classical_authentication"",""state"":""assumed_not_executed""},{""detail"":""Final key released after all profile checks."",""sequence"":3,""source"":""qkd"",""stage"":""key_release"",""state"":""released""},{""detail"":""Authenticated QKD key released."",""sequence"":4,""source"":""session"",""stage"":""session"",""state"":""established""}],""version"":1}"
1,ff5bdf55-5913-4c6d-b195-c490f073d3ad,E2,phase-flip-0.16,0,1,eafcdacf-9f23-4290-b8e6-0d06ba663426,false,,0,150,2026-09-08T07:51:28.501567+00:00,8112065706560728576,QKD-ASSUMED,6534,3.14.7,CPython,2.5.0,0.16.0,0.16.0,50.0.1,0.1.0,Windows,11,10.0.26200,AMD64,"Intel64 Family 6 Model 158 Stepping 12, GenuineIntel",ac46477bb374bde1c0ace1ef0bcfbc26b199dcfa,true,1,E2,phase-flip-0.16,0,8112065706560728576,1,QKD-ASSUMED,QKD-ASSUMED,20000,"{""cascade_initial_block_factor"":0.73,""cascade_maximum_initial_block_size"":null,""cascade_maximum_lookback_steps"":null,""cascade_passes"":4,""phase_error_abort_threshold"":0.11,""sample_fraction"":0.2,""security_margin_bits"":0,""verification_tag_length"":32}",,[],"{""condition_id"":""phase-flip-0.16"",""experiment_kind"":""E2"",""qkd_stages"":[{""p"":0.16,""type"":""phase_flip""}],""replicate_index"":0,""seed"":8112065706560728576,""session"":{""internal_pqc_profile"":null,""profile"":""QKD-ASSUMED"",""qkd_authentication_profile"":""QKD-ASSUMED"",""qkd_postprocessing"":{""cascade_initial_block_factor"":0.73,""cascade_maximum_initial_block_size"":null,""cascade_maximum_lookback_steps"":null,""cascade_passes"":4,""phase_error_abort_threshold"":0.11,""sample_fraction"":0.2,""security_margin_bits"":0,""verification_tag_length"":32},""qkd_signal_count"":20000,""version"":1},""tags"":[],""version"":1}","[{""p"":0.16,""type"":""phase_flip""}]",,authentication explicitly assumed; no runtime material,,,,,,false,1,93b4ec09414d5b1d21e54cf4030d5c33,QKD-ASSUMED,aborted,"BB84 security abort: Per-basis errors Z=0.000000, X=0.186275 give phase-error bound 0.186275, above the configured asymptotic threshold 0.110000; aggregate QBER 0.095143 is not the phase-error bound.",,0,[],"{""pqc_exchange"":null,""qkd_classical"":{""algorithm"":""none"",""executed"":false,""mechanism"":""assumed"",""purpose"":""QKD classical transcript authentication"",""trust_assumption"":""The classical BB84 channel is assumed authenticated externally."",""verified"":null}}","{""qkd_transcript_hash_sha384"":""803b2147629d819075839bcabd245be94e7d73333ddbcd6f58dee18d514709fe57318c2ab8b6bcada50020551f6bfa9a"",""qkd_transcript_version"":1}",3257666000,20000,9982,1997,7985,0,0,0.4991,0.0,0.0,0.18627450980392157,0.09514271407110667,0,977,190,1020,190,1997,0.18627450980392157,0.0820476858345021,0.0,0.16065123577873677,0.0820476858345021,157304,,,,,,,,,,,,,,,,,,,,,,,,,,,,,,,,,,assumed,none,none,0,0,0,0,0,0,0,0,The classical BB84 channel is assumed authenticated externally.,,,,"{""implementation"":""cpython"",""platform"":""Windows-11-10.0.26200-SP0"",""processor"":""Intel64 Family 6 Model 158 Stepping 12, GenuineIntel"",""python"":""3.14.7""}",,,,,,,,,,,,,,,,,,,,,,,,,3257666000,"{""events"":[{""detail"":""QKD-ASSUMED"",""sequence"":0,""source"":""session"",""stage"":""session"",""state"":""started""},{""detail"":""Per-basis errors Z=0.000000, X=0.186275 give phase-error bound 0.186275, above the configured asymptotic threshold 0.110000; aggregate QBER 0.095143 is not the phase-error bound."",""sequence"":1,""source"":""qkd"",""stage"":""bb84"",""state"":""aborted""},{""detail"":""The classical BB84 channel is assumed authenticated externally."",""sequence"":2,""source"":""qkd"",""stage"":""classical_authentication"",""state"":""assumed_not_executed""},{""detail"":""No final key material is exposed by the orchestration result."",""sequence"":3,""source"":""qkd"",""stage"":""key_release"",""state"":""withheld""},{""detail"":""BB84 security abort: Per-basis errors Z=0.000000, X=0.186275 give phase-error bound 0.186275, above the configured asymptotic threshold 0.110000; aggregate QBER 0.095143 is not the phase-error bound."",""sequence"":4,""source"":""session"",""stage"":""session"",""state"":""aborted""}],""version"":1}"
1,e82b5905-db93-4ce8-95cd-c896db86ef13,E2,phase-flip-0.16,1,1,eafcdacf-9f23-4290-b8e6-0d06ba663426,false,,0,151,2026-09-08T07:51:31.789658+00:00,17233473435905717327,QKD-ASSUMED,6538,3.14.7,CPython,2.5.0,0.16.0,0.16.0,50.0.1,0.1.0,Windows,11,10.0.26200,AMD64,"Intel64 Family 6 Model 158 Stepping 12, GenuineIntel",ac46477bb374bde1c0ace1ef0bcfbc26b199dcfa,true,1,E2,phase-flip-0.16,1,17233473435905717327,1,QKD-ASSUMED,QKD-ASSUMED,20000,"{""cascade_initial_block_factor"":0.73,""cascade_maximum_initial_block_size"":null,""cascade_maximum_lookback_steps"":null,""cascade_passes"":4,""phase_error_abort_threshold"":0.11,""sample_fraction"":0.2,""security_margin_bits"":0,""verification_tag_length"":32}",,[],"{""condition_id"":""phase-flip-0.16"",""experiment_kind"":""E2"",""qkd_stages"":[{""p"":0.16,""type"":""phase_flip""}],""replicate_index"":1,""seed"":17233473435905717327,""session"":{""internal_pqc_profile"":null,""profile"":""QKD-ASSUMED"",""qkd_authentication_profile"":""QKD-ASSUMED"",""qkd_postprocessing"":{""cascade_initial_block_factor"":0.73,""cascade_maximum_initial_block_size"":null,""cascade_maximum_lookback_steps"":null,""cascade_passes"":4,""phase_error_abort_threshold"":0.11,""sample_fraction"":0.2,""security_margin_bits"":0,""verification_tag_length"":32},""qkd_signal_count"":20000,""version"":1},""tags"":[],""version"":1}","[{""p"":0.16,""type"":""phase_flip""}]",,authentication explicitly assumed; no runtime material,,,,,,false,1,1f933f192d7dd0b2af6274dbce73c559,QKD-ASSUMED,aborted,"BB84 security abort: Per-basis errors Z=0.000000, X=0.167647 give phase-error bound 0.167647, above the configured asymptotic threshold 0.110000; aggregate QBER 0.084695 is not the phase-error bound.",,0,[],"{""pqc_exchange"":null,""qkd_classical"":{""algorithm"":""none"",""executed"":false,""mechanism"":""assumed"",""purpose"":""QKD classical transcript authentication"",""trust_assumption"":""The classical BB84 channel is assumed authenticated externally."",""verified"":null}}","{""qkd_transcript_hash_sha384"":""a224580991423d49dcf123048b5d03e01ebcd6c83f2ca2d34703630aedadd5483bcdb403dbe5bb9fd9ee52e8a2154a5d"",""qkd_transcript_version"":1}",3225875700,20000,10091,2019,8072,0,0,0.50455,0.0,0.0,0.1676470588235294,0.08469539375928678,0,999,171,1020,171,2019,0.1676470588235294,0.07878307402636012,0.0,0.15600470957613816,0.07878307402636012,158578,,,,,,,,,,,,,,,,,,,,,,,,,,,,,,,,,,assumed,none,none,0,0,0,0,0,0,0,0,The classical BB84 channel is assumed authenticated externally.,,,,"{""implementation"":""cpython"",""platform"":""Windows-11-10.0.26200-SP0"",""processor"":""Intel64 Family 6 Model 158 Stepping 12, GenuineIntel"",""python"":""3.14.7""}",,,,,,,,,,,,,,,,,,,,,,,,,3225875700,"{""events"":[{""detail"":""QKD-ASSUMED"",""sequence"":0,""source"":""session"",""stage"":""session"",""state"":""started""},{""detail"":""Per-basis errors Z=0.000000, X=0.167647 give phase-error bound 0.167647, above the configured asymptotic threshold 0.110000; aggregate QBER 0.084695 is not the phase-error bound."",""sequence"":1,""source"":""qkd"",""stage"":""bb84"",""state"":""aborted""},{""detail"":""The classical BB84 channel is assumed authenticated externally."",""sequence"":2,""source"":""qkd"",""stage"":""classical_authentication"",""state"":""assumed_not_executed""},{""detail"":""No final key material is exposed by the orchestration result."",""sequence"":3,""source"":""qkd"",""stage"":""key_release"",""state"":""withheld""},{""detail"":""BB84 security abort: Per-basis errors Z=0.000000, X=0.167647 give phase-error bound 0.167647, above the configured asymptotic threshold 0.110000; aggregate QBER 0.084695 is not the phase-error bound."",""sequence"":4,""source"":""session"",""stage"":""session"",""state"":""aborted""}],""version"":1}"
1,59f9a7d3-a586-4a91-9fbd-3a31dd0c7fd2,E2,phase-flip-0.16,2,1,eafcdacf-9f23-4290-b8e6-0d06ba663426,false,,0,152,2026-09-08T07:51:35.127119+00:00,4735284176561427236,QKD-ASSUMED,6536,3.14.7,CPython,2.5.0,0.16.0,0.16.0,50.0.1,0.1.0,Windows,11,10.0.26200,AMD64,"Intel64 Family 6 Model 158 Stepping 12, GenuineIntel",ac46477bb374bde1c0ace1ef0bcfbc26b199dcfa,true,1,E2,phase-flip-0.16,2,4735284176561427236,1,QKD-ASSUMED,QKD-ASSUMED,20000,"{""cascade_initial_block_factor"":0.73,""cascade_maximum_initial_block_size"":null,""cascade_maximum_lookback_steps"":null,""cascade_passes"":4,""phase_error_abort_threshold"":0.11,""sample_fraction"":0.2,""security_margin_bits"":0,""verification_tag_length"":32}",,[],"{""condition_id"":""phase-flip-0.16"",""experiment_kind"":""E2"",""qkd_stages"":[{""p"":0.16,""type"":""phase_flip""}],""replicate_index"":2,""seed"":4735284176561427236,""session"":{""internal_pqc_profile"":null,""profile"":""QKD-ASSUMED"",""qkd_authentication_profile"":""QKD-ASSUMED"",""qkd_postprocessing"":{""cascade_initial_block_factor"":0.73,""cascade_maximum_initial_block_size"":null,""cascade_maximum_lookback_steps"":null,""cascade_passes"":4,""phase_error_abort_threshold"":0.11,""sample_fraction"":0.2,""security_margin_bits"":0,""verification_tag_length"":32},""qkd_signal_count"":20000,""version"":1},""tags"":[],""version"":1}","[{""p"":0.16,""type"":""phase_flip""}]",,authentication explicitly assumed; no runtime material,,,,,,false,1,b4379185b85aa0b9613da9aaba305e05,QKD-ASSUMED,aborted,"BB84 security abort: Per-basis errors Z=0.000000, X=0.162028 give phase-error bound 0.162028, above the configured asymptotic threshold 0.110000; aggregate QBER 0.081745 is not the phase-error bound.",,0,[],"{""pqc_exchange"":null,""qkd_classical"":{""algorithm"":""none"",""executed"":false,""mechanism"":""assumed"",""purpose"":""QKD classical transcript authentication"",""trust_assumption"":""The classical BB84 channel is assumed authenticated externally."",""verified"":null}}","{""qkd_transcript_hash_sha384"":""d1578cff1414e6644561f88bcc0f18d465e0b92459b98b603339050226f4bb1b7722368ad9fcefbf25cd42ed83ccad51"",""qkd_transcript_version"":1}",3274691400,20000,9968,1994,7974,0,0,0.4984,0.0,0.0,0.16202783300198806,0.08174523570712136,0,988,163,1006,163,1994,0.16202783300198806,0.07463884430176565,0.0,0.14794193676675282,0.07463884430176565,157138,,,,,,,,,,,,,,,,,,,,,,,,,,,,,,,,,,assumed,none,none,0,0,0,0,0,0,0,0,The classical BB84 channel is assumed authenticated externally.,,,,"{""implementation"":""cpython"",""platform"":""Windows-11-10.0.26200-SP0"",""processor"":""Intel64 Family 6 Model 158 Stepping 12, GenuineIntel"",""python"":""3.14.7""}",,,,,,,,,,,,,,,,,,,,,,,,,3274691400,"{""events"":[{""detail"":""QKD-ASSUMED"",""sequence"":0,""source"":""session"",""stage"":""session"",""state"":""started""},{""detail"":""Per-basis errors Z=0.000000, X=0.162028 give phase-error bound 0.162028, above the configured asymptotic threshold 0.110000; aggregate QBER 0.081745 is not the phase-error bound."",""sequence"":1,""source"":""qkd"",""stage"":""bb84"",""state"":""aborted""},{""detail"":""The classical BB84 channel is assumed authenticated externally."",""sequence"":2,""source"":""qkd"",""stage"":""classical_authentication"",""state"":""assumed_not_executed""},{""detail"":""No final key material is exposed by the orchestration result."",""sequence"":3,""source"":""qkd"",""stage"":""key_release"",""state"":""withheld""},{""detail"":""BB84 security abort: Per-basis errors Z=0.000000, X=0.162028 give phase-error bound 0.162028, above the configured asymptotic threshold 0.110000; aggregate QBER 0.081745 is not the phase-error bound."",""sequence"":4,""source"":""session"",""stage"":""session"",""state"":""aborted""}],""version"":1}"
1,4f19ed43-764f-4e21-9481-76e8f2814707,E2,phase-flip-0.16,3,1,eafcdacf-9f23-4290-b8e6-0d06ba663426,false,,0,153,2026-09-08T07:51:38.536966+00:00,6876212452616079298,QKD-ASSUMED,6535,3.14.7,CPython,2.5.0,0.16.0,0.16.0,50.0.1,0.1.0,Windows,11,10.0.26200,AMD64,"Intel64 Family 6 Model 158 Stepping 12, GenuineIntel",ac46477bb374bde1c0ace1ef0bcfbc26b199dcfa,true,1,E2,phase-flip-0.16,3,6876212452616079298,1,QKD-ASSUMED,QKD-ASSUMED,20000,"{""cascade_initial_block_factor"":0.73,""cascade_maximum_initial_block_size"":null,""cascade_maximum_lookback_steps"":null,""cascade_passes"":4,""phase_error_abort_threshold"":0.11,""sample_fraction"":0.2,""security_margin_bits"":0,""verification_tag_length"":32}",,[],"{""condition_id"":""phase-flip-0.16"",""experiment_kind"":""E2"",""qkd_stages"":[{""p"":0.16,""type"":""phase_flip""}],""replicate_index"":3,""seed"":6876212452616079298,""session"":{""internal_pqc_profile"":null,""profile"":""QKD-ASSUMED"",""qkd_authentication_profile"":""QKD-ASSUMED"",""qkd_postprocessing"":{""cascade_initial_block_factor"":0.73,""cascade_maximum_initial_block_size"":null,""cascade_maximum_lookback_steps"":null,""cascade_passes"":4,""phase_error_abort_threshold"":0.11,""sample_fraction"":0.2,""security_margin_bits"":0,""verification_tag_length"":32},""qkd_signal_count"":20000,""version"":1},""tags"":[],""version"":1}","[{""p"":0.16,""type"":""phase_flip""}]",,authentication explicitly assumed; no runtime material,,,,,,false,1,86400394908f85e0956743829c2fb666,QKD-ASSUMED,aborted,"BB84 security abort: Per-basis errors Z=0.000000, X=0.181818 give phase-error bound 0.181818, above the configured asymptotic threshold 0.110000; aggregate QBER 0.088601 is not the phase-error bound.",,0,[],"{""pqc_exchange"":null,""qkd_classical"":{""algorithm"":""none"",""executed"":false,""mechanism"":""assumed"",""purpose"":""QKD classical transcript authentication"",""trust_assumption"":""The classical BB84 channel is assumed authenticated externally."",""verified"":null}}","{""qkd_transcript_hash_sha384"":""6aaca5a62a4ded44792f5a592ff3f9e11404d8e530e83f73ee89c34b05d402b1e198ea17df400566df228191c259a643"",""qkd_transcript_version"":1}",3346907500,20000,10040,2009,8031,0,0,0.502,0.0,0.0,0.18181818181818182,0.08860129417620707,0,1030,178,979,178,2009,0.18181818181818182,0.07699203187250996,0.0,0.1580130825838103,0.07699203187250996,157988,,,,,,,,,,,,,,,,,,,,,,,,,,,,,,,,,,assumed,none,none,0,0,0,0,0,0,0,0,The classical BB84 channel is assumed authenticated externally.,,,,"{""implementation"":""cpython"",""platform"":""Windows-11-10.0.26200-SP0"",""processor"":""Intel64 Family 6 Model 158 Stepping 12, GenuineIntel"",""python"":""3.14.7""}",,,,,,,,,,,,,,,,,,,,,,,,,3346907500,"{""events"":[{""detail"":""QKD-ASSUMED"",""sequence"":0,""source"":""session"",""stage"":""session"",""state"":""started""},{""detail"":""Per-basis errors Z=0.000000, X=0.181818 give phase-error bound 0.181818, above the configured asymptotic threshold 0.110000; aggregate QBER 0.088601 is not the phase-error bound."",""sequence"":1,""source"":""qkd"",""stage"":""bb84"",""state"":""aborted""},{""detail"":""The classical BB84 channel is assumed authenticated externally."",""sequence"":2,""source"":""qkd"",""stage"":""classical_authentication"",""state"":""assumed_not_executed""},{""detail"":""No final key material is exposed by the orchestration result."",""sequence"":3,""source"":""qkd"",""stage"":""key_release"",""state"":""withheld""},{""detail"":""BB84 security abort: Per-basis errors Z=0.000000, X=0.181818 give phase-error bound 0.181818, above the configured asymptotic threshold 0.110000; aggregate QBER 0.088601 is not the phase-error bound."",""sequence"":4,""source"":""session"",""stage"":""session"",""state"":""aborted""}],""version"":1}"
1,40a835bc-7148-4fef-a2f6-4a21182b4c22,E2,phase-flip-0.16,4,1,eafcdacf-9f23-4290-b8e6-0d06ba663426,false,,0,154,2026-09-08T07:51:41.858556+00:00,4964774760976096148,QKD-ASSUMED,6538,3.14.7,CPython,2.5.0,0.16.0,0.16.0,50.0.1,0.1.0,Windows,11,10.0.26200,AMD64,"Intel64 Family 6 Model 158 Stepping 12, GenuineIntel",ac46477bb374bde1c0ace1ef0bcfbc26b199dcfa,true,1,E2,phase-flip-0.16,4,4964774760976096148,1,QKD-ASSUMED,QKD-ASSUMED,20000,"{""cascade_initial_block_factor"":0.73,""cascade_maximum_initial_block_size"":null,""cascade_maximum_lookback_steps"":null,""cascade_passes"":4,""phase_error_abort_threshold"":0.11,""sample_fraction"":0.2,""security_margin_bits"":0,""verification_tag_length"":32}",,[],"{""condition_id"":""phase-flip-0.16"",""experiment_kind"":""E2"",""qkd_stages"":[{""p"":0.16,""type"":""phase_flip""}],""replicate_index"":4,""seed"":4964774760976096148,""session"":{""internal_pqc_profile"":null,""profile"":""QKD-ASSUMED"",""qkd_authentication_profile"":""QKD-ASSUMED"",""qkd_postprocessing"":{""cascade_initial_block_factor"":0.73,""cascade_maximum_initial_block_size"":null,""cascade_maximum_lookback_steps"":null,""cascade_passes"":4,""phase_error_abort_threshold"":0.11,""sample_fraction"":0.2,""security_margin_bits"":0,""verification_tag_length"":32},""qkd_signal_count"":20000,""version"":1},""tags"":[],""version"":1}","[{""p"":0.16,""type"":""phase_flip""}]",,authentication explicitly assumed; no runtime material,,,,,,false,1,7f98b79f4ca242177a4c86381e65ab54,QKD-ASSUMED,aborted,"BB84 security abort: Per-basis errors Z=0.000000, X=0.165503 give phase-error bound 0.165503, above the configured asymptotic threshold 0.110000; aggregate QBER 0.082587 is not the phase-error bound.",,0,[],"{""pqc_exchange"":null,""qkd_classical"":{""algorithm"":""none"",""executed"":false,""mechanism"":""assumed"",""purpose"":""QKD classical transcript authentication"",""trust_assumption"":""The classical BB84 channel is assumed authenticated externally."",""verified"":null}}","{""qkd_transcript_hash_sha384"":""3a714a815150ae2a84622abed98dd06feb6e48e9a148ddc8e9ba50443a1d3b62302baa38638547079f8b7576f0694bed"",""qkd_transcript_version"":1}",3260252900,20000,10050,2010,8040,0,0,0.5025,0.0,0.0,0.16550348953140578,0.08258706467661692,0,1007,166,1003,166,2010,0.16550348953140578,0.07950248756218906,0.0,0.15932203389830507,0.07950248756218906,158086,,,,,,,,,,,,,,,,,,,,,,,,,,,,,,,,,,assumed,none,none,0,0,0,0,0,0,0,0,The classical BB84 channel is assumed authenticated externally.,,,,"{""implementation"":""cpython"",""platform"":""Windows-11-10.0.26200-SP0"",""processor"":""Intel64 Family 6 Model 158 Stepping 12, GenuineIntel"",""python"":""3.14.7""}",,,,,,,,,,,,,,,,,,,,,,,,,3260252900,"{""events"":[{""detail"":""QKD-ASSUMED"",""sequence"":0,""source"":""session"",""stage"":""session"",""state"":""started""},{""detail"":""Per-basis errors Z=0.000000, X=0.165503 give phase-error bound 0.165503, above the configured asymptotic threshold 0.110000; aggregate QBER 0.082587 is not the phase-error bound."",""sequence"":1,""source"":""qkd"",""stage"":""bb84"",""state"":""aborted""},{""detail"":""The classical BB84 channel is assumed authenticated externally."",""sequence"":2,""source"":""qkd"",""stage"":""classical_authentication"",""state"":""assumed_not_executed""},{""detail"":""No final key material is exposed by the orchestration result."",""sequence"":3,""source"":""qkd"",""stage"":""key_release"",""state"":""withheld""},{""detail"":""BB84 security abort: Per-basis errors Z=0.000000, X=0.165503 give phase-error bound 0.165503, above the configured asymptotic threshold 0.110000; aggregate QBER 0.082587 is not the phase-error bound."",""sequence"":4,""source"":""session"",""stage"":""session"",""state"":""aborted""}],""version"":1}"
1,30907eb9-f82b-4fc0-8c20-2e7ca3195b60,E2,phase-flip-0.16,5,1,eafcdacf-9f23-4290-b8e6-0d06ba663426,false,,0,155,2026-09-08T07:51:45.138630+00:00,10759966818638446369,QKD-ASSUMED,6536,3.14.7,CPython,2.5.0,0.16.0,0.16.0,50.0.1,0.1.0,Windows,11,10.0.26200,AMD64,"Intel64 Family 6 Model 158 Stepping 12, GenuineIntel",ac46477bb374bde1c0ace1ef0bcfbc26b199dcfa,true,1,E2,phase-flip-0.16,5,10759966818638446369,1,QKD-ASSUMED,QKD-ASSUMED,20000,"{""cascade_initial_block_factor"":0.73,""cascade_maximum_initial_block_size"":null,""cascade_maximum_lookback_steps"":null,""cascade_passes"":4,""phase_error_abort_threshold"":0.11,""sample_fraction"":0.2,""security_margin_bits"":0,""verification_tag_length"":32}",,[],"{""condition_id"":""phase-flip-0.16"",""experiment_kind"":""E2"",""qkd_stages"":[{""p"":0.16,""type"":""phase_flip""}],""replicate_index"":5,""seed"":10759966818638446369,""session"":{""internal_pqc_profile"":null,""profile"":""QKD-ASSUMED"",""qkd_authentication_profile"":""QKD-ASSUMED"",""qkd_postprocessing"":{""cascade_initial_block_factor"":0.73,""cascade_maximum_initial_block_size"":null,""cascade_maximum_lookback_steps"":null,""cascade_passes"":4,""phase_error_abort_threshold"":0.11,""sample_fraction"":0.2,""security_margin_bits"":0,""verification_tag_length"":32},""qkd_signal_count"":20000,""version"":1},""tags"":[],""version"":1}","[{""p"":0.16,""type"":""phase_flip""}]",,authentication explicitly assumed; no runtime material,,,,,,false,1,ada8475eae6f67d7fd862ac124d4dc41,QKD-ASSUMED,aborted,"BB84 security abort: Per-basis errors Z=0.000000, X=0.174924 give phase-error bound 0.174924, above the configured asymptotic threshold 0.110000; aggregate QBER 0.086804 is not the phase-error bound.",,0,[],"{""pqc_exchange"":null,""qkd_classical"":{""algorithm"":""none"",""executed"":false,""mechanism"":""assumed"",""purpose"":""QKD classical transcript authentication"",""trust_assumption"":""The classical BB84 channel is assumed authenticated externally."",""verified"":null}}","{""qkd_transcript_hash_sha384"":""222c6f2c05725ce1cea0efd60c3a0074fcc31c39256a7d44a8739d9ba3d78635315f021ee8ea3cf2b6556c3d2d5f0d7e"",""qkd_transcript_version"":1}",3219311800,20000,9958,1993,7965,0,0,0.4979,0.0,0.0,0.17492416582406473,0.0868038133467135,0,1004,173,989,173,1993,0.17492416582406473,0.08053826069491866,0.0,0.1622824767300688,0.08053826069491866,157040,,,,,,,,,,,,,,,,,,,,,,,,,,,,,,,,,,assumed,none,none,0,0,0,0,0,0,0,0,The classical BB84 channel is assumed authenticated externally.,,,,"{""implementation"":""cpython"",""platform"":""Windows-11-10.0.26200-SP0"",""processor"":""Intel64 Family 6 Model 158 Stepping 12, GenuineIntel"",""python"":""3.14.7""}",,,,,,,,,,,,,,,,,,,,,,,,,3219311800,"{""events"":[{""detail"":""QKD-ASSUMED"",""sequence"":0,""source"":""session"",""stage"":""session"",""state"":""started""},{""detail"":""Per-basis errors Z=0.000000, X=0.174924 give phase-error bound 0.174924, above the configured asymptotic threshold 0.110000; aggregate QBER 0.086804 is not the phase-error bound."",""sequence"":1,""source"":""qkd"",""stage"":""bb84"",""state"":""aborted""},{""detail"":""The classical BB84 channel is assumed authenticated externally."",""sequence"":2,""source"":""qkd"",""stage"":""classical_authentication"",""state"":""assumed_not_executed""},{""detail"":""No final key material is exposed by the orchestration result."",""sequence"":3,""source"":""qkd"",""stage"":""key_release"",""state"":""withheld""},{""detail"":""BB84 security abort: Per-basis errors Z=0.000000, X=0.174924 give phase-error bound 0.174924, above the configured asymptotic threshold 0.110000; aggregate QBER 0.086804 is not the phase-error bound."",""sequence"":4,""source"":""session"",""stage"":""session"",""state"":""aborted""}],""version"":1}"
1,a20900e2-e698-461d-a478-c43bf1f9f39d,E2,phase-flip-0.16,6,1,eafcdacf-9f23-4290-b8e6-0d06ba663426,false,,0,156,2026-09-08T07:51:48.474212+00:00,17787725217290935165,QKD-ASSUMED,6535,3.14.7,CPython,2.5.0,0.16.0,0.16.0,50.0.1,0.1.0,Windows,11,10.0.26200,AMD64,"Intel64 Family 6 Model 158 Stepping 12, GenuineIntel",ac46477bb374bde1c0ace1ef0bcfbc26b199dcfa,true,1,E2,phase-flip-0.16,6,17787725217290935165,1,QKD-ASSUMED,QKD-ASSUMED,20000,"{""cascade_initial_block_factor"":0.73,""cascade_maximum_initial_block_size"":null,""cascade_maximum_lookback_steps"":null,""cascade_passes"":4,""phase_error_abort_threshold"":0.11,""sample_fraction"":0.2,""security_margin_bits"":0,""verification_tag_length"":32}",,[],"{""condition_id"":""phase-flip-0.16"",""experiment_kind"":""E2"",""qkd_stages"":[{""p"":0.16,""type"":""phase_flip""}],""replicate_index"":6,""seed"":17787725217290935165,""session"":{""internal_pqc_profile"":null,""profile"":""QKD-ASSUMED"",""qkd_authentication_profile"":""QKD-ASSUMED"",""qkd_postprocessing"":{""cascade_initial_block_factor"":0.73,""cascade_maximum_initial_block_size"":null,""cascade_maximum_lookback_steps"":null,""cascade_passes"":4,""phase_error_abort_threshold"":0.11,""sample_fraction"":0.2,""security_margin_bits"":0,""verification_tag_length"":32},""qkd_signal_count"":20000,""version"":1},""tags"":[],""version"":1}","[{""p"":0.16,""type"":""phase_flip""}]",,authentication explicitly assumed; no runtime material,,,,,,false,1,5ab954c4a1049104c29714b9cdab5967,QKD-ASSUMED,aborted,"BB84 security abort: Per-basis errors Z=0.000000, X=0.176955 give phase-error bound 0.176955, above the configured asymptotic threshold 0.110000; aggregate QBER 0.086432 is not the phase-error bound.",,0,[],"{""pqc_exchange"":null,""qkd_classical"":{""algorithm"":""none"",""executed"":false,""mechanism"":""assumed"",""purpose"":""QKD classical transcript authentication"",""trust_assumption"":""The classical BB84 channel is assumed authenticated externally."",""verified"":null}}","{""qkd_transcript_hash_sha384"":""028724c09d46e5b2841be696392ef0dcf92dfc62b174810aedd9327f9492caa4116389cfdcf8b784404c2b7f538a73cf"",""qkd_transcript_version"":1}",3274131200,20000,9949,1990,7959,0,0,0.49745,0.0,0.0,0.17695473251028807,0.0864321608040201,0,1018,172,972,172,1990,0.17695473251028807,0.0764900995074882,0.0,0.1565843621399177,0.0764900995074882,156912,,,,,,,,,,,,,,,,,,,,,,,,,,,,,,,,,,assumed,none,none,0,0,0,0,0,0,0,0,The classical BB84 channel is assumed authenticated externally.,,,,"{""implementation"":""cpython"",""platform"":""Windows-11-10.0.26200-SP0"",""processor"":""Intel64 Family 6 Model 158 Stepping 12, GenuineIntel"",""python"":""3.14.7""}",,,,,,,,,,,,,,,,,,,,,,,,,3274131200,"{""events"":[{""detail"":""QKD-ASSUMED"",""sequence"":0,""source"":""session"",""stage"":""session"",""state"":""started""},{""detail"":""Per-basis errors Z=0.000000, X=0.176955 give phase-error bound 0.176955, above the configured asymptotic threshold 0.110000; aggregate QBER 0.086432 is not the phase-error bound."",""sequence"":1,""source"":""qkd"",""stage"":""bb84"",""state"":""aborted""},{""detail"":""The classical BB84 channel is assumed authenticated externally."",""sequence"":2,""source"":""qkd"",""stage"":""classical_authentication"",""state"":""assumed_not_executed""},{""detail"":""No final key material is exposed by the orchestration result."",""sequence"":3,""source"":""qkd"",""stage"":""key_release"",""state"":""withheld""},{""detail"":""BB84 security abort: Per-basis errors Z=0.000000, X=0.176955 give phase-error bound 0.176955, above the configured asymptotic threshold 0.110000; aggregate QBER 0.086432 is not the phase-error bound."",""sequence"":4,""source"":""session"",""stage"":""session"",""state"":""aborted""}],""version"":1}"
1,99a25f85-15c1-4901-98ba-e844f0990a56,E2,phase-flip-0.16,7,1,eafcdacf-9f23-4290-b8e6-0d06ba663426,false,,0,157,2026-09-08T07:51:51.770882+00:00,3732280804018478955,QKD-ASSUMED,6524,3.14.7,CPython,2.5.0,0.16.0,0.16.0,50.0.1,0.1.0,Windows,11,10.0.26200,AMD64,"Intel64 Family 6 Model 158 Stepping 12, GenuineIntel",ac46477bb374bde1c0ace1ef0bcfbc26b199dcfa,true,1,E2,phase-flip-0.16,7,3732280804018478955,1,QKD-ASSUMED,QKD-ASSUMED,20000,"{""cascade_initial_block_factor"":0.73,""cascade_maximum_initial_block_size"":null,""cascade_maximum_lookback_steps"":null,""cascade_passes"":4,""phase_error_abort_threshold"":0.11,""sample_fraction"":0.2,""security_margin_bits"":0,""verification_tag_length"":32}",,[],"{""condition_id"":""phase-flip-0.16"",""experiment_kind"":""E2"",""qkd_stages"":[{""p"":0.16,""type"":""phase_flip""}],""replicate_index"":7,""seed"":3732280804018478955,""session"":{""internal_pqc_profile"":null,""profile"":""QKD-ASSUMED"",""qkd_authentication_profile"":""QKD-ASSUMED"",""qkd_postprocessing"":{""cascade_initial_block_factor"":0.73,""cascade_maximum_initial_block_size"":null,""cascade_maximum_lookback_steps"":null,""cascade_passes"":4,""phase_error_abort_threshold"":0.11,""sample_fraction"":0.2,""security_margin_bits"":0,""verification_tag_length"":32},""qkd_signal_count"":20000,""version"":1},""tags"":[],""version"":1}","[{""p"":0.16,""type"":""phase_flip""}]",,authentication explicitly assumed; no runtime material,,,,,,false,1,a716cd61d6b5c666d112593c4adac20f,QKD-ASSUMED,aborted,"BB84 security abort: Per-basis errors Z=0.000000, X=0.169980 give phase-error bound 0.169980, above the configured asymptotic threshold 0.110000; aggregate QBER 0.085500 is not the phase-error bound.",,0,[],"{""pqc_exchange"":null,""qkd_classical"":{""algorithm"":""none"",""executed"":false,""mechanism"":""assumed"",""purpose"":""QKD classical transcript authentication"",""trust_assumption"":""The classical BB84 channel is assumed authenticated externally."",""verified"":null}}","{""qkd_transcript_hash_sha384"":""2e5e792ccf0a9fe8a38b1c20d155394da6ba9dd050b39066ac598019413e360b60f8a0caebfb79827c10c432130f18b2"",""qkd_transcript_version"":1}",3234676700,20000,9997,2000,7997,0,0,0.49985,0.0,0.0,0.16998011928429424,0.0855,0,994,171,1006,171,2000,0.16998011928429424,0.08062418725617686,0.0,0.16027043149731557,0.08062418725617686,157478,,,,,,,,,,,,,,,,,,,,,,,,,,,,,,,,,,assumed,none,none,0,0,0,0,0,0,0,0,The classical BB84 channel is assumed authenticated externally.,,,,"{""implementation"":""cpython"",""platform"":""Windows-11-10.0.26200-SP0"",""processor"":""Intel64 Family 6 Model 158 Stepping 12, GenuineIntel"",""python"":""3.14.7""}",,,,,,,,,,,,,,,,,,,,,,,,,3234676700,"{""events"":[{""detail"":""QKD-ASSUMED"",""sequence"":0,""source"":""session"",""stage"":""session"",""state"":""started""},{""detail"":""Per-basis errors Z=0.000000, X=0.169980 give phase-error bound 0.169980, above the configured asymptotic threshold 0.110000; aggregate QBER 0.085500 is not the phase-error bound."",""sequence"":1,""source"":""qkd"",""stage"":""bb84"",""state"":""aborted""},{""detail"":""The classical BB84 channel is assumed authenticated externally."",""sequence"":2,""source"":""qkd"",""stage"":""classical_authentication"",""state"":""assumed_not_executed""},{""detail"":""No final key material is exposed by the orchestration result."",""sequence"":3,""source"":""qkd"",""stage"":""key_release"",""state"":""withheld""},{""detail"":""BB84 security abort: Per-basis errors Z=0.000000, X=0.169980 give phase-error bound 0.169980, above the configured asymptotic threshold 0.110000; aggregate QBER 0.085500 is not the phase-error bound."",""sequence"":4,""source"":""session"",""stage"":""session"",""state"":""aborted""}],""version"":1}"
1,3de8cb81-1403-4875-a782-64414e5db338,E2,phase-flip-0.16,8,1,eafcdacf-9f23-4290-b8e6-0d06ba663426,false,,0,158,2026-09-08T07:51:55.110904+00:00,17875651528677714781,QKD-ASSUMED,6538,3.14.7,CPython,2.5.0,0.16.0,0.16.0,50.0.1,0.1.0,Windows,11,10.0.26200,AMD64,"Intel64 Family 6 Model 158 Stepping 12, GenuineIntel",ac46477bb374bde1c0ace1ef0bcfbc26b199dcfa,true,1,E2,phase-flip-0.16,8,17875651528677714781,1,QKD-ASSUMED,QKD-ASSUMED,20000,"{""cascade_initial_block_factor"":0.73,""cascade_maximum_initial_block_size"":null,""cascade_maximum_lookback_steps"":null,""cascade_passes"":4,""phase_error_abort_threshold"":0.11,""sample_fraction"":0.2,""security_margin_bits"":0,""verification_tag_length"":32}",,[],"{""condition_id"":""phase-flip-0.16"",""experiment_kind"":""E2"",""qkd_stages"":[{""p"":0.16,""type"":""phase_flip""}],""replicate_index"":8,""seed"":17875651528677714781,""session"":{""internal_pqc_profile"":null,""profile"":""QKD-ASSUMED"",""qkd_authentication_profile"":""QKD-ASSUMED"",""qkd_postprocessing"":{""cascade_initial_block_factor"":0.73,""cascade_maximum_initial_block_size"":null,""cascade_maximum_lookback_steps"":null,""cascade_passes"":4,""phase_error_abort_threshold"":0.11,""sample_fraction"":0.2,""security_margin_bits"":0,""verification_tag_length"":32},""qkd_signal_count"":20000,""version"":1},""tags"":[],""version"":1}","[{""p"":0.16,""type"":""phase_flip""}]",,authentication explicitly assumed; no runtime material,,,,,,false,1,bce717a3aae4094a2a99594fd5a8cf32,QKD-ASSUMED,aborted,"BB84 security abort: Per-basis errors Z=0.000000, X=0.158586 give phase-error bound 0.158586, above the configured asymptotic threshold 0.110000; aggregate QBER 0.078148 is not the phase-error bound.",,0,[],"{""pqc_exchange"":null,""qkd_classical"":{""algorithm"":""none"",""executed"":false,""mechanism"":""assumed"",""purpose"":""QKD classical transcript authentication"",""trust_assumption"":""The classical BB84 channel is assumed authenticated externally."",""verified"":null}}","{""qkd_transcript_hash_sha384"":""f33b1aa9b6b5e9a27b27a55e31a3dcb37fe56a0d15a437f8f90836b983be749e29e0f0adcbef338d983f397ea5b485c6"",""qkd_transcript_version"":1}",3278436400,20000,10042,2009,8033,0,0,0.5021,0.0,0.0,0.15858585858585858,0.0781483325037332,0,1019,157,990,157,2009,0.15858585858585858,0.07866958773152759,0.0,0.15969274307661208,0.07866958773152759,158004,,,,,,,,,,,,,,,,,,,,,,,,,,,,,,,,,,assumed,none,none,0,0,0,0,0,0,0,0,The classical BB84 channel is assumed authenticated externally.,,,,"{""implementation"":""cpython"",""platform"":""Windows-11-10.0.26200-SP0"",""processor"":""Intel64 Family 6 Model 158 Stepping 12, GenuineIntel"",""python"":""3.14.7""}",,,,,,,,,,,,,,,,,,,,,,,,,3278436400,"{""events"":[{""detail"":""QKD-ASSUMED"",""sequence"":0,""source"":""session"",""stage"":""session"",""state"":""started""},{""detail"":""Per-basis errors Z=0.000000, X=0.158586 give phase-error bound 0.158586, above the configured asymptotic threshold 0.110000; aggregate QBER 0.078148 is not the phase-error bound."",""sequence"":1,""source"":""qkd"",""stage"":""bb84"",""state"":""aborted""},{""detail"":""The classical BB84 channel is assumed authenticated externally."",""sequence"":2,""source"":""qkd"",""stage"":""classical_authentication"",""state"":""assumed_not_executed""},{""detail"":""No final key material is exposed by the orchestration result."",""sequence"":3,""source"":""qkd"",""stage"":""key_release"",""state"":""withheld""},{""detail"":""BB84 security abort: Per-basis errors Z=0.000000, X=0.158586 give phase-error bound 0.158586, above the configured asymptotic threshold 0.110000; aggregate QBER 0.078148 is not the phase-error bound."",""sequence"":4,""source"":""session"",""stage"":""session"",""state"":""aborted""}],""version"":1}"
1,58340fba-fc75-46c4-ad93-51d59b714f00,E2,phase-flip-0.16,9,1,eafcdacf-9f23-4290-b8e6-0d06ba663426,false,,0,159,2026-09-08T07:51:58.452398+00:00,874137019872453256,QKD-ASSUMED,6537,3.14.7,CPython,2.5.0,0.16.0,0.16.0,50.0.1,0.1.0,Windows,11,10.0.26200,AMD64,"Intel64 Family 6 Model 158 Stepping 12, GenuineIntel",ac46477bb374bde1c0ace1ef0bcfbc26b199dcfa,true,1,E2,phase-flip-0.16,9,874137019872453256,1,QKD-ASSUMED,QKD-ASSUMED,20000,"{""cascade_initial_block_factor"":0.73,""cascade_maximum_initial_block_size"":null,""cascade_maximum_lookback_steps"":null,""cascade_passes"":4,""phase_error_abort_threshold"":0.11,""sample_fraction"":0.2,""security_margin_bits"":0,""verification_tag_length"":32}",,[],"{""condition_id"":""phase-flip-0.16"",""experiment_kind"":""E2"",""qkd_stages"":[{""p"":0.16,""type"":""phase_flip""}],""replicate_index"":9,""seed"":874137019872453256,""session"":{""internal_pqc_profile"":null,""profile"":""QKD-ASSUMED"",""qkd_authentication_profile"":""QKD-ASSUMED"",""qkd_postprocessing"":{""cascade_initial_block_factor"":0.73,""cascade_maximum_initial_block_size"":null,""cascade_maximum_lookback_steps"":null,""cascade_passes"":4,""phase_error_abort_threshold"":0.11,""sample_fraction"":0.2,""security_margin_bits"":0,""verification_tag_length"":32},""qkd_signal_count"":20000,""version"":1},""tags"":[],""version"":1}","[{""p"":0.16,""type"":""phase_flip""}]",,authentication explicitly assumed; no runtime material,,,,,,false,1,1d271cf92f1b086685391877c4fb7eb1,QKD-ASSUMED,aborted,"BB84 security abort: Per-basis errors Z=0.000000, X=0.167832 give phase-error bound 0.167832, above the configured asymptotic threshold 0.110000; aggregate QBER 0.083499 is not the phase-error bound.",,0,[],"{""pqc_exchange"":null,""qkd_classical"":{""algorithm"":""none"",""executed"":false,""mechanism"":""assumed"",""purpose"":""QKD classical transcript authentication"",""trust_assumption"":""The classical BB84 channel is assumed authenticated externally."",""verified"":null}}","{""qkd_transcript_hash_sha384"":""f65bee3863231461807d12408eff63fae3d9cec2b367f051faec293853e6f2d26f3dc42f47e8835014358c2847f041d9"",""qkd_transcript_version"":1}",3278959600,20000,10057,2012,8045,0,0,0.50285,0.0,0.0,0.16783216783216784,0.08349900596421471,0,1011,168,1001,168,2012,0.16783216783216784,0.07914885154618674,0.0,0.15907274180655476,0.07914885154618674,158178,,,,,,,,,,,,,,,,,,,,,,,,,,,,,,,,,,assumed,none,none,0,0,0,0,0,0,0,0,The classical BB84 channel is assumed authenticated externally.,,,,"{""implementation"":""cpython"",""platform"":""Windows-11-10.0.26200-SP0"",""processor"":""Intel64 Family 6 Model 158 Stepping 12, GenuineIntel"",""python"":""3.14.7""}",,,,,,,,,,,,,,,,,,,,,,,,,3278959600,"{""events"":[{""detail"":""QKD-ASSUMED"",""sequence"":0,""source"":""session"",""stage"":""session"",""state"":""started""},{""detail"":""Per-basis errors Z=0.000000, X=0.167832 give phase-error bound 0.167832, above the configured asymptotic threshold 0.110000; aggregate QBER 0.083499 is not the phase-error bound."",""sequence"":1,""source"":""qkd"",""stage"":""bb84"",""state"":""aborted""},{""detail"":""The classical BB84 channel is assumed authenticated externally."",""sequence"":2,""source"":""qkd"",""stage"":""classical_authentication"",""state"":""assumed_not_executed""},{""detail"":""No final key material is exposed by the orchestration result."",""sequence"":3,""source"":""qkd"",""stage"":""key_release"",""state"":""withheld""},{""detail"":""BB84 security abort: Per-basis errors Z=0.000000, X=0.167832 give phase-error bound 0.167832, above the configured asymptotic threshold 0.110000; aggregate QBER 0.083499 is not the phase-error bound."",""sequence"":4,""source"":""session"",""stage"":""session"",""state"":""aborted""}],""version"":1}"
1,9d1a976b-c10e-4a46-902c-7fa45df9e162,E2,phase-flip-0.20,0,1,eafcdacf-9f23-4290-b8e6-0d06ba663426,false,,0,160,2026-09-08T07:52:01.760431+00:00,5431698975353568511,QKD-ASSUMED,6537,3.14.7,CPython,2.5.0,0.16.0,0.16.0,50.0.1,0.1.0,Windows,11,10.0.26200,AMD64,"Intel64 Family 6 Model 158 Stepping 12, GenuineIntel",ac46477bb374bde1c0ace1ef0bcfbc26b199dcfa,true,1,E2,phase-flip-0.20,0,5431698975353568511,1,QKD-ASSUMED,QKD-ASSUMED,20000,"{""cascade_initial_block_factor"":0.73,""cascade_maximum_initial_block_size"":null,""cascade_maximum_lookback_steps"":null,""cascade_passes"":4,""phase_error_abort_threshold"":0.11,""sample_fraction"":0.2,""security_margin_bits"":0,""verification_tag_length"":32}",,[],"{""condition_id"":""phase-flip-0.20"",""experiment_kind"":""E2"",""qkd_stages"":[{""p"":0.2,""type"":""phase_flip""}],""replicate_index"":0,""seed"":5431698975353568511,""session"":{""internal_pqc_profile"":null,""profile"":""QKD-ASSUMED"",""qkd_authentication_profile"":""QKD-ASSUMED"",""qkd_postprocessing"":{""cascade_initial_block_factor"":0.73,""cascade_maximum_initial_block_size"":null,""cascade_maximum_lookback_steps"":null,""cascade_passes"":4,""phase_error_abort_threshold"":0.11,""sample_fraction"":0.2,""security_margin_bits"":0,""verification_tag_length"":32},""qkd_signal_count"":20000,""version"":1},""tags"":[],""version"":1}","[{""p"":0.2,""type"":""phase_flip""}]",,authentication explicitly assumed; no runtime material,,,,,,false,1,8002fc76fe0f808fc547d5512f7339c9,QKD-ASSUMED,aborted,"BB84 security abort: Per-basis errors Z=0.000000, X=0.222334 give phase-error bound 0.222334, above the configured asymptotic threshold 0.110000; aggregate QBER 0.110115 is not the phase-error bound.",,0,[],"{""pqc_exchange"":null,""qkd_classical"":{""algorithm"":""none"",""executed"":false,""mechanism"":""assumed"",""purpose"":""QKD classical transcript authentication"",""trust_assumption"":""The classical BB84 channel is assumed authenticated externally."",""verified"":null}}","{""qkd_transcript_hash_sha384"":""29a1f3f60bc2e2f1fe36ef32d80b39cc212b0b9acc0b56f604800ecbe576263444fd5bb8fc6f50f0d5bdba216c169fef"",""qkd_transcript_version"":1}",3246973900,20000,10031,2007,8024,0,0,0.50155,0.0,0.0,0.22233400402414488,0.11011459890383657,0,1013,221,994,221,2007,0.22233400402414488,0.10288106868707009,0.0,0.20777129051741494,0.10288106868707009,157878,,,,,,,,,,,,,,,,,,,,,,,,,,,,,,,,,,assumed,none,none,0,0,0,0,0,0,0,0,The classical BB84 channel is assumed authenticated externally.,,,,"{""implementation"":""cpython"",""platform"":""Windows-11-10.0.26200-SP0"",""processor"":""Intel64 Family 6 Model 158 Stepping 12, GenuineIntel"",""python"":""3.14.7""}",,,,,,,,,,,,,,,,,,,,,,,,,3246973900,"{""events"":[{""detail"":""QKD-ASSUMED"",""sequence"":0,""source"":""session"",""stage"":""session"",""state"":""started""},{""detail"":""Per-basis errors Z=0.000000, X=0.222334 give phase-error bound 0.222334, above the configured asymptotic threshold 0.110000; aggregate QBER 0.110115 is not the phase-error bound."",""sequence"":1,""source"":""qkd"",""stage"":""bb84"",""state"":""aborted""},{""detail"":""The classical BB84 channel is assumed authenticated externally."",""sequence"":2,""source"":""qkd"",""stage"":""classical_authentication"",""state"":""assumed_not_executed""},{""detail"":""No final key material is exposed by the orchestration result."",""sequence"":3,""source"":""qkd"",""stage"":""key_release"",""state"":""withheld""},{""detail"":""BB84 security abort: Per-basis errors Z=0.000000, X=0.222334 give phase-error bound 0.222334, above the configured asymptotic threshold 0.110000; aggregate QBER 0.110115 is not the phase-error bound."",""sequence"":4,""source"":""session"",""stage"":""session"",""state"":""aborted""}],""version"":1}"
1,a3bc9db7-32a4-4a6a-a0b0-4d2175488ef5,E2,phase-flip-0.20,1,1,eafcdacf-9f23-4290-b8e6-0d06ba663426,false,,0,161,2026-09-08T07:52:05.107734+00:00,8417479512779997370,QKD-ASSUMED,6495,3.14.7,CPython,2.5.0,0.16.0,0.16.0,50.0.1,0.1.0,Windows,11,10.0.26200,AMD64,"Intel64 Family 6 Model 158 Stepping 12, GenuineIntel",ac46477bb374bde1c0ace1ef0bcfbc26b199dcfa,true,1,E2,phase-flip-0.20,1,8417479512779997370,1,QKD-ASSUMED,QKD-ASSUMED,20000,"{""cascade_initial_block_factor"":0.73,""cascade_maximum_initial_block_size"":null,""cascade_maximum_lookback_steps"":null,""cascade_passes"":4,""phase_error_abort_threshold"":0.11,""sample_fraction"":0.2,""security_margin_bits"":0,""verification_tag_length"":32}",,[],"{""condition_id"":""phase-flip-0.20"",""experiment_kind"":""E2"",""qkd_stages"":[{""p"":0.2,""type"":""phase_flip""}],""replicate_index"":1,""seed"":8417479512779997370,""session"":{""internal_pqc_profile"":null,""profile"":""QKD-ASSUMED"",""qkd_authentication_profile"":""QKD-ASSUMED"",""qkd_postprocessing"":{""cascade_initial_block_factor"":0.73,""cascade_maximum_initial_block_size"":null,""cascade_maximum_lookback_steps"":null,""cascade_passes"":4,""phase_error_abort_threshold"":0.11,""sample_fraction"":0.2,""security_margin_bits"":0,""verification_tag_length"":32},""qkd_signal_count"":20000,""version"":1},""tags"":[],""version"":1}","[{""p"":0.2,""type"":""phase_flip""}]",,authentication explicitly assumed; no runtime material,,,,,,false,1,7484910f09d349f7efdb56df74839566,QKD-ASSUMED,aborted,"BB84 security abort: Per-basis errors Z=0.000000, X=0.196000 give phase-error bound 0.196000, above the configured asymptotic threshold 0.110000; aggregate QBER 0.098344 is not the phase-error bound.",,0,[],"{""pqc_exchange"":null,""qkd_classical"":{""algorithm"":""none"",""executed"":false,""mechanism"":""assumed"",""purpose"":""QKD classical transcript authentication"",""trust_assumption"":""The classical BB84 channel is assumed authenticated externally."",""verified"":null}}","{""qkd_transcript_hash_sha384"":""3fddf2c437f3aec8d9d1b46565457e98ec430a84ed92f5b5f55ee61ce537c528a51f4564621b1806f6498e0621094601"",""qkd_transcript_version"":1}",3287314200,20000,9963,1993,7970,0,0,0.49815,0.0,0.0,0.196,0.09834420471650777,0,993,196,1000,196,1993,0.196,0.09916691759510188,0.0,0.1976,0.09916691759510188,157080,,,,,,,,,,,,,,,,,,,,,,,,,,,,,,,,,,assumed,none,none,0,0,0,0,0,0,0,0,The classical BB84 channel is assumed authenticated externally.,,,,"{""implementation"":""cpython"",""platform"":""Windows-11-10.0.26200-SP0"",""processor"":""Intel64 Family 6 Model 158 Stepping 12, GenuineIntel"",""python"":""3.14.7""}",,,,,,,,,,,,,,,,,,,,,,,,,3287314200,"{""events"":[{""detail"":""QKD-ASSUMED"",""sequence"":0,""source"":""session"",""stage"":""session"",""state"":""started""},{""detail"":""Per-basis errors Z=0.000000, X=0.196000 give phase-error bound 0.196000, above the configured asymptotic threshold 0.110000; aggregate QBER 0.098344 is not the phase-error bound."",""sequence"":1,""source"":""qkd"",""stage"":""bb84"",""state"":""aborted""},{""detail"":""The classical BB84 channel is assumed authenticated externally."",""sequence"":2,""source"":""qkd"",""stage"":""classical_authentication"",""state"":""assumed_not_executed""},{""detail"":""No final key material is exposed by the orchestration result."",""sequence"":3,""source"":""qkd"",""stage"":""key_release"",""state"":""withheld""},{""detail"":""BB84 security abort: Per-basis errors Z=0.000000, X=0.196000 give phase-error bound 0.196000, above the configured asymptotic threshold 0.110000; aggregate QBER 0.098344 is not the phase-error bound."",""sequence"":4,""source"":""session"",""stage"":""session"",""state"":""aborted""}],""version"":1}"
1,b47e7aa5-43c8-4d75-9fd3-e951fcd1269f,E2,phase-flip-0.20,2,1,eafcdacf-9f23-4290-b8e6-0d06ba663426,false,,0,162,2026-09-08T07:52:08.468554+00:00,10222778677788699963,QKD-ASSUMED,6535,3.14.7,CPython,2.5.0,0.16.0,0.16.0,50.0.1,0.1.0,Windows,11,10.0.26200,AMD64,"Intel64 Family 6 Model 158 Stepping 12, GenuineIntel",ac46477bb374bde1c0ace1ef0bcfbc26b199dcfa,true,1,E2,phase-flip-0.20,2,10222778677788699963,1,QKD-ASSUMED,QKD-ASSUMED,20000,"{""cascade_initial_block_factor"":0.73,""cascade_maximum_initial_block_size"":null,""cascade_maximum_lookback_steps"":null,""cascade_passes"":4,""phase_error_abort_threshold"":0.11,""sample_fraction"":0.2,""security_margin_bits"":0,""verification_tag_length"":32}",,[],"{""condition_id"":""phase-flip-0.20"",""experiment_kind"":""E2"",""qkd_stages"":[{""p"":0.2,""type"":""phase_flip""}],""replicate_index"":2,""seed"":10222778677788699963,""session"":{""internal_pqc_profile"":null,""profile"":""QKD-ASSUMED"",""qkd_authentication_profile"":""QKD-ASSUMED"",""qkd_postprocessing"":{""cascade_initial_block_factor"":0.73,""cascade_maximum_initial_block_size"":null,""cascade_maximum_lookback_steps"":null,""cascade_passes"":4,""phase_error_abort_threshold"":0.11,""sample_fraction"":0.2,""security_margin_bits"":0,""verification_tag_length"":32},""qkd_signal_count"":20000,""version"":1},""tags"":[],""version"":1}","[{""p"":0.2,""type"":""phase_flip""}]",,authentication explicitly assumed; no runtime material,,,,,,false,1,33bf9fe5108b83fc9f8a8291af9209a0,QKD-ASSUMED,aborted,"BB84 security abort: Per-basis errors Z=0.000000, X=0.184184 give phase-error bound 0.184184, above the configured asymptotic threshold 0.110000; aggregate QBER 0.092138 is not the phase-error bound.",,0,[],"{""pqc_exchange"":null,""qkd_classical"":{""algorithm"":""none"",""executed"":false,""mechanism"":""assumed"",""purpose"":""QKD classical transcript authentication"",""trust_assumption"":""The classical BB84 channel is assumed authenticated externally."",""verified"":null}}","{""qkd_transcript_hash_sha384"":""5a2ca19973b7ae27cdae0f20b389caa18cdf3e6a7857ab95726266c3f73dd43f61ede4d80a39fa0e95322040d6cd7a4a"",""qkd_transcript_version"":1}",3299595200,20000,9981,1997,7984,0,0,0.49905,0.0,0.0,0.1841841841841842,0.09213820731096645,0,998,184,999,184,1997,0.1841841841841842,0.10289550145276025,0.0,0.20572916666666666,0.10289550145276025,157296,,,,,,,,,,,,,,,,,,,,,,,,,,,,,,,,,,assumed,none,none,0,0,0,0,0,0,0,0,The classical BB84 channel is assumed authenticated externally.,,,,"{""implementation"":""cpython"",""platform"":""Windows-11-10.0.26200-SP0"",""processor"":""Intel64 Family 6 Model 158 Stepping 12, GenuineIntel"",""python"":""3.14.7""}",,,,,,,,,,,,,,,,,,,,,,,,,3299595200,"{""events"":[{""detail"":""QKD-ASSUMED"",""sequence"":0,""source"":""session"",""stage"":""session"",""state"":""started""},{""detail"":""Per-basis errors Z=0.000000, X=0.184184 give phase-error bound 0.184184, above the configured asymptotic threshold 0.110000; aggregate QBER 0.092138 is not the phase-error bound."",""sequence"":1,""source"":""qkd"",""stage"":""bb84"",""state"":""aborted""},{""detail"":""The classical BB84 channel is assumed authenticated externally."",""sequence"":2,""source"":""qkd"",""stage"":""classical_authentication"",""state"":""assumed_not_executed""},{""detail"":""No final key material is exposed by the orchestration result."",""sequence"":3,""source"":""qkd"",""stage"":""key_release"",""state"":""withheld""},{""detail"":""BB84 security abort: Per-basis errors Z=0.000000, X=0.184184 give phase-error bound 0.184184, above the configured asymptotic threshold 0.110000; aggregate QBER 0.092138 is not the phase-error bound."",""sequence"":4,""source"":""session"",""stage"":""session"",""state"":""aborted""}],""version"":1}"
1,6a07601d-3ece-425d-af69-6579bdacc6a8,E2,phase-flip-0.20,3,1,eafcdacf-9f23-4290-b8e6-0d06ba663426,false,,0,163,2026-09-08T07:52:11.834998+00:00,15334591406561342699,QKD-ASSUMED,6535,3.14.7,CPython,2.5.0,0.16.0,0.16.0,50.0.1,0.1.0,Windows,11,10.0.26200,AMD64,"Intel64 Family 6 Model 158 Stepping 12, GenuineIntel",ac46477bb374bde1c0ace1ef0bcfbc26b199dcfa,true,1,E2,phase-flip-0.20,3,15334591406561342699,1,QKD-ASSUMED,QKD-ASSUMED,20000,"{""cascade_initial_block_factor"":0.73,""cascade_maximum_initial_block_size"":null,""cascade_maximum_lookback_steps"":null,""cascade_passes"":4,""phase_error_abort_threshold"":0.11,""sample_fraction"":0.2,""security_margin_bits"":0,""verification_tag_length"":32}",,[],"{""condition_id"":""phase-flip-0.20"",""experiment_kind"":""E2"",""qkd_stages"":[{""p"":0.2,""type"":""phase_flip""}],""replicate_index"":3,""seed"":15334591406561342699,""session"":{""internal_pqc_profile"":null,""profile"":""QKD-ASSUMED"",""qkd_authentication_profile"":""QKD-ASSUMED"",""qkd_postprocessing"":{""cascade_initial_block_factor"":0.73,""cascade_maximum_initial_block_size"":null,""cascade_maximum_lookback_steps"":null,""cascade_passes"":4,""phase_error_abort_threshold"":0.11,""sample_fraction"":0.2,""security_margin_bits"":0,""verification_tag_length"":32},""qkd_signal_count"":20000,""version"":1},""tags"":[],""version"":1}","[{""p"":0.2,""type"":""phase_flip""}]",,authentication explicitly assumed; no runtime material,,,,,,false,1,2bbf90767982cb60db56d9be5c1fecf0,QKD-ASSUMED,aborted,"BB84 security abort: Per-basis errors Z=0.000000, X=0.205853 give phase-error bound 0.205853, above the configured asymptotic threshold 0.110000; aggregate QBER 0.102256 is not the phase-error bound.",,0,[],"{""pqc_exchange"":null,""qkd_classical"":{""algorithm"":""none"",""executed"":false,""mechanism"":""assumed"",""purpose"":""QKD classical transcript authentication"",""trust_assumption"":""The classical BB84 channel is assumed authenticated externally."",""verified"":null}}","{""qkd_transcript_hash_sha384"":""b9bfa71e4a92f2986ad7f2cdbf1514beb764db3a800e9fe42a0eec6e238682e69626c861f1b94ff4c7ceef6c656b6425"",""qkd_transcript_version"":1}",3304468400,20000,9971,1995,7976,0,0,0.49855,0.0,0.0,0.2058526740665994,0.10225563909774436,0,1004,204,991,204,1995,0.2058526740665994,0.10350015043626518,0.0,0.2084006462035541,0.10350015043626518,157180,,,,,,,,,,,,,,,,,,,,,,,,,,,,,,,,,,assumed,none,none,0,0,0,0,0,0,0,0,The classical BB84 channel is assumed authenticated externally.,,,,"{""implementation"":""cpython"",""platform"":""Windows-11-10.0.26200-SP0"",""processor"":""Intel64 Family 6 Model 158 Stepping 12, GenuineIntel"",""python"":""3.14.7""}",,,,,,,,,,,,,,,,,,,,,,,,,3304468400,"{""events"":[{""detail"":""QKD-ASSUMED"",""sequence"":0,""source"":""session"",""stage"":""session"",""state"":""started""},{""detail"":""Per-basis errors Z=0.000000, X=0.205853 give phase-error bound 0.205853, above the configured asymptotic threshold 0.110000; aggregate QBER 0.102256 is not the phase-error bound."",""sequence"":1,""source"":""qkd"",""stage"":""bb84"",""state"":""aborted""},{""detail"":""The classical BB84 channel is assumed authenticated externally."",""sequence"":2,""source"":""qkd"",""stage"":""classical_authentication"",""state"":""assumed_not_executed""},{""detail"":""No final key material is exposed by the orchestration result."",""sequence"":3,""source"":""qkd"",""stage"":""key_release"",""state"":""withheld""},{""detail"":""BB84 security abort: Per-basis errors Z=0.000000, X=0.205853 give phase-error bound 0.205853, above the configured asymptotic threshold 0.110000; aggregate QBER 0.102256 is not the phase-error bound."",""sequence"":4,""source"":""session"",""stage"":""session"",""state"":""aborted""}],""version"":1}"
1,02ef5024-9df5-44d1-8c40-9d6dd3bce87c,E2,phase-flip-0.20,4,1,eafcdacf-9f23-4290-b8e6-0d06ba663426,false,,0,164,2026-09-08T07:52:15.184348+00:00,11271459120235982651,QKD-ASSUMED,6536,3.14.7,CPython,2.5.0,0.16.0,0.16.0,50.0.1,0.1.0,Windows,11,10.0.26200,AMD64,"Intel64 Family 6 Model 158 Stepping 12, GenuineIntel",ac46477bb374bde1c0ace1ef0bcfbc26b199dcfa,true,1,E2,phase-flip-0.20,4,11271459120235982651,1,QKD-ASSUMED,QKD-ASSUMED,20000,"{""cascade_initial_block_factor"":0.73,""cascade_maximum_initial_block_size"":null,""cascade_maximum_lookback_steps"":null,""cascade_passes"":4,""phase_error_abort_threshold"":0.11,""sample_fraction"":0.2,""security_margin_bits"":0,""verification_tag_length"":32}",,[],"{""condition_id"":""phase-flip-0.20"",""experiment_kind"":""E2"",""qkd_stages"":[{""p"":0.2,""type"":""phase_flip""}],""replicate_index"":4,""seed"":11271459120235982651,""session"":{""internal_pqc_profile"":null,""profile"":""QKD-ASSUMED"",""qkd_authentication_profile"":""QKD-ASSUMED"",""qkd_postprocessing"":{""cascade_initial_block_factor"":0.73,""cascade_maximum_initial_block_size"":null,""cascade_maximum_lookback_steps"":null,""cascade_passes"":4,""phase_error_abort_threshold"":0.11,""sample_fraction"":0.2,""security_margin_bits"":0,""verification_tag_length"":32},""qkd_signal_count"":20000,""version"":1},""tags"":[],""version"":1}","[{""p"":0.2,""type"":""phase_flip""}]",,authentication explicitly assumed; no runtime material,,,,,,false,1,acea79a09da8a4c0baa90f062c85a279,QKD-ASSUMED,aborted,"BB84 security abort: Per-basis errors Z=0.000000, X=0.210526 give phase-error bound 0.210526, above the configured asymptotic threshold 0.110000; aggregate QBER 0.103380 is not the phase-error bound.",,0,[],"{""pqc_exchange"":null,""qkd_classical"":{""algorithm"":""none"",""executed"":false,""mechanism"":""assumed"",""purpose"":""QKD classical transcript authentication"",""trust_assumption"":""The classical BB84 channel is assumed authenticated externally."",""verified"":null}}","{""qkd_transcript_hash_sha384"":""eb9ab59daeb31f5b0d1f1984ed86c77dfe97ac3a2b16a5c7342c422827a14bcfc3b687695f758f7f108c721b4e407bf4"",""qkd_transcript_version"":1}",3287713100,20000,10058,2012,8046,0,0,0.5029,0.0,0.0,0.21052631578947367,0.10337972166998012,0,1024,208,988,208,2012,0.21052631578947367,0.1035991250745675,0.0,0.21101660591332524,0.1035991250745675,158186,,,,,,,,,,,,,,,,,,,,,,,,,,,,,,,,,,assumed,none,none,0,0,0,0,0,0,0,0,The classical BB84 channel is assumed authenticated externally.,,,,"{""implementation"":""cpython"",""platform"":""Windows-11-10.0.26200-SP0"",""processor"":""Intel64 Family 6 Model 158 Stepping 12, GenuineIntel"",""python"":""3.14.7""}",,,,,,,,,,,,,,,,,,,,,,,,,3287713100,"{""events"":[{""detail"":""QKD-ASSUMED"",""sequence"":0,""source"":""session"",""stage"":""session"",""state"":""started""},{""detail"":""Per-basis errors Z=0.000000, X=0.210526 give phase-error bound 0.210526, above the configured asymptotic threshold 0.110000; aggregate QBER 0.103380 is not the phase-error bound."",""sequence"":1,""source"":""qkd"",""stage"":""bb84"",""state"":""aborted""},{""detail"":""The classical BB84 channel is assumed authenticated externally."",""sequence"":2,""source"":""qkd"",""stage"":""classical_authentication"",""state"":""assumed_not_executed""},{""detail"":""No final key material is exposed by the orchestration result."",""sequence"":3,""source"":""qkd"",""stage"":""key_release"",""state"":""withheld""},{""detail"":""BB84 security abort: Per-basis errors Z=0.000000, X=0.210526 give phase-error bound 0.210526, above the configured asymptotic threshold 0.110000; aggregate QBER 0.103380 is not the phase-error bound."",""sequence"":4,""source"":""session"",""stage"":""session"",""state"":""aborted""}],""version"":1}"
1,3f366754-06b3-43e8-9b8d-2e1c6f10ae5a,E2,phase-flip-0.20,5,1,eafcdacf-9f23-4290-b8e6-0d06ba663426,false,,0,165,2026-09-08T07:52:18.551822+00:00,3672402825082386625,QKD-ASSUMED,6533,3.14.7,CPython,2.5.0,0.16.0,0.16.0,50.0.1,0.1.0,Windows,11,10.0.26200,AMD64,"Intel64 Family 6 Model 158 Stepping 12, GenuineIntel",ac46477bb374bde1c0ace1ef0bcfbc26b199dcfa,true,1,E2,phase-flip-0.20,5,3672402825082386625,1,QKD-ASSUMED,QKD-ASSUMED,20000,"{""cascade_initial_block_factor"":0.73,""cascade_maximum_initial_block_size"":null,""cascade_maximum_lookback_steps"":null,""cascade_passes"":4,""phase_error_abort_threshold"":0.11,""sample_fraction"":0.2,""security_margin_bits"":0,""verification_tag_length"":32}",,[],"{""condition_id"":""phase-flip-0.20"",""experiment_kind"":""E2"",""qkd_stages"":[{""p"":0.2,""type"":""phase_flip""}],""replicate_index"":5,""seed"":3672402825082386625,""session"":{""internal_pqc_profile"":null,""profile"":""QKD-ASSUMED"",""qkd_authentication_profile"":""QKD-ASSUMED"",""qkd_postprocessing"":{""cascade_initial_block_factor"":0.73,""cascade_maximum_initial_block_size"":null,""cascade_maximum_lookback_steps"":null,""cascade_passes"":4,""phase_error_abort_threshold"":0.11,""sample_fraction"":0.2,""security_margin_bits"":0,""verification_tag_length"":32},""qkd_signal_count"":20000,""version"":1},""tags"":[],""version"":1}","[{""p"":0.2,""type"":""phase_flip""}]",,authentication explicitly assumed; no runtime material,,,,,,false,1,e4bc72c400648f541d6ba16b2a15c3be,QKD-ASSUMED,aborted,"BB84 security abort: Per-basis errors Z=0.000000, X=0.205589 give phase-error bound 0.205589, above the configured asymptotic threshold 0.110000; aggregate QBER 0.103778 is not the phase-error bound.",,0,[],"{""pqc_exchange"":null,""qkd_classical"":{""algorithm"":""none"",""executed"":false,""mechanism"":""assumed"",""purpose"":""QKD classical transcript authentication"",""trust_assumption"":""The classical BB84 channel is assumed authenticated externally."",""verified"":null}}","{""qkd_transcript_hash_sha384"":""2fe7093c2331eb9b096c9e3324c3e8448bc6251ae8fd65f636733f7f7be01182efbab0093c4a751d80baa65a39c02a50"",""qkd_transcript_version"":1}",3303416700,20000,9923,1985,7938,0,0,0.49615,0.0,0.0,0.2055888223552894,0.10377833753148615,0,983,206,1002,206,1985,0.2055888223552894,0.10571399778292855,0.0,0.2093812375249501,0.10571399778292855,156614,,,,,,,,,,,,,,,,,,,,,,,,,,,,,,,,,,assumed,none,none,0,0,0,0,0,0,0,0,The classical BB84 channel is assumed authenticated externally.,,,,"{""implementation"":""cpython"",""platform"":""Windows-11-10.0.26200-SP0"",""processor"":""Intel64 Family 6 Model 158 Stepping 12, GenuineIntel"",""python"":""3.14.7""}",,,,,,,,,,,,,,,,,,,,,,,,,3303416700,"{""events"":[{""detail"":""QKD-ASSUMED"",""sequence"":0,""source"":""session"",""stage"":""session"",""state"":""started""},{""detail"":""Per-basis errors Z=0.000000, X=0.205589 give phase-error bound 0.205589, above the configured asymptotic threshold 0.110000; aggregate QBER 0.103778 is not the phase-error bound."",""sequence"":1,""source"":""qkd"",""stage"":""bb84"",""state"":""aborted""},{""detail"":""The classical BB84 channel is assumed authenticated externally."",""sequence"":2,""source"":""qkd"",""stage"":""classical_authentication"",""state"":""assumed_not_executed""},{""detail"":""No final key material is exposed by the orchestration result."",""sequence"":3,""source"":""qkd"",""stage"":""key_release"",""state"":""withheld""},{""detail"":""BB84 security abort: Per-basis errors Z=0.000000, X=0.205589 give phase-error bound 0.205589, above the configured asymptotic threshold 0.110000; aggregate QBER 0.103778 is not the phase-error bound."",""sequence"":4,""source"":""session"",""stage"":""session"",""state"":""aborted""}],""version"":1}"
1,58bf783e-61c6-4cb6-bffe-b77f635d3c37,E2,phase-flip-0.20,6,1,eafcdacf-9f23-4290-b8e6-0d06ba663426,false,,0,166,2026-09-08T07:52:21.880444+00:00,4135767273414099224,QKD-ASSUMED,6534,3.14.7,CPython,2.5.0,0.16.0,0.16.0,50.0.1,0.1.0,Windows,11,10.0.26200,AMD64,"Intel64 Family 6 Model 158 Stepping 12, GenuineIntel",ac46477bb374bde1c0ace1ef0bcfbc26b199dcfa,true,1,E2,phase-flip-0.20,6,4135767273414099224,1,QKD-ASSUMED,QKD-ASSUMED,20000,"{""cascade_initial_block_factor"":0.73,""cascade_maximum_initial_block_size"":null,""cascade_maximum_lookback_steps"":null,""cascade_passes"":4,""phase_error_abort_threshold"":0.11,""sample_fraction"":0.2,""security_margin_bits"":0,""verification_tag_length"":32}",,[],"{""condition_id"":""phase-flip-0.20"",""experiment_kind"":""E2"",""qkd_stages"":[{""p"":0.2,""type"":""phase_flip""}],""replicate_index"":6,""seed"":4135767273414099224,""session"":{""internal_pqc_profile"":null,""profile"":""QKD-ASSUMED"",""qkd_authentication_profile"":""QKD-ASSUMED"",""qkd_postprocessing"":{""cascade_initial_block_factor"":0.73,""cascade_maximum_initial_block_size"":null,""cascade_maximum_lookback_steps"":null,""cascade_passes"":4,""phase_error_abort_threshold"":0.11,""sample_fraction"":0.2,""security_margin_bits"":0,""verification_tag_length"":32},""qkd_signal_count"":20000,""version"":1},""tags"":[],""version"":1}","[{""p"":0.2,""type"":""phase_flip""}]",,authentication explicitly assumed; no runtime material,,,,,,false,1,2801872d98a5708c1b655348dd4cec57,QKD-ASSUMED,aborted,"BB84 security abort: Per-basis errors Z=0.000000, X=0.197581 give phase-error bound 0.197581, above the configured asymptotic threshold 0.110000; aggregate QBER 0.098049 is not the phase-error bound.",,0,[],"{""pqc_exchange"":null,""qkd_classical"":{""algorithm"":""none"",""executed"":false,""mechanism"":""assumed"",""purpose"":""QKD classical transcript authentication"",""trust_assumption"":""The classical BB84 channel is assumed authenticated externally."",""verified"":null}}","{""qkd_transcript_hash_sha384"":""d3f3070a7f1fa86d7e3be8cbd63ef060cff058296c7f2f11f74f0826af1bb084544f70e8ab9c68dee3458c5b9dfa535e"",""qkd_transcript_version"":1}",3267332500,20000,9991,1999,7992,0,0,0.49955,0.0,0.0,0.1975806451612903,0.09804902451225612,0,1007,196,992,196,1999,0.1975806451612903,0.09998999099189271,0.0,0.20157384987893462,0.09998999099189271,157412,,,,,,,,,,,,,,,,,,,,,,,,,,,,,,,,,,assumed,none,none,0,0,0,0,0,0,0,0,The classical BB84 channel is assumed authenticated externally.,,,,"{""implementation"":""cpython"",""platform"":""Windows-11-10.0.26200-SP0"",""processor"":""Intel64 Family 6 Model 158 Stepping 12, GenuineIntel"",""python"":""3.14.7""}",,,,,,,,,,,,,,,,,,,,,,,,,3267332500,"{""events"":[{""detail"":""QKD-ASSUMED"",""sequence"":0,""source"":""session"",""stage"":""session"",""state"":""started""},{""detail"":""Per-basis errors Z=0.000000, X=0.197581 give phase-error bound 0.197581, above the configured asymptotic threshold 0.110000; aggregate QBER 0.098049 is not the phase-error bound."",""sequence"":1,""source"":""qkd"",""stage"":""bb84"",""state"":""aborted""},{""detail"":""The classical BB84 channel is assumed authenticated externally."",""sequence"":2,""source"":""qkd"",""stage"":""classical_authentication"",""state"":""assumed_not_executed""},{""detail"":""No final key material is exposed by the orchestration result."",""sequence"":3,""source"":""qkd"",""stage"":""key_release"",""state"":""withheld""},{""detail"":""BB84 security abort: Per-basis errors Z=0.000000, X=0.197581 give phase-error bound 0.197581, above the configured asymptotic threshold 0.110000; aggregate QBER 0.098049 is not the phase-error bound."",""sequence"":4,""source"":""session"",""stage"":""session"",""state"":""aborted""}],""version"":1}"
1,ec3f171c-27c8-42bf-b92a-a26bf41e6490,E2,phase-flip-0.20,7,1,eafcdacf-9f23-4290-b8e6-0d06ba663426,false,,0,167,2026-09-08T07:52:25.244888+00:00,13794324198915709889,QKD-ASSUMED,6537,3.14.7,CPython,2.5.0,0.16.0,0.16.0,50.0.1,0.1.0,Windows,11,10.0.26200,AMD64,"Intel64 Family 6 Model 158 Stepping 12, GenuineIntel",ac46477bb374bde1c0ace1ef0bcfbc26b199dcfa,true,1,E2,phase-flip-0.20,7,13794324198915709889,1,QKD-ASSUMED,QKD-ASSUMED,20000,"{""cascade_initial_block_factor"":0.73,""cascade_maximum_initial_block_size"":null,""cascade_maximum_lookback_steps"":null,""cascade_passes"":4,""phase_error_abort_threshold"":0.11,""sample_fraction"":0.2,""security_margin_bits"":0,""verification_tag_length"":32}",,[],"{""condition_id"":""phase-flip-0.20"",""experiment_kind"":""E2"",""qkd_stages"":[{""p"":0.2,""type"":""phase_flip""}],""replicate_index"":7,""seed"":13794324198915709889,""session"":{""internal_pqc_profile"":null,""profile"":""QKD-ASSUMED"",""qkd_authentication_profile"":""QKD-ASSUMED"",""qkd_postprocessing"":{""cascade_initial_block_factor"":0.73,""cascade_maximum_initial_block_size"":null,""cascade_maximum_lookback_steps"":null,""cascade_passes"":4,""phase_error_abort_threshold"":0.11,""sample_fraction"":0.2,""security_margin_bits"":0,""verification_tag_length"":32},""qkd_signal_count"":20000,""version"":1},""tags"":[],""version"":1}","[{""p"":0.2,""type"":""phase_flip""}]",,authentication explicitly assumed; no runtime material,,,,,,false,1,f2bb636d77828e2f276a5dac2f67cc32,QKD-ASSUMED,aborted,"BB84 security abort: Per-basis errors Z=0.000000, X=0.204819 give phase-error bound 0.204819, above the configured asymptotic threshold 0.110000; aggregate QBER 0.101392 is not the phase-error bound.",,0,[],"{""pqc_exchange"":null,""qkd_classical"":{""algorithm"":""none"",""executed"":false,""mechanism"":""assumed"",""purpose"":""QKD classical transcript authentication"",""trust_assumption"":""The classical BB84 channel is assumed authenticated externally."",""verified"":null}}","{""qkd_transcript_hash_sha384"":""bdc6435a64db0b4c7005efe59d8a02adc3ee4adb4eb36fccfb7a76e6431d806145b434668db12ef799875617307b06a5"",""qkd_transcript_version"":1}",3302146600,20000,10060,2012,8048,0,0,0.503,0.0,0.0,0.20481927710843373,0.10139165009940358,0,1016,204,996,204,2012,0.20481927710843373,0.09990059642147117,0.0,0.20180722891566266,0.09990059642147117,158202,,,,,,,,,,,,,,,,,,,,,,,,,,,,,,,,,,assumed,none,none,0,0,0,0,0,0,0,0,The classical BB84 channel is assumed authenticated externally.,,,,"{""implementation"":""cpython"",""platform"":""Windows-11-10.0.26200-SP0"",""processor"":""Intel64 Family 6 Model 158 Stepping 12, GenuineIntel"",""python"":""3.14.7""}",,,,,,,,,,,,,,,,,,,,,,,,,3302146600,"{""events"":[{""detail"":""QKD-ASSUMED"",""sequence"":0,""source"":""session"",""stage"":""session"",""state"":""started""},{""detail"":""Per-basis errors Z=0.000000, X=0.204819 give phase-error bound 0.204819, above the configured asymptotic threshold 0.110000; aggregate QBER 0.101392 is not the phase-error bound."",""sequence"":1,""source"":""qkd"",""stage"":""bb84"",""state"":""aborted""},{""detail"":""The classical BB84 channel is assumed authenticated externally."",""sequence"":2,""source"":""qkd"",""stage"":""classical_authentication"",""state"":""assumed_not_executed""},{""detail"":""No final key material is exposed by the orchestration result."",""sequence"":3,""source"":""qkd"",""stage"":""key_release"",""state"":""withheld""},{""detail"":""BB84 security abort: Per-basis errors Z=0.000000, X=0.204819 give phase-error bound 0.204819, above the configured asymptotic threshold 0.110000; aggregate QBER 0.101392 is not the phase-error bound."",""sequence"":4,""source"":""session"",""stage"":""session"",""state"":""aborted""}],""version"":1}"
1,809f4274-2b76-458c-b6c6-4a4b4fb7a3f7,E2,phase-flip-0.20,8,1,eafcdacf-9f23-4290-b8e6-0d06ba663426,false,,0,168,2026-09-08T07:52:28.607810+00:00,13893774653547569722,QKD-ASSUMED,6538,3.14.7,CPython,2.5.0,0.16.0,0.16.0,50.0.1,0.1.0,Windows,11,10.0.26200,AMD64,"Intel64 Family 6 Model 158 Stepping 12, GenuineIntel",ac46477bb374bde1c0ace1ef0bcfbc26b199dcfa,true,1,E2,phase-flip-0.20,8,13893774653547569722,1,QKD-ASSUMED,QKD-ASSUMED,20000,"{""cascade_initial_block_factor"":0.73,""cascade_maximum_initial_block_size"":null,""cascade_maximum_lookback_steps"":null,""cascade_passes"":4,""phase_error_abort_threshold"":0.11,""sample_fraction"":0.2,""security_margin_bits"":0,""verification_tag_length"":32}",,[],"{""condition_id"":""phase-flip-0.20"",""experiment_kind"":""E2"",""qkd_stages"":[{""p"":0.2,""type"":""phase_flip""}],""replicate_index"":8,""seed"":13893774653547569722,""session"":{""internal_pqc_profile"":null,""profile"":""QKD-ASSUMED"",""qkd_authentication_profile"":""QKD-ASSUMED"",""qkd_postprocessing"":{""cascade_initial_block_factor"":0.73,""cascade_maximum_initial_block_size"":null,""cascade_maximum_lookback_steps"":null,""cascade_passes"":4,""phase_error_abort_threshold"":0.11,""sample_fraction"":0.2,""security_margin_bits"":0,""verification_tag_length"":32},""qkd_signal_count"":20000,""version"":1},""tags"":[],""version"":1}","[{""p"":0.2,""type"":""phase_flip""}]",,authentication explicitly assumed; no runtime material,,,,,,false,1,86ea6cb29d7fea4814ec21a3a09bf59e,QKD-ASSUMED,aborted,"BB84 security abort: Per-basis errors Z=0.000000, X=0.202236 give phase-error bound 0.202236, above the configured asymptotic threshold 0.110000; aggregate QBER 0.099450 is not the phase-error bound.",,0,[],"{""pqc_exchange"":null,""qkd_classical"":{""algorithm"":""none"",""executed"":false,""mechanism"":""assumed"",""purpose"":""QKD classical transcript authentication"",""trust_assumption"":""The classical BB84 channel is assumed authenticated externally."",""verified"":null}}","{""qkd_transcript_hash_sha384"":""a2fa2ea9b207c8e629dd7354263d02205038d27fca173d8259fbd2036bf5ff317bc176e2f943b61b0b8f45c235066a5c"",""qkd_transcript_version"":1}",3301403700,20000,10004,2001,8003,0,0,0.5002,0.0,0.0,0.20223577235772358,0.09945027486256872,0,1017,199,984,199,2001,0.20223577235772358,0.09956017592962815,0.0,0.20248017889815004,0.09956017592962815,157554,,,,,,,,,,,,,,,,,,,,,,,,,,,,,,,,,,assumed,none,none,0,0,0,0,0,0,0,0,The classical BB84 channel is assumed authenticated externally.,,,,"{""implementation"":""cpython"",""platform"":""Windows-11-10.0.26200-SP0"",""processor"":""Intel64 Family 6 Model 158 Stepping 12, GenuineIntel"",""python"":""3.14.7""}",,,,,,,,,,,,,,,,,,,,,,,,,3301403700,"{""events"":[{""detail"":""QKD-ASSUMED"",""sequence"":0,""source"":""session"",""stage"":""session"",""state"":""started""},{""detail"":""Per-basis errors Z=0.000000, X=0.202236 give phase-error bound 0.202236, above the configured asymptotic threshold 0.110000; aggregate QBER 0.099450 is not the phase-error bound."",""sequence"":1,""source"":""qkd"",""stage"":""bb84"",""state"":""aborted""},{""detail"":""The classical BB84 channel is assumed authenticated externally."",""sequence"":2,""source"":""qkd"",""stage"":""classical_authentication"",""state"":""assumed_not_executed""},{""detail"":""No final key material is exposed by the orchestration result."",""sequence"":3,""source"":""qkd"",""stage"":""key_release"",""state"":""withheld""},{""detail"":""BB84 security abort: Per-basis errors Z=0.000000, X=0.202236 give phase-error bound 0.202236, above the configured asymptotic threshold 0.110000; aggregate QBER 0.099450 is not the phase-error bound."",""sequence"":4,""source"":""session"",""stage"":""session"",""state"":""aborted""}],""version"":1}"
1,6d77d12a-f64e-470a-959a-c4a25eb122ef,E2,phase-flip-0.20,9,1,eafcdacf-9f23-4290-b8e6-0d06ba663426,false,,0,169,2026-09-08T07:52:31.965195+00:00,8607694642679513047,QKD-ASSUMED,6537,3.14.7,CPython,2.5.0,0.16.0,0.16.0,50.0.1,0.1.0,Windows,11,10.0.26200,AMD64,"Intel64 Family 6 Model 158 Stepping 12, GenuineIntel",ac46477bb374bde1c0ace1ef0bcfbc26b199dcfa,true,1,E2,phase-flip-0.20,9,8607694642679513047,1,QKD-ASSUMED,QKD-ASSUMED,20000,"{""cascade_initial_block_factor"":0.73,""cascade_maximum_initial_block_size"":null,""cascade_maximum_lookback_steps"":null,""cascade_passes"":4,""phase_error_abort_threshold"":0.11,""sample_fraction"":0.2,""security_margin_bits"":0,""verification_tag_length"":32}",,[],"{""condition_id"":""phase-flip-0.20"",""experiment_kind"":""E2"",""qkd_stages"":[{""p"":0.2,""type"":""phase_flip""}],""replicate_index"":9,""seed"":8607694642679513047,""session"":{""internal_pqc_profile"":null,""profile"":""QKD-ASSUMED"",""qkd_authentication_profile"":""QKD-ASSUMED"",""qkd_postprocessing"":{""cascade_initial_block_factor"":0.73,""cascade_maximum_initial_block_size"":null,""cascade_maximum_lookback_steps"":null,""cascade_passes"":4,""phase_error_abort_threshold"":0.11,""sample_fraction"":0.2,""security_margin_bits"":0,""verification_tag_length"":32},""qkd_signal_count"":20000,""version"":1},""tags"":[],""version"":1}","[{""p"":0.2,""type"":""phase_flip""}]",,authentication explicitly assumed; no runtime material,,,,,,false,1,24d1a19b6f40058d2ca1ed0227a60ca3,QKD-ASSUMED,aborted,"BB84 security abort: Per-basis errors Z=0.000000, X=0.214145 give phase-error bound 0.214145, above the configured asymptotic threshold 0.110000; aggregate QBER 0.108837 is not the phase-error bound.",,0,[],"{""pqc_exchange"":null,""qkd_classical"":{""algorithm"":""none"",""executed"":false,""mechanism"":""assumed"",""purpose"":""QKD classical transcript authentication"",""trust_assumption"":""The classical BB84 channel is assumed authenticated externally."",""verified"":null}}","{""qkd_transcript_hash_sha384"":""746bfef00570107acf20e896342b056a1401d99b014aa81178fbfadc3f417e3d8d004c90e9ab24329fb5715534feeda0"",""qkd_transcript_version"":1}",3294678000,20000,10009,2003,8006,0,0,0.50045,0.0,0.0,0.21414538310412573,0.10883674488267599,0,985,218,1018,218,2003,0.21414538310412573,0.10370666400239784,0.0,0.20400943396226415,0.10370666400239784,157630,,,,,,,,,,,,,,,,,,,,,,,,,,,,,,,,,,assumed,none,none,0,0,0,0,0,0,0,0,The classical BB84 channel is assumed authenticated externally.,,,,"{""implementation"":""cpython"",""platform"":""Windows-11-10.0.26200-SP0"",""processor"":""Intel64 Family 6 Model 158 Stepping 12, GenuineIntel"",""python"":""3.14.7""}",,,,,,,,,,,,,,,,,,,,,,,,,3294678000,"{""events"":[{""detail"":""QKD-ASSUMED"",""sequence"":0,""source"":""session"",""stage"":""session"",""state"":""started""},{""detail"":""Per-basis errors Z=0.000000, X=0.214145 give phase-error bound 0.214145, above the configured asymptotic threshold 0.110000; aggregate QBER 0.108837 is not the phase-error bound."",""sequence"":1,""source"":""qkd"",""stage"":""bb84"",""state"":""aborted""},{""detail"":""The classical BB84 channel is assumed authenticated externally."",""sequence"":2,""source"":""qkd"",""stage"":""classical_authentication"",""state"":""assumed_not_executed""},{""detail"":""No final key material is exposed by the orchestration result."",""sequence"":3,""source"":""qkd"",""stage"":""key_release"",""state"":""withheld""},{""detail"":""BB84 security abort: Per-basis errors Z=0.000000, X=0.214145 give phase-error bound 0.214145, above the configured asymptotic threshold 0.110000; aggregate QBER 0.108837 is not the phase-error bound."",""sequence"":4,""source"":""session"",""stage"":""session"",""state"":""aborted""}],""version"":1}"
1,a7d00c58-a71c-4b91-a5f6-5ce6427a0c7d,E2,amplitude-damping-0.02,0,1,eafcdacf-9f23-4290-b8e6-0d06ba663426,false,,0,170,2026-09-08T07:52:35.212565+00:00,6683285961949860643,QKD-ASSUMED,6375,3.14.7,CPython,2.5.0,0.16.0,0.16.0,50.0.1,0.1.0,Windows,11,10.0.26200,AMD64,"Intel64 Family 6 Model 158 Stepping 12, GenuineIntel",ac46477bb374bde1c0ace1ef0bcfbc26b199dcfa,true,1,E2,amplitude-damping-0.02,0,6683285961949860643,1,QKD-ASSUMED,QKD-ASSUMED,20000,"{""cascade_initial_block_factor"":0.73,""cascade_maximum_initial_block_size"":null,""cascade_maximum_lookback_steps"":null,""cascade_passes"":4,""phase_error_abort_threshold"":0.11,""sample_fraction"":0.2,""security_margin_bits"":0,""verification_tag_length"":32}",,[],"{""condition_id"":""amplitude-damping-0.02"",""experiment_kind"":""E2"",""qkd_stages"":[{""gamma"":0.02,""type"":""amplitude_damping""}],""replicate_index"":0,""seed"":6683285961949860643,""session"":{""internal_pqc_profile"":null,""profile"":""QKD-ASSUMED"",""qkd_authentication_profile"":""QKD-ASSUMED"",""qkd_postprocessing"":{""cascade_initial_block_factor"":0.73,""cascade_maximum_initial_block_size"":null,""cascade_maximum_lookback_steps"":null,""cascade_passes"":4,""phase_error_abort_threshold"":0.11,""sample_fraction"":0.2,""security_margin_bits"":0,""verification_tag_length"":32},""qkd_signal_count"":20000,""version"":1},""tags"":[],""version"":1}","[{""gamma"":0.02,""type"":""amplitude_damping""}]",,authentication explicitly assumed; no runtime material,,,,,,false,1,bffd98a104b01d7c03a932518dbafe53,QKD-ASSUMED,established,,qkd_bitstring,6780,"[{""algorithm"":""privacy-amplified-bitstring"",""bit_length"":6780,""byte_length"":848,""encoding"":""big-endian packed bits with explicit bit length"",""position"":1,""protocol"":""BB84"",""source"":""qkd""}]","{""pqc_exchange"":null,""qkd_classical"":{""algorithm"":""none"",""executed"":false,""mechanism"":""assumed"",""purpose"":""QKD classical transcript authentication"",""trust_assumption"":""The classical BB84 channel is assumed authenticated externally."",""verified"":null}}","{""qkd_transcript_hash_sha384"":""7b840780fd54d784162eedb3ce8e0d0bdbaced6601a80ebe914fcca70dd09ca5222bb15136225e5b75fea1bea0d35fd0"",""qkd_transcript_version"":1}",3181589300,20000,10155,2031,8124,8124,6780,0.50775,0.339,0.01116751269035533,0.004780114722753346,0.007877892663712457,11,985,5,1046,16,2031,0.01116751269035533,0.00758247168882324,0.011370558375634518,0.00401529636711281,0.00758247168882324,1360696,,,,,,,,,,,,,,,,,,,,,,,,,,,,,,,,,,assumed,none,none,0,0,0,0,0,0,0,0,The classical BB84 channel is assumed authenticated externally.,,,,"{""implementation"":""cpython"",""platform"":""Windows-11-10.0.26200-SP0"",""processor"":""Intel64 Family 6 Model 158 Stepping 12, GenuineIntel"",""python"":""3.14.7""}",,,,,,,,,,,,,,,,,,,,,,,,,3181589300,"{""events"":[{""detail"":""QKD-ASSUMED"",""sequence"":0,""source"":""session"",""stage"":""session"",""state"":""started""},{""detail"":""BB84 post-processing completed."",""sequence"":1,""source"":""qkd"",""stage"":""bb84"",""state"":""completed""},{""detail"":""The classical BB84 channel is assumed authenticated externally."",""sequence"":2,""source"":""qkd"",""stage"":""classical_authentication"",""state"":""assumed_not_executed""},{""detail"":""Final key released after all profile checks."",""sequence"":3,""source"":""qkd"",""stage"":""key_release"",""state"":""released""},{""detail"":""Authenticated QKD key released."",""sequence"":4,""source"":""session"",""stage"":""session"",""state"":""established""}],""version"":1}"
1,013530a6-2f7f-4385-9ef7-3ec4c1961c2a,E2,amplitude-damping-0.02,1,1,eafcdacf-9f23-4290-b8e6-0d06ba663426,false,,0,171,2026-09-08T07:52:38.443764+00:00,17650279909722463272,QKD-ASSUMED,6382,3.14.7,CPython,2.5.0,0.16.0,0.16.0,50.0.1,0.1.0,Windows,11,10.0.26200,AMD64,"Intel64 Family 6 Model 158 Stepping 12, GenuineIntel",ac46477bb374bde1c0ace1ef0bcfbc26b199dcfa,true,1,E2,amplitude-damping-0.02,1,17650279909722463272,1,QKD-ASSUMED,QKD-ASSUMED,20000,"{""cascade_initial_block_factor"":0.73,""cascade_maximum_initial_block_size"":null,""cascade_maximum_lookback_steps"":null,""cascade_passes"":4,""phase_error_abort_threshold"":0.11,""sample_fraction"":0.2,""security_margin_bits"":0,""verification_tag_length"":32}",,[],"{""condition_id"":""amplitude-damping-0.02"",""experiment_kind"":""E2"",""qkd_stages"":[{""gamma"":0.02,""type"":""amplitude_damping""}],""replicate_index"":1,""seed"":17650279909722463272,""session"":{""internal_pqc_profile"":null,""profile"":""QKD-ASSUMED"",""qkd_authentication_profile"":""QKD-ASSUMED"",""qkd_postprocessing"":{""cascade_initial_block_factor"":0.73,""cascade_maximum_initial_block_size"":null,""cascade_maximum_lookback_steps"":null,""cascade_passes"":4,""phase_error_abort_threshold"":0.11,""sample_fraction"":0.2,""security_margin_bits"":0,""verification_tag_length"":32},""qkd_signal_count"":20000,""version"":1},""tags"":[],""version"":1}","[{""gamma"":0.02,""type"":""amplitude_damping""}]",,authentication explicitly assumed; no runtime material,,,,,,false,1,cbead5dfdd0a22d244fe5f02ea761f2b,QKD-ASSUMED,established,,qkd_bitstring,6858,"[{""algorithm"":""privacy-amplified-bitstring"",""bit_length"":6858,""byte_length"":858,""encoding"":""big-endian packed bits with explicit bit length"",""position"":1,""protocol"":""BB84"",""source"":""qkd""}]","{""pqc_exchange"":null,""qkd_classical"":{""algorithm"":""none"",""executed"":false,""mechanism"":""assumed"",""purpose"":""QKD classical transcript authentication"",""trust_assumption"":""The classical BB84 channel is assumed authenticated externally."",""verified"":null}}","{""qkd_transcript_hash_sha384"":""e848ff2f70daff43d397de1787f21d2f3ff44c70330c39a716ad6fcd00c4dc3d8017bae65bb159a4f3a99b645dc8e027"",""qkd_transcript_version"":1}",3163175900,20000,9992,1999,7993,7993,6858,0.4996,0.3429,0.008032128514056224,0.005982053838484547,0.007003501750875438,8,996,6,1003,14,1999,0.008032128514056224,0.0073058446757405925,0.009240658899156288,0.005384922217790187,0.0073058446757405925,1323969,,,,,,,,,,,,,,,,,,,,,,,,,,,,,,,,,,assumed,none,none,0,0,0,0,0,0,0,0,The classical BB84 channel is assumed authenticated externally.,,,,"{""implementation"":""cpython"",""platform"":""Windows-11-10.0.26200-SP0"",""processor"":""Intel64 Family 6 Model 158 Stepping 12, GenuineIntel"",""python"":""3.14.7""}",,,,,,,,,,,,,,,,,,,,,,,,,3163175900,"{""events"":[{""detail"":""QKD-ASSUMED"",""sequence"":0,""source"":""session"",""stage"":""session"",""state"":""started""},{""detail"":""BB84 post-processing completed."",""sequence"":1,""source"":""qkd"",""stage"":""bb84"",""state"":""completed""},{""detail"":""The classical BB84 channel is assumed authenticated externally."",""sequence"":2,""source"":""qkd"",""stage"":""classical_authentication"",""state"":""assumed_not_executed""},{""detail"":""Final key released after all profile checks."",""sequence"":3,""source"":""qkd"",""stage"":""key_release"",""state"":""released""},{""detail"":""Authenticated QKD key released."",""sequence"":4,""source"":""session"",""stage"":""session"",""state"":""established""}],""version"":1}"
1,c4eef1ec-1880-4c0f-90e1-12d607e536d7,E2,amplitude-damping-0.02,2,1,eafcdacf-9f23-4290-b8e6-0d06ba663426,false,,0,172,2026-09-08T07:52:41.728935+00:00,10275890097325055168,QKD-ASSUMED,6383,3.14.7,CPython,2.5.0,0.16.0,0.16.0,50.0.1,0.1.0,Windows,11,10.0.26200,AMD64,"Intel64 Family 6 Model 158 Stepping 12, GenuineIntel",ac46477bb374bde1c0ace1ef0bcfbc26b199dcfa,true,1,E2,amplitude-damping-0.02,2,10275890097325055168,1,QKD-ASSUMED,QKD-ASSUMED,20000,"{""cascade_initial_block_factor"":0.73,""cascade_maximum_initial_block_size"":null,""cascade_maximum_lookback_steps"":null,""cascade_passes"":4,""phase_error_abort_threshold"":0.11,""sample_fraction"":0.2,""security_margin_bits"":0,""verification_tag_length"":32}",,[],"{""condition_id"":""amplitude-damping-0.02"",""experiment_kind"":""E2"",""qkd_stages"":[{""gamma"":0.02,""type"":""amplitude_damping""}],""replicate_index"":2,""seed"":10275890097325055168,""session"":{""internal_pqc_profile"":null,""profile"":""QKD-ASSUMED"",""qkd_authentication_profile"":""QKD-ASSUMED"",""qkd_postprocessing"":{""cascade_initial_block_factor"":0.73,""cascade_maximum_initial_block_size"":null,""cascade_maximum_lookback_steps"":null,""cascade_passes"":4,""phase_error_abort_threshold"":0.11,""sample_fraction"":0.2,""security_margin_bits"":0,""verification_tag_length"":32},""qkd_signal_count"":20000,""version"":1},""tags"":[],""version"":1}","[{""gamma"":0.02,""type"":""amplitude_damping""}]",,authentication explicitly assumed; no runtime material,,,,,,false,1,4e24721b5b8db35f92886032f696977c,QKD-ASSUMED,established,,qkd_bitstring,6502,"[{""algorithm"":""privacy-amplified-bitstring"",""bit_length"":6502,""byte_length"":813,""encoding"":""big-endian packed bits with explicit bit length"",""position"":1,""protocol"":""BB84"",""source"":""qkd""}]","{""pqc_exchange"":null,""qkd_classical"":{""algorithm"":""none"",""executed"":false,""mechanism"":""assumed"",""purpose"":""QKD classical transcript authentication"",""trust_assumption"":""The classical BB84 channel is assumed authenticated externally."",""verified"":null}}","{""qkd_transcript_hash_sha384"":""a2f9aa1329349cac828ca781f9a123a53d2621d9e82f66b1e54df82fa675c45731fcae4a9a694af1500c8d9aad9116a9"",""qkd_transcript_version"":1}",3219201200,20000,10086,2018,8068,8068,6502,0.5043,0.3251,0.014127144298688193,0.0019474196689386564,0.007928642220019821,14,991,2,1027,16,2018,0.014127144298688193,0.008824112631370217,0.011106623586429725,0.006622516556291391,0.008824112631370217,1404758,,,,,,,,,,,,,,,,,,,,,,,,,,,,,,,,,,assumed,none,none,0,0,0,0,0,0,0,0,The classical BB84 channel is assumed authenticated externally.,,,,"{""implementation"":""cpython"",""platform"":""Windows-11-10.0.26200-SP0"",""processor"":""Intel64 Family 6 Model 158 Stepping 12, GenuineIntel"",""python"":""3.14.7""}",,,,,,,,,,,,,,,,,,,,,,,,,3219201200,"{""events"":[{""detail"":""QKD-ASSUMED"",""sequence"":0,""source"":""session"",""stage"":""session"",""state"":""started""},{""detail"":""BB84 post-processing completed."",""sequence"":1,""source"":""qkd"",""stage"":""bb84"",""state"":""completed""},{""detail"":""The classical BB84 channel is assumed authenticated externally."",""sequence"":2,""source"":""qkd"",""stage"":""classical_authentication"",""state"":""assumed_not_executed""},{""detail"":""Final key released after all profile checks."",""sequence"":3,""source"":""qkd"",""stage"":""key_release"",""state"":""released""},{""detail"":""Authenticated QKD key released."",""sequence"":4,""source"":""session"",""stage"":""session"",""state"":""established""}],""version"":1}"
1,400ab061-07f5-46f3-9f9e-f6fa1f7cb0e5,E2,amplitude-damping-0.02,3,1,eafcdacf-9f23-4290-b8e6-0d06ba663426,false,,0,173,2026-09-08T07:52:45.056052+00:00,2560992143136835749,QKD-ASSUMED,6346,3.14.7,CPython,2.5.0,0.16.0,0.16.0,50.0.1,0.1.0,Windows,11,10.0.26200,AMD64,"Intel64 Family 6 Model 158 Stepping 12, GenuineIntel",ac46477bb374bde1c0ace1ef0bcfbc26b199dcfa,true,1,E2,amplitude-damping-0.02,3,2560992143136835749,1,QKD-ASSUMED,QKD-ASSUMED,20000,"{""cascade_initial_block_factor"":0.73,""cascade_maximum_initial_block_size"":null,""cascade_maximum_lookback_steps"":null,""cascade_passes"":4,""phase_error_abort_threshold"":0.11,""sample_fraction"":0.2,""security_margin_bits"":0,""verification_tag_length"":32}",,[],"{""condition_id"":""amplitude-damping-0.02"",""experiment_kind"":""E2"",""qkd_stages"":[{""gamma"":0.02,""type"":""amplitude_damping""}],""replicate_index"":3,""seed"":2560992143136835749,""session"":{""internal_pqc_profile"":null,""profile"":""QKD-ASSUMED"",""qkd_authentication_profile"":""QKD-ASSUMED"",""qkd_postprocessing"":{""cascade_initial_block_factor"":0.73,""cascade_maximum_initial_block_size"":null,""cascade_maximum_lookback_steps"":null,""cascade_passes"":4,""phase_error_abort_threshold"":0.11,""sample_fraction"":0.2,""security_margin_bits"":0,""verification_tag_length"":32},""qkd_signal_count"":20000,""version"":1},""tags"":[],""version"":1}","[{""gamma"":0.02,""type"":""amplitude_damping""}]",,authentication explicitly assumed; no runtime material,,,,,,false,1,57cb5821b3b720caf84079820dc4d759,QKD-ASSUMED,established,,qkd_bitstring,6952,"[{""algorithm"":""privacy-amplified-bitstring"",""bit_length"":6952,""byte_length"":869,""encoding"":""big-endian packed bits with explicit bit length"",""position"":1,""protocol"":""BB84"",""source"":""qkd""}]","{""pqc_exchange"":null,""qkd_classical"":{""algorithm"":""none"",""executed"":false,""mechanism"":""assumed"",""purpose"":""QKD classical transcript authentication"",""trust_assumption"":""The classical BB84 channel is assumed authenticated externally."",""verified"":null}}","{""qkd_transcript_hash_sha384"":""fb1ffe6648c1ac5fa35535fbad398d3d34ff7f4eaae9b86b6039b463ecda2258eeb60bd50ace8ebdb10f9d760a2acae9"",""qkd_transcript_version"":1}",3260739100,20000,10000,2001,7999,7999,6952,0.5,0.3476,0.004012036108324975,0.00597609561752988,0.004997501249375313,4,997,6,1004,10,2001,0.00597609561752988,0.0073,0.008632804657699257,0.005977286312014346,0.0073,1444152,,,,,,,,,,,,,,,,,,,,,,,,,,,,,,,,,,assumed,none,none,0,0,0,0,0,0,0,0,The classical BB84 channel is assumed authenticated externally.,,,,"{""implementation"":""cpython"",""platform"":""Windows-11-10.0.26200-SP0"",""processor"":""Intel64 Family 6 Model 158 Stepping 12, GenuineIntel"",""python"":""3.14.7""}",,,,,,,,,,,,,,,,,,,,,,,,,3260739100,"{""events"":[{""detail"":""QKD-ASSUMED"",""sequence"":0,""source"":""session"",""stage"":""session"",""state"":""started""},{""detail"":""BB84 post-processing completed."",""sequence"":1,""source"":""qkd"",""stage"":""bb84"",""state"":""completed""},{""detail"":""The classical BB84 channel is assumed authenticated externally."",""sequence"":2,""source"":""qkd"",""stage"":""classical_authentication"",""state"":""assumed_not_executed""},{""detail"":""Final key released after all profile checks."",""sequence"":3,""source"":""qkd"",""stage"":""key_release"",""state"":""released""},{""detail"":""Authenticated QKD key released."",""sequence"":4,""source"":""session"",""stage"":""session"",""state"":""established""}],""version"":1}"
1,05a1991c-a877-41ff-b3ad-0f2481eb420b,E2,amplitude-damping-0.02,4,1,eafcdacf-9f23-4290-b8e6-0d06ba663426,false,,0,174,2026-09-08T07:52:48.314351+00:00,12742620438348193033,QKD-ASSUMED,6379,3.14.7,CPython,2.5.0,0.16.0,0.16.0,50.0.1,0.1.0,Windows,11,10.0.26200,AMD64,"Intel64 Family 6 Model 158 Stepping 12, GenuineIntel",ac46477bb374bde1c0ace1ef0bcfbc26b199dcfa,true,1,E2,amplitude-damping-0.02,4,12742620438348193033,1,QKD-ASSUMED,QKD-ASSUMED,20000,"{""cascade_initial_block_factor"":0.73,""cascade_maximum_initial_block_size"":null,""cascade_maximum_lookback_steps"":null,""cascade_passes"":4,""phase_error_abort_threshold"":0.11,""sample_fraction"":0.2,""security_margin_bits"":0,""verification_tag_length"":32}",,[],"{""condition_id"":""amplitude-damping-0.02"",""experiment_kind"":""E2"",""qkd_stages"":[{""gamma"":0.02,""type"":""amplitude_damping""}],""replicate_index"":4,""seed"":12742620438348193033,""session"":{""internal_pqc_profile"":null,""profile"":""QKD-ASSUMED"",""qkd_authentication_profile"":""QKD-ASSUMED"",""qkd_postprocessing"":{""cascade_initial_block_factor"":0.73,""cascade_maximum_initial_block_size"":null,""cascade_maximum_lookback_steps"":null,""cascade_passes"":4,""phase_error_abort_threshold"":0.11,""sample_fraction"":0.2,""security_margin_bits"":0,""verification_tag_length"":32},""qkd_signal_count"":20000,""version"":1},""tags"":[],""version"":1}","[{""gamma"":0.02,""type"":""amplitude_damping""}]",,authentication explicitly assumed; no runtime material,,,,,,false,1,05cfb9c5269b32e850b3d93ef4e0b0af,QKD-ASSUMED,established,,qkd_bitstring,6873,"[{""algorithm"":""privacy-amplified-bitstring"",""bit_length"":6873,""byte_length"":860,""encoding"":""big-endian packed bits with explicit bit length"",""position"":1,""protocol"":""BB84"",""source"":""qkd""}]","{""pqc_exchange"":null,""qkd_classical"":{""algorithm"":""none"",""executed"":false,""mechanism"":""assumed"",""purpose"":""QKD classical transcript authentication"",""trust_assumption"":""The classical BB84 channel is assumed authenticated externally."",""verified"":null}}","{""qkd_transcript_hash_sha384"":""7c286568ec153845eb97e07128a0bac5a4799bc1f97702b059f5e89539435c4d1a552f80e99947c9e403a6b4a5a7ddf8"",""qkd_transcript_version"":1}",3193065100,20000,9900,1981,7919,7919,6873,0.495,0.34365,0.007172131147540984,0.003980099502487562,0.005552751135790005,7,976,4,1005,11,1981,0.007172131147540984,0.006666666666666667,0.00943202788599549,0.003981684252438782,0.006666666666666667,1329784,,,,,,,,,,,,,,,,,,,,,,,,,,,,,,,,,,assumed,none,none,0,0,0,0,0,0,0,0,The classical BB84 channel is assumed authenticated externally.,,,,"{""implementation"":""cpython"",""platform"":""Windows-11-10.0.26200-SP0"",""processor"":""Intel64 Family 6 Model 158 Stepping 12, GenuineIntel"",""python"":""3.14.7""}",,,,,,,,,,,,,,,,,,,,,,,,,3193065100,"{""events"":[{""detail"":""QKD-ASSUMED"",""sequence"":0,""source"":""session"",""stage"":""session"",""state"":""started""},{""detail"":""BB84 post-processing completed."",""sequence"":1,""source"":""qkd"",""stage"":""bb84"",""state"":""completed""},{""detail"":""The classical BB84 channel is assumed authenticated externally."",""sequence"":2,""source"":""qkd"",""stage"":""classical_authentication"",""state"":""assumed_not_executed""},{""detail"":""Final key released after all profile checks."",""sequence"":3,""source"":""qkd"",""stage"":""key_release"",""state"":""released""},{""detail"":""Authenticated QKD key released."",""sequence"":4,""source"":""session"",""stage"":""session"",""state"":""established""}],""version"":1}"
1,fc68f8dc-eed9-4d23-82b3-c7cdc2dc0cb7,E2,amplitude-damping-0.02,5,1,eafcdacf-9f23-4290-b8e6-0d06ba663426,false,,0,175,2026-09-08T07:52:51.572635+00:00,7742040950339146280,QKD-ASSUMED,6378,3.14.7,CPython,2.5.0,0.16.0,0.16.0,50.0.1,0.1.0,Windows,11,10.0.26200,AMD64,"Intel64 Family 6 Model 158 Stepping 12, GenuineIntel",ac46477bb374bde1c0ace1ef0bcfbc26b199dcfa,true,1,E2,amplitude-damping-0.02,5,7742040950339146280,1,QKD-ASSUMED,QKD-ASSUMED,20000,"{""cascade_initial_block_factor"":0.73,""cascade_maximum_initial_block_size"":null,""cascade_maximum_lookback_steps"":null,""cascade_passes"":4,""phase_error_abort_threshold"":0.11,""sample_fraction"":0.2,""security_margin_bits"":0,""verification_tag_length"":32}",,[],"{""condition_id"":""amplitude-damping-0.02"",""experiment_kind"":""E2"",""qkd_stages"":[{""gamma"":0.02,""type"":""amplitude_damping""}],""replicate_index"":5,""seed"":7742040950339146280,""session"":{""internal_pqc_profile"":null,""profile"":""QKD-ASSUMED"",""qkd_authentication_profile"":""QKD-ASSUMED"",""qkd_postprocessing"":{""cascade_initial_block_factor"":0.73,""cascade_maximum_initial_block_size"":null,""cascade_maximum_lookback_steps"":null,""cascade_passes"":4,""phase_error_abort_threshold"":0.11,""sample_fraction"":0.2,""security_margin_bits"":0,""verification_tag_length"":32},""qkd_signal_count"":20000,""version"":1},""tags"":[],""version"":1}","[{""gamma"":0.02,""type"":""amplitude_damping""}]",,authentication explicitly assumed; no runtime material,,,,,,false,1,dce20a83c0c7d4461e58ac78a687db78,QKD-ASSUMED,established,,qkd_bitstring,6685,"[{""algorithm"":""privacy-amplified-bitstring"",""bit_length"":6685,""byte_length"":836,""encoding"":""big-endian packed bits with explicit bit length"",""position"":1,""protocol"":""BB84"",""source"":""qkd""}]","{""pqc_exchange"":null,""qkd_classical"":{""algorithm"":""none"",""executed"":false,""mechanism"":""assumed"",""purpose"":""QKD classical transcript authentication"",""trust_assumption"":""The classical BB84 channel is assumed authenticated externally."",""verified"":null}}","{""qkd_transcript_hash_sha384"":""1268a4f63b7d8d9f7d008374591069ca0cb98f87a3323f46b750800b12574737279630b9fb649560e2aaaad08f8d0e3e"",""qkd_transcript_version"":1}",3189034900,20000,9998,2001,7997,7997,6685,0.4999,0.33425,0.010090817356205853,0.005940594059405941,0.0079960019990005,10,991,6,1010,16,2001,0.010090817356205853,0.008101620324064814,0.011106623586429725,0.005152596115735236,0.008101620324064814,1363931,,,,,,,,,,,,,,,,,,,,,,,,,,,,,,,,,,assumed,none,none,0,0,0,0,0,0,0,0,The classical BB84 channel is assumed authenticated externally.,,,,"{""implementation"":""cpython"",""platform"":""Windows-11-10.0.26200-SP0"",""processor"":""Intel64 Family 6 Model 158 Stepping 12, GenuineIntel"",""python"":""3.14.7""}",,,,,,,,,,,,,,,,,,,,,,,,,3189034900,"{""events"":[{""detail"":""QKD-ASSUMED"",""sequence"":0,""source"":""session"",""stage"":""session"",""state"":""started""},{""detail"":""BB84 post-processing completed."",""sequence"":1,""source"":""qkd"",""stage"":""bb84"",""state"":""completed""},{""detail"":""The classical BB84 channel is assumed authenticated externally."",""sequence"":2,""source"":""qkd"",""stage"":""classical_authentication"",""state"":""assumed_not_executed""},{""detail"":""Final key released after all profile checks."",""sequence"":3,""source"":""qkd"",""stage"":""key_release"",""state"":""released""},{""detail"":""Authenticated QKD key released."",""sequence"":4,""source"":""session"",""stage"":""session"",""state"":""established""}],""version"":1}"
1,4ef94d28-72ea-4a70-8a09-cb5e8873e26b,E2,amplitude-damping-0.02,6,1,eafcdacf-9f23-4290-b8e6-0d06ba663426,false,,0,176,2026-09-08T07:52:54.826839+00:00,18372838079274770999,QKD-ASSUMED,6383,3.14.7,CPython,2.5.0,0.16.0,0.16.0,50.0.1,0.1.0,Windows,11,10.0.26200,AMD64,"Intel64 Family 6 Model 158 Stepping 12, GenuineIntel",ac46477bb374bde1c0ace1ef0bcfbc26b199dcfa,true,1,E2,amplitude-damping-0.02,6,18372838079274770999,1,QKD-ASSUMED,QKD-ASSUMED,20000,"{""cascade_initial_block_factor"":0.73,""cascade_maximum_initial_block_size"":null,""cascade_maximum_lookback_steps"":null,""cascade_passes"":4,""phase_error_abort_threshold"":0.11,""sample_fraction"":0.2,""security_margin_bits"":0,""verification_tag_length"":32}",,[],"{""condition_id"":""amplitude-damping-0.02"",""experiment_kind"":""E2"",""qkd_stages"":[{""gamma"":0.02,""type"":""amplitude_damping""}],""replicate_index"":6,""seed"":18372838079274770999,""session"":{""internal_pqc_profile"":null,""profile"":""QKD-ASSUMED"",""qkd_authentication_profile"":""QKD-ASSUMED"",""qkd_postprocessing"":{""cascade_initial_block_factor"":0.73,""cascade_maximum_initial_block_size"":null,""cascade_maximum_lookback_steps"":null,""cascade_passes"":4,""phase_error_abort_threshold"":0.11,""sample_fraction"":0.2,""security_margin_bits"":0,""verification_tag_length"":32},""qkd_signal_count"":20000,""version"":1},""tags"":[],""version"":1}","[{""gamma"":0.02,""type"":""amplitude_damping""}]",,authentication explicitly assumed; no runtime material,,,,,,false,1,e0093f58abc671f0459f7d45b8b5a28b,QKD-ASSUMED,established,,qkd_bitstring,7037,"[{""algorithm"":""privacy-amplified-bitstring"",""bit_length"":7037,""byte_length"":880,""encoding"":""big-endian packed bits with explicit bit length"",""position"":1,""protocol"":""BB84"",""source"":""qkd""}]","{""pqc_exchange"":null,""qkd_classical"":{""algorithm"":""none"",""executed"":false,""mechanism"":""assumed"",""purpose"":""QKD classical transcript authentication"",""trust_assumption"":""The classical BB84 channel is assumed authenticated externally."",""verified"":null}}","{""qkd_transcript_hash_sha384"":""53b55ea3ac93b929983033b9b820c1ac930166b73e44d4c90abe0d6d600d641a37ba6542ac45e890cbceddf45aa607ff"",""qkd_transcript_version"":1}",3187511000,20000,10086,2018,8068,8068,7037,0.5043,0.35185,0.007960199004975124,0.006910167818361303,0.007433102081268583,8,1005,7,1013,15,2018,0.007960199004975124,0.005651397977394408,0.005970149253731343,0.005334914048606995,0.005651397977394408,1249872,,,,,,,,,,,,,,,,,,,,,,,,,,,,,,,,,,assumed,none,none,0,0,0,0,0,0,0,0,The classical BB84 channel is assumed authenticated externally.,,,,"{""implementation"":""cpython"",""platform"":""Windows-11-10.0.26200-SP0"",""processor"":""Intel64 Family 6 Model 158 Stepping 12, GenuineIntel"",""python"":""3.14.7""}",,,,,,,,,,,,,,,,,,,,,,,,,3187511000,"{""events"":[{""detail"":""QKD-ASSUMED"",""sequence"":0,""source"":""session"",""stage"":""session"",""state"":""started""},{""detail"":""BB84 post-processing completed."",""sequence"":1,""source"":""qkd"",""stage"":""bb84"",""state"":""completed""},{""detail"":""The classical BB84 channel is assumed authenticated externally."",""sequence"":2,""source"":""qkd"",""stage"":""classical_authentication"",""state"":""assumed_not_executed""},{""detail"":""Final key released after all profile checks."",""sequence"":3,""source"":""qkd"",""stage"":""key_release"",""state"":""released""},{""detail"":""Authenticated QKD key released."",""sequence"":4,""source"":""session"",""stage"":""session"",""state"":""established""}],""version"":1}"
1,3f978de4-8456-486a-8961-0682c8aeea62,E2,amplitude-damping-0.02,7,1,eafcdacf-9f23-4290-b8e6-0d06ba663426,false,,0,177,2026-09-08T07:52:58.105381+00:00,6793852041220364644,QKD-ASSUMED,6379,3.14.7,CPython,2.5.0,0.16.0,0.16.0,50.0.1,0.1.0,Windows,11,10.0.26200,AMD64,"Intel64 Family 6 Model 158 Stepping 12, GenuineIntel",ac46477bb374bde1c0ace1ef0bcfbc26b199dcfa,true,1,E2,amplitude-damping-0.02,7,6793852041220364644,1,QKD-ASSUMED,QKD-ASSUMED,20000,"{""cascade_initial_block_factor"":0.73,""cascade_maximum_initial_block_size"":null,""cascade_maximum_lookback_steps"":null,""cascade_passes"":4,""phase_error_abort_threshold"":0.11,""sample_fraction"":0.2,""security_margin_bits"":0,""verification_tag_length"":32}",,[],"{""condition_id"":""amplitude-damping-0.02"",""experiment_kind"":""E2"",""qkd_stages"":[{""gamma"":0.02,""type"":""amplitude_damping""}],""replicate_index"":7,""seed"":6793852041220364644,""session"":{""internal_pqc_profile"":null,""profile"":""QKD-ASSUMED"",""qkd_authentication_profile"":""QKD-ASSUMED"",""qkd_postprocessing"":{""cascade_initial_block_factor"":0.73,""cascade_maximum_initial_block_size"":null,""cascade_maximum_lookback_steps"":null,""cascade_passes"":4,""phase_error_abort_threshold"":0.11,""sample_fraction"":0.2,""security_margin_bits"":0,""verification_tag_length"":32},""qkd_signal_count"":20000,""version"":1},""tags"":[],""version"":1}","[{""gamma"":0.02,""type"":""amplitude_damping""}]",,authentication explicitly assumed; no runtime material,,,,,,false,1,0f04f04fa6c96416d5b42d72f9d3e36a,QKD-ASSUMED,established,,qkd_bitstring,6802,"[{""algorithm"":""privacy-amplified-bitstring"",""bit_length"":6802,""byte_length"":851,""encoding"":""big-endian packed bits with explicit bit length"",""position"":1,""protocol"":""BB84"",""source"":""qkd""}]","{""pqc_exchange"":null,""qkd_classical"":{""algorithm"":""none"",""executed"":false,""mechanism"":""assumed"",""purpose"":""QKD classical transcript authentication"",""trust_assumption"":""The classical BB84 channel is assumed authenticated externally."",""verified"":null}}","{""qkd_transcript_hash_sha384"":""9e36d7b5e33520e1fbc9f1a3a25482eb97f4f61dfa6ac4711b7ff53d617a0cd3b79666f8aec63910916b9a142d3be10a"",""qkd_transcript_version"":1}",3211060600,20000,10007,2002,8005,8005,6802,0.50035,0.3401,0.01098901098901099,0.002997002997002997,0.006993006993006993,11,1001,3,1001,14,2002,0.01098901098901099,0.00599580293794344,0.008195082950229863,0.0037969624300559553,0.00599580293794344,1262943,,,,,,,,,,,,,,,,,,,,,,,,,,,,,,,,,,assumed,none,none,0,0,0,0,0,0,0,0,The classical BB84 channel is assumed authenticated externally.,,,,"{""implementation"":""cpython"",""platform"":""Windows-11-10.0.26200-SP0"",""processor"":""Intel64 Family 6 Model 158 Stepping 12, GenuineIntel"",""python"":""3.14.7""}",,,,,,,,,,,,,,,,,,,,,,,,,3211060600,"{""events"":[{""detail"":""QKD-ASSUMED"",""sequence"":0,""source"":""session"",""stage"":""session"",""state"":""started""},{""detail"":""BB84 post-processing completed."",""sequence"":1,""source"":""qkd"",""stage"":""bb84"",""state"":""completed""},{""detail"":""The classical BB84 channel is assumed authenticated externally."",""sequence"":2,""source"":""qkd"",""stage"":""classical_authentication"",""state"":""assumed_not_executed""},{""detail"":""Final key released after all profile checks."",""sequence"":3,""source"":""qkd"",""stage"":""key_release"",""state"":""released""},{""detail"":""Authenticated QKD key released."",""sequence"":4,""source"":""session"",""stage"":""session"",""state"":""established""}],""version"":1}"
1,80c82155-083b-4946-9dff-84456068e754,E2,amplitude-damping-0.02,8,1,eafcdacf-9f23-4290-b8e6-0d06ba663426,false,,0,178,2026-09-08T07:53:01.368009+00:00,16794238476484872406,QKD-ASSUMED,6382,3.14.7,CPython,2.5.0,0.16.0,0.16.0,50.0.1,0.1.0,Windows,11,10.0.26200,AMD64,"Intel64 Family 6 Model 158 Stepping 12, GenuineIntel",ac46477bb374bde1c0ace1ef0bcfbc26b199dcfa,true,1,E2,amplitude-damping-0.02,8,16794238476484872406,1,QKD-ASSUMED,QKD-ASSUMED,20000,"{""cascade_initial_block_factor"":0.73,""cascade_maximum_initial_block_size"":null,""cascade_maximum_lookback_steps"":null,""cascade_passes"":4,""phase_error_abort_threshold"":0.11,""sample_fraction"":0.2,""security_margin_bits"":0,""verification_tag_length"":32}",,[],"{""condition_id"":""amplitude-damping-0.02"",""experiment_kind"":""E2"",""qkd_stages"":[{""gamma"":0.02,""type"":""amplitude_damping""}],""replicate_index"":8,""seed"":16794238476484872406,""session"":{""internal_pqc_profile"":null,""profile"":""QKD-ASSUMED"",""qkd_authentication_profile"":""QKD-ASSUMED"",""qkd_postprocessing"":{""cascade_initial_block_factor"":0.73,""cascade_maximum_initial_block_size"":null,""cascade_maximum_lookback_steps"":null,""cascade_passes"":4,""phase_error_abort_threshold"":0.11,""sample_fraction"":0.2,""security_margin_bits"":0,""verification_tag_length"":32},""qkd_signal_count"":20000,""version"":1},""tags"":[],""version"":1}","[{""gamma"":0.02,""type"":""amplitude_damping""}]",,authentication explicitly assumed; no runtime material,,,,,,false,1,0821b54420ca9f0c8cf953ce9c91505f,QKD-ASSUMED,established,,qkd_bitstring,6743,"[{""algorithm"":""privacy-amplified-bitstring"",""bit_length"":6743,""byte_length"":843,""encoding"":""big-endian packed bits with explicit bit length"",""position"":1,""protocol"":""BB84"",""source"":""qkd""}]","{""pqc_exchange"":null,""qkd_classical"":{""algorithm"":""none"",""executed"":false,""mechanism"":""assumed"",""purpose"":""QKD classical transcript authentication"",""trust_assumption"":""The classical BB84 channel is assumed authenticated externally."",""verified"":null}}","{""qkd_transcript_hash_sha384"":""3d01419094517c9a12f8464f9121043a639b3c1ee760fe667cc521acc778b8d64ab53d62ef0b68571670b2788cc7c91a"",""qkd_transcript_version"":1}",3195406700,20000,10042,2010,8032,8032,6743,0.5021,0.33715,0.011011011011011011,0.003956478733926805,0.007462686567164179,11,999,4,1011,15,2010,0.011011011011011011,0.006970722963553077,0.009416950510919656,0.00455355375173233,0.006970722963553077,1335656,,,,,,,,,,,,,,,,,,,,,,,,,,,,,,,,,,assumed,none,none,0,0,0,0,0,0,0,0,The classical BB84 channel is assumed authenticated externally.,,,,"{""implementation"":""cpython"",""platform"":""Windows-11-10.0.26200-SP0"",""processor"":""Intel64 Family 6 Model 158 Stepping 12, GenuineIntel"",""python"":""3.14.7""}",,,,,,,,,,,,,,,,,,,,,,,,,3195406700,"{""events"":[{""detail"":""QKD-ASSUMED"",""sequence"":0,""source"":""session"",""stage"":""session"",""state"":""started""},{""detail"":""BB84 post-processing completed."",""sequence"":1,""source"":""qkd"",""stage"":""bb84"",""state"":""completed""},{""detail"":""The classical BB84 channel is assumed authenticated externally."",""sequence"":2,""source"":""qkd"",""stage"":""classical_authentication"",""state"":""assumed_not_executed""},{""detail"":""Final key released after all profile checks."",""sequence"":3,""source"":""qkd"",""stage"":""key_release"",""state"":""released""},{""detail"":""Authenticated QKD key released."",""sequence"":4,""source"":""session"",""stage"":""session"",""state"":""established""}],""version"":1}"
1,d810acf9-b70d-4c7c-abbf-24b3093c6068,E2,amplitude-damping-0.02,9,1,eafcdacf-9f23-4290-b8e6-0d06ba663426,false,,0,179,2026-09-08T07:53:04.648108+00:00,158329615078063459,QKD-ASSUMED,6378,3.14.7,CPython,2.5.0,0.16.0,0.16.0,50.0.1,0.1.0,Windows,11,10.0.26200,AMD64,"Intel64 Family 6 Model 158 Stepping 12, GenuineIntel",ac46477bb374bde1c0ace1ef0bcfbc26b199dcfa,true,1,E2,amplitude-damping-0.02,9,158329615078063459,1,QKD-ASSUMED,QKD-ASSUMED,20000,"{""cascade_initial_block_factor"":0.73,""cascade_maximum_initial_block_size"":null,""cascade_maximum_lookback_steps"":null,""cascade_passes"":4,""phase_error_abort_threshold"":0.11,""sample_fraction"":0.2,""security_margin_bits"":0,""verification_tag_length"":32}",,[],"{""condition_id"":""amplitude-damping-0.02"",""experiment_kind"":""E2"",""qkd_stages"":[{""gamma"":0.02,""type"":""amplitude_damping""}],""replicate_index"":9,""seed"":158329615078063459,""session"":{""internal_pqc_profile"":null,""profile"":""QKD-ASSUMED"",""qkd_authentication_profile"":""QKD-ASSUMED"",""qkd_postprocessing"":{""cascade_initial_block_factor"":0.73,""cascade_maximum_initial_block_size"":null,""cascade_maximum_lookback_steps"":null,""cascade_passes"":4,""phase_error_abort_threshold"":0.11,""sample_fraction"":0.2,""security_margin_bits"":0,""verification_tag_length"":32},""qkd_signal_count"":20000,""version"":1},""tags"":[],""version"":1}","[{""gamma"":0.02,""type"":""amplitude_damping""}]",,authentication explicitly assumed; no runtime material,,,,,,false,1,da8153f56ff39c09c9d9fd51b953cff7,QKD-ASSUMED,established,,qkd_bitstring,6883,"[{""algorithm"":""privacy-amplified-bitstring"",""bit_length"":6883,""byte_length"":861,""encoding"":""big-endian packed bits with explicit bit length"",""position"":1,""protocol"":""BB84"",""source"":""qkd""}]","{""pqc_exchange"":null,""qkd_classical"":{""algorithm"":""none"",""executed"":false,""mechanism"":""assumed"",""purpose"":""QKD classical transcript authentication"",""trust_assumption"":""The classical BB84 channel is assumed authenticated externally."",""verified"":null}}","{""qkd_transcript_hash_sha384"":""c1f54aec7a456c2421b6845a6ac32eda3953df2235b69be6511102b54d6377d021780d9bed1a0276b7cb3aabfdb84f30"",""qkd_transcript_version"":1}",3214361900,20000,10008,2002,8006,8006,6883,0.5004,0.34415,0.009036144578313253,0.003976143141153081,0.006493506493506494,9,996,4,1006,13,2002,0.009036144578313253,0.006294964028776978,0.007630522088353414,0.004972155926809865,0.006294964028776978,1291363,,,,,,,,,,,,,,,,,,,,,,,,,,,,,,,,,,assumed,none,none,0,0,0,0,0,0,0,0,The classical BB84 channel is assumed authenticated externally.,,,,"{""implementation"":""cpython"",""platform"":""Windows-11-10.0.26200-SP0"",""processor"":""Intel64 Family 6 Model 158 Stepping 12, GenuineIntel"",""python"":""3.14.7""}",,,,,,,,,,,,,,,,,,,,,,,,,3214361900,"{""events"":[{""detail"":""QKD-ASSUMED"",""sequence"":0,""source"":""session"",""stage"":""session"",""state"":""started""},{""detail"":""BB84 post-processing completed."",""sequence"":1,""source"":""qkd"",""stage"":""bb84"",""state"":""completed""},{""detail"":""The classical BB84 channel is assumed authenticated externally."",""sequence"":2,""source"":""qkd"",""stage"":""classical_authentication"",""state"":""assumed_not_executed""},{""detail"":""Final key released after all profile checks."",""sequence"":3,""source"":""qkd"",""stage"":""key_release"",""state"":""released""},{""detail"":""Authenticated QKD key released."",""sequence"":4,""source"":""session"",""stage"":""session"",""state"":""established""}],""version"":1}"
1,c59d57b3-e8c5-4853-9b17-a466481b9e17,E2,amplitude-damping-0.05,0,1,eafcdacf-9f23-4290-b8e6-0d06ba663426,false,,0,180,2026-09-08T07:53:07.936886+00:00,1566061281333991778,QKD-ASSUMED,6380,3.14.7,CPython,2.5.0,0.16.0,0.16.0,50.0.1,0.1.0,Windows,11,10.0.26200,AMD64,"Intel64 Family 6 Model 158 Stepping 12, GenuineIntel",ac46477bb374bde1c0ace1ef0bcfbc26b199dcfa,true,1,E2,amplitude-damping-0.05,0,1566061281333991778,1,QKD-ASSUMED,QKD-ASSUMED,20000,"{""cascade_initial_block_factor"":0.73,""cascade_maximum_initial_block_size"":null,""cascade_maximum_lookback_steps"":null,""cascade_passes"":4,""phase_error_abort_threshold"":0.11,""sample_fraction"":0.2,""security_margin_bits"":0,""verification_tag_length"":32}",,[],"{""condition_id"":""amplitude-damping-0.05"",""experiment_kind"":""E2"",""qkd_stages"":[{""gamma"":0.05,""type"":""amplitude_damping""}],""replicate_index"":0,""seed"":1566061281333991778,""session"":{""internal_pqc_profile"":null,""profile"":""QKD-ASSUMED"",""qkd_authentication_profile"":""QKD-ASSUMED"",""qkd_postprocessing"":{""cascade_initial_block_factor"":0.73,""cascade_maximum_initial_block_size"":null,""cascade_maximum_lookback_steps"":null,""cascade_passes"":4,""phase_error_abort_threshold"":0.11,""sample_fraction"":0.2,""security_margin_bits"":0,""verification_tag_length"":32},""qkd_signal_count"":20000,""version"":1},""tags"":[],""version"":1}","[{""gamma"":0.05,""type"":""amplitude_damping""}]",,authentication explicitly assumed; no runtime material,,,,,,false,1,260b4e793561374195a7468b9d284fff,QKD-ASSUMED,established,,qkd_bitstring,5312,"[{""algorithm"":""privacy-amplified-bitstring"",""bit_length"":5312,""byte_length"":664,""encoding"":""big-endian packed bits with explicit bit length"",""position"":1,""protocol"":""BB84"",""source"":""qkd""}]","{""pqc_exchange"":null,""qkd_classical"":{""algorithm"":""none"",""executed"":false,""mechanism"":""assumed"",""purpose"":""QKD classical transcript authentication"",""trust_assumption"":""The classical BB84 channel is assumed authenticated externally."",""verified"":null}}","{""qkd_transcript_hash_sha384"":""d09eee1b3ce15d6f28db4604ac5002a2cb3b065d70afe92009b4c759e967c162e256ccb2bf71635b23b876d539fb5249"",""qkd_transcript_version"":1}",3219057800,20000,9928,1986,7942,7942,5312,0.4964,0.2656,0.025974025974025976,0.012182741116751269,0.019133937562940583,26,1001,12,985,38,1986,0.025974025974025976,0.018533440773569703,0.024380495603517186,0.012591389114541024,0.018533440773569703,1631235,,,,,,,,,,,,,,,,,,,,,,,,,,,,,,,,,,assumed,none,none,0,0,0,0,0,0,0,0,The classical BB84 channel is assumed authenticated externally.,,,,"{""implementation"":""cpython"",""platform"":""Windows-11-10.0.26200-SP0"",""processor"":""Intel64 Family 6 Model 158 Stepping 12, GenuineIntel"",""python"":""3.14.7""}",,,,,,,,,,,,,,,,,,,,,,,,,3219057800,"{""events"":[{""detail"":""QKD-ASSUMED"",""sequence"":0,""source"":""session"",""stage"":""session"",""state"":""started""},{""detail"":""BB84 post-processing completed."",""sequence"":1,""source"":""qkd"",""stage"":""bb84"",""state"":""completed""},{""detail"":""The classical BB84 channel is assumed authenticated externally."",""sequence"":2,""source"":""qkd"",""stage"":""classical_authentication"",""state"":""assumed_not_executed""},{""detail"":""Final key released after all profile checks."",""sequence"":3,""source"":""qkd"",""stage"":""key_release"",""state"":""released""},{""detail"":""Authenticated QKD key released."",""sequence"":4,""source"":""session"",""stage"":""session"",""state"":""established""}],""version"":1}"
1,d657dd03-150e-4a7a-8d92-0657c921186c,E2,amplitude-damping-0.05,1,1,eafcdacf-9f23-4290-b8e6-0d06ba663426,false,,0,181,2026-09-08T07:53:11.243861+00:00,2027703922805772448,QKD-ASSUMED,6381,3.14.7,CPython,2.5.0,0.16.0,0.16.0,50.0.1,0.1.0,Windows,11,10.0.26200,AMD64,"Intel64 Family 6 Model 158 Stepping 12, GenuineIntel",ac46477bb374bde1c0ace1ef0bcfbc26b199dcfa,true,1,E2,amplitude-damping-0.05,1,2027703922805772448,1,QKD-ASSUMED,QKD-ASSUMED,20000,"{""cascade_initial_block_factor"":0.73,""cascade_maximum_initial_block_size"":null,""cascade_maximum_lookback_steps"":null,""cascade_passes"":4,""phase_error_abort_threshold"":0.11,""sample_fraction"":0.2,""security_margin_bits"":0,""verification_tag_length"":32}",,[],"{""condition_id"":""amplitude-damping-0.05"",""experiment_kind"":""E2"",""qkd_stages"":[{""gamma"":0.05,""type"":""amplitude_damping""}],""replicate_index"":1,""seed"":2027703922805772448,""session"":{""internal_pqc_profile"":null,""profile"":""QKD-ASSUMED"",""qkd_authentication_profile"":""QKD-ASSUMED"",""qkd_postprocessing"":{""cascade_initial_block_factor"":0.73,""cascade_maximum_initial_block_size"":null,""cascade_maximum_lookback_steps"":null,""cascade_passes"":4,""phase_error_abort_threshold"":0.11,""sample_fraction"":0.2,""security_margin_bits"":0,""verification_tag_length"":32},""qkd_signal_count"":20000,""version"":1},""tags"":[],""version"":1}","[{""gamma"":0.05,""type"":""amplitude_damping""}]",,authentication explicitly assumed; no runtime material,,,,,,false,1,6c33c04cf365dc868ea4998425e1013e,QKD-ASSUMED,established,,qkd_bitstring,5459,"[{""algorithm"":""privacy-amplified-bitstring"",""bit_length"":5459,""byte_length"":683,""encoding"":""big-endian packed bits with explicit bit length"",""position"":1,""protocol"":""BB84"",""source"":""qkd""}]","{""pqc_exchange"":null,""qkd_classical"":{""algorithm"":""none"",""executed"":false,""mechanism"":""assumed"",""purpose"":""QKD classical transcript authentication"",""trust_assumption"":""The classical BB84 channel is assumed authenticated externally."",""verified"":null}}","{""qkd_transcript_hash_sha384"":""28733cf78391e32c3806ac6b599afb5b606c86e7f97d691dce8a701df118874d5eed056a8745a15637b926ffd6f51dc1"",""qkd_transcript_version"":1}",3235252400,20000,10040,2009,8031,8031,5459,0.502,0.27295,0.022885572139303482,0.017928286852589643,0.02040816326530612,23,1005,18,1004,41,2009,0.022885572139303482,0.019223107569721117,0.025283695002986262,0.013155272074945186,0.019223107569721117,1674742,,,,,,,,,,,,,,,,,,,,,,,,,,,,,,,,,,assumed,none,none,0,0,0,0,0,0,0,0,The classical BB84 channel is assumed authenticated externally.,,,,"{""implementation"":""cpython"",""platform"":""Windows-11-10.0.26200-SP0"",""processor"":""Intel64 Family 6 Model 158 Stepping 12, GenuineIntel"",""python"":""3.14.7""}",,,,,,,,,,,,,,,,,,,,,,,,,3235252400,"{""events"":[{""detail"":""QKD-ASSUMED"",""sequence"":0,""source"":""session"",""stage"":""session"",""state"":""started""},{""detail"":""BB84 post-processing completed."",""sequence"":1,""source"":""qkd"",""stage"":""bb84"",""state"":""completed""},{""detail"":""The classical BB84 channel is assumed authenticated externally."",""sequence"":2,""source"":""qkd"",""stage"":""classical_authentication"",""state"":""assumed_not_executed""},{""detail"":""Final key released after all profile checks."",""sequence"":3,""source"":""qkd"",""stage"":""key_release"",""state"":""released""},{""detail"":""Authenticated QKD key released."",""sequence"":4,""source"":""session"",""stage"":""session"",""state"":""established""}],""version"":1}"
1,6a540715-c5a4-495a-87cb-0d6f1677ce47,E2,amplitude-damping-0.05,2,1,eafcdacf-9f23-4290-b8e6-0d06ba663426,false,,0,182,2026-09-08T07:53:14.521039+00:00,254744482613055411,QKD-ASSUMED,6376,3.14.7,CPython,2.5.0,0.16.0,0.16.0,50.0.1,0.1.0,Windows,11,10.0.26200,AMD64,"Intel64 Family 6 Model 158 Stepping 12, GenuineIntel",ac46477bb374bde1c0ace1ef0bcfbc26b199dcfa,true,1,E2,amplitude-damping-0.05,2,254744482613055411,1,QKD-ASSUMED,QKD-ASSUMED,20000,"{""cascade_initial_block_factor"":0.73,""cascade_maximum_initial_block_size"":null,""cascade_maximum_lookback_steps"":null,""cascade_passes"":4,""phase_error_abort_threshold"":0.11,""sample_fraction"":0.2,""security_margin_bits"":0,""verification_tag_length"":32}",,[],"{""condition_id"":""amplitude-damping-0.05"",""experiment_kind"":""E2"",""qkd_stages"":[{""gamma"":0.05,""type"":""amplitude_damping""}],""replicate_index"":2,""seed"":254744482613055411,""session"":{""internal_pqc_profile"":null,""profile"":""QKD-ASSUMED"",""qkd_authentication_profile"":""QKD-ASSUMED"",""qkd_postprocessing"":{""cascade_initial_block_factor"":0.73,""cascade_maximum_initial_block_size"":null,""cascade_maximum_lookback_steps"":null,""cascade_passes"":4,""phase_error_abort_threshold"":0.11,""sample_fraction"":0.2,""security_margin_bits"":0,""verification_tag_length"":32},""qkd_signal_count"":20000,""version"":1},""tags"":[],""version"":1}","[{""gamma"":0.05,""type"":""amplitude_damping""}]",,authentication explicitly assumed; no runtime material,,,,,,false,1,aed1f3b793738d396d964b792fa40cca,QKD-ASSUMED,established,,qkd_bitstring,5070,"[{""algorithm"":""privacy-amplified-bitstring"",""bit_length"":5070,""byte_length"":634,""encoding"":""big-endian packed bits with explicit bit length"",""position"":1,""protocol"":""BB84"",""source"":""qkd""}]","{""pqc_exchange"":null,""qkd_classical"":{""algorithm"":""none"",""executed"":false,""mechanism"":""assumed"",""purpose"":""QKD classical transcript authentication"",""trust_assumption"":""The classical BB84 channel is assumed authenticated externally."",""verified"":null}}","{""qkd_transcript_hash_sha384"":""8be2c66722e2bd2638235ab119ac1033e71940b12e1a3457dfb9865d1a9d4369ba7ade56676d43b26e4c7191dd6f3782"",""qkd_transcript_version"":1}",3205822600,20000,9981,1997,7984,7984,5070,0.49905,0.2535,0.028684470820969338,0.011156186612576065,0.020030045067601403,29,1011,11,986,40,1997,0.028684470820969338,0.02144073740106202,0.02967359050445104,0.012992285830288266,0.02144073740106202,1735413,,,,,,,,,,,,,,,,,,,,,,,,,,,,,,,,,,assumed,none,none,0,0,0,0,0,0,0,0,The classical BB84 channel is assumed authenticated externally.,,,,"{""implementation"":""cpython"",""platform"":""Windows-11-10.0.26200-SP0"",""processor"":""Intel64 Family 6 Model 158 Stepping 12, GenuineIntel"",""python"":""3.14.7""}",,,,,,,,,,,,,,,,,,,,,,,,,3205822600,"{""events"":[{""detail"":""QKD-ASSUMED"",""sequence"":0,""source"":""session"",""stage"":""session"",""state"":""started""},{""detail"":""BB84 post-processing completed."",""sequence"":1,""source"":""qkd"",""stage"":""bb84"",""state"":""completed""},{""detail"":""The classical BB84 channel is assumed authenticated externally."",""sequence"":2,""source"":""qkd"",""stage"":""classical_authentication"",""state"":""assumed_not_executed""},{""detail"":""Final key released after all profile checks."",""sequence"":3,""source"":""qkd"",""stage"":""key_release"",""state"":""released""},{""detail"":""Authenticated QKD key released."",""sequence"":4,""source"":""session"",""stage"":""session"",""state"":""established""}],""version"":1}"
1,f408aaf7-86b3-4faf-ad00-6ebc3f67a22a,E2,amplitude-damping-0.05,3,1,eafcdacf-9f23-4290-b8e6-0d06ba663426,false,,0,183,2026-09-08T07:53:17.871090+00:00,11468796991325045524,QKD-ASSUMED,6379,3.14.7,CPython,2.5.0,0.16.0,0.16.0,50.0.1,0.1.0,Windows,11,10.0.26200,AMD64,"Intel64 Family 6 Model 158 Stepping 12, GenuineIntel",ac46477bb374bde1c0ace1ef0bcfbc26b199dcfa,true,1,E2,amplitude-damping-0.05,3,11468796991325045524,1,QKD-ASSUMED,QKD-ASSUMED,20000,"{""cascade_initial_block_factor"":0.73,""cascade_maximum_initial_block_size"":null,""cascade_maximum_lookback_steps"":null,""cascade_passes"":4,""phase_error_abort_threshold"":0.11,""sample_fraction"":0.2,""security_margin_bits"":0,""verification_tag_length"":32}",,[],"{""condition_id"":""amplitude-damping-0.05"",""experiment_kind"":""E2"",""qkd_stages"":[{""gamma"":0.05,""type"":""amplitude_damping""}],""replicate_index"":3,""seed"":11468796991325045524,""session"":{""internal_pqc_profile"":null,""profile"":""QKD-ASSUMED"",""qkd_authentication_profile"":""QKD-ASSUMED"",""qkd_postprocessing"":{""cascade_initial_block_factor"":0.73,""cascade_maximum_initial_block_size"":null,""cascade_maximum_lookback_steps"":null,""cascade_passes"":4,""phase_error_abort_threshold"":0.11,""sample_fraction"":0.2,""security_margin_bits"":0,""verification_tag_length"":32},""qkd_signal_count"":20000,""version"":1},""tags"":[],""version"":1}","[{""gamma"":0.05,""type"":""amplitude_damping""}]",,authentication explicitly assumed; no runtime material,,,,,,false,1,b433bd554a4ace7a5d625230e151c484,QKD-ASSUMED,established,,qkd_bitstring,5234,"[{""algorithm"":""privacy-amplified-bitstring"",""bit_length"":5234,""byte_length"":655,""encoding"":""big-endian packed bits with explicit bit length"",""position"":1,""protocol"":""BB84"",""source"":""qkd""}]","{""pqc_exchange"":null,""qkd_classical"":{""algorithm"":""none"",""executed"":false,""mechanism"":""assumed"",""purpose"":""QKD classical transcript authentication"",""trust_assumption"":""The classical BB84 channel is assumed authenticated externally."",""verified"":null}}","{""qkd_transcript_hash_sha384"":""7fe83b524e73c790c3c18c10d766e483de2b6219907cad041b6c9210cb43d8327333075c84b8d1a9c2b93eb83a85edee"",""qkd_transcript_version"":1}",3279616300,20000,9889,1979,7910,7910,5234,0.49445,0.2617,0.027805362462760674,0.012345679012345678,0.0202122283981809,28,1007,12,972,40,1979,0.027805362462760674,0.018404287592274245,0.0242496521566289,0.012350761630300536,0.018404287592274245,1605143,,,,,,,,,,,,,,,,,,,,,,,,,,,,,,,,,,assumed,none,none,0,0,0,0,0,0,0,0,The classical BB84 channel is assumed authenticated externally.,,,,"{""implementation"":""cpython"",""platform"":""Windows-11-10.0.26200-SP0"",""processor"":""Intel64 Family 6 Model 158 Stepping 12, GenuineIntel"",""python"":""3.14.7""}",,,,,,,,,,,,,,,,,,,,,,,,,3279616300,"{""events"":[{""detail"":""QKD-ASSUMED"",""sequence"":0,""source"":""session"",""stage"":""session"",""state"":""started""},{""detail"":""BB84 post-processing completed."",""sequence"":1,""source"":""qkd"",""stage"":""bb84"",""state"":""completed""},{""detail"":""The classical BB84 channel is assumed authenticated externally."",""sequence"":2,""source"":""qkd"",""stage"":""classical_authentication"",""state"":""assumed_not_executed""},{""detail"":""Final key released after all profile checks."",""sequence"":3,""source"":""qkd"",""stage"":""key_release"",""state"":""released""},{""detail"":""Authenticated QKD key released."",""sequence"":4,""source"":""session"",""stage"":""session"",""state"":""established""}],""version"":1}"
1,2d425316-df2f-4718-be8b-4a72dd72e5a8,E2,amplitude-damping-0.05,4,1,eafcdacf-9f23-4290-b8e6-0d06ba663426,false,,0,184,2026-09-08T07:53:21.173025+00:00,5780406288480301715,QKD-ASSUMED,6378,3.14.7,CPython,2.5.0,0.16.0,0.16.0,50.0.1,0.1.0,Windows,11,10.0.26200,AMD64,"Intel64 Family 6 Model 158 Stepping 12, GenuineIntel",ac46477bb374bde1c0ace1ef0bcfbc26b199dcfa,true,1,E2,amplitude-damping-0.05,4,5780406288480301715,1,QKD-ASSUMED,QKD-ASSUMED,20000,"{""cascade_initial_block_factor"":0.73,""cascade_maximum_initial_block_size"":null,""cascade_maximum_lookback_steps"":null,""cascade_passes"":4,""phase_error_abort_threshold"":0.11,""sample_fraction"":0.2,""security_margin_bits"":0,""verification_tag_length"":32}",,[],"{""condition_id"":""amplitude-damping-0.05"",""experiment_kind"":""E2"",""qkd_stages"":[{""gamma"":0.05,""type"":""amplitude_damping""}],""replicate_index"":4,""seed"":5780406288480301715,""session"":{""internal_pqc_profile"":null,""profile"":""QKD-ASSUMED"",""qkd_authentication_profile"":""QKD-ASSUMED"",""qkd_postprocessing"":{""cascade_initial_block_factor"":0.73,""cascade_maximum_initial_block_size"":null,""cascade_maximum_lookback_steps"":null,""cascade_passes"":4,""phase_error_abort_threshold"":0.11,""sample_fraction"":0.2,""security_margin_bits"":0,""verification_tag_length"":32},""qkd_signal_count"":20000,""version"":1},""tags"":[],""version"":1}","[{""gamma"":0.05,""type"":""amplitude_damping""}]",,authentication explicitly assumed; no runtime material,,,,,,false,1,76b82ae1e8a952a4eed7de6f71c40a47,QKD-ASSUMED,established,,qkd_bitstring,4996,"[{""algorithm"":""privacy-amplified-bitstring"",""bit_length"":4996,""byte_length"":625,""encoding"":""big-endian packed bits with explicit bit length"",""position"":1,""protocol"":""BB84"",""source"":""qkd""}]","{""pqc_exchange"":null,""qkd_classical"":{""algorithm"":""none"",""executed"":false,""mechanism"":""assumed"",""purpose"":""QKD classical transcript authentication"",""trust_assumption"":""The classical BB84 channel is assumed authenticated externally."",""verified"":null}}","{""qkd_transcript_hash_sha384"":""c75419bb1421c42b43b06ceb3e361aaa8782efe5c995a8d9b2aea74ce72b0254013a03e3779df0f09259126ae5878bc0"",""qkd_transcript_version"":1}",3231290100,20000,9971,1995,7976,7976,4996,0.49855,0.2498,0.033932135728542916,0.005035246727089627,0.019548872180451128,34,1002,5,993,39,1995,0.033932135728542916,0.01905526025473874,0.027361693628919513,0.010676873489121675,0.01905526025473874,1645944,,,,,,,,,,,,,,,,,,,,,,,,,,,,,,,,,,assumed,none,none,0,0,0,0,0,0,0,0,The classical BB84 channel is assumed authenticated externally.,,,,"{""implementation"":""cpython"",""platform"":""Windows-11-10.0.26200-SP0"",""processor"":""Intel64 Family 6 Model 158 Stepping 12, GenuineIntel"",""python"":""3.14.7""}",,,,,,,,,,,,,,,,,,,,,,,,,3231290100,"{""events"":[{""detail"":""QKD-ASSUMED"",""sequence"":0,""source"":""session"",""stage"":""session"",""state"":""started""},{""detail"":""BB84 post-processing completed."",""sequence"":1,""source"":""qkd"",""stage"":""bb84"",""state"":""completed""},{""detail"":""The classical BB84 channel is assumed authenticated externally."",""sequence"":2,""source"":""qkd"",""stage"":""classical_authentication"",""state"":""assumed_not_executed""},{""detail"":""Final key released after all profile checks."",""sequence"":3,""source"":""qkd"",""stage"":""key_release"",""state"":""released""},{""detail"":""Authenticated QKD key released."",""sequence"":4,""source"":""session"",""stage"":""session"",""state"":""established""}],""version"":1}"
1,0826220d-cd60-4b00-845a-4383962350ef,E2,amplitude-damping-0.05,5,1,eafcdacf-9f23-4290-b8e6-0d06ba663426,false,,0,185,2026-09-08T07:53:24.465288+00:00,15212742780568408792,QKD-ASSUMED,6382,3.14.7,CPython,2.5.0,0.16.0,0.16.0,50.0.1,0.1.0,Windows,11,10.0.26200,AMD64,"Intel64 Family 6 Model 158 Stepping 12, GenuineIntel",ac46477bb374bde1c0ace1ef0bcfbc26b199dcfa,true,1,E2,amplitude-damping-0.05,5,15212742780568408792,1,QKD-ASSUMED,QKD-ASSUMED,20000,"{""cascade_initial_block_factor"":0.73,""cascade_maximum_initial_block_size"":null,""cascade_maximum_lookback_steps"":null,""cascade_passes"":4,""phase_error_abort_threshold"":0.11,""sample_fraction"":0.2,""security_margin_bits"":0,""verification_tag_length"":32}",,[],"{""condition_id"":""amplitude-damping-0.05"",""experiment_kind"":""E2"",""qkd_stages"":[{""gamma"":0.05,""type"":""amplitude_damping""}],""replicate_index"":5,""seed"":15212742780568408792,""session"":{""internal_pqc_profile"":null,""profile"":""QKD-ASSUMED"",""qkd_authentication_profile"":""QKD-ASSUMED"",""qkd_postprocessing"":{""cascade_initial_block_factor"":0.73,""cascade_maximum_initial_block_size"":null,""cascade_maximum_lookback_steps"":null,""cascade_passes"":4,""phase_error_abort_threshold"":0.11,""sample_fraction"":0.2,""security_margin_bits"":0,""verification_tag_length"":32},""qkd_signal_count"":20000,""version"":1},""tags"":[],""version"":1}","[{""gamma"":0.05,""type"":""amplitude_damping""}]",,authentication explicitly assumed; no runtime material,,,,,,false,1,7de963482b95f860d3402e44cc4c3b0a,QKD-ASSUMED,established,,qkd_bitstring,5294,"[{""algorithm"":""privacy-amplified-bitstring"",""bit_length"":5294,""byte_length"":662,""encoding"":""big-endian packed bits with explicit bit length"",""position"":1,""protocol"":""BB84"",""source"":""qkd""}]","{""pqc_exchange"":null,""qkd_classical"":{""algorithm"":""none"",""executed"":false,""mechanism"":""assumed"",""purpose"":""QKD classical transcript authentication"",""trust_assumption"":""The classical BB84 channel is assumed authenticated externally."",""verified"":null}}","{""qkd_transcript_hash_sha384"":""f85857b5da10a7d689147031a5630ba17b2703877af53105277e3a325c46a65d522fa5b0be647d7999cbae0f17bb18be"",""qkd_transcript_version"":1}",3222866700,20000,10189,2039,8150,8150,5294,0.50945,0.2647,0.02952755905511811,0.007820136852394917,0.018636586562040217,30,1016,8,1023,38,2039,0.02952755905511811,0.018647561095298852,0.027378373054953713,0.009976525821596244,0.018647561095298852,1682007,,,,,,,,,,,,,,,,,,,,,,,,,,,,,,,,,,assumed,none,none,0,0,0,0,0,0,0,0,The classical BB84 channel is assumed authenticated externally.,,,,"{""implementation"":""cpython"",""platform"":""Windows-11-10.0.26200-SP0"",""processor"":""Intel64 Family 6 Model 158 Stepping 12, GenuineIntel"",""python"":""3.14.7""}",,,,,,,,,,,,,,,,,,,,,,,,,3222866700,"{""events"":[{""detail"":""QKD-ASSUMED"",""sequence"":0,""source"":""session"",""stage"":""session"",""state"":""started""},{""detail"":""BB84 post-processing completed."",""sequence"":1,""source"":""qkd"",""stage"":""bb84"",""state"":""completed""},{""detail"":""The classical BB84 channel is assumed authenticated externally."",""sequence"":2,""source"":""qkd"",""stage"":""classical_authentication"",""state"":""assumed_not_executed""},{""detail"":""Final key released after all profile checks."",""sequence"":3,""source"":""qkd"",""stage"":""key_release"",""state"":""released""},{""detail"":""Authenticated QKD key released."",""sequence"":4,""source"":""session"",""stage"":""session"",""state"":""established""}],""version"":1}"
1,e780813c-b89f-4a85-9969-23428d0a114e,E2,amplitude-damping-0.05,6,1,eafcdacf-9f23-4290-b8e6-0d06ba663426,false,,0,186,2026-09-08T07:53:27.738184+00:00,10693718939827632497,QKD-ASSUMED,6385,3.14.7,CPython,2.5.0,0.16.0,0.16.0,50.0.1,0.1.0,Windows,11,10.0.26200,AMD64,"Intel64 Family 6 Model 158 Stepping 12, GenuineIntel",ac46477bb374bde1c0ace1ef0bcfbc26b199dcfa,true,1,E2,amplitude-damping-0.05,6,10693718939827632497,1,QKD-ASSUMED,QKD-ASSUMED,20000,"{""cascade_initial_block_factor"":0.73,""cascade_maximum_initial_block_size"":null,""cascade_maximum_lookback_steps"":null,""cascade_passes"":4,""phase_error_abort_threshold"":0.11,""sample_fraction"":0.2,""security_margin_bits"":0,""verification_tag_length"":32}",,[],"{""condition_id"":""amplitude-damping-0.05"",""experiment_kind"":""E2"",""qkd_stages"":[{""gamma"":0.05,""type"":""amplitude_damping""}],""replicate_index"":6,""seed"":10693718939827632497,""session"":{""internal_pqc_profile"":null,""profile"":""QKD-ASSUMED"",""qkd_authentication_profile"":""QKD-ASSUMED"",""qkd_postprocessing"":{""cascade_initial_block_factor"":0.73,""cascade_maximum_initial_block_size"":null,""cascade_maximum_lookback_steps"":null,""cascade_passes"":4,""phase_error_abort_threshold"":0.11,""sample_fraction"":0.2,""security_margin_bits"":0,""verification_tag_length"":32},""qkd_signal_count"":20000,""version"":1},""tags"":[],""version"":1}","[{""gamma"":0.05,""type"":""amplitude_damping""}]",,authentication explicitly assumed; no runtime material,,,,,,false,1,8e01ef1616c679bfd0da2dc85e080b98,QKD-ASSUMED,established,,qkd_bitstring,5625,"[{""algorithm"":""privacy-amplified-bitstring"",""bit_length"":5625,""byte_length"":704,""encoding"":""big-endian packed bits with explicit bit length"",""position"":1,""protocol"":""BB84"",""source"":""qkd""}]","{""pqc_exchange"":null,""qkd_classical"":{""algorithm"":""none"",""executed"":false,""mechanism"":""assumed"",""purpose"":""QKD classical transcript authentication"",""trust_assumption"":""The classical BB84 channel is assumed authenticated externally."",""verified"":null}}","{""qkd_transcript_hash_sha384"":""37524807549eea34c48bd20c715fbb4b6251d6b0c229d45bef3db900b0b8f51acd7d472ac4167c3164bf0489b9c3f6e2"",""qkd_transcript_version"":1}",3203482600,20000,10079,2017,8062,8062,5625,0.50395,0.28125,0.020750988142292492,0.011940298507462687,0.01636093207734259,21,1012,12,1005,33,2017,0.020750988142292492,0.018255779343188807,0.025509195175004943,0.010951812027080845,0.018255779343188807,1680328,,,,,,,,,,,,,,,,,,,,,,,,,,,,,,,,,,assumed,none,none,0,0,0,0,0,0,0,0,The classical BB84 channel is assumed authenticated externally.,,,,"{""implementation"":""cpython"",""platform"":""Windows-11-10.0.26200-SP0"",""processor"":""Intel64 Family 6 Model 158 Stepping 12, GenuineIntel"",""python"":""3.14.7""}",,,,,,,,,,,,,,,,,,,,,,,,,3203482600,"{""events"":[{""detail"":""QKD-ASSUMED"",""sequence"":0,""source"":""session"",""stage"":""session"",""state"":""started""},{""detail"":""BB84 post-processing completed."",""sequence"":1,""source"":""qkd"",""stage"":""bb84"",""state"":""completed""},{""detail"":""The classical BB84 channel is assumed authenticated externally."",""sequence"":2,""source"":""qkd"",""stage"":""classical_authentication"",""state"":""assumed_not_executed""},{""detail"":""Final key released after all profile checks."",""sequence"":3,""source"":""qkd"",""stage"":""key_release"",""state"":""released""},{""detail"":""Authenticated QKD key released."",""sequence"":4,""source"":""session"",""stage"":""session"",""state"":""established""}],""version"":1}"
1,c4fe64fe-ed5a-41f2-83e3-a4fe4acf8920,E2,amplitude-damping-0.05,7,1,eafcdacf-9f23-4290-b8e6-0d06ba663426,false,,0,187,2026-09-08T07:53:31.060070+00:00,1786374988871197696,QKD-ASSUMED,6378,3.14.7,CPython,2.5.0,0.16.0,0.16.0,50.0.1,0.1.0,Windows,11,10.0.26200,AMD64,"Intel64 Family 6 Model 158 Stepping 12, GenuineIntel",ac46477bb374bde1c0ace1ef0bcfbc26b199dcfa,true,1,E2,amplitude-damping-0.05,7,1786374988871197696,1,QKD-ASSUMED,QKD-ASSUMED,20000,"{""cascade_initial_block_factor"":0.73,""cascade_maximum_initial_block_size"":null,""cascade_maximum_lookback_steps"":null,""cascade_passes"":4,""phase_error_abort_threshold"":0.11,""sample_fraction"":0.2,""security_margin_bits"":0,""verification_tag_length"":32}",,[],"{""condition_id"":""amplitude-damping-0.05"",""experiment_kind"":""E2"",""qkd_stages"":[{""gamma"":0.05,""type"":""amplitude_damping""}],""replicate_index"":7,""seed"":1786374988871197696,""session"":{""internal_pqc_profile"":null,""profile"":""QKD-ASSUMED"",""qkd_authentication_profile"":""QKD-ASSUMED"",""qkd_postprocessing"":{""cascade_initial_block_factor"":0.73,""cascade_maximum_initial_block_size"":null,""cascade_maximum_lookback_steps"":null,""cascade_passes"":4,""phase_error_abort_threshold"":0.11,""sample_fraction"":0.2,""security_margin_bits"":0,""verification_tag_length"":32},""qkd_signal_count"":20000,""version"":1},""tags"":[],""version"":1}","[{""gamma"":0.05,""type"":""amplitude_damping""}]",,authentication explicitly assumed; no runtime material,,,,,,false,1,df93addd69287c324c324c62c80ed27c,QKD-ASSUMED,established,,qkd_bitstring,5151,"[{""algorithm"":""privacy-amplified-bitstring"",""bit_length"":5151,""byte_length"":644,""encoding"":""big-endian packed bits with explicit bit length"",""position"":1,""protocol"":""BB84"",""source"":""qkd""}]","{""pqc_exchange"":null,""qkd_classical"":{""algorithm"":""none"",""executed"":false,""mechanism"":""assumed"",""purpose"":""QKD classical transcript authentication"",""trust_assumption"":""The classical BB84 channel is assumed authenticated externally."",""verified"":null}}","{""qkd_transcript_hash_sha384"":""efe9d187f484872f1368ed4ded4e5c176207e8049054e18bda0db6096ab11d980fac61be6872defc647eccbbf2da69bf"",""qkd_transcript_version"":1}",3248725000,20000,9952,1992,7960,7960,5151,0.4976,0.25755,0.029381965552178316,0.013930348258706468,0.021586345381526106,29,987,14,1005,43,1992,0.029381965552178316,0.01929260450160772,0.02676941796795782,0.011949810794662417,0.01929260450160772,1643025,,,,,,,,,,,,,,,,,,,,,,,,,,,,,,,,,,assumed,none,none,0,0,0,0,0,0,0,0,The classical BB84 channel is assumed authenticated externally.,,,,"{""implementation"":""cpython"",""platform"":""Windows-11-10.0.26200-SP0"",""processor"":""Intel64 Family 6 Model 158 Stepping 12, GenuineIntel"",""python"":""3.14.7""}",,,,,,,,,,,,,,,,,,,,,,,,,3248725000,"{""events"":[{""detail"":""QKD-ASSUMED"",""sequence"":0,""source"":""session"",""stage"":""session"",""state"":""started""},{""detail"":""BB84 post-processing completed."",""sequence"":1,""source"":""qkd"",""stage"":""bb84"",""state"":""completed""},{""detail"":""The classical BB84 channel is assumed authenticated externally."",""sequence"":2,""source"":""qkd"",""stage"":""classical_authentication"",""state"":""assumed_not_executed""},{""detail"":""Final key released after all profile checks."",""sequence"":3,""source"":""qkd"",""stage"":""key_release"",""state"":""released""},{""detail"":""Authenticated QKD key released."",""sequence"":4,""source"":""session"",""stage"":""session"",""state"":""established""}],""version"":1}"
1,814e9e2b-bb78-447c-b688-1adb7ed533f3,E2,amplitude-damping-0.05,8,1,eafcdacf-9f23-4290-b8e6-0d06ba663426,false,,0,188,2026-09-08T07:53:34.392865+00:00,3149988887485907862,QKD-ASSUMED,6376,3.14.7,CPython,2.5.0,0.16.0,0.16.0,50.0.1,0.1.0,Windows,11,10.0.26200,AMD64,"Intel64 Family 6 Model 158 Stepping 12, GenuineIntel",ac46477bb374bde1c0ace1ef0bcfbc26b199dcfa,true,1,E2,amplitude-damping-0.05,8,3149988887485907862,1,QKD-ASSUMED,QKD-ASSUMED,20000,"{""cascade_initial_block_factor"":0.73,""cascade_maximum_initial_block_size"":null,""cascade_maximum_lookback_steps"":null,""cascade_passes"":4,""phase_error_abort_threshold"":0.11,""sample_fraction"":0.2,""security_margin_bits"":0,""verification_tag_length"":32}",,[],"{""condition_id"":""amplitude-damping-0.05"",""experiment_kind"":""E2"",""qkd_stages"":[{""gamma"":0.05,""type"":""amplitude_damping""}],""replicate_index"":8,""seed"":3149988887485907862,""session"":{""internal_pqc_profile"":null,""profile"":""QKD-ASSUMED"",""qkd_authentication_profile"":""QKD-ASSUMED"",""qkd_postprocessing"":{""cascade_initial_block_factor"":0.73,""cascade_maximum_initial_block_size"":null,""cascade_maximum_lookback_steps"":null,""cascade_passes"":4,""phase_error_abort_threshold"":0.11,""sample_fraction"":0.2,""security_margin_bits"":0,""verification_tag_length"":32},""qkd_signal_count"":20000,""version"":1},""tags"":[],""version"":1}","[{""gamma"":0.05,""type"":""amplitude_damping""}]",,authentication explicitly assumed; no runtime material,,,,,,false,1,be31d1c46d263599ed40d0d48156c063,QKD-ASSUMED,established,,qkd_bitstring,5390,"[{""algorithm"":""privacy-amplified-bitstring"",""bit_length"":5390,""byte_length"":674,""encoding"":""big-endian packed bits with explicit bit length"",""position"":1,""protocol"":""BB84"",""source"":""qkd""}]","{""pqc_exchange"":null,""qkd_classical"":{""algorithm"":""none"",""executed"":false,""mechanism"":""assumed"",""purpose"":""QKD classical transcript authentication"",""trust_assumption"":""The classical BB84 channel is assumed authenticated externally."",""verified"":null}}","{""qkd_transcript_hash_sha384"":""62f30342435c19a878fe747c043b322c9be21df0676df6b35cfd9709756e04482d045fa963c2ea0e576208f371773a55"",""qkd_transcript_version"":1}",3264048800,20000,10006,2002,8004,8004,5390,0.5003,0.2695,0.02584493041749503,0.018072289156626505,0.02197802197802198,26,1006,18,996,44,2002,0.02584493041749503,0.01828902658404957,0.024855836150328096,0.011653606590315451,0.01828902658404957,1602547,,,,,,,,,,,,,,,,,,,,,,,,,,,,,,,,,,assumed,none,none,0,0,0,0,0,0,0,0,The classical BB84 channel is assumed authenticated externally.,,,,"{""implementation"":""cpython"",""platform"":""Windows-11-10.0.26200-SP0"",""processor"":""Intel64 Family 6 Model 158 Stepping 12, GenuineIntel"",""python"":""3.14.7""}",,,,,,,,,,,,,,,,,,,,,,,,,3264048800,"{""events"":[{""detail"":""QKD-ASSUMED"",""sequence"":0,""source"":""session"",""stage"":""session"",""state"":""started""},{""detail"":""BB84 post-processing completed."",""sequence"":1,""source"":""qkd"",""stage"":""bb84"",""state"":""completed""},{""detail"":""The classical BB84 channel is assumed authenticated externally."",""sequence"":2,""source"":""qkd"",""stage"":""classical_authentication"",""state"":""assumed_not_executed""},{""detail"":""Final key released after all profile checks."",""sequence"":3,""source"":""qkd"",""stage"":""key_release"",""state"":""released""},{""detail"":""Authenticated QKD key released."",""sequence"":4,""source"":""session"",""stage"":""session"",""state"":""established""}],""version"":1}"
1,82ba794a-b355-431b-9636-da58953bad6b,E2,amplitude-damping-0.05,9,1,eafcdacf-9f23-4290-b8e6-0d06ba663426,false,,0,189,2026-09-08T07:53:37.643518+00:00,276539196276689964,QKD-ASSUMED,6371,3.14.7,CPython,2.5.0,0.16.0,0.16.0,50.0.1,0.1.0,Windows,11,10.0.26200,AMD64,"Intel64 Family 6 Model 158 Stepping 12, GenuineIntel",ac46477bb374bde1c0ace1ef0bcfbc26b199dcfa,true,1,E2,amplitude-damping-0.05,9,276539196276689964,1,QKD-ASSUMED,QKD-ASSUMED,20000,"{""cascade_initial_block_factor"":0.73,""cascade_maximum_initial_block_size"":null,""cascade_maximum_lookback_steps"":null,""cascade_passes"":4,""phase_error_abort_threshold"":0.11,""sample_fraction"":0.2,""security_margin_bits"":0,""verification_tag_length"":32}",,[],"{""condition_id"":""amplitude-damping-0.05"",""experiment_kind"":""E2"",""qkd_stages"":[{""gamma"":0.05,""type"":""amplitude_damping""}],""replicate_index"":9,""seed"":276539196276689964,""session"":{""internal_pqc_profile"":null,""profile"":""QKD-ASSUMED"",""qkd_authentication_profile"":""QKD-ASSUMED"",""qkd_postprocessing"":{""cascade_initial_block_factor"":0.73,""cascade_maximum_initial_block_size"":null,""cascade_maximum_lookback_steps"":null,""cascade_passes"":4,""phase_error_abort_threshold"":0.11,""sample_fraction"":0.2,""security_margin_bits"":0,""verification_tag_length"":32},""qkd_signal_count"":20000,""version"":1},""tags"":[],""version"":1}","[{""gamma"":0.05,""type"":""amplitude_damping""}]",,authentication explicitly assumed; no runtime material,,,,,,false,1,2002febbba7d34153835adb3dbe1169f,QKD-ASSUMED,established,,qkd_bitstring,5923,"[{""algorithm"":""privacy-amplified-bitstring"",""bit_length"":5923,""byte_length"":741,""encoding"":""big-endian packed bits with explicit bit length"",""position"":1,""protocol"":""BB84"",""source"":""qkd""}]","{""pqc_exchange"":null,""qkd_classical"":{""algorithm"":""none"",""executed"":false,""mechanism"":""assumed"",""purpose"":""QKD classical transcript authentication"",""trust_assumption"":""The classical BB84 channel is assumed authenticated externally."",""verified"":null}}","{""qkd_transcript_hash_sha384"":""f76b39566dd00f62f058492c8fa876d36ea87ea2b21e5ae05e98631b60384664c8846277844f8ef8b5dd4d6b48c1b6f9"",""qkd_transcript_version"":1}",3179383600,20000,9948,1990,7958,7958,5923,0.4974,0.29615,0.01507537688442211,0.01507537688442211,0.01507537688442211,15,995,15,995,30,1990,0.01507537688442211,0.01638520305589063,0.01990750050271466,0.012864321608040201,0.01638520305589063,1598259,,,,,,,,,,,,,,,,,,,,,,,,,,,,,,,,,,assumed,none,none,0,0,0,0,0,0,0,0,The classical BB84 channel is assumed authenticated externally.,,,,"{""implementation"":""cpython"",""platform"":""Windows-11-10.0.26200-SP0"",""processor"":""Intel64 Family 6 Model 158 Stepping 12, GenuineIntel"",""python"":""3.14.7""}",,,,,,,,,,,,,,,,,,,,,,,,,3179383600,"{""events"":[{""detail"":""QKD-ASSUMED"",""sequence"":0,""source"":""session"",""stage"":""session"",""state"":""started""},{""detail"":""BB84 post-processing completed."",""sequence"":1,""source"":""qkd"",""stage"":""bb84"",""state"":""completed""},{""detail"":""The classical BB84 channel is assumed authenticated externally."",""sequence"":2,""source"":""qkd"",""stage"":""classical_authentication"",""state"":""assumed_not_executed""},{""detail"":""Final key released after all profile checks."",""sequence"":3,""source"":""qkd"",""stage"":""key_release"",""state"":""released""},{""detail"":""Authenticated QKD key released."",""sequence"":4,""source"":""session"",""stage"":""session"",""state"":""established""}],""version"":1}"
1,404e9688-ee7e-456e-8366-6601ee967d9e,E2,amplitude-damping-0.10,0,1,eafcdacf-9f23-4290-b8e6-0d06ba663426,false,,0,190,2026-09-08T07:53:40.977940+00:00,15164161443992317750,QKD-ASSUMED,6377,3.14.7,CPython,2.5.0,0.16.0,0.16.0,50.0.1,0.1.0,Windows,11,10.0.26200,AMD64,"Intel64 Family 6 Model 158 Stepping 12, GenuineIntel",ac46477bb374bde1c0ace1ef0bcfbc26b199dcfa,true,1,E2,amplitude-damping-0.10,0,15164161443992317750,1,QKD-ASSUMED,QKD-ASSUMED,20000,"{""cascade_initial_block_factor"":0.73,""cascade_maximum_initial_block_size"":null,""cascade_maximum_lookback_steps"":null,""cascade_passes"":4,""phase_error_abort_threshold"":0.11,""sample_fraction"":0.2,""security_margin_bits"":0,""verification_tag_length"":32}",,[],"{""condition_id"":""amplitude-damping-0.10"",""experiment_kind"":""E2"",""qkd_stages"":[{""gamma"":0.1,""type"":""amplitude_damping""}],""replicate_index"":0,""seed"":15164161443992317750,""session"":{""internal_pqc_profile"":null,""profile"":""QKD-ASSUMED"",""qkd_authentication_profile"":""QKD-ASSUMED"",""qkd_postprocessing"":{""cascade_initial_block_factor"":0.73,""cascade_maximum_initial_block_size"":null,""cascade_maximum_lookback_steps"":null,""cascade_passes"":4,""phase_error_abort_threshold"":0.11,""sample_fraction"":0.2,""security_margin_bits"":0,""verification_tag_length"":32},""qkd_signal_count"":20000,""version"":1},""tags"":[],""version"":1}","[{""gamma"":0.1,""type"":""amplitude_damping""}]",,authentication explicitly assumed; no runtime material,,,,,,false,1,377b952002e5f19964e23fe7f66403c3,QKD-ASSUMED,established,,qkd_bitstring,2908,"[{""algorithm"":""privacy-amplified-bitstring"",""bit_length"":2908,""byte_length"":364,""encoding"":""big-endian packed bits with explicit bit length"",""position"":1,""protocol"":""BB84"",""source"":""qkd""}]","{""pqc_exchange"":null,""qkd_classical"":{""algorithm"":""none"",""executed"":false,""mechanism"":""assumed"",""purpose"":""QKD classical transcript authentication"",""trust_assumption"":""The classical BB84 channel is assumed authenticated externally."",""verified"":null}}","{""qkd_transcript_hash_sha384"":""acdc7d62809fecff3292d0b9b019c6dce57825dc19a1e20bffcb1878f57f0528e17835690031da8f36075683ebad8b4b"",""qkd_transcript_version"":1}",3257771400,20000,10049,2011,8038,8038,2908,0.50245,0.1454,0.06493506493506493,0.02574257425742574,0.045251118846345105,65,1001,26,1010,91,2011,0.06493506493506493,0.04040203005274157,0.05718856228754249,0.02377179080824089,0.04040203005274157,2164585,,,,,,,,,,,,,,,,,,,,,,,,,,,,,,,,,,assumed,none,none,0,0,0,0,0,0,0,0,The classical BB84 channel is assumed authenticated externally.,,,,"{""implementation"":""cpython"",""platform"":""Windows-11-10.0.26200-SP0"",""processor"":""Intel64 Family 6 Model 158 Stepping 12, GenuineIntel"",""python"":""3.14.7""}",,,,,,,,,,,,,,,,,,,,,,,,,3257771400,"{""events"":[{""detail"":""QKD-ASSUMED"",""sequence"":0,""source"":""session"",""stage"":""session"",""state"":""started""},{""detail"":""BB84 post-processing completed."",""sequence"":1,""source"":""qkd"",""stage"":""bb84"",""state"":""completed""},{""detail"":""The classical BB84 channel is assumed authenticated externally."",""sequence"":2,""source"":""qkd"",""stage"":""classical_authentication"",""state"":""assumed_not_executed""},{""detail"":""Final key released after all profile checks."",""sequence"":3,""source"":""qkd"",""stage"":""key_release"",""state"":""released""},{""detail"":""Authenticated QKD key released."",""sequence"":4,""source"":""session"",""stage"":""session"",""state"":""established""}],""version"":1}"
1,f6da997b-8d6e-4106-a478-ce299e4f702d,E2,amplitude-damping-0.10,1,1,eafcdacf-9f23-4290-b8e6-0d06ba663426,false,,0,191,2026-09-08T07:53:44.316169+00:00,6245207084014156281,QKD-ASSUMED,6376,3.14.7,CPython,2.5.0,0.16.0,0.16.0,50.0.1,0.1.0,Windows,11,10.0.26200,AMD64,"Intel64 Family 6 Model 158 Stepping 12, GenuineIntel",ac46477bb374bde1c0ace1ef0bcfbc26b199dcfa,true,1,E2,amplitude-damping-0.10,1,6245207084014156281,1,QKD-ASSUMED,QKD-ASSUMED,20000,"{""cascade_initial_block_factor"":0.73,""cascade_maximum_initial_block_size"":null,""cascade_maximum_lookback_steps"":null,""cascade_passes"":4,""phase_error_abort_threshold"":0.11,""sample_fraction"":0.2,""security_margin_bits"":0,""verification_tag_length"":32}",,[],"{""condition_id"":""amplitude-damping-0.10"",""experiment_kind"":""E2"",""qkd_stages"":[{""gamma"":0.1,""type"":""amplitude_damping""}],""replicate_index"":1,""seed"":6245207084014156281,""session"":{""internal_pqc_profile"":null,""profile"":""QKD-ASSUMED"",""qkd_authentication_profile"":""QKD-ASSUMED"",""qkd_postprocessing"":{""cascade_initial_block_factor"":0.73,""cascade_maximum_initial_block_size"":null,""cascade_maximum_lookback_steps"":null,""cascade_passes"":4,""phase_error_abort_threshold"":0.11,""sample_fraction"":0.2,""security_margin_bits"":0,""verification_tag_length"":32},""qkd_signal_count"":20000,""version"":1},""tags"":[],""version"":1}","[{""gamma"":0.1,""type"":""amplitude_damping""}]",,authentication explicitly assumed; no runtime material,,,,,,false,1,77c65cd86118f55a9d61ab09964305c9,QKD-ASSUMED,established,,qkd_bitstring,3187,"[{""algorithm"":""privacy-amplified-bitstring"",""bit_length"":3187,""byte_length"":399,""encoding"":""big-endian packed bits with explicit bit length"",""position"":1,""protocol"":""BB84"",""source"":""qkd""}]","{""pqc_exchange"":null,""qkd_classical"":{""algorithm"":""none"",""executed"":false,""mechanism"":""assumed"",""purpose"":""QKD classical transcript authentication"",""trust_assumption"":""The classical BB84 channel is assumed authenticated externally."",""verified"":null}}","{""qkd_transcript_hash_sha384"":""5446e26360f7a8f48b4d6d153c846daf8ef56e5dd613527870294582b7a19319d5826d03790705457d382eed5c60115f"",""qkd_transcript_version"":1}",3261238500,20000,9936,1988,7948,7948,3187,0.4968,0.15935,0.059230009871668314,0.021538461538461538,0.04074446680080483,60,1013,21,975,81,1988,0.059230009871668314,0.03713768115942029,0.05255878284923928,0.021128205128205128,0.03713768115942029,2075825,,,,,,,,,,,,,,,,,,,,,,,,,,,,,,,,,,assumed,none,none,0,0,0,0,0,0,0,0,The classical BB84 channel is assumed authenticated externally.,,,,"{""implementation"":""cpython"",""platform"":""Windows-11-10.0.26200-SP0"",""processor"":""Intel64 Family 6 Model 158 Stepping 12, GenuineIntel"",""python"":""3.14.7""}",,,,,,,,,,,,,,,,,,,,,,,,,3261238500,"{""events"":[{""detail"":""QKD-ASSUMED"",""sequence"":0,""source"":""session"",""stage"":""session"",""state"":""started""},{""detail"":""BB84 post-processing completed."",""sequence"":1,""source"":""qkd"",""stage"":""bb84"",""state"":""completed""},{""detail"":""The classical BB84 channel is assumed authenticated externally."",""sequence"":2,""source"":""qkd"",""stage"":""classical_authentication"",""state"":""assumed_not_executed""},{""detail"":""Final key released after all profile checks."",""sequence"":3,""source"":""qkd"",""stage"":""key_release"",""state"":""released""},{""detail"":""Authenticated QKD key released."",""sequence"":4,""source"":""session"",""stage"":""session"",""state"":""established""}],""version"":1}"
1,c1966720-298a-41ed-a4e9-daf1c68b136b,E2,amplitude-damping-0.10,2,1,eafcdacf-9f23-4290-b8e6-0d06ba663426,false,,0,192,2026-09-08T07:53:47.677576+00:00,10355428654617883694,QKD-ASSUMED,6378,3.14.7,CPython,2.5.0,0.16.0,0.16.0,50.0.1,0.1.0,Windows,11,10.0.26200,AMD64,"Intel64 Family 6 Model 158 Stepping 12, GenuineIntel",ac46477bb374bde1c0ace1ef0bcfbc26b199dcfa,true,1,E2,amplitude-damping-0.10,2,10355428654617883694,1,QKD-ASSUMED,QKD-ASSUMED,20000,"{""cascade_initial_block_factor"":0.73,""cascade_maximum_initial_block_size"":null,""cascade_maximum_lookback_steps"":null,""cascade_passes"":4,""phase_error_abort_threshold"":0.11,""sample_fraction"":0.2,""security_margin_bits"":0,""verification_tag_length"":32}",,[],"{""condition_id"":""amplitude-damping-0.10"",""experiment_kind"":""E2"",""qkd_stages"":[{""gamma"":0.1,""type"":""amplitude_damping""}],""replicate_index"":2,""seed"":10355428654617883694,""session"":{""internal_pqc_profile"":null,""profile"":""QKD-ASSUMED"",""qkd_authentication_profile"":""QKD-ASSUMED"",""qkd_postprocessing"":{""cascade_initial_block_factor"":0.73,""cascade_maximum_initial_block_size"":null,""cascade_maximum_lookback_steps"":null,""cascade_passes"":4,""phase_error_abort_threshold"":0.11,""sample_fraction"":0.2,""security_margin_bits"":0,""verification_tag_length"":32},""qkd_signal_count"":20000,""version"":1},""tags"":[],""version"":1}","[{""gamma"":0.1,""type"":""amplitude_damping""}]",,authentication explicitly assumed; no runtime material,,,,,,false,1,4a18fe34957242139ab23a4aab0a3094,QKD-ASSUMED,established,,qkd_bitstring,3533,"[{""algorithm"":""privacy-amplified-bitstring"",""bit_length"":3533,""byte_length"":442,""encoding"":""big-endian packed bits with explicit bit length"",""position"":1,""protocol"":""BB84"",""source"":""qkd""}]","{""pqc_exchange"":null,""qkd_classical"":{""algorithm"":""none"",""executed"":false,""mechanism"":""assumed"",""purpose"":""QKD classical transcript authentication"",""trust_assumption"":""The classical BB84 channel is assumed authenticated externally."",""verified"":null}}","{""qkd_transcript_hash_sha384"":""6fb83e7d7a35183bdfdba3ce96d0167bd02eff975349c8531aea563f0e6a29bd750780a429c6c14a61ce45d93bdeb62a"",""qkd_transcript_version"":1}",3285178800,20000,10003,2001,8002,8002,3533,0.50015,0.17665,0.04747774480712166,0.03232323232323232,0.0399800099950025,48,1011,32,990,80,2001,0.04747774480712166,0.038788363490952715,0.04670492776568375,0.030707070707070707,0.038788363490952715,2125026,,,,,,,,,,,,,,,,,,,,,,,,,,,,,,,,,,assumed,none,none,0,0,0,0,0,0,0,0,The classical BB84 channel is assumed authenticated externally.,,,,"{""implementation"":""cpython"",""platform"":""Windows-11-10.0.26200-SP0"",""processor"":""Intel64 Family 6 Model 158 Stepping 12, GenuineIntel"",""python"":""3.14.7""}",,,,,,,,,,,,,,,,,,,,,,,,,3285178800,"{""events"":[{""detail"":""QKD-ASSUMED"",""sequence"":0,""source"":""session"",""stage"":""session"",""state"":""started""},{""detail"":""BB84 post-processing completed."",""sequence"":1,""source"":""qkd"",""stage"":""bb84"",""state"":""completed""},{""detail"":""The classical BB84 channel is assumed authenticated externally."",""sequence"":2,""source"":""qkd"",""stage"":""classical_authentication"",""state"":""assumed_not_executed""},{""detail"":""Final key released after all profile checks."",""sequence"":3,""source"":""qkd"",""stage"":""key_release"",""state"":""released""},{""detail"":""Authenticated QKD key released."",""sequence"":4,""source"":""session"",""stage"":""session"",""state"":""established""}],""version"":1}"
1,2e2cbc18-bb42-4fcb-b0d4-ccc754d46d4b,E2,amplitude-damping-0.10,3,1,eafcdacf-9f23-4290-b8e6-0d06ba663426,false,,0,193,2026-09-08T07:53:51.014800+00:00,12644083486605669001,QKD-ASSUMED,6375,3.14.7,CPython,2.5.0,0.16.0,0.16.0,50.0.1,0.1.0,Windows,11,10.0.26200,AMD64,"Intel64 Family 6 Model 158 Stepping 12, GenuineIntel",ac46477bb374bde1c0ace1ef0bcfbc26b199dcfa,true,1,E2,amplitude-damping-0.10,3,12644083486605669001,1,QKD-ASSUMED,QKD-ASSUMED,20000,"{""cascade_initial_block_factor"":0.73,""cascade_maximum_initial_block_size"":null,""cascade_maximum_lookback_steps"":null,""cascade_passes"":4,""phase_error_abort_threshold"":0.11,""sample_fraction"":0.2,""security_margin_bits"":0,""verification_tag_length"":32}",,[],"{""condition_id"":""amplitude-damping-0.10"",""experiment_kind"":""E2"",""qkd_stages"":[{""gamma"":0.1,""type"":""amplitude_damping""}],""replicate_index"":3,""seed"":12644083486605669001,""session"":{""internal_pqc_profile"":null,""profile"":""QKD-ASSUMED"",""qkd_authentication_profile"":""QKD-ASSUMED"",""qkd_postprocessing"":{""cascade_initial_block_factor"":0.73,""cascade_maximum_initial_block_size"":null,""cascade_maximum_lookback_steps"":null,""cascade_passes"":4,""phase_error_abort_threshold"":0.11,""sample_fraction"":0.2,""security_margin_bits"":0,""verification_tag_length"":32},""qkd_signal_count"":20000,""version"":1},""tags"":[],""version"":1}","[{""gamma"":0.1,""type"":""amplitude_damping""}]",,authentication explicitly assumed; no runtime material,,,,,,false,1,3a40d5d246a0ab956eb1b37c2d94e63e,QKD-ASSUMED,established,,qkd_bitstring,3256,"[{""algorithm"":""privacy-amplified-bitstring"",""bit_length"":3256,""byte_length"":407,""encoding"":""big-endian packed bits with explicit bit length"",""position"":1,""protocol"":""BB84"",""source"":""qkd""}]","{""pqc_exchange"":null,""qkd_classical"":{""algorithm"":""none"",""executed"":false,""mechanism"":""assumed"",""purpose"":""QKD classical transcript authentication"",""trust_assumption"":""The classical BB84 channel is assumed authenticated externally."",""verified"":null}}","{""qkd_transcript_hash_sha384"":""e3a59794406d80b64c480604fe4ec203d207686c5d8db5251e3bda81686bcb8a047a98833e02fff9d34d285aa768fda5"",""qkd_transcript_version"":1}",3257929200,20000,9887,1978,7909,7909,3256,0.49435,0.1628,0.05639476334340383,0.02233502538071066,0.03943377148634985,56,993,22,985,78,1978,0.05639476334340383,0.03752402144229797,0.050362610797743755,0.024578509039203736,0.03752402144229797,2073864,,,,,,,,,,,,,,,,,,,,,,,,,,,,,,,,,,assumed,none,none,0,0,0,0,0,0,0,0,The classical BB84 channel is assumed authenticated externally.,,,,"{""implementation"":""cpython"",""platform"":""Windows-11-10.0.26200-SP0"",""processor"":""Intel64 Family 6 Model 158 Stepping 12, GenuineIntel"",""python"":""3.14.7""}",,,,,,,,,,,,,,,,,,,,,,,,,3257929200,"{""events"":[{""detail"":""QKD-ASSUMED"",""sequence"":0,""source"":""session"",""stage"":""session"",""state"":""started""},{""detail"":""BB84 post-processing completed."",""sequence"":1,""source"":""qkd"",""stage"":""bb84"",""state"":""completed""},{""detail"":""The classical BB84 channel is assumed authenticated externally."",""sequence"":2,""source"":""qkd"",""stage"":""classical_authentication"",""state"":""assumed_not_executed""},{""detail"":""Final key released after all profile checks."",""sequence"":3,""source"":""qkd"",""stage"":""key_release"",""state"":""released""},{""detail"":""Authenticated QKD key released."",""sequence"":4,""source"":""session"",""stage"":""session"",""state"":""established""}],""version"":1}"
1,353f3f35-c40a-4d60-912c-d8917af0e74d,E2,amplitude-damping-0.10,4,1,eafcdacf-9f23-4290-b8e6-0d06ba663426,false,,0,194,2026-09-08T07:53:54.338394+00:00,5442261915583232317,QKD-ASSUMED,6373,3.14.7,CPython,2.5.0,0.16.0,0.16.0,50.0.1,0.1.0,Windows,11,10.0.26200,AMD64,"Intel64 Family 6 Model 158 Stepping 12, GenuineIntel",ac46477bb374bde1c0ace1ef0bcfbc26b199dcfa,true,1,E2,amplitude-damping-0.10,4,5442261915583232317,1,QKD-ASSUMED,QKD-ASSUMED,20000,"{""cascade_initial_block_factor"":0.73,""cascade_maximum_initial_block_size"":null,""cascade_maximum_lookback_steps"":null,""cascade_passes"":4,""phase_error_abort_threshold"":0.11,""sample_fraction"":0.2,""security_margin_bits"":0,""verification_tag_length"":32}",,[],"{""condition_id"":""amplitude-damping-0.10"",""experiment_kind"":""E2"",""qkd_stages"":[{""gamma"":0.1,""type"":""amplitude_damping""}],""replicate_index"":4,""seed"":5442261915583232317,""session"":{""internal_pqc_profile"":null,""profile"":""QKD-ASSUMED"",""qkd_authentication_profile"":""QKD-ASSUMED"",""qkd_postprocessing"":{""cascade_initial_block_factor"":0.73,""cascade_maximum_initial_block_size"":null,""cascade_maximum_lookback_steps"":null,""cascade_passes"":4,""phase_error_abort_threshold"":0.11,""sample_fraction"":0.2,""security_margin_bits"":0,""verification_tag_length"":32},""qkd_signal_count"":20000,""version"":1},""tags"":[],""version"":1}","[{""gamma"":0.1,""type"":""amplitude_damping""}]",,authentication explicitly assumed; no runtime material,,,,,,false,1,d78fecae5155c094c2d607a76ee92ae7,QKD-ASSUMED,established,,qkd_bitstring,3599,"[{""algorithm"":""privacy-amplified-bitstring"",""bit_length"":3599,""byte_length"":450,""encoding"":""big-endian packed bits with explicit bit length"",""position"":1,""protocol"":""BB84"",""source"":""qkd""}]","{""pqc_exchange"":null,""qkd_classical"":{""algorithm"":""none"",""executed"":false,""mechanism"":""assumed"",""purpose"":""QKD classical transcript authentication"",""trust_assumption"":""The classical BB84 channel is assumed authenticated externally."",""verified"":null}}","{""qkd_transcript_hash_sha384"":""a37b2c3c751932cbf1ee8751a341a6fb4163db89ee5da76a6abac7ee6bd41f5e814021abd5990bff05c1f8665583ff80"",""qkd_transcript_version"":1}",3245404200,20000,9908,1983,7925,7925,3599,0.4954,0.17995,0.04387755102040816,0.0259222333000997,0.03479576399394856,43,980,26,1003,69,1983,0.04387755102040816,0.03875656035526847,0.051664284255666736,0.026142486529634804,0.03875656035526847,2145989,,,,,,,,,,,,,,,,,,,,,,,,,,,,,,,,,,assumed,none,none,0,0,0,0,0,0,0,0,The classical BB84 channel is assumed authenticated externally.,,,,"{""implementation"":""cpython"",""platform"":""Windows-11-10.0.26200-SP0"",""processor"":""Intel64 Family 6 Model 158 Stepping 12, GenuineIntel"",""python"":""3.14.7""}",,,,,,,,,,,,,,,,,,,,,,,,,3245404200,"{""events"":[{""detail"":""QKD-ASSUMED"",""sequence"":0,""source"":""session"",""stage"":""session"",""state"":""started""},{""detail"":""BB84 post-processing completed."",""sequence"":1,""source"":""qkd"",""stage"":""bb84"",""state"":""completed""},{""detail"":""The classical BB84 channel is assumed authenticated externally."",""sequence"":2,""source"":""qkd"",""stage"":""classical_authentication"",""state"":""assumed_not_executed""},{""detail"":""Final key released after all profile checks."",""sequence"":3,""source"":""qkd"",""stage"":""key_release"",""state"":""released""},{""detail"":""Authenticated QKD key released."",""sequence"":4,""source"":""session"",""stage"":""session"",""state"":""established""}],""version"":1}"
1,af16ae01-2f8d-4b1d-978c-e76268bb050a,E2,amplitude-damping-0.10,5,1,eafcdacf-9f23-4290-b8e6-0d06ba663426,false,,0,195,2026-09-08T07:53:57.710134+00:00,14491124469553140222,QKD-ASSUMED,6362,3.14.7,CPython,2.5.0,0.16.0,0.16.0,50.0.1,0.1.0,Windows,11,10.0.26200,AMD64,"Intel64 Family 6 Model 158 Stepping 12, GenuineIntel",ac46477bb374bde1c0ace1ef0bcfbc26b199dcfa,true,1,E2,amplitude-damping-0.10,5,14491124469553140222,1,QKD-ASSUMED,QKD-ASSUMED,20000,"{""cascade_initial_block_factor"":0.73,""cascade_maximum_initial_block_size"":null,""cascade_maximum_lookback_steps"":null,""cascade_passes"":4,""phase_error_abort_threshold"":0.11,""sample_fraction"":0.2,""security_margin_bits"":0,""verification_tag_length"":32}",,[],"{""condition_id"":""amplitude-damping-0.10"",""experiment_kind"":""E2"",""qkd_stages"":[{""gamma"":0.1,""type"":""amplitude_damping""}],""replicate_index"":5,""seed"":14491124469553140222,""session"":{""internal_pqc_profile"":null,""profile"":""QKD-ASSUMED"",""qkd_authentication_profile"":""QKD-ASSUMED"",""qkd_postprocessing"":{""cascade_initial_block_factor"":0.73,""cascade_maximum_initial_block_size"":null,""cascade_maximum_lookback_steps"":null,""cascade_passes"":4,""phase_error_abort_threshold"":0.11,""sample_fraction"":0.2,""security_margin_bits"":0,""verification_tag_length"":32},""qkd_signal_count"":20000,""version"":1},""tags"":[],""version"":1}","[{""gamma"":0.1,""type"":""amplitude_damping""}]",,authentication explicitly assumed; no runtime material,,,,,,false,1,8ba8395299ed49881387403a3aab8cde,QKD-ASSUMED,established,,qkd_bitstring,3861,"[{""algorithm"":""privacy-amplified-bitstring"",""bit_length"":3861,""byte_length"":483,""encoding"":""big-endian packed bits with explicit bit length"",""position"":1,""protocol"":""BB84"",""source"":""qkd""}]","{""pqc_exchange"":null,""qkd_classical"":{""algorithm"":""none"",""executed"":false,""mechanism"":""assumed"",""purpose"":""QKD classical transcript authentication"",""trust_assumption"":""The classical BB84 channel is assumed authenticated externally."",""verified"":null}}","{""qkd_transcript_hash_sha384"":""3bae71c3333d8df828e982a1779bef0842689866e2074605eba85778a829c711dbcd55355cb630d84a239cf89257cd55"",""qkd_transcript_version"":1}",3294648600,20000,10025,2006,8019,8019,3861,0.50125,0.19305,0.036779324055666,0.024,0.03040877367896311,37,1006,24,1000,61,2006,0.036779324055666,0.039600997506234414,0.05369928400954654,0.025415249149489692,0.039600997506234414,2220981,,,,,,,,,,,,,,,,,,,,,,,,,,,,,,,,,,assumed,none,none,0,0,0,0,0,0,0,0,The classical BB84 channel is assumed authenticated externally.,,,,"{""implementation"":""cpython"",""platform"":""Windows-11-10.0.26200-SP0"",""processor"":""Intel64 Family 6 Model 158 Stepping 12, GenuineIntel"",""python"":""3.14.7""}",,,,,,,,,,,,,,,,,,,,,,,,,3294648600,"{""events"":[{""detail"":""QKD-ASSUMED"",""sequence"":0,""source"":""session"",""stage"":""session"",""state"":""started""},{""detail"":""BB84 post-processing completed."",""sequence"":1,""source"":""qkd"",""stage"":""bb84"",""state"":""completed""},{""detail"":""The classical BB84 channel is assumed authenticated externally."",""sequence"":2,""source"":""qkd"",""stage"":""classical_authentication"",""state"":""assumed_not_executed""},{""detail"":""Final key released after all profile checks."",""sequence"":3,""source"":""qkd"",""stage"":""key_release"",""state"":""released""},{""detail"":""Authenticated QKD key released."",""sequence"":4,""source"":""session"",""stage"":""session"",""state"":""established""}],""version"":1}"
1,bdb7c71d-6766-443f-9409-804e473ecf29,E2,amplitude-damping-0.10,6,1,eafcdacf-9f23-4290-b8e6-0d06ba663426,false,,0,196,2026-09-08T07:54:01.057227+00:00,18147388041311648811,QKD-ASSUMED,6375,3.14.7,CPython,2.5.0,0.16.0,0.16.0,50.0.1,0.1.0,Windows,11,10.0.26200,AMD64,"Intel64 Family 6 Model 158 Stepping 12, GenuineIntel",ac46477bb374bde1c0ace1ef0bcfbc26b199dcfa,true,1,E2,amplitude-damping-0.10,6,18147388041311648811,1,QKD-ASSUMED,QKD-ASSUMED,20000,"{""cascade_initial_block_factor"":0.73,""cascade_maximum_initial_block_size"":null,""cascade_maximum_lookback_steps"":null,""cascade_passes"":4,""phase_error_abort_threshold"":0.11,""sample_fraction"":0.2,""security_margin_bits"":0,""verification_tag_length"":32}",,[],"{""condition_id"":""amplitude-damping-0.10"",""experiment_kind"":""E2"",""qkd_stages"":[{""gamma"":0.1,""type"":""amplitude_damping""}],""replicate_index"":6,""seed"":18147388041311648811,""session"":{""internal_pqc_profile"":null,""profile"":""QKD-ASSUMED"",""qkd_authentication_profile"":""QKD-ASSUMED"",""qkd_postprocessing"":{""cascade_initial_block_factor"":0.73,""cascade_maximum_initial_block_size"":null,""cascade_maximum_lookback_steps"":null,""cascade_passes"":4,""phase_error_abort_threshold"":0.11,""sample_fraction"":0.2,""security_margin_bits"":0,""verification_tag_length"":32},""qkd_signal_count"":20000,""version"":1},""tags"":[],""version"":1}","[{""gamma"":0.1,""type"":""amplitude_damping""}]",,authentication explicitly assumed; no runtime material,,,,,,false,1,4dd6a8887a3c824f5415a5ab09ac6082,QKD-ASSUMED,established,,qkd_bitstring,3227,"[{""algorithm"":""privacy-amplified-bitstring"",""bit_length"":3227,""byte_length"":404,""encoding"":""big-endian packed bits with explicit bit length"",""position"":1,""protocol"":""BB84"",""source"":""qkd""}]","{""pqc_exchange"":null,""qkd_classical"":{""algorithm"":""none"",""executed"":false,""mechanism"":""assumed"",""purpose"":""QKD classical transcript authentication"",""trust_assumption"":""The classical BB84 channel is assumed authenticated externally."",""verified"":null}}","{""qkd_transcript_hash_sha384"":""e51643597362ee7d2bf88dcbbbdfbb8f178df9ad64cec484cfae24202b31c42ce1d47de51a20667b1901d2cebaa7f6ca"",""qkd_transcript_version"":1}",3268809100,20000,10095,2019,8076,8076,3227,0.50475,0.16135,0.0531496062992126,0.019940179461615155,0.03665180782565627,54,1016,20,1003,74,2019,0.0531496062992126,0.04170381376919267,0.0547244094488189,0.02851445663010967,0.04170381376919267,2248602,,,,,,,,,,,,,,,,,,,,,,,,,,,,,,,,,,assumed,none,none,0,0,0,0,0,0,0,0,The classical BB84 channel is assumed authenticated externally.,,,,"{""implementation"":""cpython"",""platform"":""Windows-11-10.0.26200-SP0"",""processor"":""Intel64 Family 6 Model 158 Stepping 12, GenuineIntel"",""python"":""3.14.7""}",,,,,,,,,,,,,,,,,,,,,,,,,3268809100,"{""events"":[{""detail"":""QKD-ASSUMED"",""sequence"":0,""source"":""session"",""stage"":""session"",""state"":""started""},{""detail"":""BB84 post-processing completed."",""sequence"":1,""source"":""qkd"",""stage"":""bb84"",""state"":""completed""},{""detail"":""The classical BB84 channel is assumed authenticated externally."",""sequence"":2,""source"":""qkd"",""stage"":""classical_authentication"",""state"":""assumed_not_executed""},{""detail"":""Final key released after all profile checks."",""sequence"":3,""source"":""qkd"",""stage"":""key_release"",""state"":""released""},{""detail"":""Authenticated QKD key released."",""sequence"":4,""source"":""session"",""stage"":""session"",""state"":""established""}],""version"":1}"
1,afb0bc64-8dc4-49a7-9ee3-12c87048f265,E2,amplitude-damping-0.10,7,1,eafcdacf-9f23-4290-b8e6-0d06ba663426,false,,0,197,2026-09-08T07:54:04.404088+00:00,10711904921273108302,QKD-ASSUMED,6364,3.14.7,CPython,2.5.0,0.16.0,0.16.0,50.0.1,0.1.0,Windows,11,10.0.26200,AMD64,"Intel64 Family 6 Model 158 Stepping 12, GenuineIntel",ac46477bb374bde1c0ace1ef0bcfbc26b199dcfa,true,1,E2,amplitude-damping-0.10,7,10711904921273108302,1,QKD-ASSUMED,QKD-ASSUMED,20000,"{""cascade_initial_block_factor"":0.73,""cascade_maximum_initial_block_size"":null,""cascade_maximum_lookback_steps"":null,""cascade_passes"":4,""phase_error_abort_threshold"":0.11,""sample_fraction"":0.2,""security_margin_bits"":0,""verification_tag_length"":32}",,[],"{""condition_id"":""amplitude-damping-0.10"",""experiment_kind"":""E2"",""qkd_stages"":[{""gamma"":0.1,""type"":""amplitude_damping""}],""replicate_index"":7,""seed"":10711904921273108302,""session"":{""internal_pqc_profile"":null,""profile"":""QKD-ASSUMED"",""qkd_authentication_profile"":""QKD-ASSUMED"",""qkd_postprocessing"":{""cascade_initial_block_factor"":0.73,""cascade_maximum_initial_block_size"":null,""cascade_maximum_lookback_steps"":null,""cascade_passes"":4,""phase_error_abort_threshold"":0.11,""sample_fraction"":0.2,""security_margin_bits"":0,""verification_tag_length"":32},""qkd_signal_count"":20000,""version"":1},""tags"":[],""version"":1}","[{""gamma"":0.1,""type"":""amplitude_damping""}]",,authentication explicitly assumed; no runtime material,,,,,,false,1,3c470841407a43c95f29661c3d9f1154,QKD-ASSUMED,established,,qkd_bitstring,3617,"[{""algorithm"":""privacy-amplified-bitstring"",""bit_length"":3617,""byte_length"":453,""encoding"":""big-endian packed bits with explicit bit length"",""position"":1,""protocol"":""BB84"",""source"":""qkd""}]","{""pqc_exchange"":null,""qkd_classical"":{""algorithm"":""none"",""executed"":false,""mechanism"":""assumed"",""purpose"":""QKD classical transcript authentication"",""trust_assumption"":""The classical BB84 channel is assumed authenticated externally."",""verified"":null}}","{""qkd_transcript_hash_sha384"":""4614926751cd9d692f99527ff4b32c1af94305c214bcb1a549a0d8fc80c35142eba82023c04b0fafc1e8e4bc329689aa"",""qkd_transcript_version"":1}",3272478200,20000,9924,1985,7939,7939,3617,0.4962,0.18085,0.046700507614213196,0.028,0.03727959697732997,46,985,28,1000,74,1985,0.046700507614213196,0.03688029020556227,0.047715736040609136,0.026205241048209642,0.03688029020556227,2081715,,,,,,,,,,,,,,,,,,,,,,,,,,,,,,,,,,assumed,none,none,0,0,0,0,0,0,0,0,The classical BB84 channel is assumed authenticated externally.,,,,"{""implementation"":""cpython"",""platform"":""Windows-11-10.0.26200-SP0"",""processor"":""Intel64 Family 6 Model 158 Stepping 12, GenuineIntel"",""python"":""3.14.7""}",,,,,,,,,,,,,,,,,,,,,,,,,3272478200,"{""events"":[{""detail"":""QKD-ASSUMED"",""sequence"":0,""source"":""session"",""stage"":""session"",""state"":""started""},{""detail"":""BB84 post-processing completed."",""sequence"":1,""source"":""qkd"",""stage"":""bb84"",""state"":""completed""},{""detail"":""The classical BB84 channel is assumed authenticated externally."",""sequence"":2,""source"":""qkd"",""stage"":""classical_authentication"",""state"":""assumed_not_executed""},{""detail"":""Final key released after all profile checks."",""sequence"":3,""source"":""qkd"",""stage"":""key_release"",""state"":""released""},{""detail"":""Authenticated QKD key released."",""sequence"":4,""source"":""session"",""stage"":""session"",""state"":""established""}],""version"":1}"
1,34e09dd9-79a5-4513-8373-8b78266bcd59,E2,amplitude-damping-0.10,8,1,eafcdacf-9f23-4290-b8e6-0d06ba663426,false,,0,198,2026-09-08T07:54:07.765997+00:00,4079257877501598348,QKD-ASSUMED,6374,3.14.7,CPython,2.5.0,0.16.0,0.16.0,50.0.1,0.1.0,Windows,11,10.0.26200,AMD64,"Intel64 Family 6 Model 158 Stepping 12, GenuineIntel",ac46477bb374bde1c0ace1ef0bcfbc26b199dcfa,true,1,E2,amplitude-damping-0.10,8,4079257877501598348,1,QKD-ASSUMED,QKD-ASSUMED,20000,"{""cascade_initial_block_factor"":0.73,""cascade_maximum_initial_block_size"":null,""cascade_maximum_lookback_steps"":null,""cascade_passes"":4,""phase_error_abort_threshold"":0.11,""sample_fraction"":0.2,""security_margin_bits"":0,""verification_tag_length"":32}",,[],"{""condition_id"":""amplitude-damping-0.10"",""experiment_kind"":""E2"",""qkd_stages"":[{""gamma"":0.1,""type"":""amplitude_damping""}],""replicate_index"":8,""seed"":4079257877501598348,""session"":{""internal_pqc_profile"":null,""profile"":""QKD-ASSUMED"",""qkd_authentication_profile"":""QKD-ASSUMED"",""qkd_postprocessing"":{""cascade_initial_block_factor"":0.73,""cascade_maximum_initial_block_size"":null,""cascade_maximum_lookback_steps"":null,""cascade_passes"":4,""phase_error_abort_threshold"":0.11,""sample_fraction"":0.2,""security_margin_bits"":0,""verification_tag_length"":32},""qkd_signal_count"":20000,""version"":1},""tags"":[],""version"":1}","[{""gamma"":0.1,""type"":""amplitude_damping""}]",,authentication explicitly assumed; no runtime material,,,,,,false,1,85b082b2f3e7a1d3ca237eb327241aeb,QKD-ASSUMED,established,,qkd_bitstring,3508,"[{""algorithm"":""privacy-amplified-bitstring"",""bit_length"":3508,""byte_length"":439,""encoding"":""big-endian packed bits with explicit bit length"",""position"":1,""protocol"":""BB84"",""source"":""qkd""}]","{""pqc_exchange"":null,""qkd_classical"":{""algorithm"":""none"",""executed"":false,""mechanism"":""assumed"",""purpose"":""QKD classical transcript authentication"",""trust_assumption"":""The classical BB84 channel is assumed authenticated externally."",""verified"":null}}","{""qkd_transcript_hash_sha384"":""9fbb50a2a33a8d2a8954e7c9f30849e006daa8648dee0994e751a2113fdc766ecc544d4ab213bc242880b21754f7865b"",""qkd_transcript_version"":1}",3286141200,20000,9984,1998,7986,7986,3508,0.4992,0.1754,0.05055611729019211,0.018830525272547076,0.03453453453453453,50,989,19,1009,69,1998,0.05055611729019211,0.03685897435897436,0.050586806960744635,0.023403411344704483,0.03685897435897436,2096029,,,,,,,,,,,,,,,,,,,,,,,,,,,,,,,,,,assumed,none,none,0,0,0,0,0,0,0,0,The classical BB84 channel is assumed authenticated externally.,,,,"{""implementation"":""cpython"",""platform"":""Windows-11-10.0.26200-SP0"",""processor"":""Intel64 Family 6 Model 158 Stepping 12, GenuineIntel"",""python"":""3.14.7""}",,,,,,,,,,,,,,,,,,,,,,,,,3286141200,"{""events"":[{""detail"":""QKD-ASSUMED"",""sequence"":0,""source"":""session"",""stage"":""session"",""state"":""started""},{""detail"":""BB84 post-processing completed."",""sequence"":1,""source"":""qkd"",""stage"":""bb84"",""state"":""completed""},{""detail"":""The classical BB84 channel is assumed authenticated externally."",""sequence"":2,""source"":""qkd"",""stage"":""classical_authentication"",""state"":""assumed_not_executed""},{""detail"":""Final key released after all profile checks."",""sequence"":3,""source"":""qkd"",""stage"":""key_release"",""state"":""released""},{""detail"":""Authenticated QKD key released."",""sequence"":4,""source"":""session"",""stage"":""session"",""state"":""established""}],""version"":1}"
1,f4be849a-f48c-45df-92d5-5a1f68164599,E2,amplitude-damping-0.10,9,1,eafcdacf-9f23-4290-b8e6-0d06ba663426,false,,0,199,2026-09-08T07:54:11.113571+00:00,8336116573750661851,QKD-ASSUMED,6377,3.14.7,CPython,2.5.0,0.16.0,0.16.0,50.0.1,0.1.0,Windows,11,10.0.26200,AMD64,"Intel64 Family 6 Model 158 Stepping 12, GenuineIntel",ac46477bb374bde1c0ace1ef0bcfbc26b199dcfa,true,1,E2,amplitude-damping-0.10,9,8336116573750661851,1,QKD-ASSUMED,QKD-ASSUMED,20000,"{""cascade_initial_block_factor"":0.73,""cascade_maximum_initial_block_size"":null,""cascade_maximum_lookback_steps"":null,""cascade_passes"":4,""phase_error_abort_threshold"":0.11,""sample_fraction"":0.2,""security_margin_bits"":0,""verification_tag_length"":32}",,[],"{""condition_id"":""amplitude-damping-0.10"",""experiment_kind"":""E2"",""qkd_stages"":[{""gamma"":0.1,""type"":""amplitude_damping""}],""replicate_index"":9,""seed"":8336116573750661851,""session"":{""internal_pqc_profile"":null,""profile"":""QKD-ASSUMED"",""qkd_authentication_profile"":""QKD-ASSUMED"",""qkd_postprocessing"":{""cascade_initial_block_factor"":0.73,""cascade_maximum_initial_block_size"":null,""cascade_maximum_lookback_steps"":null,""cascade_passes"":4,""phase_error_abort_threshold"":0.11,""sample_fraction"":0.2,""security_margin_bits"":0,""verification_tag_length"":32},""qkd_signal_count"":20000,""version"":1},""tags"":[],""version"":1}","[{""gamma"":0.1,""type"":""amplitude_damping""}]",,authentication explicitly assumed; no runtime material,,,,,,false,1,fd25799a6148670b3602c05ac88c7530,QKD-ASSUMED,established,,qkd_bitstring,3870,"[{""algorithm"":""privacy-amplified-bitstring"",""bit_length"":3870,""byte_length"":484,""encoding"":""big-endian packed bits with explicit bit length"",""position"":1,""protocol"":""BB84"",""source"":""qkd""}]","{""pqc_exchange"":null,""qkd_classical"":{""algorithm"":""none"",""executed"":false,""mechanism"":""assumed"",""purpose"":""QKD classical transcript authentication"",""trust_assumption"":""The classical BB84 channel is assumed authenticated externally."",""verified"":null}}","{""qkd_transcript_hash_sha384"":""9c90ee5bd663786e5bada939de00d3af4438b4e6dc0089cd98b04a69a3cc4b5c6f313754fb8a560dd92d51a9d76e8105"",""qkd_transcript_version"":1}",3271475200,20000,10041,2009,8032,8032,3870,0.50205,0.1935,0.03937007874015748,0.025176233635448138,0.03235440517670483,40,1016,25,993,65,2009,0.03937007874015748,0.037844836171696046,0.04726270185112249,0.028208744710860368,0.037844836171696046,2154545,,,,,,,,,,,,,,,,,,,,,,,,,,,,,,,,,,assumed,none,none,0,0,0,0,0,0,0,0,The classical BB84 channel is assumed authenticated externally.,,,,"{""implementation"":""cpython"",""platform"":""Windows-11-10.0.26200-SP0"",""processor"":""Intel64 Family 6 Model 158 Stepping 12, GenuineIntel"",""python"":""3.14.7""}",,,,,,,,,,,,,,,,,,,,,,,,,3271475200,"{""events"":[{""detail"":""QKD-ASSUMED"",""sequence"":0,""source"":""session"",""stage"":""session"",""state"":""started""},{""detail"":""BB84 post-processing completed."",""sequence"":1,""source"":""qkd"",""stage"":""bb84"",""state"":""completed""},{""detail"":""The classical BB84 channel is assumed authenticated externally."",""sequence"":2,""source"":""qkd"",""stage"":""classical_authentication"",""state"":""assumed_not_executed""},{""detail"":""Final key released after all profile checks."",""sequence"":3,""source"":""qkd"",""stage"":""key_release"",""state"":""released""},{""detail"":""Authenticated QKD key released."",""sequence"":4,""source"":""session"",""stage"":""session"",""state"":""established""}],""version"":1}"
1,4c00a512-0822-4851-9a2a-ae3d3b8b28eb,E2,amplitude-damping-0.20,0,1,eafcdacf-9f23-4290-b8e6-0d06ba663426,false,,0,200,2026-09-08T07:54:14.598630+00:00,14155948565480662456,QKD-ASSUMED,6374,3.14.7,CPython,2.5.0,0.16.0,0.16.0,50.0.1,0.1.0,Windows,11,10.0.26200,AMD64,"Intel64 Family 6 Model 158 Stepping 12, GenuineIntel",ac46477bb374bde1c0ace1ef0bcfbc26b199dcfa,true,1,E2,amplitude-damping-0.20,0,14155948565480662456,1,QKD-ASSUMED,QKD-ASSUMED,20000,"{""cascade_initial_block_factor"":0.73,""cascade_maximum_initial_block_size"":null,""cascade_maximum_lookback_steps"":null,""cascade_passes"":4,""phase_error_abort_threshold"":0.11,""sample_fraction"":0.2,""security_margin_bits"":0,""verification_tag_length"":32}",,[],"{""condition_id"":""amplitude-damping-0.20"",""experiment_kind"":""E2"",""qkd_stages"":[{""gamma"":0.2,""type"":""amplitude_damping""}],""replicate_index"":0,""seed"":14155948565480662456,""session"":{""internal_pqc_profile"":null,""profile"":""QKD-ASSUMED"",""qkd_authentication_profile"":""QKD-ASSUMED"",""qkd_postprocessing"":{""cascade_initial_block_factor"":0.73,""cascade_maximum_initial_block_size"":null,""cascade_maximum_lookback_steps"":null,""cascade_passes"":4,""phase_error_abort_threshold"":0.11,""sample_fraction"":0.2,""security_margin_bits"":0,""verification_tag_length"":32},""qkd_signal_count"":20000,""version"":1},""tags"":[],""version"":1}","[{""gamma"":0.2,""type"":""amplitude_damping""}]",,authentication explicitly assumed; no runtime material,,,,,,false,1,40ba262b35273a889dcd1cadb4ce3591,QKD-ASSUMED,established,,qkd_bitstring,829,"[{""algorithm"":""privacy-amplified-bitstring"",""bit_length"":829,""byte_length"":104,""encoding"":""big-endian packed bits with explicit bit length"",""position"":1,""protocol"":""BB84"",""source"":""qkd""}]","{""pqc_exchange"":null,""qkd_classical"":{""algorithm"":""none"",""executed"":false,""mechanism"":""assumed"",""purpose"":""QKD classical transcript authentication"",""trust_assumption"":""The classical BB84 channel is assumed authenticated externally."",""verified"":null}}","{""qkd_transcript_hash_sha384"":""46641c25ac920e858a380c32f32e88c22b25cc88bb3fec74d0c133a1eb6527cd3ed542f425a5fb07d129255748acd60f"",""qkd_transcript_version"":1}",3400189200,20000,10030,2007,8023,8023,829,0.5015,0.04145,0.09126984126984126,0.05105105105105105,0.07125062282012955,92,1008,51,999,143,2007,0.09126984126984126,0.07088733798604187,0.08951965065502183,0.052083333333333336,0.07088733798604187,2805755,,,,,,,,,,,,,,,,,,,,,,,,,,,,,,,,,,assumed,none,none,0,0,0,0,0,0,0,0,The classical BB84 channel is assumed authenticated externally.,,,,"{""implementation"":""cpython"",""platform"":""Windows-11-10.0.26200-SP0"",""processor"":""Intel64 Family 6 Model 158 Stepping 12, GenuineIntel"",""python"":""3.14.7""}",,,,,,,,,,,,,,,,,,,,,,,,,3400189200,"{""events"":[{""detail"":""QKD-ASSUMED"",""sequence"":0,""source"":""session"",""stage"":""session"",""state"":""started""},{""detail"":""BB84 post-processing completed."",""sequence"":1,""source"":""qkd"",""stage"":""bb84"",""state"":""completed""},{""detail"":""The classical BB84 channel is assumed authenticated externally."",""sequence"":2,""source"":""qkd"",""stage"":""classical_authentication"",""state"":""assumed_not_executed""},{""detail"":""Final key released after all profile checks."",""sequence"":3,""source"":""qkd"",""stage"":""key_release"",""state"":""released""},{""detail"":""Authenticated QKD key released."",""sequence"":4,""source"":""session"",""stage"":""session"",""state"":""established""}],""version"":1}"
1,09597cc8-3c9f-4810-b538-a7ec3aafc4b3,E2,amplitude-damping-0.20,1,1,eafcdacf-9f23-4290-b8e6-0d06ba663426,false,,0,201,2026-09-08T07:54:18.107741+00:00,14864415316401234230,QKD-ASSUMED,6342,3.14.7,CPython,2.5.0,0.16.0,0.16.0,50.0.1,0.1.0,Windows,11,10.0.26200,AMD64,"Intel64 Family 6 Model 158 Stepping 12, GenuineIntel",ac46477bb374bde1c0ace1ef0bcfbc26b199dcfa,true,1,E2,amplitude-damping-0.20,1,14864415316401234230,1,QKD-ASSUMED,QKD-ASSUMED,20000,"{""cascade_initial_block_factor"":0.73,""cascade_maximum_initial_block_size"":null,""cascade_maximum_lookback_steps"":null,""cascade_passes"":4,""phase_error_abort_threshold"":0.11,""sample_fraction"":0.2,""security_margin_bits"":0,""verification_tag_length"":32}",,[],"{""condition_id"":""amplitude-damping-0.20"",""experiment_kind"":""E2"",""qkd_stages"":[{""gamma"":0.2,""type"":""amplitude_damping""}],""replicate_index"":1,""seed"":14864415316401234230,""session"":{""internal_pqc_profile"":null,""profile"":""QKD-ASSUMED"",""qkd_authentication_profile"":""QKD-ASSUMED"",""qkd_postprocessing"":{""cascade_initial_block_factor"":0.73,""cascade_maximum_initial_block_size"":null,""cascade_maximum_lookback_steps"":null,""cascade_passes"":4,""phase_error_abort_threshold"":0.11,""sample_fraction"":0.2,""security_margin_bits"":0,""verification_tag_length"":32},""qkd_signal_count"":20000,""version"":1},""tags"":[],""version"":1}","[{""gamma"":0.2,""type"":""amplitude_damping""}]",,authentication explicitly assumed; no runtime material,,,,,,false,1,6e3445589c5288a67e3766c62afaf38c,QKD-ASSUMED,established,,qkd_bitstring,767,"[{""algorithm"":""privacy-amplified-bitstring"",""bit_length"":767,""byte_length"":96,""encoding"":""big-endian packed bits with explicit bit length"",""position"":1,""protocol"":""BB84"",""source"":""qkd""}]","{""pqc_exchange"":null,""qkd_classical"":{""algorithm"":""none"",""executed"":false,""mechanism"":""assumed"",""purpose"":""QKD classical transcript authentication"",""trust_assumption"":""The classical BB84 channel is assumed authenticated externally."",""verified"":null}}","{""qkd_transcript_hash_sha384"":""e3d07148348bc94e62428a50357bf7cae87bc939a3aca68506cfcb0b166ce87bbf6d34efcd87b4dd84b172a99a5b536a"",""qkd_transcript_version"":1}",3423156500,20000,9952,1991,7961,7961,767,0.4976,0.03835,0.085,0.04238143289606458,0.06378704168759418,85,1000,42,991,127,1991,0.085,0.0772709003215434,0.10162032406481296,0.052695336159903086,0.0772709003215434,2921265,,,,,,,,,,,,,,,,,,,,,,,,,,,,,,,,,,assumed,none,none,0,0,0,0,0,0,0,0,The classical BB84 channel is assumed authenticated externally.,,,,"{""implementation"":""cpython"",""platform"":""Windows-11-10.0.26200-SP0"",""processor"":""Intel64 Family 6 Model 158 Stepping 12, GenuineIntel"",""python"":""3.14.7""}",,,,,,,,,,,,,,,,,,,,,,,,,3423156500,"{""events"":[{""detail"":""QKD-ASSUMED"",""sequence"":0,""source"":""session"",""stage"":""session"",""state"":""started""},{""detail"":""BB84 post-processing completed."",""sequence"":1,""source"":""qkd"",""stage"":""bb84"",""state"":""completed""},{""detail"":""The classical BB84 channel is assumed authenticated externally."",""sequence"":2,""source"":""qkd"",""stage"":""classical_authentication"",""state"":""assumed_not_executed""},{""detail"":""Final key released after all profile checks."",""sequence"":3,""source"":""qkd"",""stage"":""key_release"",""state"":""released""},{""detail"":""Authenticated QKD key released."",""sequence"":4,""source"":""session"",""stage"":""session"",""state"":""established""}],""version"":1}"
1,6ff33022-178e-4b4e-946d-592c64c058fe,E2,amplitude-damping-0.20,2,1,eafcdacf-9f23-4290-b8e6-0d06ba663426,false,,0,202,2026-09-08T07:54:21.513362+00:00,6804725423644067804,QKD-ASSUMED,6369,3.14.7,CPython,2.5.0,0.16.0,0.16.0,50.0.1,0.1.0,Windows,11,10.0.26200,AMD64,"Intel64 Family 6 Model 158 Stepping 12, GenuineIntel",ac46477bb374bde1c0ace1ef0bcfbc26b199dcfa,true,1,E2,amplitude-damping-0.20,2,6804725423644067804,1,QKD-ASSUMED,QKD-ASSUMED,20000,"{""cascade_initial_block_factor"":0.73,""cascade_maximum_initial_block_size"":null,""cascade_maximum_lookback_steps"":null,""cascade_passes"":4,""phase_error_abort_threshold"":0.11,""sample_fraction"":0.2,""security_margin_bits"":0,""verification_tag_length"":32}",,[],"{""condition_id"":""amplitude-damping-0.20"",""experiment_kind"":""E2"",""qkd_stages"":[{""gamma"":0.2,""type"":""amplitude_damping""}],""replicate_index"":2,""seed"":6804725423644067804,""session"":{""internal_pqc_profile"":null,""profile"":""QKD-ASSUMED"",""qkd_authentication_profile"":""QKD-ASSUMED"",""qkd_postprocessing"":{""cascade_initial_block_factor"":0.73,""cascade_maximum_initial_block_size"":null,""cascade_maximum_lookback_steps"":null,""cascade_passes"":4,""phase_error_abort_threshold"":0.11,""sample_fraction"":0.2,""security_margin_bits"":0,""verification_tag_length"":32},""qkd_signal_count"":20000,""version"":1},""tags"":[],""version"":1}","[{""gamma"":0.2,""type"":""amplitude_damping""}]",,authentication explicitly assumed; no runtime material,,,,,,false,1,d5f7dde1b0275754eea2565316ba4ae0,QKD-ASSUMED,established,,qkd_bitstring,333,"[{""algorithm"":""privacy-amplified-bitstring"",""bit_length"":333,""byte_length"":42,""encoding"":""big-endian packed bits with explicit bit length"",""position"":1,""protocol"":""BB84"",""source"":""qkd""}]","{""pqc_exchange"":null,""qkd_classical"":{""algorithm"":""none"",""executed"":false,""mechanism"":""assumed"",""purpose"":""QKD classical transcript authentication"",""trust_assumption"":""The classical BB84 channel is assumed authenticated externally."",""verified"":null}}","{""qkd_transcript_hash_sha384"":""71a6abae24fe0179d1d8ac5135124d1a7f966aed82a4073c48eb5e34e7326af2e313c0071049eea9ec10a708af9fc6ad"",""qkd_transcript_version"":1}",3320589900,20000,10120,2024,8096,8096,333,0.506,0.01665,0.10714285714285714,0.03937007874015748,0.07312252964426877,108,1008,40,1016,148,2024,0.10714285714285714,0.0741106719367589,0.10297619047619047,0.04547244094488189,0.0741106719367589,2884455,,,,,,,,,,,,,,,,,,,,,,,,,,,,,,,,,,assumed,none,none,0,0,0,0,0,0,0,0,The classical BB84 channel is assumed authenticated externally.,,,,"{""implementation"":""cpython"",""platform"":""Windows-11-10.0.26200-SP0"",""processor"":""Intel64 Family 6 Model 158 Stepping 12, GenuineIntel"",""python"":""3.14.7""}",,,,,,,,,,,,,,,,,,,,,,,,,3320589900,"{""events"":[{""detail"":""QKD-ASSUMED"",""sequence"":0,""source"":""session"",""stage"":""session"",""state"":""started""},{""detail"":""BB84 post-processing completed."",""sequence"":1,""source"":""qkd"",""stage"":""bb84"",""state"":""completed""},{""detail"":""The classical BB84 channel is assumed authenticated externally."",""sequence"":2,""source"":""qkd"",""stage"":""classical_authentication"",""state"":""assumed_not_executed""},{""detail"":""Final key released after all profile checks."",""sequence"":3,""source"":""qkd"",""stage"":""key_release"",""state"":""released""},{""detail"":""Authenticated QKD key released."",""sequence"":4,""source"":""session"",""stage"":""session"",""state"":""established""}],""version"":1}"
1,5bb481b2-13db-43de-8c09-fa4697f124fd,E2,amplitude-damping-0.20,3,1,eafcdacf-9f23-4290-b8e6-0d06ba663426,false,,0,203,2026-09-08T07:54:24.931154+00:00,8703588454186272267,QKD-ASSUMED,6364,3.14.7,CPython,2.5.0,0.16.0,0.16.0,50.0.1,0.1.0,Windows,11,10.0.26200,AMD64,"Intel64 Family 6 Model 158 Stepping 12, GenuineIntel",ac46477bb374bde1c0ace1ef0bcfbc26b199dcfa,true,1,E2,amplitude-damping-0.20,3,8703588454186272267,1,QKD-ASSUMED,QKD-ASSUMED,20000,"{""cascade_initial_block_factor"":0.73,""cascade_maximum_initial_block_size"":null,""cascade_maximum_lookback_steps"":null,""cascade_passes"":4,""phase_error_abort_threshold"":0.11,""sample_fraction"":0.2,""security_margin_bits"":0,""verification_tag_length"":32}",,[],"{""condition_id"":""amplitude-damping-0.20"",""experiment_kind"":""E2"",""qkd_stages"":[{""gamma"":0.2,""type"":""amplitude_damping""}],""replicate_index"":3,""seed"":8703588454186272267,""session"":{""internal_pqc_profile"":null,""profile"":""QKD-ASSUMED"",""qkd_authentication_profile"":""QKD-ASSUMED"",""qkd_postprocessing"":{""cascade_initial_block_factor"":0.73,""cascade_maximum_initial_block_size"":null,""cascade_maximum_lookback_steps"":null,""cascade_passes"":4,""phase_error_abort_threshold"":0.11,""sample_fraction"":0.2,""security_margin_bits"":0,""verification_tag_length"":32},""qkd_signal_count"":20000,""version"":1},""tags"":[],""version"":1}","[{""gamma"":0.2,""type"":""amplitude_damping""}]",,authentication explicitly assumed; no runtime material,,,,,,false,1,b3b2417b8cf5d6e45c854d654994f1e8,QKD-ASSUMED,established,,qkd_bitstring,572,"[{""algorithm"":""privacy-amplified-bitstring"",""bit_length"":572,""byte_length"":72,""encoding"":""big-endian packed bits with explicit bit length"",""position"":1,""protocol"":""BB84"",""source"":""qkd""}]","{""pqc_exchange"":null,""qkd_classical"":{""algorithm"":""none"",""executed"":false,""mechanism"":""assumed"",""purpose"":""QKD classical transcript authentication"",""trust_assumption"":""The classical BB84 channel is assumed authenticated externally."",""verified"":null}}","{""qkd_transcript_hash_sha384"":""5793ff63753d4ff0a5cf59a13402d3a460734306ccd4c20d7c559385d7e3c9180333596b203388d0574b442af73dde68"",""qkd_transcript_version"":1}",3333455400,20000,9899,1981,7918,7918,572,0.49495,0.0286,0.0970970970970971,0.05702647657841141,0.07723372034326098,97,999,56,982,153,1981,0.0970970970970971,0.0733407414890393,0.09573402763869417,0.05055034651447207,0.0733407414890393,2804361,,,,,,,,,,,,,,,,,,,,,,,,,,,,,,,,,,assumed,none,none,0,0,0,0,0,0,0,0,The classical BB84 channel is assumed authenticated externally.,,,,"{""implementation"":""cpython"",""platform"":""Windows-11-10.0.26200-SP0"",""processor"":""Intel64 Family 6 Model 158 Stepping 12, GenuineIntel"",""python"":""3.14.7""}",,,,,,,,,,,,,,,,,,,,,,,,,3333455400,"{""events"":[{""detail"":""QKD-ASSUMED"",""sequence"":0,""source"":""session"",""stage"":""session"",""state"":""started""},{""detail"":""BB84 post-processing completed."",""sequence"":1,""source"":""qkd"",""stage"":""bb84"",""state"":""completed""},{""detail"":""The classical BB84 channel is assumed authenticated externally."",""sequence"":2,""source"":""qkd"",""stage"":""classical_authentication"",""state"":""assumed_not_executed""},{""detail"":""Final key released after all profile checks."",""sequence"":3,""source"":""qkd"",""stage"":""key_release"",""state"":""released""},{""detail"":""Authenticated QKD key released."",""sequence"":4,""source"":""session"",""stage"":""session"",""state"":""established""}],""version"":1}"
1,36ecfefc-e68d-4c66-ac23-8cc8c833c161,E2,amplitude-damping-0.20,4,1,eafcdacf-9f23-4290-b8e6-0d06ba663426,false,,0,204,2026-09-08T07:54:28.408993+00:00,4566133298139349120,QKD-ASSUMED,6366,3.14.7,CPython,2.5.0,0.16.0,0.16.0,50.0.1,0.1.0,Windows,11,10.0.26200,AMD64,"Intel64 Family 6 Model 158 Stepping 12, GenuineIntel",ac46477bb374bde1c0ace1ef0bcfbc26b199dcfa,true,1,E2,amplitude-damping-0.20,4,4566133298139349120,1,QKD-ASSUMED,QKD-ASSUMED,20000,"{""cascade_initial_block_factor"":0.73,""cascade_maximum_initial_block_size"":null,""cascade_maximum_lookback_steps"":null,""cascade_passes"":4,""phase_error_abort_threshold"":0.11,""sample_fraction"":0.2,""security_margin_bits"":0,""verification_tag_length"":32}",,[],"{""condition_id"":""amplitude-damping-0.20"",""experiment_kind"":""E2"",""qkd_stages"":[{""gamma"":0.2,""type"":""amplitude_damping""}],""replicate_index"":4,""seed"":4566133298139349120,""session"":{""internal_pqc_profile"":null,""profile"":""QKD-ASSUMED"",""qkd_authentication_profile"":""QKD-ASSUMED"",""qkd_postprocessing"":{""cascade_initial_block_factor"":0.73,""cascade_maximum_initial_block_size"":null,""cascade_maximum_lookback_steps"":null,""cascade_passes"":4,""phase_error_abort_threshold"":0.11,""sample_fraction"":0.2,""security_margin_bits"":0,""verification_tag_length"":32},""qkd_signal_count"":20000,""version"":1},""tags"":[],""version"":1}","[{""gamma"":0.2,""type"":""amplitude_damping""}]",,authentication explicitly assumed; no runtime material,,,,,,false,1,96a4b4e9428206f2e5361c4df095128c,QKD-ASSUMED,established,,qkd_bitstring,412,"[{""algorithm"":""privacy-amplified-bitstring"",""bit_length"":412,""byte_length"":52,""encoding"":""big-endian packed bits with explicit bit length"",""position"":1,""protocol"":""BB84"",""source"":""qkd""}]","{""pqc_exchange"":null,""qkd_classical"":{""algorithm"":""none"",""executed"":false,""mechanism"":""assumed"",""purpose"":""QKD classical transcript authentication"",""trust_assumption"":""The classical BB84 channel is assumed authenticated externally."",""verified"":null}}","{""qkd_transcript_hash_sha384"":""55a78b2df4432863610e14369b1185ab7fb7e6d05d496a1169d8d64bbc9496a04f6dcf3705c4a7b4ff38c02f66adb900"",""qkd_transcript_version"":1}",3393146400,20000,9916,1984,7932,7932,412,0.4958,0.0206,0.0998980632008155,0.0518444666001994,0.07560483870967742,98,981,52,1003,150,1984,0.0998980632008155,0.07694634933440904,0.09969418960244648,0.054679704649770504,0.07694634933440904,2877600,,,,,,,,,,,,,,,,,,,,,,,,,,,,,,,,,,assumed,none,none,0,0,0,0,0,0,0,0,The classical BB84 channel is assumed authenticated externally.,,,,"{""implementation"":""cpython"",""platform"":""Windows-11-10.0.26200-SP0"",""processor"":""Intel64 Family 6 Model 158 Stepping 12, GenuineIntel"",""python"":""3.14.7""}",,,,,,,,,,,,,,,,,,,,,,,,,3393146400,"{""events"":[{""detail"":""QKD-ASSUMED"",""sequence"":0,""source"":""session"",""stage"":""session"",""state"":""started""},{""detail"":""BB84 post-processing completed."",""sequence"":1,""source"":""qkd"",""stage"":""bb84"",""state"":""completed""},{""detail"":""The classical BB84 channel is assumed authenticated externally."",""sequence"":2,""source"":""qkd"",""stage"":""classical_authentication"",""state"":""assumed_not_executed""},{""detail"":""Final key released after all profile checks."",""sequence"":3,""source"":""qkd"",""stage"":""key_release"",""state"":""released""},{""detail"":""Authenticated QKD key released."",""sequence"":4,""source"":""session"",""stage"":""session"",""state"":""established""}],""version"":1}"
1,2773ce59-9efe-42e4-816b-16719749a70a,E2,amplitude-damping-0.20,5,1,eafcdacf-9f23-4290-b8e6-0d06ba663426,false,,0,205,2026-09-08T07:54:31.626054+00:00,11928675593700873133,QKD-ASSUMED,6598,3.14.7,CPython,2.5.0,0.16.0,0.16.0,50.0.1,0.1.0,Windows,11,10.0.26200,AMD64,"Intel64 Family 6 Model 158 Stepping 12, GenuineIntel",ac46477bb374bde1c0ace1ef0bcfbc26b199dcfa,true,1,E2,amplitude-damping-0.20,5,11928675593700873133,1,QKD-ASSUMED,QKD-ASSUMED,20000,"{""cascade_initial_block_factor"":0.73,""cascade_maximum_initial_block_size"":null,""cascade_maximum_lookback_steps"":null,""cascade_passes"":4,""phase_error_abort_threshold"":0.11,""sample_fraction"":0.2,""security_margin_bits"":0,""verification_tag_length"":32}",,[],"{""condition_id"":""amplitude-damping-0.20"",""experiment_kind"":""E2"",""qkd_stages"":[{""gamma"":0.2,""type"":""amplitude_damping""}],""replicate_index"":5,""seed"":11928675593700873133,""session"":{""internal_pqc_profile"":null,""profile"":""QKD-ASSUMED"",""qkd_authentication_profile"":""QKD-ASSUMED"",""qkd_postprocessing"":{""cascade_initial_block_factor"":0.73,""cascade_maximum_initial_block_size"":null,""cascade_maximum_lookback_steps"":null,""cascade_passes"":4,""phase_error_abort_threshold"":0.11,""sample_fraction"":0.2,""security_margin_bits"":0,""verification_tag_length"":32},""qkd_signal_count"":20000,""version"":1},""tags"":[],""version"":1}","[{""gamma"":0.2,""type"":""amplitude_damping""}]",,authentication explicitly assumed; no runtime material,,,,,,false,1,21a14e7f1769655364e7f0b1b24d5d36,QKD-ASSUMED,aborted,"BB84 security abort: Per-basis errors Z=0.111446, X=0.056863 give phase-error bound 0.111446, above the configured asymptotic threshold 0.110000; aggregate QBER 0.083829 is not the phase-error bound.",,0,[],"{""pqc_exchange"":null,""qkd_classical"":{""algorithm"":""none"",""executed"":false,""mechanism"":""assumed"",""purpose"":""QKD classical transcript authentication"",""trust_assumption"":""The classical BB84 channel is assumed authenticated externally."",""verified"":null}}","{""qkd_transcript_hash_sha384"":""287c04345d14d31a155f614008917c1d22126fc7dffb5bdab2677352b69fd4eb0852fe28735e05ffb200caafcfddf4d4"",""qkd_transcript_version"":1}",3153232500,20000,10075,2016,8059,0,0,0.50375,0.0,0.11144578313253012,0.056862745098039215,0.08382936507936507,111,996,58,1020,169,2016,0.11144578313253012,0.07890818858560794,0.10508338356439623,0.05335425657120439,0.07890818858560794,158394,,,,,,,,,,,,,,,,,,,,,,,,,,,,,,,,,,assumed,none,none,0,0,0,0,0,0,0,0,The classical BB84 channel is assumed authenticated externally.,,,,"{""implementation"":""cpython"",""platform"":""Windows-11-10.0.26200-SP0"",""processor"":""Intel64 Family 6 Model 158 Stepping 12, GenuineIntel"",""python"":""3.14.7""}",,,,,,,,,,,,,,,,,,,,,,,,,3153232500,"{""events"":[{""detail"":""QKD-ASSUMED"",""sequence"":0,""source"":""session"",""stage"":""session"",""state"":""started""},{""detail"":""Per-basis errors Z=0.111446, X=0.056863 give phase-error bound 0.111446, above the configured asymptotic threshold 0.110000; aggregate QBER 0.083829 is not the phase-error bound."",""sequence"":1,""source"":""qkd"",""stage"":""bb84"",""state"":""aborted""},{""detail"":""The classical BB84 channel is assumed authenticated externally."",""sequence"":2,""source"":""qkd"",""stage"":""classical_authentication"",""state"":""assumed_not_executed""},{""detail"":""No final key material is exposed by the orchestration result."",""sequence"":3,""source"":""qkd"",""stage"":""key_release"",""state"":""withheld""},{""detail"":""BB84 security abort: Per-basis errors Z=0.111446, X=0.056863 give phase-error bound 0.111446, above the configured asymptotic threshold 0.110000; aggregate QBER 0.083829 is not the phase-error bound."",""sequence"":4,""source"":""session"",""stage"":""session"",""state"":""aborted""}],""version"":1}"
1,bdcfe9dd-8ef1-4dcf-aa24-33c6b2ddbd6c,E2,amplitude-damping-0.20,6,1,eafcdacf-9f23-4290-b8e6-0d06ba663426,false,,0,206,2026-09-08T07:54:35.035452+00:00,17699480926739773747,QKD-ASSUMED,6370,3.14.7,CPython,2.5.0,0.16.0,0.16.0,50.0.1,0.1.0,Windows,11,10.0.26200,AMD64,"Intel64 Family 6 Model 158 Stepping 12, GenuineIntel",ac46477bb374bde1c0ace1ef0bcfbc26b199dcfa,true,1,E2,amplitude-damping-0.20,6,17699480926739773747,1,QKD-ASSUMED,QKD-ASSUMED,20000,"{""cascade_initial_block_factor"":0.73,""cascade_maximum_initial_block_size"":null,""cascade_maximum_lookback_steps"":null,""cascade_passes"":4,""phase_error_abort_threshold"":0.11,""sample_fraction"":0.2,""security_margin_bits"":0,""verification_tag_length"":32}",,[],"{""condition_id"":""amplitude-damping-0.20"",""experiment_kind"":""E2"",""qkd_stages"":[{""gamma"":0.2,""type"":""amplitude_damping""}],""replicate_index"":6,""seed"":17699480926739773747,""session"":{""internal_pqc_profile"":null,""profile"":""QKD-ASSUMED"",""qkd_authentication_profile"":""QKD-ASSUMED"",""qkd_postprocessing"":{""cascade_initial_block_factor"":0.73,""cascade_maximum_initial_block_size"":null,""cascade_maximum_lookback_steps"":null,""cascade_passes"":4,""phase_error_abort_threshold"":0.11,""sample_fraction"":0.2,""security_margin_bits"":0,""verification_tag_length"":32},""qkd_signal_count"":20000,""version"":1},""tags"":[],""version"":1}","[{""gamma"":0.2,""type"":""amplitude_damping""}]",,authentication explicitly assumed; no runtime material,,,,,,false,1,785a09eb25961cce7bb112f0bcca548b,QKD-ASSUMED,established,,qkd_bitstring,468,"[{""algorithm"":""privacy-amplified-bitstring"",""bit_length"":468,""byte_length"":59,""encoding"":""big-endian packed bits with explicit bit length"",""position"":1,""protocol"":""BB84"",""source"":""qkd""}]","{""pqc_exchange"":null,""qkd_classical"":{""algorithm"":""none"",""executed"":false,""mechanism"":""assumed"",""purpose"":""QKD classical transcript authentication"",""trust_assumption"":""The classical BB84 channel is assumed authenticated externally."",""verified"":null}}","{""qkd_transcript_hash_sha384"":""9ae0c971293ed1a9ed43cef4b648554b6968a67c510c372eacce8f6ba0e6d5a264d82af9771811343aaa9037391c737b"",""qkd_transcript_version"":1}",3324374600,20000,10075,2016,8059,8059,468,0.50375,0.0234,0.0946215139442231,0.06126482213438735,0.07787698412698413,95,1004,62,1012,157,2016,0.0946215139442231,0.0786104218362283,0.10223196492626545,0.055171050029661856,0.0786104218362283,2950807,,,,,,,,,,,,,,,,,,,,,,,,,,,,,,,,,,assumed,none,none,0,0,0,0,0,0,0,0,The classical BB84 channel is assumed authenticated externally.,,,,"{""implementation"":""cpython"",""platform"":""Windows-11-10.0.26200-SP0"",""processor"":""Intel64 Family 6 Model 158 Stepping 12, GenuineIntel"",""python"":""3.14.7""}",,,,,,,,,,,,,,,,,,,,,,,,,3324374600,"{""events"":[{""detail"":""QKD-ASSUMED"",""sequence"":0,""source"":""session"",""stage"":""session"",""state"":""started""},{""detail"":""BB84 post-processing completed."",""sequence"":1,""source"":""qkd"",""stage"":""bb84"",""state"":""completed""},{""detail"":""The classical BB84 channel is assumed authenticated externally."",""sequence"":2,""source"":""qkd"",""stage"":""classical_authentication"",""state"":""assumed_not_executed""},{""detail"":""Final key released after all profile checks."",""sequence"":3,""source"":""qkd"",""stage"":""key_release"",""state"":""released""},{""detail"":""Authenticated QKD key released."",""sequence"":4,""source"":""session"",""stage"":""session"",""state"":""established""}],""version"":1}"
1,b102cf4c-b091-4b51-b550-3fff5b876382,E2,amplitude-damping-0.20,7,1,eafcdacf-9f23-4290-b8e6-0d06ba663426,false,,0,207,2026-09-08T07:54:38.429640+00:00,856896243234612633,QKD-ASSUMED,6354,3.14.7,CPython,2.5.0,0.16.0,0.16.0,50.0.1,0.1.0,Windows,11,10.0.26200,AMD64,"Intel64 Family 6 Model 158 Stepping 12, GenuineIntel",ac46477bb374bde1c0ace1ef0bcfbc26b199dcfa,true,1,E2,amplitude-damping-0.20,7,856896243234612633,1,QKD-ASSUMED,QKD-ASSUMED,20000,"{""cascade_initial_block_factor"":0.73,""cascade_maximum_initial_block_size"":null,""cascade_maximum_lookback_steps"":null,""cascade_passes"":4,""phase_error_abort_threshold"":0.11,""sample_fraction"":0.2,""security_margin_bits"":0,""verification_tag_length"":32}",,[],"{""condition_id"":""amplitude-damping-0.20"",""experiment_kind"":""E2"",""qkd_stages"":[{""gamma"":0.2,""type"":""amplitude_damping""}],""replicate_index"":7,""seed"":856896243234612633,""session"":{""internal_pqc_profile"":null,""profile"":""QKD-ASSUMED"",""qkd_authentication_profile"":""QKD-ASSUMED"",""qkd_postprocessing"":{""cascade_initial_block_factor"":0.73,""cascade_maximum_initial_block_size"":null,""cascade_maximum_lookback_steps"":null,""cascade_passes"":4,""phase_error_abort_threshold"":0.11,""sample_fraction"":0.2,""security_margin_bits"":0,""verification_tag_length"":32},""qkd_signal_count"":20000,""version"":1},""tags"":[],""version"":1}","[{""gamma"":0.2,""type"":""amplitude_damping""}]",,authentication explicitly assumed; no runtime material,,,,,,false,1,b05879fbc713ab99719cba890cfe6b40,QKD-ASSUMED,established,,qkd_bitstring,485,"[{""algorithm"":""privacy-amplified-bitstring"",""bit_length"":485,""byte_length"":61,""encoding"":""big-endian packed bits with explicit bit length"",""position"":1,""protocol"":""BB84"",""source"":""qkd""}]","{""pqc_exchange"":null,""qkd_classical"":{""algorithm"":""none"",""executed"":false,""mechanism"":""assumed"",""purpose"":""QKD classical transcript authentication"",""trust_assumption"":""The classical BB84 channel is assumed authenticated externally."",""verified"":null}}","{""qkd_transcript_hash_sha384"":""1c1d0c889bbea2ad2b8c803e7bfbfffe2fceec419b6cd751ad1695df9556cf98849d8637e8db67cf727bf4a18a3bc51e"",""qkd_transcript_version"":1}",3309342800,20000,10010,2003,8007,8007,485,0.5005,0.02425,0.09870388833499502,0.06,0.07938092860708937,99,1003,60,1000,159,2003,0.09870388833499502,0.07532467532467532,0.09678706844941129,0.05381076215243048,0.07532467532467532,2864922,,,,,,,,,,,,,,,,,,,,,,,,,,,,,,,,,,assumed,none,none,0,0,0,0,0,0,0,0,The classical BB84 channel is assumed authenticated externally.,,,,"{""implementation"":""cpython"",""platform"":""Windows-11-10.0.26200-SP0"",""processor"":""Intel64 Family 6 Model 158 Stepping 12, GenuineIntel"",""python"":""3.14.7""}",,,,,,,,,,,,,,,,,,,,,,,,,3309342800,"{""events"":[{""detail"":""QKD-ASSUMED"",""sequence"":0,""source"":""session"",""stage"":""session"",""state"":""started""},{""detail"":""BB84 post-processing completed."",""sequence"":1,""source"":""qkd"",""stage"":""bb84"",""state"":""completed""},{""detail"":""The classical BB84 channel is assumed authenticated externally."",""sequence"":2,""source"":""qkd"",""stage"":""classical_authentication"",""state"":""assumed_not_executed""},{""detail"":""Final key released after all profile checks."",""sequence"":3,""source"":""qkd"",""stage"":""key_release"",""state"":""released""},{""detail"":""Authenticated QKD key released."",""sequence"":4,""source"":""session"",""stage"":""session"",""state"":""established""}],""version"":1}"
1,dc5eefae-d80f-4637-84cc-afa6a3bd1dc0,E2,amplitude-damping-0.20,8,1,eafcdacf-9f23-4290-b8e6-0d06ba663426,false,,0,208,2026-09-08T07:54:41.851320+00:00,10744904499390984286,QKD-ASSUMED,6373,3.14.7,CPython,2.5.0,0.16.0,0.16.0,50.0.1,0.1.0,Windows,11,10.0.26200,AMD64,"Intel64 Family 6 Model 158 Stepping 12, GenuineIntel",ac46477bb374bde1c0ace1ef0bcfbc26b199dcfa,true,1,E2,amplitude-damping-0.20,8,10744904499390984286,1,QKD-ASSUMED,QKD-ASSUMED,20000,"{""cascade_initial_block_factor"":0.73,""cascade_maximum_initial_block_size"":null,""cascade_maximum_lookback_steps"":null,""cascade_passes"":4,""phase_error_abort_threshold"":0.11,""sample_fraction"":0.2,""security_margin_bits"":0,""verification_tag_length"":32}",,[],"{""condition_id"":""amplitude-damping-0.20"",""experiment_kind"":""E2"",""qkd_stages"":[{""gamma"":0.2,""type"":""amplitude_damping""}],""replicate_index"":8,""seed"":10744904499390984286,""session"":{""internal_pqc_profile"":null,""profile"":""QKD-ASSUMED"",""qkd_authentication_profile"":""QKD-ASSUMED"",""qkd_postprocessing"":{""cascade_initial_block_factor"":0.73,""cascade_maximum_initial_block_size"":null,""cascade_maximum_lookback_steps"":null,""cascade_passes"":4,""phase_error_abort_threshold"":0.11,""sample_fraction"":0.2,""security_margin_bits"":0,""verification_tag_length"":32},""qkd_signal_count"":20000,""version"":1},""tags"":[],""version"":1}","[{""gamma"":0.2,""type"":""amplitude_damping""}]",,authentication explicitly assumed; no runtime material,,,,,,false,1,81c6c12662b6ac8a2be59d780e6f0657,QKD-ASSUMED,established,,qkd_bitstring,268,"[{""algorithm"":""privacy-amplified-bitstring"",""bit_length"":268,""byte_length"":34,""encoding"":""big-endian packed bits with explicit bit length"",""position"":1,""protocol"":""BB84"",""source"":""qkd""}]","{""pqc_exchange"":null,""qkd_classical"":{""algorithm"":""none"",""executed"":false,""mechanism"":""assumed"",""purpose"":""QKD classical transcript authentication"",""trust_assumption"":""The classical BB84 channel is assumed authenticated externally."",""verified"":null}}","{""qkd_transcript_hash_sha384"":""690a8d19dff0aafe4dc0c26451743d1629580b663d3365f2ad6ff218486cd4441982b281e6827078eddb7968b6eb1543"",""qkd_transcript_version"":1}",3335401400,20000,10121,2025,8096,8096,268,0.50605,0.0134,0.10220440881763528,0.06718597857838364,0.08444444444444445,102,998,69,1027,171,2025,0.10220440881763528,0.08013042189506965,0.10166432725085221,0.05921308920919361,0.08013042189506965,2967213,,,,,,,,,,,,,,,,,,,,,,,,,,,,,,,,,,assumed,none,none,0,0,0,0,0,0,0,0,The classical BB84 channel is assumed authenticated externally.,,,,"{""implementation"":""cpython"",""platform"":""Windows-11-10.0.26200-SP0"",""processor"":""Intel64 Family 6 Model 158 Stepping 12, GenuineIntel"",""python"":""3.14.7""}",,,,,,,,,,,,,,,,,,,,,,,,,3335401400,"{""events"":[{""detail"":""QKD-ASSUMED"",""sequence"":0,""source"":""session"",""stage"":""session"",""state"":""started""},{""detail"":""BB84 post-processing completed."",""sequence"":1,""source"":""qkd"",""stage"":""bb84"",""state"":""completed""},{""detail"":""The classical BB84 channel is assumed authenticated externally."",""sequence"":2,""source"":""qkd"",""stage"":""classical_authentication"",""state"":""assumed_not_executed""},{""detail"":""Final key released after all profile checks."",""sequence"":3,""source"":""qkd"",""stage"":""key_release"",""state"":""released""},{""detail"":""Authenticated QKD key released."",""sequence"":4,""source"":""session"",""stage"":""session"",""state"":""established""}],""version"":1}"
1,b36e5bbd-fdcc-4a92-855f-5ef3a1cfc9d4,E2,amplitude-damping-0.20,9,1,eafcdacf-9f23-4290-b8e6-0d06ba663426,false,,0,209,2026-09-08T07:54:45.307709+00:00,4451368438048757983,QKD-ASSUMED,6371,3.14.7,CPython,2.5.0,0.16.0,0.16.0,50.0.1,0.1.0,Windows,11,10.0.26200,AMD64,"Intel64 Family 6 Model 158 Stepping 12, GenuineIntel",ac46477bb374bde1c0ace1ef0bcfbc26b199dcfa,true,1,E2,amplitude-damping-0.20,9,4451368438048757983,1,QKD-ASSUMED,QKD-ASSUMED,20000,"{""cascade_initial_block_factor"":0.73,""cascade_maximum_initial_block_size"":null,""cascade_maximum_lookback_steps"":null,""cascade_passes"":4,""phase_error_abort_threshold"":0.11,""sample_fraction"":0.2,""security_margin_bits"":0,""verification_tag_length"":32}",,[],"{""condition_id"":""amplitude-damping-0.20"",""experiment_kind"":""E2"",""qkd_stages"":[{""gamma"":0.2,""type"":""amplitude_damping""}],""replicate_index"":9,""seed"":4451368438048757983,""session"":{""internal_pqc_profile"":null,""profile"":""QKD-ASSUMED"",""qkd_authentication_profile"":""QKD-ASSUMED"",""qkd_postprocessing"":{""cascade_initial_block_factor"":0.73,""cascade_maximum_initial_block_size"":null,""cascade_maximum_lookback_steps"":null,""cascade_passes"":4,""phase_error_abort_threshold"":0.11,""sample_fraction"":0.2,""security_margin_bits"":0,""verification_tag_length"":32},""qkd_signal_count"":20000,""version"":1},""tags"":[],""version"":1}","[{""gamma"":0.2,""type"":""amplitude_damping""}]",,authentication explicitly assumed; no runtime material,,,,,,false,1,0fca33e093b8a2f3ca352464471c61a6,QKD-ASSUMED,established,,qkd_bitstring,803,"[{""algorithm"":""privacy-amplified-bitstring"",""bit_length"":803,""byte_length"":101,""encoding"":""big-endian packed bits with explicit bit length"",""position"":1,""protocol"":""BB84"",""source"":""qkd""}]","{""pqc_exchange"":null,""qkd_classical"":{""algorithm"":""none"",""executed"":false,""mechanism"":""assumed"",""purpose"":""QKD classical transcript authentication"",""trust_assumption"":""The classical BB84 channel is assumed authenticated externally."",""verified"":null}}","{""qkd_transcript_hash_sha384"":""33667b1aac67d44cd63048aa652f3bff813979aa8438699762a3800dcc978179f26c49bada348cd601051ff6c721d4e2"",""qkd_transcript_version"":1}",3371620300,20000,9903,1982,7921,7921,803,0.49515,0.04015,0.08664627930682976,0.05194805194805195,0.06912209889001009,85,981,52,1001,137,1982,0.08664627930682976,0.07533070786630314,0.09875535604978576,0.05237904838064774,0.07533070786630314,2863034,,,,,,,,,,,,,,,,,,,,,,,,,,,,,,,,,,assumed,none,none,0,0,0,0,0,0,0,0,The classical BB84 channel is assumed authenticated externally.,,,,"{""implementation"":""cpython"",""platform"":""Windows-11-10.0.26200-SP0"",""processor"":""Intel64 Family 6 Model 158 Stepping 12, GenuineIntel"",""python"":""3.14.7""}",,,,,,,,,,,,,,,,,,,,,,,,,3371620300,"{""events"":[{""detail"":""QKD-ASSUMED"",""sequence"":0,""source"":""session"",""stage"":""session"",""state"":""started""},{""detail"":""BB84 post-processing completed."",""sequence"":1,""source"":""qkd"",""stage"":""bb84"",""state"":""completed""},{""detail"":""The classical BB84 channel is assumed authenticated externally."",""sequence"":2,""source"":""qkd"",""stage"":""classical_authentication"",""state"":""assumed_not_executed""},{""detail"":""Final key released after all profile checks."",""sequence"":3,""source"":""qkd"",""stage"":""key_release"",""state"":""released""},{""detail"":""Authenticated QKD key released."",""sequence"":4,""source"":""session"",""stage"":""session"",""state"":""established""}],""version"":1}"
1,af341687-da77-4f39-8fb7-ea141d2c89f8,E2,amplitude-damping-0.30,0,1,eafcdacf-9f23-4290-b8e6-0d06ba663426,false,,0,210,2026-09-08T07:54:48.586593+00:00,13236983898205357458,QKD-ASSUMED,6593,3.14.7,CPython,2.5.0,0.16.0,0.16.0,50.0.1,0.1.0,Windows,11,10.0.26200,AMD64,"Intel64 Family 6 Model 158 Stepping 12, GenuineIntel",ac46477bb374bde1c0ace1ef0bcfbc26b199dcfa,true,1,E2,amplitude-damping-0.30,0,13236983898205357458,1,QKD-ASSUMED,QKD-ASSUMED,20000,"{""cascade_initial_block_factor"":0.73,""cascade_maximum_initial_block_size"":null,""cascade_maximum_lookback_steps"":null,""cascade_passes"":4,""phase_error_abort_threshold"":0.11,""sample_fraction"":0.2,""security_margin_bits"":0,""verification_tag_length"":32}",,[],"{""condition_id"":""amplitude-damping-0.30"",""experiment_kind"":""E2"",""qkd_stages"":[{""gamma"":0.3,""type"":""amplitude_damping""}],""replicate_index"":0,""seed"":13236983898205357458,""session"":{""internal_pqc_profile"":null,""profile"":""QKD-ASSUMED"",""qkd_authentication_profile"":""QKD-ASSUMED"",""qkd_postprocessing"":{""cascade_initial_block_factor"":0.73,""cascade_maximum_initial_block_size"":null,""cascade_maximum_lookback_steps"":null,""cascade_passes"":4,""phase_error_abort_threshold"":0.11,""sample_fraction"":0.2,""security_margin_bits"":0,""verification_tag_length"":32},""qkd_signal_count"":20000,""version"":1},""tags"":[],""version"":1}","[{""gamma"":0.3,""type"":""amplitude_damping""}]",,authentication explicitly assumed; no runtime material,,,,,,false,1,6d88d6e44cf536c435fc41bf5985e345,QKD-ASSUMED,aborted,"BB84 security abort: Per-basis errors Z=0.160874, X=0.090090 give phase-error bound 0.160874, above the configured asymptotic threshold 0.110000; aggregate QBER 0.125623 is not the phase-error bound.",,0,[],"{""pqc_exchange"":null,""qkd_classical"":{""algorithm"":""none"",""executed"":false,""mechanism"":""assumed"",""purpose"":""QKD classical transcript authentication"",""trust_assumption"":""The classical BB84 channel is assumed authenticated externally."",""verified"":null}}","{""qkd_transcript_hash_sha384"":""2f0d90842dbb115212bfc78548df6db57c8abf1a62e265fe148e602294571d46848a04527a5c0f42456915f92b3bbdee"",""qkd_transcript_version"":1}",3217263300,20000,10026,2006,8020,0,0,0.5013,0.0,0.1608738828202582,0.09009009009009009,0.12562313060817548,162,1007,90,999,252,2006,0.1608738828202582,0.11859166167963295,0.1554054054054054,0.08149779735682819,0.11859166167963295,157820,,,,,,,,,,,,,,,,,,,,,,,,,,,,,,,,,,assumed,none,none,0,0,0,0,0,0,0,0,The classical BB84 channel is assumed authenticated externally.,,,,"{""implementation"":""cpython"",""platform"":""Windows-11-10.0.26200-SP0"",""processor"":""Intel64 Family 6 Model 158 Stepping 12, GenuineIntel"",""python"":""3.14.7""}",,,,,,,,,,,,,,,,,,,,,,,,,3217263300,"{""events"":[{""detail"":""QKD-ASSUMED"",""sequence"":0,""source"":""session"",""stage"":""session"",""state"":""started""},{""detail"":""Per-basis errors Z=0.160874, X=0.090090 give phase-error bound 0.160874, above the configured asymptotic threshold 0.110000; aggregate QBER 0.125623 is not the phase-error bound."",""sequence"":1,""source"":""qkd"",""stage"":""bb84"",""state"":""aborted""},{""detail"":""The classical BB84 channel is assumed authenticated externally."",""sequence"":2,""source"":""qkd"",""stage"":""classical_authentication"",""state"":""assumed_not_executed""},{""detail"":""No final key material is exposed by the orchestration result."",""sequence"":3,""source"":""qkd"",""stage"":""key_release"",""state"":""withheld""},{""detail"":""BB84 security abort: Per-basis errors Z=0.160874, X=0.090090 give phase-error bound 0.160874, above the configured asymptotic threshold 0.110000; aggregate QBER 0.125623 is not the phase-error bound."",""sequence"":4,""source"":""session"",""stage"":""session"",""state"":""aborted""}],""version"":1}"
1,2f25152a-9da4-47df-b813-196e9a1228fb,E2,amplitude-damping-0.30,1,1,eafcdacf-9f23-4290-b8e6-0d06ba663426,false,,0,211,2026-09-08T07:54:51.758261+00:00,16976665612942354767,QKD-ASSUMED,6593,3.14.7,CPython,2.5.0,0.16.0,0.16.0,50.0.1,0.1.0,Windows,11,10.0.26200,AMD64,"Intel64 Family 6 Model 158 Stepping 12, GenuineIntel",ac46477bb374bde1c0ace1ef0bcfbc26b199dcfa,true,1,E2,amplitude-damping-0.30,1,16976665612942354767,1,QKD-ASSUMED,QKD-ASSUMED,20000,"{""cascade_initial_block_factor"":0.73,""cascade_maximum_initial_block_size"":null,""cascade_maximum_lookback_steps"":null,""cascade_passes"":4,""phase_error_abort_threshold"":0.11,""sample_fraction"":0.2,""security_margin_bits"":0,""verification_tag_length"":32}",,[],"{""condition_id"":""amplitude-damping-0.30"",""experiment_kind"":""E2"",""qkd_stages"":[{""gamma"":0.3,""type"":""amplitude_damping""}],""replicate_index"":1,""seed"":16976665612942354767,""session"":{""internal_pqc_profile"":null,""profile"":""QKD-ASSUMED"",""qkd_authentication_profile"":""QKD-ASSUMED"",""qkd_postprocessing"":{""cascade_initial_block_factor"":0.73,""cascade_maximum_initial_block_size"":null,""cascade_maximum_lookback_steps"":null,""cascade_passes"":4,""phase_error_abort_threshold"":0.11,""sample_fraction"":0.2,""security_margin_bits"":0,""verification_tag_length"":32},""qkd_signal_count"":20000,""version"":1},""tags"":[],""version"":1}","[{""gamma"":0.3,""type"":""amplitude_damping""}]",,authentication explicitly assumed; no runtime material,,,,,,false,1,7b80d27c446dc3fc55f40be1c14ffe81,QKD-ASSUMED,aborted,"BB84 security abort: Per-basis errors Z=0.162512, X=0.099404 give phase-error bound 0.162512, above the configured asymptotic threshold 0.110000; aggregate QBER 0.130911 is not the phase-error bound.",,0,[],"{""pqc_exchange"":null,""qkd_classical"":{""algorithm"":""none"",""executed"":false,""mechanism"":""assumed"",""purpose"":""QKD classical transcript authentication"",""trust_assumption"":""The classical BB84 channel is assumed authenticated externally."",""verified"":null}}","{""qkd_transcript_hash_sha384"":""d1c4218a7162bc91261bbc6f9b88b6c40cb52bef870c623f6d6b5edf768b4c1a11bbca6d28454a746f6da8f72865aada"",""qkd_transcript_version"":1}",3109297200,20000,10042,2009,8033,0,0,0.5021,0.0,0.1625124626121635,0.09940357852882704,0.13091090094574415,163,1003,100,1006,263,2009,0.1625124626121635,0.12109141605257917,0.1547357926221336,0.087527352297593,0.12109141605257917,158004,,,,,,,,,,,,,,,,,,,,,,,,,,,,,,,,,,assumed,none,none,0,0,0,0,0,0,0,0,The classical BB84 channel is assumed authenticated externally.,,,,"{""implementation"":""cpython"",""platform"":""Windows-11-10.0.26200-SP0"",""processor"":""Intel64 Family 6 Model 158 Stepping 12, GenuineIntel"",""python"":""3.14.7""}",,,,,,,,,,,,,,,,,,,,,,,,,3109297200,"{""events"":[{""detail"":""QKD-ASSUMED"",""sequence"":0,""source"":""session"",""stage"":""session"",""state"":""started""},{""detail"":""Per-basis errors Z=0.162512, X=0.099404 give phase-error bound 0.162512, above the configured asymptotic threshold 0.110000; aggregate QBER 0.130911 is not the phase-error bound."",""sequence"":1,""source"":""qkd"",""stage"":""bb84"",""state"":""aborted""},{""detail"":""The classical BB84 channel is assumed authenticated externally."",""sequence"":2,""source"":""qkd"",""stage"":""classical_authentication"",""state"":""assumed_not_executed""},{""detail"":""No final key material is exposed by the orchestration result."",""sequence"":3,""source"":""qkd"",""stage"":""key_release"",""state"":""withheld""},{""detail"":""BB84 security abort: Per-basis errors Z=0.162512, X=0.099404 give phase-error bound 0.162512, above the configured asymptotic threshold 0.110000; aggregate QBER 0.130911 is not the phase-error bound."",""sequence"":4,""source"":""session"",""stage"":""session"",""state"":""aborted""}],""version"":1}"
1,be0c05a5-9faa-4c22-9b87-4606b8248428,E2,amplitude-damping-0.30,2,1,eafcdacf-9f23-4290-b8e6-0d06ba663426,false,,0,212,2026-09-08T07:54:54.901078+00:00,6816988896715610520,QKD-ASSUMED,6589,3.14.7,CPython,2.5.0,0.16.0,0.16.0,50.0.1,0.1.0,Windows,11,10.0.26200,AMD64,"Intel64 Family 6 Model 158 Stepping 12, GenuineIntel",ac46477bb374bde1c0ace1ef0bcfbc26b199dcfa,true,1,E2,amplitude-damping-0.30,2,6816988896715610520,1,QKD-ASSUMED,QKD-ASSUMED,20000,"{""cascade_initial_block_factor"":0.73,""cascade_maximum_initial_block_size"":null,""cascade_maximum_lookback_steps"":null,""cascade_passes"":4,""phase_error_abort_threshold"":0.11,""sample_fraction"":0.2,""security_margin_bits"":0,""verification_tag_length"":32}",,[],"{""condition_id"":""amplitude-damping-0.30"",""experiment_kind"":""E2"",""qkd_stages"":[{""gamma"":0.3,""type"":""amplitude_damping""}],""replicate_index"":2,""seed"":6816988896715610520,""session"":{""internal_pqc_profile"":null,""profile"":""QKD-ASSUMED"",""qkd_authentication_profile"":""QKD-ASSUMED"",""qkd_postprocessing"":{""cascade_initial_block_factor"":0.73,""cascade_maximum_initial_block_size"":null,""cascade_maximum_lookback_steps"":null,""cascade_passes"":4,""phase_error_abort_threshold"":0.11,""sample_fraction"":0.2,""security_margin_bits"":0,""verification_tag_length"":32},""qkd_signal_count"":20000,""version"":1},""tags"":[],""version"":1}","[{""gamma"":0.3,""type"":""amplitude_damping""}]",,authentication explicitly assumed; no runtime material,,,,,,false,1,9666134600655897c0137dbc69c3c269,QKD-ASSUMED,aborted,"BB84 security abort: Per-basis errors Z=0.138105, X=0.071357 give phase-error bound 0.138105, above the configured asymptotic threshold 0.110000; aggregate QBER 0.104680 is not the phase-error bound.",,0,[],"{""pqc_exchange"":null,""qkd_classical"":{""algorithm"":""none"",""executed"":false,""mechanism"":""assumed"",""purpose"":""QKD classical transcript authentication"",""trust_assumption"":""The classical BB84 channel is assumed authenticated externally."",""verified"":null}}","{""qkd_transcript_hash_sha384"":""7b8c699d12fb5c53846bec97d42b08b3450509f67de7cc96327c0233a8ba534b54827bc91f62164e10fe852548462c9b"",""qkd_transcript_version"":1}",3082281000,20000,9930,1987,7943,0,0,0.4965,0.0,0.1381048387096774,0.07135678391959799,0.1046804227478611,137,992,71,995,208,1987,0.1381048387096774,0.11218529707955689,0.14464393786564456,0.07983108787452242,0.11218529707955689,156706,,,,,,,,,,,,,,,,,,,,,,,,,,,,,,,,,,assumed,none,none,0,0,0,0,0,0,0,0,The classical BB84 channel is assumed authenticated externally.,,,,"{""implementation"":""cpython"",""platform"":""Windows-11-10.0.26200-SP0"",""processor"":""Intel64 Family 6 Model 158 Stepping 12, GenuineIntel"",""python"":""3.14.7""}",,,,,,,,,,,,,,,,,,,,,,,,,3082281000,"{""events"":[{""detail"":""QKD-ASSUMED"",""sequence"":0,""source"":""session"",""stage"":""session"",""state"":""started""},{""detail"":""Per-basis errors Z=0.138105, X=0.071357 give phase-error bound 0.138105, above the configured asymptotic threshold 0.110000; aggregate QBER 0.104680 is not the phase-error bound."",""sequence"":1,""source"":""qkd"",""stage"":""bb84"",""state"":""aborted""},{""detail"":""The classical BB84 channel is assumed authenticated externally."",""sequence"":2,""source"":""qkd"",""stage"":""classical_authentication"",""state"":""assumed_not_executed""},{""detail"":""No final key material is exposed by the orchestration result."",""sequence"":3,""source"":""qkd"",""stage"":""key_release"",""state"":""withheld""},{""detail"":""BB84 security abort: Per-basis errors Z=0.138105, X=0.071357 give phase-error bound 0.138105, above the configured asymptotic threshold 0.110000; aggregate QBER 0.104680 is not the phase-error bound."",""sequence"":4,""source"":""session"",""stage"":""session"",""state"":""aborted""}],""version"":1}"
1,0bc7a932-d7e6-47a5-b614-052c8e507daa,E2,amplitude-damping-0.30,3,1,eafcdacf-9f23-4290-b8e6-0d06ba663426,false,,0,213,2026-09-08T07:54:58.072973+00:00,3327598754802686729,QKD-ASSUMED,6592,3.14.7,CPython,2.5.0,0.16.0,0.16.0,50.0.1,0.1.0,Windows,11,10.0.26200,AMD64,"Intel64 Family 6 Model 158 Stepping 12, GenuineIntel",ac46477bb374bde1c0ace1ef0bcfbc26b199dcfa,true,1,E2,amplitude-damping-0.30,3,3327598754802686729,1,QKD-ASSUMED,QKD-ASSUMED,20000,"{""cascade_initial_block_factor"":0.73,""cascade_maximum_initial_block_size"":null,""cascade_maximum_lookback_steps"":null,""cascade_passes"":4,""phase_error_abort_threshold"":0.11,""sample_fraction"":0.2,""security_margin_bits"":0,""verification_tag_length"":32}",,[],"{""condition_id"":""amplitude-damping-0.30"",""experiment_kind"":""E2"",""qkd_stages"":[{""gamma"":0.3,""type"":""amplitude_damping""}],""replicate_index"":3,""seed"":3327598754802686729,""session"":{""internal_pqc_profile"":null,""profile"":""QKD-ASSUMED"",""qkd_authentication_profile"":""QKD-ASSUMED"",""qkd_postprocessing"":{""cascade_initial_block_factor"":0.73,""cascade_maximum_initial_block_size"":null,""cascade_maximum_lookback_steps"":null,""cascade_passes"":4,""phase_error_abort_threshold"":0.11,""sample_fraction"":0.2,""security_margin_bits"":0,""verification_tag_length"":32},""qkd_signal_count"":20000,""version"":1},""tags"":[],""version"":1}","[{""gamma"":0.3,""type"":""amplitude_damping""}]",,authentication explicitly assumed; no runtime material,,,,,,false,1,e013df6a7a872df2f48443e2304d30aa,QKD-ASSUMED,aborted,"BB84 security abort: Per-basis errors Z=0.166499, X=0.086694 give phase-error bound 0.166499, above the configured asymptotic threshold 0.110000; aggregate QBER 0.126697 is not the phase-error bound.",,0,[],"{""pqc_exchange"":null,""qkd_classical"":{""algorithm"":""none"",""executed"":false,""mechanism"":""assumed"",""purpose"":""QKD classical transcript authentication"",""trust_assumption"":""The classical BB84 channel is assumed authenticated externally."",""verified"":null}}","{""qkd_transcript_hash_sha384"":""5dc12513f76883db5fff545cef4d61f57ba62f33c0408099804b698941ebf153aad7ab3c084eb9543be0c317ee846e27"",""qkd_transcript_version"":1}",3110574800,20000,9942,1989,7953,0,0,0.4971,0.0,0.16649949849548645,0.08669354838709678,0.12669683257918551,166,997,86,992,252,1989,0.16649949849548645,0.11969422651377992,0.15466399197592778,0.08452693161186202,0.11969422651377992,156838,,,,,,,,,,,,,,,,,,,,,,,,,,,,,,,,,,assumed,none,none,0,0,0,0,0,0,0,0,The classical BB84 channel is assumed authenticated externally.,,,,"{""implementation"":""cpython"",""platform"":""Windows-11-10.0.26200-SP0"",""processor"":""Intel64 Family 6 Model 158 Stepping 12, GenuineIntel"",""python"":""3.14.7""}",,,,,,,,,,,,,,,,,,,,,,,,,3110574800,"{""events"":[{""detail"":""QKD-ASSUMED"",""sequence"":0,""source"":""session"",""stage"":""session"",""state"":""started""},{""detail"":""Per-basis errors Z=0.166499, X=0.086694 give phase-error bound 0.166499, above the configured asymptotic threshold 0.110000; aggregate QBER 0.126697 is not the phase-error bound."",""sequence"":1,""source"":""qkd"",""stage"":""bb84"",""state"":""aborted""},{""detail"":""The classical BB84 channel is assumed authenticated externally."",""sequence"":2,""source"":""qkd"",""stage"":""classical_authentication"",""state"":""assumed_not_executed""},{""detail"":""No final key material is exposed by the orchestration result."",""sequence"":3,""source"":""qkd"",""stage"":""key_release"",""state"":""withheld""},{""detail"":""BB84 security abort: Per-basis errors Z=0.166499, X=0.086694 give phase-error bound 0.166499, above the configured asymptotic threshold 0.110000; aggregate QBER 0.126697 is not the phase-error bound."",""sequence"":4,""source"":""session"",""stage"":""session"",""state"":""aborted""}],""version"":1}"
1,255b59b5-ad8d-4d38-8ff6-81f39622e90c,E2,amplitude-damping-0.30,4,1,eafcdacf-9f23-4290-b8e6-0d06ba663426,false,,0,214,2026-09-08T07:55:01.310256+00:00,249643980971893498,QKD-ASSUMED,6593,3.14.7,CPython,2.5.0,0.16.0,0.16.0,50.0.1,0.1.0,Windows,11,10.0.26200,AMD64,"Intel64 Family 6 Model 158 Stepping 12, GenuineIntel",ac46477bb374bde1c0ace1ef0bcfbc26b199dcfa,true,1,E2,amplitude-damping-0.30,4,249643980971893498,1,QKD-ASSUMED,QKD-ASSUMED,20000,"{""cascade_initial_block_factor"":0.73,""cascade_maximum_initial_block_size"":null,""cascade_maximum_lookback_steps"":null,""cascade_passes"":4,""phase_error_abort_threshold"":0.11,""sample_fraction"":0.2,""security_margin_bits"":0,""verification_tag_length"":32}",,[],"{""condition_id"":""amplitude-damping-0.30"",""experiment_kind"":""E2"",""qkd_stages"":[{""gamma"":0.3,""type"":""amplitude_damping""}],""replicate_index"":4,""seed"":249643980971893498,""session"":{""internal_pqc_profile"":null,""profile"":""QKD-ASSUMED"",""qkd_authentication_profile"":""QKD-ASSUMED"",""qkd_postprocessing"":{""cascade_initial_block_factor"":0.73,""cascade_maximum_initial_block_size"":null,""cascade_maximum_lookback_steps"":null,""cascade_passes"":4,""phase_error_abort_threshold"":0.11,""sample_fraction"":0.2,""security_margin_bits"":0,""verification_tag_length"":32},""qkd_signal_count"":20000,""version"":1},""tags"":[],""version"":1}","[{""gamma"":0.3,""type"":""amplitude_damping""}]",,authentication explicitly assumed; no runtime material,,,,,,false,1,a88fe0eccc290421970f40d9ec8e3983,QKD-ASSUMED,aborted,"BB84 security abort: Per-basis errors Z=0.147410, X=0.058358 give phase-error bound 0.147410, above the configured asymptotic threshold 0.110000; aggregate QBER 0.102730 is not the phase-error bound.",,0,[],"{""pqc_exchange"":null,""qkd_classical"":{""algorithm"":""none"",""executed"":false,""mechanism"":""assumed"",""purpose"":""QKD classical transcript authentication"",""trust_assumption"":""The classical BB84 channel is assumed authenticated externally."",""verified"":null}}","{""qkd_transcript_hash_sha384"":""3684004f488f2300d19132dfb3f096954ed67d2ad2cb281c6b819beb089634249a3560f332d73b99d7d9420c2d4edbbc"",""qkd_transcript_version"":1}",3174614600,20000,10068,2015,8053,0,0,0.5034,0.0,0.14741035856573706,0.058358061325420374,0.10272952853598015,148,1004,59,1011,207,2015,0.14741035856573706,0.11630909813269766,0.1545055821371611,0.07838479809976247,0.11630909813269766,158320,,,,,,,,,,,,,,,,,,,,,,,,,,,,,,,,,,assumed,none,none,0,0,0,0,0,0,0,0,The classical BB84 channel is assumed authenticated externally.,,,,"{""implementation"":""cpython"",""platform"":""Windows-11-10.0.26200-SP0"",""processor"":""Intel64 Family 6 Model 158 Stepping 12, GenuineIntel"",""python"":""3.14.7""}",,,,,,,,,,,,,,,,,,,,,,,,,3174614600,"{""events"":[{""detail"":""QKD-ASSUMED"",""sequence"":0,""source"":""session"",""stage"":""session"",""state"":""started""},{""detail"":""Per-basis errors Z=0.147410, X=0.058358 give phase-error bound 0.147410, above the configured asymptotic threshold 0.110000; aggregate QBER 0.102730 is not the phase-error bound."",""sequence"":1,""source"":""qkd"",""stage"":""bb84"",""state"":""aborted""},{""detail"":""The classical BB84 channel is assumed authenticated externally."",""sequence"":2,""source"":""qkd"",""stage"":""classical_authentication"",""state"":""assumed_not_executed""},{""detail"":""No final key material is exposed by the orchestration result."",""sequence"":3,""source"":""qkd"",""stage"":""key_release"",""state"":""withheld""},{""detail"":""BB84 security abort: Per-basis errors Z=0.147410, X=0.058358 give phase-error bound 0.147410, above the configured asymptotic threshold 0.110000; aggregate QBER 0.102730 is not the phase-error bound."",""sequence"":4,""source"":""session"",""stage"":""session"",""state"":""aborted""}],""version"":1}"
1,af559c15-64b8-4552-a605-58d442c44371,E2,amplitude-damping-0.30,5,1,eafcdacf-9f23-4290-b8e6-0d06ba663426,false,,0,215,2026-09-08T07:55:04.504086+00:00,15703593053946140736,QKD-ASSUMED,6592,3.14.7,CPython,2.5.0,0.16.0,0.16.0,50.0.1,0.1.0,Windows,11,10.0.26200,AMD64,"Intel64 Family 6 Model 158 Stepping 12, GenuineIntel",ac46477bb374bde1c0ace1ef0bcfbc26b199dcfa,true,1,E2,amplitude-damping-0.30,5,15703593053946140736,1,QKD-ASSUMED,QKD-ASSUMED,20000,"{""cascade_initial_block_factor"":0.73,""cascade_maximum_initial_block_size"":null,""cascade_maximum_lookback_steps"":null,""cascade_passes"":4,""phase_error_abort_threshold"":0.11,""sample_fraction"":0.2,""security_margin_bits"":0,""verification_tag_length"":32}",,[],"{""condition_id"":""amplitude-damping-0.30"",""experiment_kind"":""E2"",""qkd_stages"":[{""gamma"":0.3,""type"":""amplitude_damping""}],""replicate_index"":5,""seed"":15703593053946140736,""session"":{""internal_pqc_profile"":null,""profile"":""QKD-ASSUMED"",""qkd_authentication_profile"":""QKD-ASSUMED"",""qkd_postprocessing"":{""cascade_initial_block_factor"":0.73,""cascade_maximum_initial_block_size"":null,""cascade_maximum_lookback_steps"":null,""cascade_passes"":4,""phase_error_abort_threshold"":0.11,""sample_fraction"":0.2,""security_margin_bits"":0,""verification_tag_length"":32},""qkd_signal_count"":20000,""version"":1},""tags"":[],""version"":1}","[{""gamma"":0.3,""type"":""amplitude_damping""}]",,authentication explicitly assumed; no runtime material,,,,,,false,1,45de44ce6a7cedd5b57f02c4163a1b6b,QKD-ASSUMED,aborted,"BB84 security abort: Per-basis errors Z=0.146613, X=0.070565 give phase-error bound 0.146613, above the configured asymptotic threshold 0.110000; aggregate QBER 0.108531 is not the phase-error bound.",,0,[],"{""pqc_exchange"":null,""qkd_classical"":{""algorithm"":""none"",""executed"":false,""mechanism"":""assumed"",""purpose"":""QKD classical transcript authentication"",""trust_assumption"":""The classical BB84 channel is assumed authenticated externally."",""verified"":null}}","{""qkd_transcript_hash_sha384"":""23cad6efc74cbe247465b33893c70db25130524d024244ab474b375a72b079b1ad3c3f90ebbaa98711d5ec78296b127c"",""qkd_transcript_version"":1}",3131623800,20000,9904,1981,7923,0,0,0.4952,0.0,0.14661274014155712,0.07056451612903226,0.10853104492680464,145,989,70,992,215,1981,0.14661274014155712,0.1122778675282714,0.14823053589484328,0.07642669893123613,0.1122778675282714,156388,,,,,,,,,,,,,,,,,,,,,,,,,,,,,,,,,,assumed,none,none,0,0,0,0,0,0,0,0,The classical BB84 channel is assumed authenticated externally.,,,,"{""implementation"":""cpython"",""platform"":""Windows-11-10.0.26200-SP0"",""processor"":""Intel64 Family 6 Model 158 Stepping 12, GenuineIntel"",""python"":""3.14.7""}",,,,,,,,,,,,,,,,,,,,,,,,,3131623800,"{""events"":[{""detail"":""QKD-ASSUMED"",""sequence"":0,""source"":""session"",""stage"":""session"",""state"":""started""},{""detail"":""Per-basis errors Z=0.146613, X=0.070565 give phase-error bound 0.146613, above the configured asymptotic threshold 0.110000; aggregate QBER 0.108531 is not the phase-error bound."",""sequence"":1,""source"":""qkd"",""stage"":""bb84"",""state"":""aborted""},{""detail"":""The classical BB84 channel is assumed authenticated externally."",""sequence"":2,""source"":""qkd"",""stage"":""classical_authentication"",""state"":""assumed_not_executed""},{""detail"":""No final key material is exposed by the orchestration result."",""sequence"":3,""source"":""qkd"",""stage"":""key_release"",""state"":""withheld""},{""detail"":""BB84 security abort: Per-basis errors Z=0.146613, X=0.070565 give phase-error bound 0.146613, above the configured asymptotic threshold 0.110000; aggregate QBER 0.108531 is not the phase-error bound."",""sequence"":4,""source"":""session"",""stage"":""session"",""state"":""aborted""}],""version"":1}"
1,d105c1be-a746-4f8d-95df-6877a1b6f17b,E2,amplitude-damping-0.30,6,1,eafcdacf-9f23-4290-b8e6-0d06ba663426,false,,0,216,2026-09-08T07:55:07.648455+00:00,4144628183328925245,QKD-ASSUMED,6592,3.14.7,CPython,2.5.0,0.16.0,0.16.0,50.0.1,0.1.0,Windows,11,10.0.26200,AMD64,"Intel64 Family 6 Model 158 Stepping 12, GenuineIntel",ac46477bb374bde1c0ace1ef0bcfbc26b199dcfa,true,1,E2,amplitude-damping-0.30,6,4144628183328925245,1,QKD-ASSUMED,QKD-ASSUMED,20000,"{""cascade_initial_block_factor"":0.73,""cascade_maximum_initial_block_size"":null,""cascade_maximum_lookback_steps"":null,""cascade_passes"":4,""phase_error_abort_threshold"":0.11,""sample_fraction"":0.2,""security_margin_bits"":0,""verification_tag_length"":32}",,[],"{""condition_id"":""amplitude-damping-0.30"",""experiment_kind"":""E2"",""qkd_stages"":[{""gamma"":0.3,""type"":""amplitude_damping""}],""replicate_index"":6,""seed"":4144628183328925245,""session"":{""internal_pqc_profile"":null,""profile"":""QKD-ASSUMED"",""qkd_authentication_profile"":""QKD-ASSUMED"",""qkd_postprocessing"":{""cascade_initial_block_factor"":0.73,""cascade_maximum_initial_block_size"":null,""cascade_maximum_lookback_steps"":null,""cascade_passes"":4,""phase_error_abort_threshold"":0.11,""sample_fraction"":0.2,""security_margin_bits"":0,""verification_tag_length"":32},""qkd_signal_count"":20000,""version"":1},""tags"":[],""version"":1}","[{""gamma"":0.3,""type"":""amplitude_damping""}]",,authentication explicitly assumed; no runtime material,,,,,,false,1,6d585438de8bc48d23fa7f8463ce1564,QKD-ASSUMED,aborted,"BB84 security abort: Per-basis errors Z=0.142427, X=0.091716 give phase-error bound 0.142427, above the configured asymptotic threshold 0.110000; aggregate QBER 0.116857 is not the phase-error bound.",,0,[],"{""pqc_exchange"":null,""qkd_classical"":{""algorithm"":""none"",""executed"":false,""mechanism"":""assumed"",""purpose"":""QKD classical transcript authentication"",""trust_assumption"":""The classical BB84 channel is assumed authenticated externally."",""verified"":null}}","{""qkd_transcript_hash_sha384"":""0b7cd6b26088653719266e945541fbcbeff90cc884dc8b9a26516645784fcc248d4a504efa0d21667da97189a00093a9"",""qkd_transcript_version"":1}",3082976700,20000,10048,2011,8037,0,0,0.5024,0.0,0.1424272818455366,0.09171597633136094,0.11685728493286922,142,997,93,1014,235,2011,0.1424272818455366,0.11733678343949044,0.15579200963661916,0.07953424116834419,0.11733678343949044,158088,,,,,,,,,,,,,,,,,,,,,,,,,,,,,,,,,,assumed,none,none,0,0,0,0,0,0,0,0,The classical BB84 channel is assumed authenticated externally.,,,,"{""implementation"":""cpython"",""platform"":""Windows-11-10.0.26200-SP0"",""processor"":""Intel64 Family 6 Model 158 Stepping 12, GenuineIntel"",""python"":""3.14.7""}",,,,,,,,,,,,,,,,,,,,,,,,,3082976700,"{""events"":[{""detail"":""QKD-ASSUMED"",""sequence"":0,""source"":""session"",""stage"":""session"",""state"":""started""},{""detail"":""Per-basis errors Z=0.142427, X=0.091716 give phase-error bound 0.142427, above the configured asymptotic threshold 0.110000; aggregate QBER 0.116857 is not the phase-error bound."",""sequence"":1,""source"":""qkd"",""stage"":""bb84"",""state"":""aborted""},{""detail"":""The classical BB84 channel is assumed authenticated externally."",""sequence"":2,""source"":""qkd"",""stage"":""classical_authentication"",""state"":""assumed_not_executed""},{""detail"":""No final key material is exposed by the orchestration result."",""sequence"":3,""source"":""qkd"",""stage"":""key_release"",""state"":""withheld""},{""detail"":""BB84 security abort: Per-basis errors Z=0.142427, X=0.091716 give phase-error bound 0.142427, above the configured asymptotic threshold 0.110000; aggregate QBER 0.116857 is not the phase-error bound."",""sequence"":4,""source"":""session"",""stage"":""session"",""state"":""aborted""}],""version"":1}"
1,ea097ff3-7064-43c3-ae51-fcab9969eb14,E2,amplitude-damping-0.30,7,1,eafcdacf-9f23-4290-b8e6-0d06ba663426,false,,0,217,2026-09-08T07:55:10.801292+00:00,4195577678297355855,QKD-ASSUMED,6594,3.14.7,CPython,2.5.0,0.16.0,0.16.0,50.0.1,0.1.0,Windows,11,10.0.26200,AMD64,"Intel64 Family 6 Model 158 Stepping 12, GenuineIntel",ac46477bb374bde1c0ace1ef0bcfbc26b199dcfa,true,1,E2,amplitude-damping-0.30,7,4195577678297355855,1,QKD-ASSUMED,QKD-ASSUMED,20000,"{""cascade_initial_block_factor"":0.73,""cascade_maximum_initial_block_size"":null,""cascade_maximum_lookback_steps"":null,""cascade_passes"":4,""phase_error_abort_threshold"":0.11,""sample_fraction"":0.2,""security_margin_bits"":0,""verification_tag_length"":32}",,[],"{""condition_id"":""amplitude-damping-0.30"",""experiment_kind"":""E2"",""qkd_stages"":[{""gamma"":0.3,""type"":""amplitude_damping""}],""replicate_index"":7,""seed"":4195577678297355855,""session"":{""internal_pqc_profile"":null,""profile"":""QKD-ASSUMED"",""qkd_authentication_profile"":""QKD-ASSUMED"",""qkd_postprocessing"":{""cascade_initial_block_factor"":0.73,""cascade_maximum_initial_block_size"":null,""cascade_maximum_lookback_steps"":null,""cascade_passes"":4,""phase_error_abort_threshold"":0.11,""sample_fraction"":0.2,""security_margin_bits"":0,""verification_tag_length"":32},""qkd_signal_count"":20000,""version"":1},""tags"":[],""version"":1}","[{""gamma"":0.3,""type"":""amplitude_damping""}]",,authentication explicitly assumed; no runtime material,,,,,,false,1,dfb680e5336b21a71611762cd22ee7e9,QKD-ASSUMED,aborted,"BB84 security abort: Per-basis errors Z=0.123288, X=0.102041 give phase-error bound 0.123288, above the configured asymptotic threshold 0.110000; aggregate QBER 0.112887 is not the phase-error bound.",,0,[],"{""pqc_exchange"":null,""qkd_classical"":{""algorithm"":""none"",""executed"":false,""mechanism"":""assumed"",""purpose"":""QKD classical transcript authentication"",""trust_assumption"":""The classical BB84 channel is assumed authenticated externally."",""verified"":null}}","{""qkd_transcript_hash_sha384"":""7896185530f3112eea36e530dba1c6907ad77fc954a439bd1c1dcc08e624ddc2da906b736bdb0fd0b073178c0b83527c"",""qkd_transcript_version"":1}",3091315000,20000,10003,2002,8001,0,0,0.50015,0.0,0.1232876712328767,0.10204081632653061,0.11288711288711288,126,1022,100,980,226,2002,0.1232876712328767,0.12536239128261523,0.15765765765765766,0.09168878905452318,0.12536239128261523,157564,,,,,,,,,,,,,,,,,,,,,,,,,,,,,,,,,,assumed,none,none,0,0,0,0,0,0,0,0,The classical BB84 channel is assumed authenticated externally.,,,,"{""implementation"":""cpython"",""platform"":""Windows-11-10.0.26200-SP0"",""processor"":""Intel64 Family 6 Model 158 Stepping 12, GenuineIntel"",""python"":""3.14.7""}",,,,,,,,,,,,,,,,,,,,,,,,,3091315000,"{""events"":[{""detail"":""QKD-ASSUMED"",""sequence"":0,""source"":""session"",""stage"":""session"",""state"":""started""},{""detail"":""Per-basis errors Z=0.123288, X=0.102041 give phase-error bound 0.123288, above the configured asymptotic threshold 0.110000; aggregate QBER 0.112887 is not the phase-error bound."",""sequence"":1,""source"":""qkd"",""stage"":""bb84"",""state"":""aborted""},{""detail"":""The classical BB84 channel is assumed authenticated externally."",""sequence"":2,""source"":""qkd"",""stage"":""classical_authentication"",""state"":""assumed_not_executed""},{""detail"":""No final key material is exposed by the orchestration result."",""sequence"":3,""source"":""qkd"",""stage"":""key_release"",""state"":""withheld""},{""detail"":""BB84 security abort: Per-basis errors Z=0.123288, X=0.102041 give phase-error bound 0.123288, above the configured asymptotic threshold 0.110000; aggregate QBER 0.112887 is not the phase-error bound."",""sequence"":4,""source"":""session"",""stage"":""session"",""state"":""aborted""}],""version"":1}"
1,371f1b20-32db-4c08-8de3-935f81565446,E2,amplitude-damping-0.30,8,1,eafcdacf-9f23-4290-b8e6-0d06ba663426,false,,0,218,2026-09-08T07:55:13.999290+00:00,78954278537437546,QKD-ASSUMED,6589,3.14.7,CPython,2.5.0,0.16.0,0.16.0,50.0.1,0.1.0,Windows,11,10.0.26200,AMD64,"Intel64 Family 6 Model 158 Stepping 12, GenuineIntel",ac46477bb374bde1c0ace1ef0bcfbc26b199dcfa,true,1,E2,amplitude-damping-0.30,8,78954278537437546,1,QKD-ASSUMED,QKD-ASSUMED,20000,"{""cascade_initial_block_factor"":0.73,""cascade_maximum_initial_block_size"":null,""cascade_maximum_lookback_steps"":null,""cascade_passes"":4,""phase_error_abort_threshold"":0.11,""sample_fraction"":0.2,""security_margin_bits"":0,""verification_tag_length"":32}",,[],"{""condition_id"":""amplitude-damping-0.30"",""experiment_kind"":""E2"",""qkd_stages"":[{""gamma"":0.3,""type"":""amplitude_damping""}],""replicate_index"":8,""seed"":78954278537437546,""session"":{""internal_pqc_profile"":null,""profile"":""QKD-ASSUMED"",""qkd_authentication_profile"":""QKD-ASSUMED"",""qkd_postprocessing"":{""cascade_initial_block_factor"":0.73,""cascade_maximum_initial_block_size"":null,""cascade_maximum_lookback_steps"":null,""cascade_passes"":4,""phase_error_abort_threshold"":0.11,""sample_fraction"":0.2,""security_margin_bits"":0,""verification_tag_length"":32},""qkd_signal_count"":20000,""version"":1},""tags"":[],""version"":1}","[{""gamma"":0.3,""type"":""amplitude_damping""}]",,authentication explicitly assumed; no runtime material,,,,,,false,1,27face27af5d4948b922f02cba58b6b5,QKD-ASSUMED,aborted,"BB84 security abort: Per-basis errors Z=0.151269, X=0.091734 give phase-error bound 0.151269, above the configured asymptotic threshold 0.110000; aggregate QBER 0.121396 is not the phase-error bound.",,0,[],"{""pqc_exchange"":null,""qkd_classical"":{""algorithm"":""none"",""executed"":false,""mechanism"":""assumed"",""purpose"":""QKD classical transcript authentication"",""trust_assumption"":""The classical BB84 channel is assumed authenticated externally."",""verified"":null}}","{""qkd_transcript_hash_sha384"":""ef16e571429765db2fbc45241a7ab30691c3c3968097a0bc089ffff67f3bdfdbfc07ed085205ec937cd518784dc5a2ba"",""qkd_transcript_version"":1}",3136352600,20000,9879,1977,7902,0,0,0.49395,0.0,0.15126903553299492,0.09173387096774194,0.12139605462822459,149,985,91,992,240,1977,0.15126903553299492,0.11752201639842089,0.15098557203820362,0.08430818878580072,0.11752201639842089,156116,,,,,,,,,,,,,,,,,,,,,,,,,,,,,,,,,,assumed,none,none,0,0,0,0,0,0,0,0,The classical BB84 channel is assumed authenticated externally.,,,,"{""implementation"":""cpython"",""platform"":""Windows-11-10.0.26200-SP0"",""processor"":""Intel64 Family 6 Model 158 Stepping 12, GenuineIntel"",""python"":""3.14.7""}",,,,,,,,,,,,,,,,,,,,,,,,,3136352600,"{""events"":[{""detail"":""QKD-ASSUMED"",""sequence"":0,""source"":""session"",""stage"":""session"",""state"":""started""},{""detail"":""Per-basis errors Z=0.151269, X=0.091734 give phase-error bound 0.151269, above the configured asymptotic threshold 0.110000; aggregate QBER 0.121396 is not the phase-error bound."",""sequence"":1,""source"":""qkd"",""stage"":""bb84"",""state"":""aborted""},{""detail"":""The classical BB84 channel is assumed authenticated externally."",""sequence"":2,""source"":""qkd"",""stage"":""classical_authentication"",""state"":""assumed_not_executed""},{""detail"":""No final key material is exposed by the orchestration result."",""sequence"":3,""source"":""qkd"",""stage"":""key_release"",""state"":""withheld""},{""detail"":""BB84 security abort: Per-basis errors Z=0.151269, X=0.091734 give phase-error bound 0.151269, above the configured asymptotic threshold 0.110000; aggregate QBER 0.121396 is not the phase-error bound."",""sequence"":4,""source"":""session"",""stage"":""session"",""state"":""aborted""}],""version"":1}"
1,724a9965-1455-475f-bb01-f110c0cf7bc7,E2,amplitude-damping-0.30,9,1,eafcdacf-9f23-4290-b8e6-0d06ba663426,false,,0,219,2026-09-08T07:55:17.155387+00:00,9418277979007205263,QKD-ASSUMED,6593,3.14.7,CPython,2.5.0,0.16.0,0.16.0,50.0.1,0.1.0,Windows,11,10.0.26200,AMD64,"Intel64 Family 6 Model 158 Stepping 12, GenuineIntel",ac46477bb374bde1c0ace1ef0bcfbc26b199dcfa,true,1,E2,amplitude-damping-0.30,9,9418277979007205263,1,QKD-ASSUMED,QKD-ASSUMED,20000,"{""cascade_initial_block_factor"":0.73,""cascade_maximum_initial_block_size"":null,""cascade_maximum_lookback_steps"":null,""cascade_passes"":4,""phase_error_abort_threshold"":0.11,""sample_fraction"":0.2,""security_margin_bits"":0,""verification_tag_length"":32}",,[],"{""condition_id"":""amplitude-damping-0.30"",""experiment_kind"":""E2"",""qkd_stages"":[{""gamma"":0.3,""type"":""amplitude_damping""}],""replicate_index"":9,""seed"":9418277979007205263,""session"":{""internal_pqc_profile"":null,""profile"":""QKD-ASSUMED"",""qkd_authentication_profile"":""QKD-ASSUMED"",""qkd_postprocessing"":{""cascade_initial_block_factor"":0.73,""cascade_maximum_initial_block_size"":null,""cascade_maximum_lookback_steps"":null,""cascade_passes"":4,""phase_error_abort_threshold"":0.11,""sample_fraction"":0.2,""security_margin_bits"":0,""verification_tag_length"":32},""qkd_signal_count"":20000,""version"":1},""tags"":[],""version"":1}","[{""gamma"":0.3,""type"":""amplitude_damping""}]",,authentication explicitly assumed; no runtime material,,,,,,false,1,8786dc7e5cebd8101f4f4abcd7278bd2,QKD-ASSUMED,aborted,"BB84 security abort: Per-basis errors Z=0.141434, X=0.073073 give phase-error bound 0.141434, above the configured asymptotic threshold 0.110000; aggregate QBER 0.107339 is not the phase-error bound.",,0,[],"{""pqc_exchange"":null,""qkd_classical"":{""algorithm"":""none"",""executed"":false,""mechanism"":""assumed"",""purpose"":""QKD classical transcript authentication"",""trust_assumption"":""The classical BB84 channel is assumed authenticated externally."",""verified"":null}}","{""qkd_transcript_hash_sha384"":""162c66f09d37714308089fc618a0fd5d5586d971d0b30cd99111fa041a345aae943b1493e18ce959e7ca5f45c6eedd9b"",""qkd_transcript_version"":1}",3093722700,20000,10008,2003,8005,0,0,0.5004,0.0,0.14143426294820718,0.07307307307307308,0.10733899151273091,142,1004,73,999,215,2003,0.14143426294820718,0.11510791366906475,0.15088698425353797,0.0791424564215588,0.11510791366906475,157622,,,,,,,,,,,,,,,,,,,,,,,,,,,,,,,,,,assumed,none,none,0,0,0,0,0,0,0,0,The classical BB84 channel is assumed authenticated externally.,,,,"{""implementation"":""cpython"",""platform"":""Windows-11-10.0.26200-SP0"",""processor"":""Intel64 Family 6 Model 158 Stepping 12, GenuineIntel"",""python"":""3.14.7""}",,,,,,,,,,,,,,,,,,,,,,,,,3093722700,"{""events"":[{""detail"":""QKD-ASSUMED"",""sequence"":0,""source"":""session"",""stage"":""session"",""state"":""started""},{""detail"":""Per-basis errors Z=0.141434, X=0.073073 give phase-error bound 0.141434, above the configured asymptotic threshold 0.110000; aggregate QBER 0.107339 is not the phase-error bound."",""sequence"":1,""source"":""qkd"",""stage"":""bb84"",""state"":""aborted""},{""detail"":""The classical BB84 channel is assumed authenticated externally."",""sequence"":2,""source"":""qkd"",""stage"":""classical_authentication"",""state"":""assumed_not_executed""},{""detail"":""No final key material is exposed by the orchestration result."",""sequence"":3,""source"":""qkd"",""stage"":""key_release"",""state"":""withheld""},{""detail"":""BB84 security abort: Per-basis errors Z=0.141434, X=0.073073 give phase-error bound 0.141434, above the configured asymptotic threshold 0.110000; aggregate QBER 0.107339 is not the phase-error bound."",""sequence"":4,""source"":""session"",""stage"":""session"",""state"":""aborted""}],""version"":1}"
1,f5bd9896-6a18-4a25-97df-0f00a365a673,E2,pauli-symmetric,0,1,eafcdacf-9f23-4290-b8e6-0d06ba663426,false,,0,220,2026-09-08T07:55:20.609984+00:00,9016889033940770469,QKD-ASSUMED,6388,3.14.7,CPython,2.5.0,0.16.0,0.16.0,50.0.1,0.1.0,Windows,11,10.0.26200,AMD64,"Intel64 Family 6 Model 158 Stepping 12, GenuineIntel",ac46477bb374bde1c0ace1ef0bcfbc26b199dcfa,true,1,E2,pauli-symmetric,0,9016889033940770469,1,QKD-ASSUMED,QKD-ASSUMED,20000,"{""cascade_initial_block_factor"":0.73,""cascade_maximum_initial_block_size"":null,""cascade_maximum_lookback_steps"":null,""cascade_passes"":4,""phase_error_abort_threshold"":0.11,""sample_fraction"":0.2,""security_margin_bits"":0,""verification_tag_length"":32}",,[],"{""condition_id"":""pauli-symmetric"",""experiment_kind"":""E2"",""qkd_stages"":[{""px"":0.02,""py"":0.02,""pz"":0.02,""type"":""pauli""}],""replicate_index"":0,""seed"":9016889033940770469,""session"":{""internal_pqc_profile"":null,""profile"":""QKD-ASSUMED"",""qkd_authentication_profile"":""QKD-ASSUMED"",""qkd_postprocessing"":{""cascade_initial_block_factor"":0.73,""cascade_maximum_initial_block_size"":null,""cascade_maximum_lookback_steps"":null,""cascade_passes"":4,""phase_error_abort_threshold"":0.11,""sample_fraction"":0.2,""security_margin_bits"":0,""verification_tag_length"":32},""qkd_signal_count"":20000,""version"":1},""tags"":[],""version"":1}","[{""px"":0.02,""py"":0.02,""pz"":0.02,""type"":""pauli""}]",,authentication explicitly assumed; no runtime material,,,,,,false,1,2af4b3b1b16913419c5423f086895fb4,QKD-ASSUMED,established,,qkd_bitstring,3769,"[{""algorithm"":""privacy-amplified-bitstring"",""bit_length"":3769,""byte_length"":472,""encoding"":""big-endian packed bits with explicit bit length"",""position"":1,""protocol"":""BB84"",""source"":""qkd""}]","{""pqc_exchange"":null,""qkd_classical"":{""algorithm"":""none"",""executed"":false,""mechanism"":""assumed"",""purpose"":""QKD classical transcript authentication"",""trust_assumption"":""The classical BB84 channel is assumed authenticated externally."",""verified"":null}}","{""qkd_transcript_hash_sha384"":""ea630d227b9131585523428b013b0ac02d92a9faba39997c2982e3b3b1baee3245aec1f9aefd555f332af2b88431aaad"",""qkd_transcript_version"":1}",3378052900,20000,10032,2007,8025,8025,3769,0.5016,0.18845,0.03560830860534125,0.03714859437751004,0.036372695565520675,36,1011,37,996,73,2007,0.03714859437751004,0.041666666666666664,0.04117181314330958,0.04216867469879518,0.041666666666666664,2235569,,,,,,,,,,,,,,,,,,,,,,,,,,,,,,,,,,assumed,none,none,0,0,0,0,0,0,0,0,The classical BB84 channel is assumed authenticated externally.,,,,"{""implementation"":""cpython"",""platform"":""Windows-11-10.0.26200-SP0"",""processor"":""Intel64 Family 6 Model 158 Stepping 12, GenuineIntel"",""python"":""3.14.7""}",,,,,,,,,,,,,,,,,,,,,,,,,3378052900,"{""events"":[{""detail"":""QKD-ASSUMED"",""sequence"":0,""source"":""session"",""stage"":""session"",""state"":""started""},{""detail"":""BB84 post-processing completed."",""sequence"":1,""source"":""qkd"",""stage"":""bb84"",""state"":""completed""},{""detail"":""The classical BB84 channel is assumed authenticated externally."",""sequence"":2,""source"":""qkd"",""stage"":""classical_authentication"",""state"":""assumed_not_executed""},{""detail"":""Final key released after all profile checks."",""sequence"":3,""source"":""qkd"",""stage"":""key_release"",""state"":""released""},{""detail"":""Authenticated QKD key released."",""sequence"":4,""source"":""session"",""stage"":""session"",""state"":""established""}],""version"":1}"
1,9ca13657-d2ef-4e53-8885-6d779836194d,E2,pauli-symmetric,1,1,eafcdacf-9f23-4290-b8e6-0d06ba663426,false,,0,221,2026-09-08T07:55:24.030734+00:00,13696931637918057245,QKD-ASSUMED,6389,3.14.7,CPython,2.5.0,0.16.0,0.16.0,50.0.1,0.1.0,Windows,11,10.0.26200,AMD64,"Intel64 Family 6 Model 158 Stepping 12, GenuineIntel",ac46477bb374bde1c0ace1ef0bcfbc26b199dcfa,true,1,E2,pauli-symmetric,1,13696931637918057245,1,QKD-ASSUMED,QKD-ASSUMED,20000,"{""cascade_initial_block_factor"":0.73,""cascade_maximum_initial_block_size"":null,""cascade_maximum_lookback_steps"":null,""cascade_passes"":4,""phase_error_abort_threshold"":0.11,""sample_fraction"":0.2,""security_margin_bits"":0,""verification_tag_length"":32}",,[],"{""condition_id"":""pauli-symmetric"",""experiment_kind"":""E2"",""qkd_stages"":[{""px"":0.02,""py"":0.02,""pz"":0.02,""type"":""pauli""}],""replicate_index"":1,""seed"":13696931637918057245,""session"":{""internal_pqc_profile"":null,""profile"":""QKD-ASSUMED"",""qkd_authentication_profile"":""QKD-ASSUMED"",""qkd_postprocessing"":{""cascade_initial_block_factor"":0.73,""cascade_maximum_initial_block_size"":null,""cascade_maximum_lookback_steps"":null,""cascade_passes"":4,""phase_error_abort_threshold"":0.11,""sample_fraction"":0.2,""security_margin_bits"":0,""verification_tag_length"":32},""qkd_signal_count"":20000,""version"":1},""tags"":[],""version"":1}","[{""px"":0.02,""py"":0.02,""pz"":0.02,""type"":""pauli""}]",,authentication explicitly assumed; no runtime material,,,,,,false,1,824458ebe34fbedc6bd3111e9938e1dc,QKD-ASSUMED,established,,qkd_bitstring,3624,"[{""algorithm"":""privacy-amplified-bitstring"",""bit_length"":3624,""byte_length"":453,""encoding"":""big-endian packed bits with explicit bit length"",""position"":1,""protocol"":""BB84"",""source"":""qkd""}]","{""pqc_exchange"":null,""qkd_classical"":{""algorithm"":""none"",""executed"":false,""mechanism"":""assumed"",""purpose"":""QKD classical transcript authentication"",""trust_assumption"":""The classical BB84 channel is assumed authenticated externally."",""verified"":null}}","{""qkd_transcript_hash_sha384"":""b9e6ade3a220b02993e1d53447addc61deac61fcb624757b83db3d1da4e04b51855369362461ca6ca2e8b078568f3051"",""qkd_transcript_version"":1}",3342573500,20000,9972,1995,7977,7977,3624,0.4986,0.1812,0.03270564915758176,0.04158215010141988,0.037092731829573934,33,1009,41,986,74,1995,0.04158215010141988,0.040513437625350986,0.03866745984533016,0.042402109961452626,0.040513437625350986,2200170,,,,,,,,,,,,,,,,,,,,,,,,,,,,,,,,,,assumed,none,none,0,0,0,0,0,0,0,0,The classical BB84 channel is assumed authenticated externally.,,,,"{""implementation"":""cpython"",""platform"":""Windows-11-10.0.26200-SP0"",""processor"":""Intel64 Family 6 Model 158 Stepping 12, GenuineIntel"",""python"":""3.14.7""}",,,,,,,,,,,,,,,,,,,,,,,,,3342573500,"{""events"":[{""detail"":""QKD-ASSUMED"",""sequence"":0,""source"":""session"",""stage"":""session"",""state"":""started""},{""detail"":""BB84 post-processing completed."",""sequence"":1,""source"":""qkd"",""stage"":""bb84"",""state"":""completed""},{""detail"":""The classical BB84 channel is assumed authenticated externally."",""sequence"":2,""source"":""qkd"",""stage"":""classical_authentication"",""state"":""assumed_not_executed""},{""detail"":""Final key released after all profile checks."",""sequence"":3,""source"":""qkd"",""stage"":""key_release"",""state"":""released""},{""detail"":""Authenticated QKD key released."",""sequence"":4,""source"":""session"",""stage"":""session"",""state"":""established""}],""version"":1}"
1,6e72d128-25c7-4405-98db-e2506e74e1bb,E2,pauli-symmetric,2,1,eafcdacf-9f23-4290-b8e6-0d06ba663426,false,,0,222,2026-09-08T07:55:27.511762+00:00,10569249241229299722,QKD-ASSUMED,6390,3.14.7,CPython,2.5.0,0.16.0,0.16.0,50.0.1,0.1.0,Windows,11,10.0.26200,AMD64,"Intel64 Family 6 Model 158 Stepping 12, GenuineIntel",ac46477bb374bde1c0ace1ef0bcfbc26b199dcfa,true,1,E2,pauli-symmetric,2,10569249241229299722,1,QKD-ASSUMED,QKD-ASSUMED,20000,"{""cascade_initial_block_factor"":0.73,""cascade_maximum_initial_block_size"":null,""cascade_maximum_lookback_steps"":null,""cascade_passes"":4,""phase_error_abort_threshold"":0.11,""sample_fraction"":0.2,""security_margin_bits"":0,""verification_tag_length"":32}",,[],"{""condition_id"":""pauli-symmetric"",""experiment_kind"":""E2"",""qkd_stages"":[{""px"":0.02,""py"":0.02,""pz"":0.02,""type"":""pauli""}],""replicate_index"":2,""seed"":10569249241229299722,""session"":{""internal_pqc_profile"":null,""profile"":""QKD-ASSUMED"",""qkd_authentication_profile"":""QKD-ASSUMED"",""qkd_postprocessing"":{""cascade_initial_block_factor"":0.73,""cascade_maximum_initial_block_size"":null,""cascade_maximum_lookback_steps"":null,""cascade_passes"":4,""phase_error_abort_threshold"":0.11,""sample_fraction"":0.2,""security_margin_bits"":0,""verification_tag_length"":32},""qkd_signal_count"":20000,""version"":1},""tags"":[],""version"":1}","[{""px"":0.02,""py"":0.02,""pz"":0.02,""type"":""pauli""}]",,authentication explicitly assumed; no runtime material,,,,,,false,1,2ef03f3766df9228a6eda7e434916ddb,QKD-ASSUMED,established,,qkd_bitstring,4047,"[{""algorithm"":""privacy-amplified-bitstring"",""bit_length"":4047,""byte_length"":506,""encoding"":""big-endian packed bits with explicit bit length"",""position"":1,""protocol"":""BB84"",""source"":""qkd""}]","{""pqc_exchange"":null,""qkd_classical"":{""algorithm"":""none"",""executed"":false,""mechanism"":""assumed"",""purpose"":""QKD classical transcript authentication"",""trust_assumption"":""The classical BB84 channel is assumed authenticated externally."",""verified"":null}}","{""qkd_transcript_hash_sha384"":""315e89ee2a3f1c0531ff6d835b2ac69876bd1acab0698bfdd82fab29d91212cbd0a551b345d79646ac0fa297224b67a6"",""qkd_transcript_version"":1}",3404486200,20000,10036,2008,8028,8028,4047,0.5018,0.20235,0.033299697275479316,0.032448377581120944,0.03286852589641434,33,991,33,1017,66,2008,0.033299697275479316,0.03876046233559187,0.03916818090046437,0.03836317135549872,0.03876046233559187,2178939,,,,,,,,,,,,,,,,,,,,,,,,,,,,,,,,,,assumed,none,none,0,0,0,0,0,0,0,0,The classical BB84 channel is assumed authenticated externally.,,,,"{""implementation"":""cpython"",""platform"":""Windows-11-10.0.26200-SP0"",""processor"":""Intel64 Family 6 Model 158 Stepping 12, GenuineIntel"",""python"":""3.14.7""}",,,,,,,,,,,,,,,,,,,,,,,,,3404486200,"{""events"":[{""detail"":""QKD-ASSUMED"",""sequence"":0,""source"":""session"",""stage"":""session"",""state"":""started""},{""detail"":""BB84 post-processing completed."",""sequence"":1,""source"":""qkd"",""stage"":""bb84"",""state"":""completed""},{""detail"":""The classical BB84 channel is assumed authenticated externally."",""sequence"":2,""source"":""qkd"",""stage"":""classical_authentication"",""state"":""assumed_not_executed""},{""detail"":""Final key released after all profile checks."",""sequence"":3,""source"":""qkd"",""stage"":""key_release"",""state"":""released""},{""detail"":""Authenticated QKD key released."",""sequence"":4,""source"":""session"",""stage"":""session"",""state"":""established""}],""version"":1}"
1,2cd49480-8c39-4241-bf72-e7c7976b0302,E2,pauli-symmetric,3,1,eafcdacf-9f23-4290-b8e6-0d06ba663426,false,,0,223,2026-09-08T07:55:30.986393+00:00,802584516331758867,QKD-ASSUMED,6387,3.14.7,CPython,2.5.0,0.16.0,0.16.0,50.0.1,0.1.0,Windows,11,10.0.26200,AMD64,"Intel64 Family 6 Model 158 Stepping 12, GenuineIntel",ac46477bb374bde1c0ace1ef0bcfbc26b199dcfa,true,1,E2,pauli-symmetric,3,802584516331758867,1,QKD-ASSUMED,QKD-ASSUMED,20000,"{""cascade_initial_block_factor"":0.73,""cascade_maximum_initial_block_size"":null,""cascade_maximum_lookback_steps"":null,""cascade_passes"":4,""phase_error_abort_threshold"":0.11,""sample_fraction"":0.2,""security_margin_bits"":0,""verification_tag_length"":32}",,[],"{""condition_id"":""pauli-symmetric"",""experiment_kind"":""E2"",""qkd_stages"":[{""px"":0.02,""py"":0.02,""pz"":0.02,""type"":""pauli""}],""replicate_index"":3,""seed"":802584516331758867,""session"":{""internal_pqc_profile"":null,""profile"":""QKD-ASSUMED"",""qkd_authentication_profile"":""QKD-ASSUMED"",""qkd_postprocessing"":{""cascade_initial_block_factor"":0.73,""cascade_maximum_initial_block_size"":null,""cascade_maximum_lookback_steps"":null,""cascade_passes"":4,""phase_error_abort_threshold"":0.11,""sample_fraction"":0.2,""security_margin_bits"":0,""verification_tag_length"":32},""qkd_signal_count"":20000,""version"":1},""tags"":[],""version"":1}","[{""px"":0.02,""py"":0.02,""pz"":0.02,""type"":""pauli""}]",,authentication explicitly assumed; no runtime material,,,,,,false,1,730942ea80a3826b6646c121deaeaa8c,QKD-ASSUMED,established,,qkd_bitstring,3886,"[{""algorithm"":""privacy-amplified-bitstring"",""bit_length"":3886,""byte_length"":486,""encoding"":""big-endian packed bits with explicit bit length"",""position"":1,""protocol"":""BB84"",""source"":""qkd""}]","{""pqc_exchange"":null,""qkd_classical"":{""algorithm"":""none"",""executed"":false,""mechanism"":""assumed"",""purpose"":""QKD classical transcript authentication"",""trust_assumption"":""The classical BB84 channel is assumed authenticated externally."",""verified"":null}}","{""qkd_transcript_hash_sha384"":""b63b2e8df3c4bdd1c5600f658f2ac70c19334e8458665e58be07c3c5f702fabda31065f9f07625d34e964505b0c9e61f"",""qkd_transcript_version"":1}",3395596100,20000,10027,2006,8021,8021,3886,0.50135,0.1943,0.031714568880079286,0.031093279839518557,0.03140578265204387,32,1009,31,997,63,2006,0.031714568880079286,0.04248528971776204,0.04105513685045617,0.043931795386158476,0.04248528971776204,2316661,,,,,,,,,,,,,,,,,,,,,,,,,,,,,,,,,,assumed,none,none,0,0,0,0,0,0,0,0,The classical BB84 channel is assumed authenticated externally.,,,,"{""implementation"":""cpython"",""platform"":""Windows-11-10.0.26200-SP0"",""processor"":""Intel64 Family 6 Model 158 Stepping 12, GenuineIntel"",""python"":""3.14.7""}",,,,,,,,,,,,,,,,,,,,,,,,,3395596100,"{""events"":[{""detail"":""QKD-ASSUMED"",""sequence"":0,""source"":""session"",""stage"":""session"",""state"":""started""},{""detail"":""BB84 post-processing completed."",""sequence"":1,""source"":""qkd"",""stage"":""bb84"",""state"":""completed""},{""detail"":""The classical BB84 channel is assumed authenticated externally."",""sequence"":2,""source"":""qkd"",""stage"":""classical_authentication"",""state"":""assumed_not_executed""},{""detail"":""Final key released after all profile checks."",""sequence"":3,""source"":""qkd"",""stage"":""key_release"",""state"":""released""},{""detail"":""Authenticated QKD key released."",""sequence"":4,""source"":""session"",""stage"":""session"",""state"":""established""}],""version"":1}"
1,673b1268-e150-40a3-ab2a-ff2520cde36c,E2,pauli-symmetric,4,1,eafcdacf-9f23-4290-b8e6-0d06ba663426,false,,0,224,2026-09-08T07:55:34.445725+00:00,4403889937799474995,QKD-ASSUMED,6386,3.14.7,CPython,2.5.0,0.16.0,0.16.0,50.0.1,0.1.0,Windows,11,10.0.26200,AMD64,"Intel64 Family 6 Model 158 Stepping 12, GenuineIntel",ac46477bb374bde1c0ace1ef0bcfbc26b199dcfa,true,1,E2,pauli-symmetric,4,4403889937799474995,1,QKD-ASSUMED,QKD-ASSUMED,20000,"{""cascade_initial_block_factor"":0.73,""cascade_maximum_initial_block_size"":null,""cascade_maximum_lookback_steps"":null,""cascade_passes"":4,""phase_error_abort_threshold"":0.11,""sample_fraction"":0.2,""security_margin_bits"":0,""verification_tag_length"":32}",,[],"{""condition_id"":""pauli-symmetric"",""experiment_kind"":""E2"",""qkd_stages"":[{""px"":0.02,""py"":0.02,""pz"":0.02,""type"":""pauli""}],""replicate_index"":4,""seed"":4403889937799474995,""session"":{""internal_pqc_profile"":null,""profile"":""QKD-ASSUMED"",""qkd_authentication_profile"":""QKD-ASSUMED"",""qkd_postprocessing"":{""cascade_initial_block_factor"":0.73,""cascade_maximum_initial_block_size"":null,""cascade_maximum_lookback_steps"":null,""cascade_passes"":4,""phase_error_abort_threshold"":0.11,""sample_fraction"":0.2,""security_margin_bits"":0,""verification_tag_length"":32},""qkd_signal_count"":20000,""version"":1},""tags"":[],""version"":1}","[{""px"":0.02,""py"":0.02,""pz"":0.02,""type"":""pauli""}]",,authentication explicitly assumed; no runtime material,,,,,,false,1,57fbec61efbea28de885e7aa89e0f44e,QKD-ASSUMED,established,,qkd_bitstring,3441,"[{""algorithm"":""privacy-amplified-bitstring"",""bit_length"":3441,""byte_length"":431,""encoding"":""big-endian packed bits with explicit bit length"",""position"":1,""protocol"":""BB84"",""source"":""qkd""}]","{""pqc_exchange"":null,""qkd_classical"":{""algorithm"":""none"",""executed"":false,""mechanism"":""assumed"",""purpose"":""QKD classical transcript authentication"",""trust_assumption"":""The classical BB84 channel is assumed authenticated externally."",""verified"":null}}","{""qkd_transcript_hash_sha384"":""818439ae758187e1af52a6d8de1c971ea14e9a8c96b8d54f8f2a79fd50449d1d6c191f3c887e4d35909cd7aa3caed2eb"",""qkd_transcript_version"":1}",3382588200,20000,9987,1999,7988,7988,3441,0.49935,0.17205,0.04036326942482341,0.04662698412698413,0.04352176088044022,40,991,47,1008,87,1999,0.04662698412698413,0.04165415039551417,0.041607756008887095,0.04169976171564734,0.04165415039551417,2181189,,,,,,,,,,,,,,,,,,,,,,,,,,,,,,,,,,assumed,none,none,0,0,0,0,0,0,0,0,The classical BB84 channel is assumed authenticated externally.,,,,"{""implementation"":""cpython"",""platform"":""Windows-11-10.0.26200-SP0"",""processor"":""Intel64 Family 6 Model 158 Stepping 12, GenuineIntel"",""python"":""3.14.7""}",,,,,,,,,,,,,,,,,,,,,,,,,3382588200,"{""events"":[{""detail"":""QKD-ASSUMED"",""sequence"":0,""source"":""session"",""stage"":""session"",""state"":""started""},{""detail"":""BB84 post-processing completed."",""sequence"":1,""source"":""qkd"",""stage"":""bb84"",""state"":""completed""},{""detail"":""The classical BB84 channel is assumed authenticated externally."",""sequence"":2,""source"":""qkd"",""stage"":""classical_authentication"",""state"":""assumed_not_executed""},{""detail"":""Final key released after all profile checks."",""sequence"":3,""source"":""qkd"",""stage"":""key_release"",""state"":""released""},{""detail"":""Authenticated QKD key released."",""sequence"":4,""source"":""session"",""stage"":""session"",""state"":""established""}],""version"":1}"
1,36377d6a-ded8-4076-b213-b369f1154255,E2,pauli-symmetric,5,1,eafcdacf-9f23-4290-b8e6-0d06ba663426,false,,0,225,2026-09-08T07:55:37.920649+00:00,2203217906397676876,QKD-ASSUMED,6389,3.14.7,CPython,2.5.0,0.16.0,0.16.0,50.0.1,0.1.0,Windows,11,10.0.26200,AMD64,"Intel64 Family 6 Model 158 Stepping 12, GenuineIntel",ac46477bb374bde1c0ace1ef0bcfbc26b199dcfa,true,1,E2,pauli-symmetric,5,2203217906397676876,1,QKD-ASSUMED,QKD-ASSUMED,20000,"{""cascade_initial_block_factor"":0.73,""cascade_maximum_initial_block_size"":null,""cascade_maximum_lookback_steps"":null,""cascade_passes"":4,""phase_error_abort_threshold"":0.11,""sample_fraction"":0.2,""security_margin_bits"":0,""verification_tag_length"":32}",,[],"{""condition_id"":""pauli-symmetric"",""experiment_kind"":""E2"",""qkd_stages"":[{""px"":0.02,""py"":0.02,""pz"":0.02,""type"":""pauli""}],""replicate_index"":5,""seed"":2203217906397676876,""session"":{""internal_pqc_profile"":null,""profile"":""QKD-ASSUMED"",""qkd_authentication_profile"":""QKD-ASSUMED"",""qkd_postprocessing"":{""cascade_initial_block_factor"":0.73,""cascade_maximum_initial_block_size"":null,""cascade_maximum_lookback_steps"":null,""cascade_passes"":4,""phase_error_abort_threshold"":0.11,""sample_fraction"":0.2,""security_margin_bits"":0,""verification_tag_length"":32},""qkd_signal_count"":20000,""version"":1},""tags"":[],""version"":1}","[{""px"":0.02,""py"":0.02,""pz"":0.02,""type"":""pauli""}]",,authentication explicitly assumed; no runtime material,,,,,,false,1,c4d28ae96ef95f9714aac8cffd91405a,QKD-ASSUMED,established,,qkd_bitstring,3883,"[{""algorithm"":""privacy-amplified-bitstring"",""bit_length"":3883,""byte_length"":486,""encoding"":""big-endian packed bits with explicit bit length"",""position"":1,""protocol"":""BB84"",""source"":""qkd""}]","{""pqc_exchange"":null,""qkd_classical"":{""algorithm"":""none"",""executed"":false,""mechanism"":""assumed"",""purpose"":""QKD classical transcript authentication"",""trust_assumption"":""The classical BB84 channel is assumed authenticated externally."",""verified"":null}}","{""qkd_transcript_hash_sha384"":""1ed7fa45a004c62191b352fd34b20b69e3f3d48fec7866db7970f3e11d34600fafa4130682ebf8021f952db874703508"",""qkd_transcript_version"":1}",3398472700,20000,10030,2007,8023,8023,3883,0.5015,0.19415,0.034482758620689655,0.038306451612903226,0.036372695565520675,35,1015,38,992,73,2007,0.038306451612903226,0.03788634097706879,0.04100946372239748,0.03469140782573618,0.03788634097706879,2143817,,,,,,,,,,,,,,,,,,,,,,,,,,,,,,,,,,assumed,none,none,0,0,0,0,0,0,0,0,The classical BB84 channel is assumed authenticated externally.,,,,"{""implementation"":""cpython"",""platform"":""Windows-11-10.0.26200-SP0"",""processor"":""Intel64 Family 6 Model 158 Stepping 12, GenuineIntel"",""python"":""3.14.7""}",,,,,,,,,,,,,,,,,,,,,,,,,3398472700,"{""events"":[{""detail"":""QKD-ASSUMED"",""sequence"":0,""source"":""session"",""stage"":""session"",""state"":""started""},{""detail"":""BB84 post-processing completed."",""sequence"":1,""source"":""qkd"",""stage"":""bb84"",""state"":""completed""},{""detail"":""The classical BB84 channel is assumed authenticated externally."",""sequence"":2,""source"":""qkd"",""stage"":""classical_authentication"",""state"":""assumed_not_executed""},{""detail"":""Final key released after all profile checks."",""sequence"":3,""source"":""qkd"",""stage"":""key_release"",""state"":""released""},{""detail"":""Authenticated QKD key released."",""sequence"":4,""source"":""session"",""stage"":""session"",""state"":""established""}],""version"":1}"
1,eae7cf15-290b-4788-98ff-024d76c1c4cf,E2,pauli-symmetric,6,1,eafcdacf-9f23-4290-b8e6-0d06ba663426,false,,0,226,2026-09-08T07:55:41.363021+00:00,10376597920659054061,QKD-ASSUMED,6360,3.14.7,CPython,2.5.0,0.16.0,0.16.0,50.0.1,0.1.0,Windows,11,10.0.26200,AMD64,"Intel64 Family 6 Model 158 Stepping 12, GenuineIntel",ac46477bb374bde1c0ace1ef0bcfbc26b199dcfa,true,1,E2,pauli-symmetric,6,10376597920659054061,1,QKD-ASSUMED,QKD-ASSUMED,20000,"{""cascade_initial_block_factor"":0.73,""cascade_maximum_initial_block_size"":null,""cascade_maximum_lookback_steps"":null,""cascade_passes"":4,""phase_error_abort_threshold"":0.11,""sample_fraction"":0.2,""security_margin_bits"":0,""verification_tag_length"":32}",,[],"{""condition_id"":""pauli-symmetric"",""experiment_kind"":""E2"",""qkd_stages"":[{""px"":0.02,""py"":0.02,""pz"":0.02,""type"":""pauli""}],""replicate_index"":6,""seed"":10376597920659054061,""session"":{""internal_pqc_profile"":null,""profile"":""QKD-ASSUMED"",""qkd_authentication_profile"":""QKD-ASSUMED"",""qkd_postprocessing"":{""cascade_initial_block_factor"":0.73,""cascade_maximum_initial_block_size"":null,""cascade_maximum_lookback_steps"":null,""cascade_passes"":4,""phase_error_abort_threshold"":0.11,""sample_fraction"":0.2,""security_margin_bits"":0,""verification_tag_length"":32},""qkd_signal_count"":20000,""version"":1},""tags"":[],""version"":1}","[{""px"":0.02,""py"":0.02,""pz"":0.02,""type"":""pauli""}]",,authentication explicitly assumed; no runtime material,,,,,,false,1,9435c29639a8f8d8f7a079089a530d7a,QKD-ASSUMED,established,,qkd_bitstring,3714,"[{""algorithm"":""privacy-amplified-bitstring"",""bit_length"":3714,""byte_length"":465,""encoding"":""big-endian packed bits with explicit bit length"",""position"":1,""protocol"":""BB84"",""source"":""qkd""}]","{""pqc_exchange"":null,""qkd_classical"":{""algorithm"":""none"",""executed"":false,""mechanism"":""assumed"",""purpose"":""QKD classical transcript authentication"",""trust_assumption"":""The classical BB84 channel is assumed authenticated externally."",""verified"":null}}","{""qkd_transcript_hash_sha384"":""b2e947e48d666412c1783cf4bb08d843b88164e89dca95c938fdc2fdc77c215ca49249abab91fb343312aa84af90e843"",""qkd_transcript_version"":1}",3365171300,20000,10051,2011,8040,8040,3714,0.50255,0.1857,0.041,0.03461918892185954,0.03779214321233217,41,1000,35,1011,76,2011,0.041,0.03999602029648791,0.04081632653061224,0.03918464278646349,0.03999602029648791,2180888,,,,,,,,,,,,,,,,,,,,,,,,,,,,,,,,,,assumed,none,none,0,0,0,0,0,0,0,0,The classical BB84 channel is assumed authenticated externally.,,,,"{""implementation"":""cpython"",""platform"":""Windows-11-10.0.26200-SP0"",""processor"":""Intel64 Family 6 Model 158 Stepping 12, GenuineIntel"",""python"":""3.14.7""}",,,,,,,,,,,,,,,,,,,,,,,,,3365171300,"{""events"":[{""detail"":""QKD-ASSUMED"",""sequence"":0,""source"":""session"",""stage"":""session"",""state"":""started""},{""detail"":""BB84 post-processing completed."",""sequence"":1,""source"":""qkd"",""stage"":""bb84"",""state"":""completed""},{""detail"":""The classical BB84 channel is assumed authenticated externally."",""sequence"":2,""source"":""qkd"",""stage"":""classical_authentication"",""state"":""assumed_not_executed""},{""detail"":""Final key released after all profile checks."",""sequence"":3,""source"":""qkd"",""stage"":""key_release"",""state"":""released""},{""detail"":""Authenticated QKD key released."",""sequence"":4,""source"":""session"",""stage"":""session"",""state"":""established""}],""version"":1}"
1,61d47145-0fca-4b16-9f4b-40356776d899,E2,pauli-symmetric,7,1,eafcdacf-9f23-4290-b8e6-0d06ba663426,false,,0,227,2026-09-08T07:55:44.857438+00:00,6072634220008100809,QKD-ASSUMED,6389,3.14.7,CPython,2.5.0,0.16.0,0.16.0,50.0.1,0.1.0,Windows,11,10.0.26200,AMD64,"Intel64 Family 6 Model 158 Stepping 12, GenuineIntel",ac46477bb374bde1c0ace1ef0bcfbc26b199dcfa,true,1,E2,pauli-symmetric,7,6072634220008100809,1,QKD-ASSUMED,QKD-ASSUMED,20000,"{""cascade_initial_block_factor"":0.73,""cascade_maximum_initial_block_size"":null,""cascade_maximum_lookback_steps"":null,""cascade_passes"":4,""phase_error_abort_threshold"":0.11,""sample_fraction"":0.2,""security_margin_bits"":0,""verification_tag_length"":32}",,[],"{""condition_id"":""pauli-symmetric"",""experiment_kind"":""E2"",""qkd_stages"":[{""px"":0.02,""py"":0.02,""pz"":0.02,""type"":""pauli""}],""replicate_index"":7,""seed"":6072634220008100809,""session"":{""internal_pqc_profile"":null,""profile"":""QKD-ASSUMED"",""qkd_authentication_profile"":""QKD-ASSUMED"",""qkd_postprocessing"":{""cascade_initial_block_factor"":0.73,""cascade_maximum_initial_block_size"":null,""cascade_maximum_lookback_steps"":null,""cascade_passes"":4,""phase_error_abort_threshold"":0.11,""sample_fraction"":0.2,""security_margin_bits"":0,""verification_tag_length"":32},""qkd_signal_count"":20000,""version"":1},""tags"":[],""version"":1}","[{""px"":0.02,""py"":0.02,""pz"":0.02,""type"":""pauli""}]",,authentication explicitly assumed; no runtime material,,,,,,false,1,4fe555eccb1025729cb3bb11d7a913fd,QKD-ASSUMED,established,,qkd_bitstring,3519,"[{""algorithm"":""privacy-amplified-bitstring"",""bit_length"":3519,""byte_length"":440,""encoding"":""big-endian packed bits with explicit bit length"",""position"":1,""protocol"":""BB84"",""source"":""qkd""}]","{""pqc_exchange"":null,""qkd_classical"":{""algorithm"":""none"",""executed"":false,""mechanism"":""assumed"",""purpose"":""QKD classical transcript authentication"",""trust_assumption"":""The classical BB84 channel is assumed authenticated externally."",""verified"":null}}","{""qkd_transcript_hash_sha384"":""2cc940ac3dc90bc98f99bddf341f4d1599f1d070ff8a75b19442f58baa06d516fe217b2448f006b6ccfa03cea011c17b"",""qkd_transcript_version"":1}",3418725200,20000,10031,2007,8024,8024,3519,0.50155,0.17595,0.040354330708661415,0.04641775983854692,0.043348281016442454,41,1016,46,991,87,2007,0.04641775983854692,0.04057421991825341,0.03684003152088258,0.044399596367305755,0.04057421991825341,2159787,,,,,,,,,,,,,,,,,,,,,,,,,,,,,,,,,,assumed,none,none,0,0,0,0,0,0,0,0,The classical BB84 channel is assumed authenticated externally.,,,,"{""implementation"":""cpython"",""platform"":""Windows-11-10.0.26200-SP0"",""processor"":""Intel64 Family 6 Model 158 Stepping 12, GenuineIntel"",""python"":""3.14.7""}",,,,,,,,,,,,,,,,,,,,,,,,,3418725200,"{""events"":[{""detail"":""QKD-ASSUMED"",""sequence"":0,""source"":""session"",""stage"":""session"",""state"":""started""},{""detail"":""BB84 post-processing completed."",""sequence"":1,""source"":""qkd"",""stage"":""bb84"",""state"":""completed""},{""detail"":""The classical BB84 channel is assumed authenticated externally."",""sequence"":2,""source"":""qkd"",""stage"":""classical_authentication"",""state"":""assumed_not_executed""},{""detail"":""Final key released after all profile checks."",""sequence"":3,""source"":""qkd"",""stage"":""key_release"",""state"":""released""},{""detail"":""Authenticated QKD key released."",""sequence"":4,""source"":""session"",""stage"":""session"",""state"":""established""}],""version"":1}"
1,a96d9875-0823-491b-b3eb-9399c59de8e7,E2,pauli-symmetric,8,1,eafcdacf-9f23-4290-b8e6-0d06ba663426,false,,0,228,2026-09-08T07:55:48.298493+00:00,8245930077597025317,QKD-ASSUMED,6384,3.14.7,CPython,2.5.0,0.16.0,0.16.0,50.0.1,0.1.0,Windows,11,10.0.26200,AMD64,"Intel64 Family 6 Model 158 Stepping 12, GenuineIntel",ac46477bb374bde1c0ace1ef0bcfbc26b199dcfa,true,1,E2,pauli-symmetric,8,8245930077597025317,1,QKD-ASSUMED,QKD-ASSUMED,20000,"{""cascade_initial_block_factor"":0.73,""cascade_maximum_initial_block_size"":null,""cascade_maximum_lookback_steps"":null,""cascade_passes"":4,""phase_error_abort_threshold"":0.11,""sample_fraction"":0.2,""security_margin_bits"":0,""verification_tag_length"":32}",,[],"{""condition_id"":""pauli-symmetric"",""experiment_kind"":""E2"",""qkd_stages"":[{""px"":0.02,""py"":0.02,""pz"":0.02,""type"":""pauli""}],""replicate_index"":8,""seed"":8245930077597025317,""session"":{""internal_pqc_profile"":null,""profile"":""QKD-ASSUMED"",""qkd_authentication_profile"":""QKD-ASSUMED"",""qkd_postprocessing"":{""cascade_initial_block_factor"":0.73,""cascade_maximum_initial_block_size"":null,""cascade_maximum_lookback_steps"":null,""cascade_passes"":4,""phase_error_abort_threshold"":0.11,""sample_fraction"":0.2,""security_margin_bits"":0,""verification_tag_length"":32},""qkd_signal_count"":20000,""version"":1},""tags"":[],""version"":1}","[{""px"":0.02,""py"":0.02,""pz"":0.02,""type"":""pauli""}]",,authentication explicitly assumed; no runtime material,,,,,,false,1,96268cd3968fea16a4206430aa15886e,QKD-ASSUMED,established,,qkd_bitstring,3413,"[{""algorithm"":""privacy-amplified-bitstring"",""bit_length"":3413,""byte_length"":427,""encoding"":""big-endian packed bits with explicit bit length"",""position"":1,""protocol"":""BB84"",""source"":""qkd""}]","{""pqc_exchange"":null,""qkd_classical"":{""algorithm"":""none"",""executed"":false,""mechanism"":""assumed"",""purpose"":""QKD classical transcript authentication"",""trust_assumption"":""The classical BB84 channel is assumed authenticated externally."",""verified"":null}}","{""qkd_transcript_hash_sha384"":""e996dab6bf02112903d75c43db4a7961bc420d84bf52ba82b28f96908108094dcb96817f7ae83c1fd7e00c513b8e0dbe"",""qkd_transcript_version"":1}",3365934000,20000,10004,2002,8002,8002,3413,0.5002,0.17065,0.04116465863453815,0.05069582504970179,0.04595404595404595,41,996,51,1006,92,2002,0.05069582504970179,0.0390843662534986,0.035355564483728404,0.04277755670513331,0.0390843662534986,2122509,,,,,,,,,,,,,,,,,,,,,,,,,,,,,,,,,,assumed,none,none,0,0,0,0,0,0,0,0,The classical BB84 channel is assumed authenticated externally.,,,,"{""implementation"":""cpython"",""platform"":""Windows-11-10.0.26200-SP0"",""processor"":""Intel64 Family 6 Model 158 Stepping 12, GenuineIntel"",""python"":""3.14.7""}",,,,,,,,,,,,,,,,,,,,,,,,,3365934000,"{""events"":[{""detail"":""QKD-ASSUMED"",""sequence"":0,""source"":""session"",""stage"":""session"",""state"":""started""},{""detail"":""BB84 post-processing completed."",""sequence"":1,""source"":""qkd"",""stage"":""bb84"",""state"":""completed""},{""detail"":""The classical BB84 channel is assumed authenticated externally."",""sequence"":2,""source"":""qkd"",""stage"":""classical_authentication"",""state"":""assumed_not_executed""},{""detail"":""Final key released after all profile checks."",""sequence"":3,""source"":""qkd"",""stage"":""key_release"",""state"":""released""},{""detail"":""Authenticated QKD key released."",""sequence"":4,""source"":""session"",""stage"":""session"",""state"":""established""}],""version"":1}"
1,0e010d4d-cf2b-4aad-8372-a16b6bb1a630,E2,pauli-symmetric,9,1,eafcdacf-9f23-4290-b8e6-0d06ba663426,false,,0,229,2026-09-08T07:55:51.781420+00:00,16463596886137909235,QKD-ASSUMED,6389,3.14.7,CPython,2.5.0,0.16.0,0.16.0,50.0.1,0.1.0,Windows,11,10.0.26200,AMD64,"Intel64 Family 6 Model 158 Stepping 12, GenuineIntel",ac46477bb374bde1c0ace1ef0bcfbc26b199dcfa,true,1,E2,pauli-symmetric,9,16463596886137909235,1,QKD-ASSUMED,QKD-ASSUMED,20000,"{""cascade_initial_block_factor"":0.73,""cascade_maximum_initial_block_size"":null,""cascade_maximum_lookback_steps"":null,""cascade_passes"":4,""phase_error_abort_threshold"":0.11,""sample_fraction"":0.2,""security_margin_bits"":0,""verification_tag_length"":32}",,[],"{""condition_id"":""pauli-symmetric"",""experiment_kind"":""E2"",""qkd_stages"":[{""px"":0.02,""py"":0.02,""pz"":0.02,""type"":""pauli""}],""replicate_index"":9,""seed"":16463596886137909235,""session"":{""internal_pqc_profile"":null,""profile"":""QKD-ASSUMED"",""qkd_authentication_profile"":""QKD-ASSUMED"",""qkd_postprocessing"":{""cascade_initial_block_factor"":0.73,""cascade_maximum_initial_block_size"":null,""cascade_maximum_lookback_steps"":null,""cascade_passes"":4,""phase_error_abort_threshold"":0.11,""sample_fraction"":0.2,""security_margin_bits"":0,""verification_tag_length"":32},""qkd_signal_count"":20000,""version"":1},""tags"":[],""version"":1}","[{""px"":0.02,""py"":0.02,""pz"":0.02,""type"":""pauli""}]",,authentication explicitly assumed; no runtime material,,,,,,false,1,3511c031c8e7c827981138680fc5ef12,QKD-ASSUMED,established,,qkd_bitstring,3705,"[{""algorithm"":""privacy-amplified-bitstring"",""bit_length"":3705,""byte_length"":464,""encoding"":""big-endian packed bits with explicit bit length"",""position"":1,""protocol"":""BB84"",""source"":""qkd""}]","{""pqc_exchange"":null,""qkd_classical"":{""algorithm"":""none"",""executed"":false,""mechanism"":""assumed"",""purpose"":""QKD classical transcript authentication"",""trust_assumption"":""The classical BB84 channel is assumed authenticated externally."",""verified"":null}}","{""qkd_transcript_hash_sha384"":""6609981cb7b7d905a2b7e39e5da2e26067d20072c07d5bf199441fb4a0d8f839c3fa4858e973b007f9475494f20136a3"",""qkd_transcript_version"":1}",3405872400,20000,10076,2016,8060,8060,3705,0.5038,0.18525,0.03880597014925373,0.04253214638971316,0.040674603174603176,39,1005,43,1011,82,2016,0.04253214638971316,0.03949980150853513,0.039410828025477705,0.0395882818685669,0.03949980150853513,2161610,,,,,,,,,,,,,,,,,,,,,,,,,,,,,,,,,,assumed,none,none,0,0,0,0,0,0,0,0,The classical BB84 channel is assumed authenticated externally.,,,,"{""implementation"":""cpython"",""platform"":""Windows-11-10.0.26200-SP0"",""processor"":""Intel64 Family 6 Model 158 Stepping 12, GenuineIntel"",""python"":""3.14.7""}",,,,,,,,,,,,,,,,,,,,,,,,,3405872400,"{""events"":[{""detail"":""QKD-ASSUMED"",""sequence"":0,""source"":""session"",""stage"":""session"",""state"":""started""},{""detail"":""BB84 post-processing completed."",""sequence"":1,""source"":""qkd"",""stage"":""bb84"",""state"":""completed""},{""detail"":""The classical BB84 channel is assumed authenticated externally."",""sequence"":2,""source"":""qkd"",""stage"":""classical_authentication"",""state"":""assumed_not_executed""},{""detail"":""Final key released after all profile checks."",""sequence"":3,""source"":""qkd"",""stage"":""key_release"",""state"":""released""},{""detail"":""Authenticated QKD key released."",""sequence"":4,""source"":""session"",""stage"":""session"",""state"":""established""}],""version"":1}"
1,3e98d0fb-a072-4535-bb2c-47d70576096e,E2,pauli-x-dominant,0,1,eafcdacf-9f23-4290-b8e6-0d06ba663426,false,,0,230,2026-09-08T07:55:55.244706+00:00,4683891970439938648,QKD-ASSUMED,6391,3.14.7,CPython,2.5.0,0.16.0,0.16.0,50.0.1,0.1.0,Windows,11,10.0.26200,AMD64,"Intel64 Family 6 Model 158 Stepping 12, GenuineIntel",ac46477bb374bde1c0ace1ef0bcfbc26b199dcfa,true,1,E2,pauli-x-dominant,0,4683891970439938648,1,QKD-ASSUMED,QKD-ASSUMED,20000,"{""cascade_initial_block_factor"":0.73,""cascade_maximum_initial_block_size"":null,""cascade_maximum_lookback_steps"":null,""cascade_passes"":4,""phase_error_abort_threshold"":0.11,""sample_fraction"":0.2,""security_margin_bits"":0,""verification_tag_length"":32}",,[],"{""condition_id"":""pauli-x-dominant"",""experiment_kind"":""E2"",""qkd_stages"":[{""px"":0.08,""py"":0.01,""pz"":0.02,""type"":""pauli""}],""replicate_index"":0,""seed"":4683891970439938648,""session"":{""internal_pqc_profile"":null,""profile"":""QKD-ASSUMED"",""qkd_authentication_profile"":""QKD-ASSUMED"",""qkd_postprocessing"":{""cascade_initial_block_factor"":0.73,""cascade_maximum_initial_block_size"":null,""cascade_maximum_lookback_steps"":null,""cascade_passes"":4,""phase_error_abort_threshold"":0.11,""sample_fraction"":0.2,""security_margin_bits"":0,""verification_tag_length"":32},""qkd_signal_count"":20000,""version"":1},""tags"":[],""version"":1}","[{""px"":0.08,""py"":0.01,""pz"":0.02,""type"":""pauli""}]",,authentication explicitly assumed; no runtime material,,,,,,false,1,6c19d12628a1b8a204e922d5f2cd4d59,QKD-ASSUMED,established,,qkd_bitstring,1577,"[{""algorithm"":""privacy-amplified-bitstring"",""bit_length"":1577,""byte_length"":198,""encoding"":""big-endian packed bits with explicit bit length"",""position"":1,""protocol"":""BB84"",""source"":""qkd""}]","{""pqc_exchange"":null,""qkd_classical"":{""algorithm"":""none"",""executed"":false,""mechanism"":""assumed"",""purpose"":""QKD classical transcript authentication"",""trust_assumption"":""The classical BB84 channel is assumed authenticated externally."",""verified"":null}}","{""qkd_transcript_hash_sha384"":""c1d3d6703391d6ec5a79aa8ce3e8bfd3ad8eda33557e75d68bcc6a0c886c000b0649d494a58e4ba7a43d152eebdc0050"",""qkd_transcript_version"":1}",3382131100,20000,9904,1982,7922,7922,1577,0.4952,0.07885,0.08391608391608392,0.024464831804281346,0.054490413723511606,84,1001,24,981,108,1982,0.08391608391608392,0.057451534733441036,0.09036385445821671,0.02386780905752754,0.057451534733441036,2507376,,,,,,,,,,,,,,,,,,,,,,,,,,,,,,,,,,assumed,none,none,0,0,0,0,0,0,0,0,The classical BB84 channel is assumed authenticated externally.,,,,"{""implementation"":""cpython"",""platform"":""Windows-11-10.0.26200-SP0"",""processor"":""Intel64 Family 6 Model 158 Stepping 12, GenuineIntel"",""python"":""3.14.7""}",,,,,,,,,,,,,,,,,,,,,,,,,3382131100,"{""events"":[{""detail"":""QKD-ASSUMED"",""sequence"":0,""source"":""session"",""stage"":""session"",""state"":""started""},{""detail"":""BB84 post-processing completed."",""sequence"":1,""source"":""qkd"",""stage"":""bb84"",""state"":""completed""},{""detail"":""The classical BB84 channel is assumed authenticated externally."",""sequence"":2,""source"":""qkd"",""stage"":""classical_authentication"",""state"":""assumed_not_executed""},{""detail"":""Final key released after all profile checks."",""sequence"":3,""source"":""qkd"",""stage"":""key_release"",""state"":""released""},{""detail"":""Authenticated QKD key released."",""sequence"":4,""source"":""session"",""stage"":""session"",""state"":""established""}],""version"":1}"
1,ee88d07f-8e13-4daf-a744-84e005fdbfd1,E2,pauli-x-dominant,1,1,eafcdacf-9f23-4290-b8e6-0d06ba663426,false,,0,231,2026-09-08T07:55:58.713922+00:00,16072551680134824772,QKD-ASSUMED,6391,3.14.7,CPython,2.5.0,0.16.0,0.16.0,50.0.1,0.1.0,Windows,11,10.0.26200,AMD64,"Intel64 Family 6 Model 158 Stepping 12, GenuineIntel",ac46477bb374bde1c0ace1ef0bcfbc26b199dcfa,true,1,E2,pauli-x-dominant,1,16072551680134824772,1,QKD-ASSUMED,QKD-ASSUMED,20000,"{""cascade_initial_block_factor"":0.73,""cascade_maximum_initial_block_size"":null,""cascade_maximum_lookback_steps"":null,""cascade_passes"":4,""phase_error_abort_threshold"":0.11,""sample_fraction"":0.2,""security_margin_bits"":0,""verification_tag_length"":32}",,[],"{""condition_id"":""pauli-x-dominant"",""experiment_kind"":""E2"",""qkd_stages"":[{""px"":0.08,""py"":0.01,""pz"":0.02,""type"":""pauli""}],""replicate_index"":1,""seed"":16072551680134824772,""session"":{""internal_pqc_profile"":null,""profile"":""QKD-ASSUMED"",""qkd_authentication_profile"":""QKD-ASSUMED"",""qkd_postprocessing"":{""cascade_initial_block_factor"":0.73,""cascade_maximum_initial_block_size"":null,""cascade_maximum_lookback_steps"":null,""cascade_passes"":4,""phase_error_abort_threshold"":0.11,""sample_fraction"":0.2,""security_margin_bits"":0,""verification_tag_length"":32},""qkd_signal_count"":20000,""version"":1},""tags"":[],""version"":1}","[{""px"":0.08,""py"":0.01,""pz"":0.02,""type"":""pauli""}]",,authentication explicitly assumed; no runtime material,,,,,,false,1,f06715750ff3e17c16cf1e4b446945db,QKD-ASSUMED,established,,qkd_bitstring,1367,"[{""algorithm"":""privacy-amplified-bitstring"",""bit_length"":1367,""byte_length"":171,""encoding"":""big-endian packed bits with explicit bit length"",""position"":1,""protocol"":""BB84"",""source"":""qkd""}]","{""pqc_exchange"":null,""qkd_classical"":{""algorithm"":""none"",""executed"":false,""mechanism"":""assumed"",""purpose"":""QKD classical transcript authentication"",""trust_assumption"":""The classical BB84 channel is assumed authenticated externally."",""verified"":null}}","{""qkd_transcript_hash_sha384"":""8d4dd36320feb649f73e0bc5c60aa43f492770879f0c95eef5dd3542c44be454de9a721354556c92349c8368a50a5f83"",""qkd_transcript_version"":1}",3387484700,20000,9972,1995,7977,7977,1367,0.4986,0.06835,0.09227683049147442,0.033066132264529056,0.06265664160401002,92,997,33,998,125,1995,0.09227683049147442,0.057962294424388286,0.0852899859522376,0.030667468430547205,0.057962294424388286,2515924,,,,,,,,,,,,,,,,,,,,,,,,,,,,,,,,,,assumed,none,none,0,0,0,0,0,0,0,0,The classical BB84 channel is assumed authenticated externally.,,,,"{""implementation"":""cpython"",""platform"":""Windows-11-10.0.26200-SP0"",""processor"":""Intel64 Family 6 Model 158 Stepping 12, GenuineIntel"",""python"":""3.14.7""}",,,,,,,,,,,,,,,,,,,,,,,,,3387484700,"{""events"":[{""detail"":""QKD-ASSUMED"",""sequence"":0,""source"":""session"",""stage"":""session"",""state"":""started""},{""detail"":""BB84 post-processing completed."",""sequence"":1,""source"":""qkd"",""stage"":""bb84"",""state"":""completed""},{""detail"":""The classical BB84 channel is assumed authenticated externally."",""sequence"":2,""source"":""qkd"",""stage"":""classical_authentication"",""state"":""assumed_not_executed""},{""detail"":""Final key released after all profile checks."",""sequence"":3,""source"":""qkd"",""stage"":""key_release"",""state"":""released""},{""detail"":""Authenticated QKD key released."",""sequence"":4,""source"":""session"",""stage"":""session"",""state"":""established""}],""version"":1}"
1,e7d0bab3-85ac-4dcb-b45e-c867b494c493,E2,pauli-x-dominant,2,1,eafcdacf-9f23-4290-b8e6-0d06ba663426,false,,0,232,2026-09-08T07:56:02.175949+00:00,13394251125109807330,QKD-ASSUMED,6390,3.14.7,CPython,2.5.0,0.16.0,0.16.0,50.0.1,0.1.0,Windows,11,10.0.26200,AMD64,"Intel64 Family 6 Model 158 Stepping 12, GenuineIntel",ac46477bb374bde1c0ace1ef0bcfbc26b199dcfa,true,1,E2,pauli-x-dominant,2,13394251125109807330,1,QKD-ASSUMED,QKD-ASSUMED,20000,"{""cascade_initial_block_factor"":0.73,""cascade_maximum_initial_block_size"":null,""cascade_maximum_lookback_steps"":null,""cascade_passes"":4,""phase_error_abort_threshold"":0.11,""sample_fraction"":0.2,""security_margin_bits"":0,""verification_tag_length"":32}",,[],"{""condition_id"":""pauli-x-dominant"",""experiment_kind"":""E2"",""qkd_stages"":[{""px"":0.08,""py"":0.01,""pz"":0.02,""type"":""pauli""}],""replicate_index"":2,""seed"":13394251125109807330,""session"":{""internal_pqc_profile"":null,""profile"":""QKD-ASSUMED"",""qkd_authentication_profile"":""QKD-ASSUMED"",""qkd_postprocessing"":{""cascade_initial_block_factor"":0.73,""cascade_maximum_initial_block_size"":null,""cascade_maximum_lookback_steps"":null,""cascade_passes"":4,""phase_error_abort_threshold"":0.11,""sample_fraction"":0.2,""security_margin_bits"":0,""verification_tag_length"":32},""qkd_signal_count"":20000,""version"":1},""tags"":[],""version"":1}","[{""px"":0.08,""py"":0.01,""pz"":0.02,""type"":""pauli""}]",,authentication explicitly assumed; no runtime material,,,,,,false,1,c3577ef8727c402d9cf995bb40d598e4,QKD-ASSUMED,established,,qkd_bitstring,769,"[{""algorithm"":""privacy-amplified-bitstring"",""bit_length"":769,""byte_length"":97,""encoding"":""big-endian packed bits with explicit bit length"",""position"":1,""protocol"":""BB84"",""source"":""qkd""}]","{""pqc_exchange"":null,""qkd_classical"":{""algorithm"":""none"",""executed"":false,""mechanism"":""assumed"",""purpose"":""QKD classical transcript authentication"",""trust_assumption"":""The classical BB84 channel is assumed authenticated externally."",""verified"":null}}","{""qkd_transcript_hash_sha384"":""51da8ddc5892d6abc25b9acc74ff662c6b15664ae8f4c9dcabb2085032e2c1e0c29f480bbc5fc5c11b71f63b8b84553b"",""qkd_transcript_version"":1}",3378459600,20000,10009,2003,8006,8006,769,0.50045,0.03845,0.10802775024777007,0.028169014084507043,0.06839740389415876,109,1009,28,994,137,2003,0.10802775024777007,0.06224398041762414,0.09323546915294584,0.030797101449275364,0.06224398041762414,2614775,,,,,,,,,,,,,,,,,,,,,,,,,,,,,,,,,,assumed,none,none,0,0,0,0,0,0,0,0,The classical BB84 channel is assumed authenticated externally.,,,,"{""implementation"":""cpython"",""platform"":""Windows-11-10.0.26200-SP0"",""processor"":""Intel64 Family 6 Model 158 Stepping 12, GenuineIntel"",""python"":""3.14.7""}",,,,,,,,,,,,,,,,,,,,,,,,,3378459600,"{""events"":[{""detail"":""QKD-ASSUMED"",""sequence"":0,""source"":""session"",""stage"":""session"",""state"":""started""},{""detail"":""BB84 post-processing completed."",""sequence"":1,""source"":""qkd"",""stage"":""bb84"",""state"":""completed""},{""detail"":""The classical BB84 channel is assumed authenticated externally."",""sequence"":2,""source"":""qkd"",""stage"":""classical_authentication"",""state"":""assumed_not_executed""},{""detail"":""Final key released after all profile checks."",""sequence"":3,""source"":""qkd"",""stage"":""key_release"",""state"":""released""},{""detail"":""Authenticated QKD key released."",""sequence"":4,""source"":""session"",""stage"":""session"",""state"":""established""}],""version"":1}"
1,d883dc4e-d816-4f85-bece-6b9dad3bb00c,E2,pauli-x-dominant,3,1,eafcdacf-9f23-4290-b8e6-0d06ba663426,false,,0,233,2026-09-08T07:56:05.709110+00:00,7253874872860642195,QKD-ASSUMED,6386,3.14.7,CPython,2.5.0,0.16.0,0.16.0,50.0.1,0.1.0,Windows,11,10.0.26200,AMD64,"Intel64 Family 6 Model 158 Stepping 12, GenuineIntel",ac46477bb374bde1c0ace1ef0bcfbc26b199dcfa,true,1,E2,pauli-x-dominant,3,7253874872860642195,1,QKD-ASSUMED,QKD-ASSUMED,20000,"{""cascade_initial_block_factor"":0.73,""cascade_maximum_initial_block_size"":null,""cascade_maximum_lookback_steps"":null,""cascade_passes"":4,""phase_error_abort_threshold"":0.11,""sample_fraction"":0.2,""security_margin_bits"":0,""verification_tag_length"":32}",,[],"{""condition_id"":""pauli-x-dominant"",""experiment_kind"":""E2"",""qkd_stages"":[{""px"":0.08,""py"":0.01,""pz"":0.02,""type"":""pauli""}],""replicate_index"":3,""seed"":7253874872860642195,""session"":{""internal_pqc_profile"":null,""profile"":""QKD-ASSUMED"",""qkd_authentication_profile"":""QKD-ASSUMED"",""qkd_postprocessing"":{""cascade_initial_block_factor"":0.73,""cascade_maximum_initial_block_size"":null,""cascade_maximum_lookback_steps"":null,""cascade_passes"":4,""phase_error_abort_threshold"":0.11,""sample_fraction"":0.2,""security_margin_bits"":0,""verification_tag_length"":32},""qkd_signal_count"":20000,""version"":1},""tags"":[],""version"":1}","[{""px"":0.08,""py"":0.01,""pz"":0.02,""type"":""pauli""}]",,authentication explicitly assumed; no runtime material,,,,,,false,1,95341abbb39f71a7dfe807e5524da4a1,QKD-ASSUMED,established,,qkd_bitstring,1075,"[{""algorithm"":""privacy-amplified-bitstring"",""bit_length"":1075,""byte_length"":135,""encoding"":""big-endian packed bits with explicit bit length"",""position"":1,""protocol"":""BB84"",""source"":""qkd""}]","{""pqc_exchange"":null,""qkd_classical"":{""algorithm"":""none"",""executed"":false,""mechanism"":""assumed"",""purpose"":""QKD classical transcript authentication"",""trust_assumption"":""The classical BB84 channel is assumed authenticated externally."",""verified"":null}}","{""qkd_transcript_hash_sha384"":""0fe06e81f6f1b30222d51cf4f18e853b117cad8aa3d5e1192f257521b3a1dba9740ceae001dbca4a424c0b573972b663"",""qkd_transcript_version"":1}",3452687600,20000,9876,1976,7900,7900,1075,0.4938,0.05375,0.10031023784901758,0.031714568880079286,0.0652834008097166,97,967,32,1009,129,1976,0.10031023784901758,0.0586269744835966,0.08872802481902792,0.029756000793493356,0.0586269744835966,2512057,,,,,,,,,,,,,,,,,,,,,,,,,,,,,,,,,,assumed,none,none,0,0,0,0,0,0,0,0,The classical BB84 channel is assumed authenticated externally.,,,,"{""implementation"":""cpython"",""platform"":""Windows-11-10.0.26200-SP0"",""processor"":""Intel64 Family 6 Model 158 Stepping 12, GenuineIntel"",""python"":""3.14.7""}",,,,,,,,,,,,,,,,,,,,,,,,,3452687600,"{""events"":[{""detail"":""QKD-ASSUMED"",""sequence"":0,""source"":""session"",""stage"":""session"",""state"":""started""},{""detail"":""BB84 post-processing completed."",""sequence"":1,""source"":""qkd"",""stage"":""bb84"",""state"":""completed""},{""detail"":""The classical BB84 channel is assumed authenticated externally."",""sequence"":2,""source"":""qkd"",""stage"":""classical_authentication"",""state"":""assumed_not_executed""},{""detail"":""Final key released after all profile checks."",""sequence"":3,""source"":""qkd"",""stage"":""key_release"",""state"":""released""},{""detail"":""Authenticated QKD key released."",""sequence"":4,""source"":""session"",""stage"":""session"",""state"":""established""}],""version"":1}"
1,822bc9f3-e41e-4cee-8f9e-579bd9b079b1,E2,pauli-x-dominant,4,1,eafcdacf-9f23-4290-b8e6-0d06ba663426,false,,0,234,2026-09-08T07:56:09.220425+00:00,16814032616752814335,QKD-ASSUMED,6391,3.14.7,CPython,2.5.0,0.16.0,0.16.0,50.0.1,0.1.0,Windows,11,10.0.26200,AMD64,"Intel64 Family 6 Model 158 Stepping 12, GenuineIntel",ac46477bb374bde1c0ace1ef0bcfbc26b199dcfa,true,1,E2,pauli-x-dominant,4,16814032616752814335,1,QKD-ASSUMED,QKD-ASSUMED,20000,"{""cascade_initial_block_factor"":0.73,""cascade_maximum_initial_block_size"":null,""cascade_maximum_lookback_steps"":null,""cascade_passes"":4,""phase_error_abort_threshold"":0.11,""sample_fraction"":0.2,""security_margin_bits"":0,""verification_tag_length"":32}",,[],"{""condition_id"":""pauli-x-dominant"",""experiment_kind"":""E2"",""qkd_stages"":[{""px"":0.08,""py"":0.01,""pz"":0.02,""type"":""pauli""}],""replicate_index"":4,""seed"":16814032616752814335,""session"":{""internal_pqc_profile"":null,""profile"":""QKD-ASSUMED"",""qkd_authentication_profile"":""QKD-ASSUMED"",""qkd_postprocessing"":{""cascade_initial_block_factor"":0.73,""cascade_maximum_initial_block_size"":null,""cascade_maximum_lookback_steps"":null,""cascade_passes"":4,""phase_error_abort_threshold"":0.11,""sample_fraction"":0.2,""security_margin_bits"":0,""verification_tag_length"":32},""qkd_signal_count"":20000,""version"":1},""tags"":[],""version"":1}","[{""px"":0.08,""py"":0.01,""pz"":0.02,""type"":""pauli""}]",,authentication explicitly assumed; no runtime material,,,,,,false,1,135fdbbc96deccdebe464fdee06a72f0,QKD-ASSUMED,established,,qkd_bitstring,1117,"[{""algorithm"":""privacy-amplified-bitstring"",""bit_length"":1117,""byte_length"":140,""encoding"":""big-endian packed bits with explicit bit length"",""position"":1,""protocol"":""BB84"",""source"":""qkd""}]","{""pqc_exchange"":null,""qkd_classical"":{""algorithm"":""none"",""executed"":false,""mechanism"":""assumed"",""purpose"":""QKD classical transcript authentication"",""trust_assumption"":""The classical BB84 channel is assumed authenticated externally."",""verified"":null}}","{""qkd_transcript_hash_sha384"":""fcf0459dddf774fe5c237e43cb5e90835ef68c1c27d42b6e19c3e024f4a3270c8b35be2eb6d7b2a6cb2634496ce6676f"",""qkd_transcript_version"":1}",3429468100,20000,10120,2024,8096,8096,1117,0.506,0.05585,0.10009813542688911,0.030845771144278607,0.06571146245059288,102,1019,31,1005,133,2024,0.10009813542688911,0.0591897233201581,0.09106967615309126,0.026865671641791045,0.0591897233201581,2566733,,,,,,,,,,,,,,,,,,,,,,,,,,,,,,,,,,assumed,none,none,0,0,0,0,0,0,0,0,The classical BB84 channel is assumed authenticated externally.,,,,"{""implementation"":""cpython"",""platform"":""Windows-11-10.0.26200-SP0"",""processor"":""Intel64 Family 6 Model 158 Stepping 12, GenuineIntel"",""python"":""3.14.7""}",,,,,,,,,,,,,,,,,,,,,,,,,3429468100,"{""events"":[{""detail"":""QKD-ASSUMED"",""sequence"":0,""source"":""session"",""stage"":""session"",""state"":""started""},{""detail"":""BB84 post-processing completed."",""sequence"":1,""source"":""qkd"",""stage"":""bb84"",""state"":""completed""},{""detail"":""The classical BB84 channel is assumed authenticated externally."",""sequence"":2,""source"":""qkd"",""stage"":""classical_authentication"",""state"":""assumed_not_executed""},{""detail"":""Final key released after all profile checks."",""sequence"":3,""source"":""qkd"",""stage"":""key_release"",""state"":""released""},{""detail"":""Authenticated QKD key released."",""sequence"":4,""source"":""session"",""stage"":""session"",""state"":""established""}],""version"":1}"
1,f73359d1-6c16-4328-8c0f-4306623ed85a,E2,pauli-x-dominant,5,1,eafcdacf-9f23-4290-b8e6-0d06ba663426,false,,0,235,2026-09-08T07:56:12.844484+00:00,6619108313218931089,QKD-ASSUMED,6389,3.14.7,CPython,2.5.0,0.16.0,0.16.0,50.0.1,0.1.0,Windows,11,10.0.26200,AMD64,"Intel64 Family 6 Model 158 Stepping 12, GenuineIntel",ac46477bb374bde1c0ace1ef0bcfbc26b199dcfa,true,1,E2,pauli-x-dominant,5,6619108313218931089,1,QKD-ASSUMED,QKD-ASSUMED,20000,"{""cascade_initial_block_factor"":0.73,""cascade_maximum_initial_block_size"":null,""cascade_maximum_lookback_steps"":null,""cascade_passes"":4,""phase_error_abort_threshold"":0.11,""sample_fraction"":0.2,""security_margin_bits"":0,""verification_tag_length"":32}",,[],"{""condition_id"":""pauli-x-dominant"",""experiment_kind"":""E2"",""qkd_stages"":[{""px"":0.08,""py"":0.01,""pz"":0.02,""type"":""pauli""}],""replicate_index"":5,""seed"":6619108313218931089,""session"":{""internal_pqc_profile"":null,""profile"":""QKD-ASSUMED"",""qkd_authentication_profile"":""QKD-ASSUMED"",""qkd_postprocessing"":{""cascade_initial_block_factor"":0.73,""cascade_maximum_initial_block_size"":null,""cascade_maximum_lookback_steps"":null,""cascade_passes"":4,""phase_error_abort_threshold"":0.11,""sample_fraction"":0.2,""security_margin_bits"":0,""verification_tag_length"":32},""qkd_signal_count"":20000,""version"":1},""tags"":[],""version"":1}","[{""px"":0.08,""py"":0.01,""pz"":0.02,""type"":""pauli""}]",,authentication explicitly assumed; no runtime material,,,,,,false,1,740e5ff9f799e9198c37f11ae2603566,QKD-ASSUMED,established,,qkd_bitstring,1313,"[{""algorithm"":""privacy-amplified-bitstring"",""bit_length"":1313,""byte_length"":165,""encoding"":""big-endian packed bits with explicit bit length"",""position"":1,""protocol"":""BB84"",""source"":""qkd""}]","{""pqc_exchange"":null,""qkd_classical"":{""algorithm"":""none"",""executed"":false,""mechanism"":""assumed"",""purpose"":""QKD classical transcript authentication"",""trust_assumption"":""The classical BB84 channel is assumed authenticated externally."",""verified"":null}}","{""qkd_transcript_hash_sha384"":""3087bc3e7abe884639a2d1db9e14736aa363e6b93bda621bb6957a8804405f0d41981e9f6412b4d6baaa5cb9b3f9ea6a"",""qkd_transcript_version"":1}",3541946600,20000,10050,2011,8039,8039,1313,0.5025,0.06565,0.09109311740890688,0.03128054740957967,0.06066633515663849,90,988,32,1023,122,2011,0.09109311740890688,0.05890547263681592,0.08912294915940855,0.029728143946802267,0.05890547263681592,2588919,,,,,,,,,,,,,,,,,,,,,,,,,,,,,,,,,,assumed,none,none,0,0,0,0,0,0,0,0,The classical BB84 channel is assumed authenticated externally.,,,,"{""implementation"":""cpython"",""platform"":""Windows-11-10.0.26200-SP0"",""processor"":""Intel64 Family 6 Model 158 Stepping 12, GenuineIntel"",""python"":""3.14.7""}",,,,,,,,,,,,,,,,,,,,,,,,,3541946600,"{""events"":[{""detail"":""QKD-ASSUMED"",""sequence"":0,""source"":""session"",""stage"":""session"",""state"":""started""},{""detail"":""BB84 post-processing completed."",""sequence"":1,""source"":""qkd"",""stage"":""bb84"",""state"":""completed""},{""detail"":""The classical BB84 channel is assumed authenticated externally."",""sequence"":2,""source"":""qkd"",""stage"":""classical_authentication"",""state"":""assumed_not_executed""},{""detail"":""Final key released after all profile checks."",""sequence"":3,""source"":""qkd"",""stage"":""key_release"",""state"":""released""},{""detail"":""Authenticated QKD key released."",""sequence"":4,""source"":""session"",""stage"":""session"",""state"":""established""}],""version"":1}"
1,6cd71bf7-1df2-47d1-adf7-aca209a9d955,E2,pauli-x-dominant,6,1,eafcdacf-9f23-4290-b8e6-0d06ba663426,false,,0,236,2026-09-08T07:56:16.243333+00:00,9555124768328276725,QKD-ASSUMED,6391,3.14.7,CPython,2.5.0,0.16.0,0.16.0,50.0.1,0.1.0,Windows,11,10.0.26200,AMD64,"Intel64 Family 6 Model 158 Stepping 12, GenuineIntel",ac46477bb374bde1c0ace1ef0bcfbc26b199dcfa,true,1,E2,pauli-x-dominant,6,9555124768328276725,1,QKD-ASSUMED,QKD-ASSUMED,20000,"{""cascade_initial_block_factor"":0.73,""cascade_maximum_initial_block_size"":null,""cascade_maximum_lookback_steps"":null,""cascade_passes"":4,""phase_error_abort_threshold"":0.11,""sample_fraction"":0.2,""security_margin_bits"":0,""verification_tag_length"":32}",,[],"{""condition_id"":""pauli-x-dominant"",""experiment_kind"":""E2"",""qkd_stages"":[{""px"":0.08,""py"":0.01,""pz"":0.02,""type"":""pauli""}],""replicate_index"":6,""seed"":9555124768328276725,""session"":{""internal_pqc_profile"":null,""profile"":""QKD-ASSUMED"",""qkd_authentication_profile"":""QKD-ASSUMED"",""qkd_postprocessing"":{""cascade_initial_block_factor"":0.73,""cascade_maximum_initial_block_size"":null,""cascade_maximum_lookback_steps"":null,""cascade_passes"":4,""phase_error_abort_threshold"":0.11,""sample_fraction"":0.2,""security_margin_bits"":0,""verification_tag_length"":32},""qkd_signal_count"":20000,""version"":1},""tags"":[],""version"":1}","[{""px"":0.08,""py"":0.01,""pz"":0.02,""type"":""pauli""}]",,authentication explicitly assumed; no runtime material,,,,,,false,1,aeafc628b63a5d53c40c50b65f37e2b3,QKD-ASSUMED,established,,qkd_bitstring,1479,"[{""algorithm"":""privacy-amplified-bitstring"",""bit_length"":1479,""byte_length"":185,""encoding"":""big-endian packed bits with explicit bit length"",""position"":1,""protocol"":""BB84"",""source"":""qkd""}]","{""pqc_exchange"":null,""qkd_classical"":{""algorithm"":""none"",""executed"":false,""mechanism"":""assumed"",""purpose"":""QKD classical transcript authentication"",""trust_assumption"":""The classical BB84 channel is assumed authenticated externally."",""verified"":null}}","{""qkd_transcript_hash_sha384"":""67fa42483764579ee046a30d35e38877807f4d80d0957925cff0d00891a2fda79ac33035ea22cfc8cd3eb2270bd11f52"",""qkd_transcript_version"":1}",3319305600,20000,10043,2009,8034,8034,1479,0.50215,0.07395,0.0864321608040201,0.022682445759368838,0.05425584868093579,86,995,23,1014,109,2009,0.0864321608040201,0.058149955192671514,0.09028755278503921,0.026627218934911243,0.058149955192671514,2571157,,,,,,,,,,,,,,,,,,,,,,,,,,,,,,,,,,assumed,none,none,0,0,0,0,0,0,0,0,The classical BB84 channel is assumed authenticated externally.,,,,"{""implementation"":""cpython"",""platform"":""Windows-11-10.0.26200-SP0"",""processor"":""Intel64 Family 6 Model 158 Stepping 12, GenuineIntel"",""python"":""3.14.7""}",,,,,,,,,,,,,,,,,,,,,,,,,3319305600,"{""events"":[{""detail"":""QKD-ASSUMED"",""sequence"":0,""source"":""session"",""stage"":""session"",""state"":""started""},{""detail"":""BB84 post-processing completed."",""sequence"":1,""source"":""qkd"",""stage"":""bb84"",""state"":""completed""},{""detail"":""The classical BB84 channel is assumed authenticated externally."",""sequence"":2,""source"":""qkd"",""stage"":""classical_authentication"",""state"":""assumed_not_executed""},{""detail"":""Final key released after all profile checks."",""sequence"":3,""source"":""qkd"",""stage"":""key_release"",""state"":""released""},{""detail"":""Authenticated QKD key released."",""sequence"":4,""source"":""session"",""stage"":""session"",""state"":""established""}],""version"":1}"
1,12460621-f1b8-471b-aaf7-c411f2659d03,E2,pauli-x-dominant,7,1,eafcdacf-9f23-4290-b8e6-0d06ba663426,false,,0,237,2026-09-08T07:56:19.756482+00:00,11807143148993826676,QKD-ASSUMED,6388,3.14.7,CPython,2.5.0,0.16.0,0.16.0,50.0.1,0.1.0,Windows,11,10.0.26200,AMD64,"Intel64 Family 6 Model 158 Stepping 12, GenuineIntel",ac46477bb374bde1c0ace1ef0bcfbc26b199dcfa,true,1,E2,pauli-x-dominant,7,11807143148993826676,1,QKD-ASSUMED,QKD-ASSUMED,20000,"{""cascade_initial_block_factor"":0.73,""cascade_maximum_initial_block_size"":null,""cascade_maximum_lookback_steps"":null,""cascade_passes"":4,""phase_error_abort_threshold"":0.11,""sample_fraction"":0.2,""security_margin_bits"":0,""verification_tag_length"":32}",,[],"{""condition_id"":""pauli-x-dominant"",""experiment_kind"":""E2"",""qkd_stages"":[{""px"":0.08,""py"":0.01,""pz"":0.02,""type"":""pauli""}],""replicate_index"":7,""seed"":11807143148993826676,""session"":{""internal_pqc_profile"":null,""profile"":""QKD-ASSUMED"",""qkd_authentication_profile"":""QKD-ASSUMED"",""qkd_postprocessing"":{""cascade_initial_block_factor"":0.73,""cascade_maximum_initial_block_size"":null,""cascade_maximum_lookback_steps"":null,""cascade_passes"":4,""phase_error_abort_threshold"":0.11,""sample_fraction"":0.2,""security_margin_bits"":0,""verification_tag_length"":32},""qkd_signal_count"":20000,""version"":1},""tags"":[],""version"":1}","[{""px"":0.08,""py"":0.01,""pz"":0.02,""type"":""pauli""}]",,authentication explicitly assumed; no runtime material,,,,,,false,1,ef1f7f43649bac374c67f6a7e39af7eb,QKD-ASSUMED,established,,qkd_bitstring,902,"[{""algorithm"":""privacy-amplified-bitstring"",""bit_length"":902,""byte_length"":113,""encoding"":""big-endian packed bits with explicit bit length"",""position"":1,""protocol"":""BB84"",""source"":""qkd""}]","{""pqc_exchange"":null,""qkd_classical"":{""algorithm"":""none"",""executed"":false,""mechanism"":""assumed"",""purpose"":""QKD classical transcript authentication"",""trust_assumption"":""The classical BB84 channel is assumed authenticated externally."",""verified"":null}}","{""qkd_transcript_hash_sha384"":""3814c47aefa664dbf7a0ba54ceeb63106e6e12e99309141c6efae24b5242a13577dc8fa453ae374858383dbd47a472a3"",""qkd_transcript_version"":1}",3429170200,20000,10054,2012,8042,8042,902,0.5027,0.0451,0.10144927536231885,0.04196519959058342,0.07256461232604373,105,1035,41,977,146,2012,0.10144927536231885,0.06246270141237319,0.09452928668084284,0.028477770948576113,0.06246270141237319,2634975,,,,,,,,,,,,,,,,,,,,,,,,,,,,,,,,,,assumed,none,none,0,0,0,0,0,0,0,0,The classical BB84 channel is assumed authenticated externally.,,,,"{""implementation"":""cpython"",""platform"":""Windows-11-10.0.26200-SP0"",""processor"":""Intel64 Family 6 Model 158 Stepping 12, GenuineIntel"",""python"":""3.14.7""}",,,,,,,,,,,,,,,,,,,,,,,,,3429170200,"{""events"":[{""detail"":""QKD-ASSUMED"",""sequence"":0,""source"":""session"",""stage"":""session"",""state"":""started""},{""detail"":""BB84 post-processing completed."",""sequence"":1,""source"":""qkd"",""stage"":""bb84"",""state"":""completed""},{""detail"":""The classical BB84 channel is assumed authenticated externally."",""sequence"":2,""source"":""qkd"",""stage"":""classical_authentication"",""state"":""assumed_not_executed""},{""detail"":""Final key released after all profile checks."",""sequence"":3,""source"":""qkd"",""stage"":""key_release"",""state"":""released""},{""detail"":""Authenticated QKD key released."",""sequence"":4,""source"":""session"",""stage"":""session"",""state"":""established""}],""version"":1}"
1,2c6caf5a-25f6-476d-8df8-eef3a75c652c,E2,pauli-x-dominant,8,1,eafcdacf-9f23-4290-b8e6-0d06ba663426,false,,0,238,2026-09-08T07:56:23.212678+00:00,8852481748956394960,QKD-ASSUMED,6373,3.14.7,CPython,2.5.0,0.16.0,0.16.0,50.0.1,0.1.0,Windows,11,10.0.26200,AMD64,"Intel64 Family 6 Model 158 Stepping 12, GenuineIntel",ac46477bb374bde1c0ace1ef0bcfbc26b199dcfa,true,1,E2,pauli-x-dominant,8,8852481748956394960,1,QKD-ASSUMED,QKD-ASSUMED,20000,"{""cascade_initial_block_factor"":0.73,""cascade_maximum_initial_block_size"":null,""cascade_maximum_lookback_steps"":null,""cascade_passes"":4,""phase_error_abort_threshold"":0.11,""sample_fraction"":0.2,""security_margin_bits"":0,""verification_tag_length"":32}",,[],"{""condition_id"":""pauli-x-dominant"",""experiment_kind"":""E2"",""qkd_stages"":[{""px"":0.08,""py"":0.01,""pz"":0.02,""type"":""pauli""}],""replicate_index"":8,""seed"":8852481748956394960,""session"":{""internal_pqc_profile"":null,""profile"":""QKD-ASSUMED"",""qkd_authentication_profile"":""QKD-ASSUMED"",""qkd_postprocessing"":{""cascade_initial_block_factor"":0.73,""cascade_maximum_initial_block_size"":null,""cascade_maximum_lookback_steps"":null,""cascade_passes"":4,""phase_error_abort_threshold"":0.11,""sample_fraction"":0.2,""security_margin_bits"":0,""verification_tag_length"":32},""qkd_signal_count"":20000,""version"":1},""tags"":[],""version"":1}","[{""px"":0.08,""py"":0.01,""pz"":0.02,""type"":""pauli""}]",,authentication explicitly assumed; no runtime material,,,,,,false,1,4cba9c27624b0afc9edfda1b4ce6e853,QKD-ASSUMED,established,,qkd_bitstring,824,"[{""algorithm"":""privacy-amplified-bitstring"",""bit_length"":824,""byte_length"":103,""encoding"":""big-endian packed bits with explicit bit length"",""position"":1,""protocol"":""BB84"",""source"":""qkd""}]","{""pqc_exchange"":null,""qkd_classical"":{""algorithm"":""none"",""executed"":false,""mechanism"":""assumed"",""purpose"":""QKD classical transcript authentication"",""trust_assumption"":""The classical BB84 channel is assumed authenticated externally."",""verified"":null}}","{""qkd_transcript_hash_sha384"":""e78eb2155ab3364db87ef24ddc5d116a64211a693db7b5a4c727f26547c902eda2440eb4421f0de8859761d72159596d"",""qkd_transcript_version"":1}",3374961800,20000,9998,2000,7998,7998,824,0.4999,0.0412,0.10521042084168336,0.029940119760479042,0.0675,105,998,30,1002,135,2000,0.10521042084168336,0.06291258251650331,0.09659318637274548,0.029353035143769968,0.06291258251650331,2619824,,,,,,,,,,,,,,,,,,,,,,,,,,,,,,,,,,assumed,none,none,0,0,0,0,0,0,0,0,The classical BB84 channel is assumed authenticated externally.,,,,"{""implementation"":""cpython"",""platform"":""Windows-11-10.0.26200-SP0"",""processor"":""Intel64 Family 6 Model 158 Stepping 12, GenuineIntel"",""python"":""3.14.7""}",,,,,,,,,,,,,,,,,,,,,,,,,3374961800,"{""events"":[{""detail"":""QKD-ASSUMED"",""sequence"":0,""source"":""session"",""stage"":""session"",""state"":""started""},{""detail"":""BB84 post-processing completed."",""sequence"":1,""source"":""qkd"",""stage"":""bb84"",""state"":""completed""},{""detail"":""The classical BB84 channel is assumed authenticated externally."",""sequence"":2,""source"":""qkd"",""stage"":""classical_authentication"",""state"":""assumed_not_executed""},{""detail"":""Final key released after all profile checks."",""sequence"":3,""source"":""qkd"",""stage"":""key_release"",""state"":""released""},{""detail"":""Authenticated QKD key released."",""sequence"":4,""source"":""session"",""stage"":""session"",""state"":""established""}],""version"":1}"
1,6fab0bb7-1385-428c-8678-10a55a1fba73,E2,pauli-x-dominant,9,1,eafcdacf-9f23-4290-b8e6-0d06ba663426,false,,0,239,2026-09-08T07:56:26.688096+00:00,6550218195637608851,QKD-ASSUMED,6385,3.14.7,CPython,2.5.0,0.16.0,0.16.0,50.0.1,0.1.0,Windows,11,10.0.26200,AMD64,"Intel64 Family 6 Model 158 Stepping 12, GenuineIntel",ac46477bb374bde1c0ace1ef0bcfbc26b199dcfa,true,1,E2,pauli-x-dominant,9,6550218195637608851,1,QKD-ASSUMED,QKD-ASSUMED,20000,"{""cascade_initial_block_factor"":0.73,""cascade_maximum_initial_block_size"":null,""cascade_maximum_lookback_steps"":null,""cascade_passes"":4,""phase_error_abort_threshold"":0.11,""sample_fraction"":0.2,""security_margin_bits"":0,""verification_tag_length"":32}",,[],"{""condition_id"":""pauli-x-dominant"",""experiment_kind"":""E2"",""qkd_stages"":[{""px"":0.08,""py"":0.01,""pz"":0.02,""type"":""pauli""}],""replicate_index"":9,""seed"":6550218195637608851,""session"":{""internal_pqc_profile"":null,""profile"":""QKD-ASSUMED"",""qkd_authentication_profile"":""QKD-ASSUMED"",""qkd_postprocessing"":{""cascade_initial_block_factor"":0.73,""cascade_maximum_initial_block_size"":null,""cascade_maximum_lookback_steps"":null,""cascade_passes"":4,""phase_error_abort_threshold"":0.11,""sample_fraction"":0.2,""security_margin_bits"":0,""verification_tag_length"":32},""qkd_signal_count"":20000,""version"":1},""tags"":[],""version"":1}","[{""px"":0.08,""py"":0.01,""pz"":0.02,""type"":""pauli""}]",,authentication explicitly assumed; no runtime material,,,,,,false,1,a7d4fa92965e29766bf358ee336951ef,QKD-ASSUMED,established,,qkd_bitstring,1744,"[{""algorithm"":""privacy-amplified-bitstring"",""bit_length"":1744,""byte_length"":218,""encoding"":""big-endian packed bits with explicit bit length"",""position"":1,""protocol"":""BB84"",""source"":""qkd""}]","{""pqc_exchange"":null,""qkd_classical"":{""algorithm"":""none"",""executed"":false,""mechanism"":""assumed"",""purpose"":""QKD classical transcript authentication"",""trust_assumption"":""The classical BB84 channel is assumed authenticated externally."",""verified"":null}}","{""qkd_transcript_hash_sha384"":""33e12b1398fac4c50b13c78da73e8902897ebaebba2df55e5b925b53fec6b0be1b0c3ae28f7cd5a8eea1001d4952dd9e"",""qkd_transcript_version"":1}",3391543600,20000,9932,1987,7945,7945,1744,0.4966,0.0872,0.07707707707707707,0.018218623481781375,0.04781077000503271,77,999,18,988,95,1987,0.07707707707707707,0.05789367700362465,0.08733974358974358,0.02813765182186235,0.05789367700362465,2560313,,,,,,,,,,,,,,,,,,,,,,,,,,,,,,,,,,assumed,none,none,0,0,0,0,0,0,0,0,The classical BB84 channel is assumed authenticated externally.,,,,"{""implementation"":""cpython"",""platform"":""Windows-11-10.0.26200-SP0"",""processor"":""Intel64 Family 6 Model 158 Stepping 12, GenuineIntel"",""python"":""3.14.7""}",,,,,,,,,,,,,,,,,,,,,,,,,3391543600,"{""events"":[{""detail"":""QKD-ASSUMED"",""sequence"":0,""source"":""session"",""stage"":""session"",""state"":""started""},{""detail"":""BB84 post-processing completed."",""sequence"":1,""source"":""qkd"",""stage"":""bb84"",""state"":""completed""},{""detail"":""The classical BB84 channel is assumed authenticated externally."",""sequence"":2,""source"":""qkd"",""stage"":""classical_authentication"",""state"":""assumed_not_executed""},{""detail"":""Final key released after all profile checks."",""sequence"":3,""source"":""qkd"",""stage"":""key_release"",""state"":""released""},{""detail"":""Authenticated QKD key released."",""sequence"":4,""source"":""session"",""stage"":""session"",""state"":""established""}],""version"":1}"
1,9b6b550c-dc74-4ff5-be7b-c081259ab9ba,E2,pauli-z-dominant,0,1,eafcdacf-9f23-4290-b8e6-0d06ba663426,false,,0,240,2026-09-08T07:56:30.121858+00:00,13544541728321013074,QKD-ASSUMED,6391,3.14.7,CPython,2.5.0,0.16.0,0.16.0,50.0.1,0.1.0,Windows,11,10.0.26200,AMD64,"Intel64 Family 6 Model 158 Stepping 12, GenuineIntel",ac46477bb374bde1c0ace1ef0bcfbc26b199dcfa,true,1,E2,pauli-z-dominant,0,13544541728321013074,1,QKD-ASSUMED,QKD-ASSUMED,20000,"{""cascade_initial_block_factor"":0.73,""cascade_maximum_initial_block_size"":null,""cascade_maximum_lookback_steps"":null,""cascade_passes"":4,""phase_error_abort_threshold"":0.11,""sample_fraction"":0.2,""security_margin_bits"":0,""verification_tag_length"":32}",,[],"{""condition_id"":""pauli-z-dominant"",""experiment_kind"":""E2"",""qkd_stages"":[{""px"":0.02,""py"":0.01,""pz"":0.08,""type"":""pauli""}],""replicate_index"":0,""seed"":13544541728321013074,""session"":{""internal_pqc_profile"":null,""profile"":""QKD-ASSUMED"",""qkd_authentication_profile"":""QKD-ASSUMED"",""qkd_postprocessing"":{""cascade_initial_block_factor"":0.73,""cascade_maximum_initial_block_size"":null,""cascade_maximum_lookback_steps"":null,""cascade_passes"":4,""phase_error_abort_threshold"":0.11,""sample_fraction"":0.2,""security_margin_bits"":0,""verification_tag_length"":32},""qkd_signal_count"":20000,""version"":1},""tags"":[],""version"":1}","[{""px"":0.02,""py"":0.01,""pz"":0.08,""type"":""pauli""}]",,authentication explicitly assumed; no runtime material,,,,,,false,1,f6ee50ebcfe4245e3bf0aac998e9d6bd,QKD-ASSUMED,established,,qkd_bitstring,928,"[{""algorithm"":""privacy-amplified-bitstring"",""bit_length"":928,""byte_length"":116,""encoding"":""big-endian packed bits with explicit bit length"",""position"":1,""protocol"":""BB84"",""source"":""qkd""}]","{""pqc_exchange"":null,""qkd_classical"":{""algorithm"":""none"",""executed"":false,""mechanism"":""assumed"",""purpose"":""QKD classical transcript authentication"",""trust_assumption"":""The classical BB84 channel is assumed authenticated externally."",""verified"":null}}","{""qkd_transcript_hash_sha384"":""0ee061acb67f2bfd36e0a69530e91badf231fa9087d1d2daf59ec39d2fbff516faa8b21c0fca30a019fb9637cf214268"",""qkd_transcript_version"":1}",3355458500,20000,10025,2006,8019,8019,928,0.50125,0.0464,0.037698412698412696,0.10521042084168336,0.07128614157527417,38,1008,105,998,143,2006,0.10521042084168336,0.059650872817955114,0.02799841143764893,0.09160152335137302,0.059650872817955114,2557735,,,,,,,,,,,,,,,,,,,,,,,,,,,,,,,,,,assumed,none,none,0,0,0,0,0,0,0,0,The classical BB84 channel is assumed authenticated externally.,,,,"{""implementation"":""cpython"",""platform"":""Windows-11-10.0.26200-SP0"",""processor"":""Intel64 Family 6 Model 158 Stepping 12, GenuineIntel"",""python"":""3.14.7""}",,,,,,,,,,,,,,,,,,,,,,,,,3355458500,"{""events"":[{""detail"":""QKD-ASSUMED"",""sequence"":0,""source"":""session"",""stage"":""session"",""state"":""started""},{""detail"":""BB84 post-processing completed."",""sequence"":1,""source"":""qkd"",""stage"":""bb84"",""state"":""completed""},{""detail"":""The classical BB84 channel is assumed authenticated externally."",""sequence"":2,""source"":""qkd"",""stage"":""classical_authentication"",""state"":""assumed_not_executed""},{""detail"":""Final key released after all profile checks."",""sequence"":3,""source"":""qkd"",""stage"":""key_release"",""state"":""released""},{""detail"":""Authenticated QKD key released."",""sequence"":4,""source"":""session"",""stage"":""session"",""state"":""established""}],""version"":1}"
1,a50c3d0e-ff56-46bd-8ad0-deb0f1b20cb1,E2,pauli-z-dominant,1,1,eafcdacf-9f23-4290-b8e6-0d06ba663426,false,,0,241,2026-09-08T07:56:33.557020+00:00,5482029745670317506,QKD-ASSUMED,6392,3.14.7,CPython,2.5.0,0.16.0,0.16.0,50.0.1,0.1.0,Windows,11,10.0.26200,AMD64,"Intel64 Family 6 Model 158 Stepping 12, GenuineIntel",ac46477bb374bde1c0ace1ef0bcfbc26b199dcfa,true,1,E2,pauli-z-dominant,1,5482029745670317506,1,QKD-ASSUMED,QKD-ASSUMED,20000,"{""cascade_initial_block_factor"":0.73,""cascade_maximum_initial_block_size"":null,""cascade_maximum_lookback_steps"":null,""cascade_passes"":4,""phase_error_abort_threshold"":0.11,""sample_fraction"":0.2,""security_margin_bits"":0,""verification_tag_length"":32}",,[],"{""condition_id"":""pauli-z-dominant"",""experiment_kind"":""E2"",""qkd_stages"":[{""px"":0.02,""py"":0.01,""pz"":0.08,""type"":""pauli""}],""replicate_index"":1,""seed"":5482029745670317506,""session"":{""internal_pqc_profile"":null,""profile"":""QKD-ASSUMED"",""qkd_authentication_profile"":""QKD-ASSUMED"",""qkd_postprocessing"":{""cascade_initial_block_factor"":0.73,""cascade_maximum_initial_block_size"":null,""cascade_maximum_lookback_steps"":null,""cascade_passes"":4,""phase_error_abort_threshold"":0.11,""sample_fraction"":0.2,""security_margin_bits"":0,""verification_tag_length"":32},""qkd_signal_count"":20000,""version"":1},""tags"":[],""version"":1}","[{""px"":0.02,""py"":0.01,""pz"":0.08,""type"":""pauli""}]",,authentication explicitly assumed; no runtime material,,,,,,false,1,a4987f33caa83ed2964ea05d196b282f,QKD-ASSUMED,established,,qkd_bitstring,1489,"[{""algorithm"":""privacy-amplified-bitstring"",""bit_length"":1489,""byte_length"":187,""encoding"":""big-endian packed bits with explicit bit length"",""position"":1,""protocol"":""BB84"",""source"":""qkd""}]","{""pqc_exchange"":null,""qkd_classical"":{""algorithm"":""none"",""executed"":false,""mechanism"":""assumed"",""purpose"":""QKD classical transcript authentication"",""trust_assumption"":""The classical BB84 channel is assumed authenticated externally."",""verified"":null}}","{""qkd_transcript_hash_sha384"":""c405c1a080ee039a0f50849a2a3748a16ff84d0ef255ebfe24bd3593fbbe31634cced3c925d878a61f15a938d04f4066"",""qkd_transcript_version"":1}",3350740200,20000,10028,2006,8022,8022,1489,0.5014,0.07445,0.032448377581120944,0.08493427704752275,0.058325024925224324,33,1017,84,989,117,2006,0.08493427704752275,0.059832469086557635,0.03068450039339103,0.08980582524271845,0.059832469086557635,2580733,,,,,,,,,,,,,,,,,,,,,,,,,,,,,,,,,,assumed,none,none,0,0,0,0,0,0,0,0,The classical BB84 channel is assumed authenticated externally.,,,,"{""implementation"":""cpython"",""platform"":""Windows-11-10.0.26200-SP0"",""processor"":""Intel64 Family 6 Model 158 Stepping 12, GenuineIntel"",""python"":""3.14.7""}",,,,,,,,,,,,,,,,,,,,,,,,,3350740200,"{""events"":[{""detail"":""QKD-ASSUMED"",""sequence"":0,""source"":""session"",""stage"":""session"",""state"":""started""},{""detail"":""BB84 post-processing completed."",""sequence"":1,""source"":""qkd"",""stage"":""bb84"",""state"":""completed""},{""detail"":""The classical BB84 channel is assumed authenticated externally."",""sequence"":2,""source"":""qkd"",""stage"":""classical_authentication"",""state"":""assumed_not_executed""},{""detail"":""Final key released after all profile checks."",""sequence"":3,""source"":""qkd"",""stage"":""key_release"",""state"":""released""},{""detail"":""Authenticated QKD key released."",""sequence"":4,""source"":""session"",""stage"":""session"",""state"":""established""}],""version"":1}"
1,8b696428-200d-44cd-a535-c1e11e9d30ed,E2,pauli-z-dominant,2,1,eafcdacf-9f23-4290-b8e6-0d06ba663426,false,,0,242,2026-09-08T07:56:37.005950+00:00,3534105089115729557,QKD-ASSUMED,6387,3.14.7,CPython,2.5.0,0.16.0,0.16.0,50.0.1,0.1.0,Windows,11,10.0.26200,AMD64,"Intel64 Family 6 Model 158 Stepping 12, GenuineIntel",ac46477bb374bde1c0ace1ef0bcfbc26b199dcfa,true,1,E2,pauli-z-dominant,2,3534105089115729557,1,QKD-ASSUMED,QKD-ASSUMED,20000,"{""cascade_initial_block_factor"":0.73,""cascade_maximum_initial_block_size"":null,""cascade_maximum_lookback_steps"":null,""cascade_passes"":4,""phase_error_abort_threshold"":0.11,""sample_fraction"":0.2,""security_margin_bits"":0,""verification_tag_length"":32}",,[],"{""condition_id"":""pauli-z-dominant"",""experiment_kind"":""E2"",""qkd_stages"":[{""px"":0.02,""py"":0.01,""pz"":0.08,""type"":""pauli""}],""replicate_index"":2,""seed"":3534105089115729557,""session"":{""internal_pqc_profile"":null,""profile"":""QKD-ASSUMED"",""qkd_authentication_profile"":""QKD-ASSUMED"",""qkd_postprocessing"":{""cascade_initial_block_factor"":0.73,""cascade_maximum_initial_block_size"":null,""cascade_maximum_lookback_steps"":null,""cascade_passes"":4,""phase_error_abort_threshold"":0.11,""sample_fraction"":0.2,""security_margin_bits"":0,""verification_tag_length"":32},""qkd_signal_count"":20000,""version"":1},""tags"":[],""version"":1}","[{""px"":0.02,""py"":0.01,""pz"":0.08,""type"":""pauli""}]",,authentication explicitly assumed; no runtime material,,,,,,false,1,9aeaf6ab136ac45ae730779b0afa1033,QKD-ASSUMED,established,,qkd_bitstring,1298,"[{""algorithm"":""privacy-amplified-bitstring"",""bit_length"":1298,""byte_length"":163,""encoding"":""big-endian packed bits with explicit bit length"",""position"":1,""protocol"":""BB84"",""source"":""qkd""}]","{""pqc_exchange"":null,""qkd_classical"":{""algorithm"":""none"",""executed"":false,""mechanism"":""assumed"",""purpose"":""QKD classical transcript authentication"",""trust_assumption"":""The classical BB84 channel is assumed authenticated externally."",""verified"":null}}","{""qkd_transcript_hash_sha384"":""f5015e6bf733de6500cf9f72a5771586c0db2beb4bbd83063ddd7c21a23061d5baf48494dbdd2bc293900a8246a087de"",""qkd_transcript_version"":1}",3368164500,20000,10054,2012,8042,8042,1298,0.5027,0.0649,0.02081268582755203,0.08873379860418744,0.05467196819085487,21,1009,89,1003,110,2012,0.08873379860418744,0.0608712950069624,0.029557627454870065,0.09235986435268302,0.0608712950069624,2641919,,,,,,,,,,,,,,,,,,,,,,,,,,,,,,,,,,assumed,none,none,0,0,0,0,0,0,0,0,The classical BB84 channel is assumed authenticated externally.,,,,"{""implementation"":""cpython"",""platform"":""Windows-11-10.0.26200-SP0"",""processor"":""Intel64 Family 6 Model 158 Stepping 12, GenuineIntel"",""python"":""3.14.7""}",,,,,,,,,,,,,,,,,,,,,,,,,3368164500,"{""events"":[{""detail"":""QKD-ASSUMED"",""sequence"":0,""source"":""session"",""stage"":""session"",""state"":""started""},{""detail"":""BB84 post-processing completed."",""sequence"":1,""source"":""qkd"",""stage"":""bb84"",""state"":""completed""},{""detail"":""The classical BB84 channel is assumed authenticated externally."",""sequence"":2,""source"":""qkd"",""stage"":""classical_authentication"",""state"":""assumed_not_executed""},{""detail"":""Final key released after all profile checks."",""sequence"":3,""source"":""qkd"",""stage"":""key_release"",""state"":""released""},{""detail"":""Authenticated QKD key released."",""sequence"":4,""source"":""session"",""stage"":""session"",""state"":""established""}],""version"":1}"
1,e99f9ee3-1f8d-4b65-a5ff-6f9f27e79997,E2,pauli-z-dominant,3,1,eafcdacf-9f23-4290-b8e6-0d06ba663426,false,,0,243,2026-09-08T07:56:40.444031+00:00,917027251700531386,QKD-ASSUMED,6387,3.14.7,CPython,2.5.0,0.16.0,0.16.0,50.0.1,0.1.0,Windows,11,10.0.26200,AMD64,"Intel64 Family 6 Model 158 Stepping 12, GenuineIntel",ac46477bb374bde1c0ace1ef0bcfbc26b199dcfa,true,1,E2,pauli-z-dominant,3,917027251700531386,1,QKD-ASSUMED,QKD-ASSUMED,20000,"{""cascade_initial_block_factor"":0.73,""cascade_maximum_initial_block_size"":null,""cascade_maximum_lookback_steps"":null,""cascade_passes"":4,""phase_error_abort_threshold"":0.11,""sample_fraction"":0.2,""security_margin_bits"":0,""verification_tag_length"":32}",,[],"{""condition_id"":""pauli-z-dominant"",""experiment_kind"":""E2"",""qkd_stages"":[{""px"":0.02,""py"":0.01,""pz"":0.08,""type"":""pauli""}],""replicate_index"":3,""seed"":917027251700531386,""session"":{""internal_pqc_profile"":null,""profile"":""QKD-ASSUMED"",""qkd_authentication_profile"":""QKD-ASSUMED"",""qkd_postprocessing"":{""cascade_initial_block_factor"":0.73,""cascade_maximum_initial_block_size"":null,""cascade_maximum_lookback_steps"":null,""cascade_passes"":4,""phase_error_abort_threshold"":0.11,""sample_fraction"":0.2,""security_margin_bits"":0,""verification_tag_length"":32},""qkd_signal_count"":20000,""version"":1},""tags"":[],""version"":1}","[{""px"":0.02,""py"":0.01,""pz"":0.08,""type"":""pauli""}]",,authentication explicitly assumed; no runtime material,,,,,,false,1,5de1ccc762224b38625c1fa0850e0918,QKD-ASSUMED,established,,qkd_bitstring,1420,"[{""algorithm"":""privacy-amplified-bitstring"",""bit_length"":1420,""byte_length"":178,""encoding"":""big-endian packed bits with explicit bit length"",""position"":1,""protocol"":""BB84"",""source"":""qkd""}]","{""pqc_exchange"":null,""qkd_classical"":{""algorithm"":""none"",""executed"":false,""mechanism"":""assumed"",""purpose"":""QKD classical transcript authentication"",""trust_assumption"":""The classical BB84 channel is assumed authenticated externally."",""verified"":null}}","{""qkd_transcript_hash_sha384"":""95270cfc49a1e1e6f9b2fcc064d35153526918f67fee86ec3e846ef530ed53759dc41cad398e6f2304fe7e8a36e40c41"",""qkd_transcript_version"":1}",3354732800,20000,9984,1998,7986,7986,1420,0.4992,0.071,0.032673267326732675,0.08906882591093117,0.06056056056056056,33,1010,88,988,121,1998,0.08906882591093117,0.058493589743589744,0.028735632183908046,0.08890238963142973,0.058493589743589744,2536674,,,,,,,,,,,,,,,,,,,,,,,,,,,,,,,,,,assumed,none,none,0,0,0,0,0,0,0,0,The classical BB84 channel is assumed authenticated externally.,,,,"{""implementation"":""cpython"",""platform"":""Windows-11-10.0.26200-SP0"",""processor"":""Intel64 Family 6 Model 158 Stepping 12, GenuineIntel"",""python"":""3.14.7""}",,,,,,,,,,,,,,,,,,,,,,,,,3354732800,"{""events"":[{""detail"":""QKD-ASSUMED"",""sequence"":0,""source"":""session"",""stage"":""session"",""state"":""started""},{""detail"":""BB84 post-processing completed."",""sequence"":1,""source"":""qkd"",""stage"":""bb84"",""state"":""completed""},{""detail"":""The classical BB84 channel is assumed authenticated externally."",""sequence"":2,""source"":""qkd"",""stage"":""classical_authentication"",""state"":""assumed_not_executed""},{""detail"":""Final key released after all profile checks."",""sequence"":3,""source"":""qkd"",""stage"":""key_release"",""state"":""released""},{""detail"":""Authenticated QKD key released."",""sequence"":4,""source"":""session"",""stage"":""session"",""state"":""established""}],""version"":1}"
1,c8870c8b-e56b-4da5-ae4a-4d9937e6e2d0,E2,pauli-z-dominant,4,1,eafcdacf-9f23-4290-b8e6-0d06ba663426,false,,0,244,2026-09-08T07:56:43.926624+00:00,2503754942377399248,QKD-ASSUMED,6389,3.14.7,CPython,2.5.0,0.16.0,0.16.0,50.0.1,0.1.0,Windows,11,10.0.26200,AMD64,"Intel64 Family 6 Model 158 Stepping 12, GenuineIntel",ac46477bb374bde1c0ace1ef0bcfbc26b199dcfa,true,1,E2,pauli-z-dominant,4,2503754942377399248,1,QKD-ASSUMED,QKD-ASSUMED,20000,"{""cascade_initial_block_factor"":0.73,""cascade_maximum_initial_block_size"":null,""cascade_maximum_lookback_steps"":null,""cascade_passes"":4,""phase_error_abort_threshold"":0.11,""sample_fraction"":0.2,""security_margin_bits"":0,""verification_tag_length"":32}",,[],"{""condition_id"":""pauli-z-dominant"",""experiment_kind"":""E2"",""qkd_stages"":[{""px"":0.02,""py"":0.01,""pz"":0.08,""type"":""pauli""}],""replicate_index"":4,""seed"":2503754942377399248,""session"":{""internal_pqc_profile"":null,""profile"":""QKD-ASSUMED"",""qkd_authentication_profile"":""QKD-ASSUMED"",""qkd_postprocessing"":{""cascade_initial_block_factor"":0.73,""cascade_maximum_initial_block_size"":null,""cascade_maximum_lookback_steps"":null,""cascade_passes"":4,""phase_error_abort_threshold"":0.11,""sample_fraction"":0.2,""security_margin_bits"":0,""verification_tag_length"":32},""qkd_signal_count"":20000,""version"":1},""tags"":[],""version"":1}","[{""px"":0.02,""py"":0.01,""pz"":0.08,""type"":""pauli""}]",,authentication explicitly assumed; no runtime material,,,,,,false,1,563a6d5a1cee8041ee076e4dfe6a935f,QKD-ASSUMED,established,,qkd_bitstring,1659,"[{""algorithm"":""privacy-amplified-bitstring"",""bit_length"":1659,""byte_length"":208,""encoding"":""big-endian packed bits with explicit bit length"",""position"":1,""protocol"":""BB84"",""source"":""qkd""}]","{""pqc_exchange"":null,""qkd_classical"":{""algorithm"":""none"",""executed"":false,""mechanism"":""assumed"",""purpose"":""QKD classical transcript authentication"",""trust_assumption"":""The classical BB84 channel is assumed authenticated externally."",""verified"":null}}","{""qkd_transcript_hash_sha384"":""924bf1557940c87234580f6b16cbe41000cc1f46b99c51e3131096a0d1660b2b1416658585a9959ce78ae8fdfe2fd25a"",""qkd_transcript_version"":1}",3401355000,20000,10054,2012,8042,8042,1659,0.5027,0.08295,0.026973026973026972,0.08011869436201781,0.0536779324055666,27,1001,81,1011,108,2012,0.08011869436201781,0.05908096280087528,0.02478512892264641,0.09305088101366066,0.05908096280087528,2588554,,,,,,,,,,,,,,,,,,,,,,,,,,,,,,,,,,assumed,none,none,0,0,0,0,0,0,0,0,The classical BB84 channel is assumed authenticated externally.,,,,"{""implementation"":""cpython"",""platform"":""Windows-11-10.0.26200-SP0"",""processor"":""Intel64 Family 6 Model 158 Stepping 12, GenuineIntel"",""python"":""3.14.7""}",,,,,,,,,,,,,,,,,,,,,,,,,3401355000,"{""events"":[{""detail"":""QKD-ASSUMED"",""sequence"":0,""source"":""session"",""stage"":""session"",""state"":""started""},{""detail"":""BB84 post-processing completed."",""sequence"":1,""source"":""qkd"",""stage"":""bb84"",""state"":""completed""},{""detail"":""The classical BB84 channel is assumed authenticated externally."",""sequence"":2,""source"":""qkd"",""stage"":""classical_authentication"",""state"":""assumed_not_executed""},{""detail"":""Final key released after all profile checks."",""sequence"":3,""source"":""qkd"",""stage"":""key_release"",""state"":""released""},{""detail"":""Authenticated QKD key released."",""sequence"":4,""source"":""session"",""stage"":""session"",""state"":""established""}],""version"":1}"
1,2d8b3ef7-6590-4a2d-843c-154808ec9f1b,E2,pauli-z-dominant,5,1,eafcdacf-9f23-4290-b8e6-0d06ba663426,false,,0,245,2026-09-08T07:56:47.329918+00:00,4958890301059258551,QKD-ASSUMED,6389,3.14.7,CPython,2.5.0,0.16.0,0.16.0,50.0.1,0.1.0,Windows,11,10.0.26200,AMD64,"Intel64 Family 6 Model 158 Stepping 12, GenuineIntel",ac46477bb374bde1c0ace1ef0bcfbc26b199dcfa,true,1,E2,pauli-z-dominant,5,4958890301059258551,1,QKD-ASSUMED,QKD-ASSUMED,20000,"{""cascade_initial_block_factor"":0.73,""cascade_maximum_initial_block_size"":null,""cascade_maximum_lookback_steps"":null,""cascade_passes"":4,""phase_error_abort_threshold"":0.11,""sample_fraction"":0.2,""security_margin_bits"":0,""verification_tag_length"":32}",,[],"{""condition_id"":""pauli-z-dominant"",""experiment_kind"":""E2"",""qkd_stages"":[{""px"":0.02,""py"":0.01,""pz"":0.08,""type"":""pauli""}],""replicate_index"":5,""seed"":4958890301059258551,""session"":{""internal_pqc_profile"":null,""profile"":""QKD-ASSUMED"",""qkd_authentication_profile"":""QKD-ASSUMED"",""qkd_postprocessing"":{""cascade_initial_block_factor"":0.73,""cascade_maximum_initial_block_size"":null,""cascade_maximum_lookback_steps"":null,""cascade_passes"":4,""phase_error_abort_threshold"":0.11,""sample_fraction"":0.2,""security_margin_bits"":0,""verification_tag_length"":32},""qkd_signal_count"":20000,""version"":1},""tags"":[],""version"":1}","[{""px"":0.02,""py"":0.01,""pz"":0.08,""type"":""pauli""}]",,authentication explicitly assumed; no runtime material,,,,,,false,1,3fde06616c5a0bd83aaa8109396ae4f4,QKD-ASSUMED,established,,qkd_bitstring,1434,"[{""algorithm"":""privacy-amplified-bitstring"",""bit_length"":1434,""byte_length"":180,""encoding"":""big-endian packed bits with explicit bit length"",""position"":1,""protocol"":""BB84"",""source"":""qkd""}]","{""pqc_exchange"":null,""qkd_classical"":{""algorithm"":""none"",""executed"":false,""mechanism"":""assumed"",""purpose"":""QKD classical transcript authentication"",""trust_assumption"":""The classical BB84 channel is assumed authenticated externally."",""verified"":null}}","{""qkd_transcript_hash_sha384"":""9a2944fe62ed01a8773f50281280a3f80897527b6aa7fd1b271f9ecdacdc99b5a5ed3f9426d3cf443aacf6a10554d629"",""qkd_transcript_version"":1}",3320809600,20000,9983,1998,7985,7985,1434,0.49915,0.0717,0.022840119165839126,0.09081735620585267,0.05655655655655656,23,1007,90,991,113,1998,0.09081735620585267,0.05669638385254933,0.026430842607313196,0.08745707937790345,0.05669638385254933,2508649,,,,,,,,,,,,,,,,,,,,,,,,,,,,,,,,,,assumed,none,none,0,0,0,0,0,0,0,0,The classical BB84 channel is assumed authenticated externally.,,,,"{""implementation"":""cpython"",""platform"":""Windows-11-10.0.26200-SP0"",""processor"":""Intel64 Family 6 Model 158 Stepping 12, GenuineIntel"",""python"":""3.14.7""}",,,,,,,,,,,,,,,,,,,,,,,,,3320809600,"{""events"":[{""detail"":""QKD-ASSUMED"",""sequence"":0,""source"":""session"",""stage"":""session"",""state"":""started""},{""detail"":""BB84 post-processing completed."",""sequence"":1,""source"":""qkd"",""stage"":""bb84"",""state"":""completed""},{""detail"":""The classical BB84 channel is assumed authenticated externally."",""sequence"":2,""source"":""qkd"",""stage"":""classical_authentication"",""state"":""assumed_not_executed""},{""detail"":""Final key released after all profile checks."",""sequence"":3,""source"":""qkd"",""stage"":""key_release"",""state"":""released""},{""detail"":""Authenticated QKD key released."",""sequence"":4,""source"":""session"",""stage"":""session"",""state"":""established""}],""version"":1}"
1,646c639d-7718-454e-8bc6-a1343e819052,E2,pauli-z-dominant,6,1,eafcdacf-9f23-4290-b8e6-0d06ba663426,false,,0,246,2026-09-08T07:56:50.756632+00:00,13875660148915862346,QKD-ASSUMED,6385,3.14.7,CPython,2.5.0,0.16.0,0.16.0,50.0.1,0.1.0,Windows,11,10.0.26200,AMD64,"Intel64 Family 6 Model 158 Stepping 12, GenuineIntel",ac46477bb374bde1c0ace1ef0bcfbc26b199dcfa,true,1,E2,pauli-z-dominant,6,13875660148915862346,1,QKD-ASSUMED,QKD-ASSUMED,20000,"{""cascade_initial_block_factor"":0.73,""cascade_maximum_initial_block_size"":null,""cascade_maximum_lookback_steps"":null,""cascade_passes"":4,""phase_error_abort_threshold"":0.11,""sample_fraction"":0.2,""security_margin_bits"":0,""verification_tag_length"":32}",,[],"{""condition_id"":""pauli-z-dominant"",""experiment_kind"":""E2"",""qkd_stages"":[{""px"":0.02,""py"":0.01,""pz"":0.08,""type"":""pauli""}],""replicate_index"":6,""seed"":13875660148915862346,""session"":{""internal_pqc_profile"":null,""profile"":""QKD-ASSUMED"",""qkd_authentication_profile"":""QKD-ASSUMED"",""qkd_postprocessing"":{""cascade_initial_block_factor"":0.73,""cascade_maximum_initial_block_size"":null,""cascade_maximum_lookback_steps"":null,""cascade_passes"":4,""phase_error_abort_threshold"":0.11,""sample_fraction"":0.2,""security_margin_bits"":0,""verification_tag_length"":32},""qkd_signal_count"":20000,""version"":1},""tags"":[],""version"":1}","[{""px"":0.02,""py"":0.01,""pz"":0.08,""type"":""pauli""}]",,authentication explicitly assumed; no runtime material,,,,,,false,1,3c0babe5b70513bb903087f4384ae67c,QKD-ASSUMED,established,,qkd_bitstring,800,"[{""algorithm"":""privacy-amplified-bitstring"",""bit_length"":800,""byte_length"":100,""encoding"":""big-endian packed bits with explicit bit length"",""position"":1,""protocol"":""BB84"",""source"":""qkd""}]","{""pqc_exchange"":null,""qkd_classical"":{""algorithm"":""none"",""executed"":false,""mechanism"":""assumed"",""purpose"":""QKD classical transcript authentication"",""trust_assumption"":""The classical BB84 channel is assumed authenticated externally."",""verified"":null}}","{""qkd_transcript_hash_sha384"":""d3b986f97ced5128d2c9277d8824e5d3577fc2d4a95d58bf4fde3dc3b44d97677cee001a4fcc4ca41845f21495d21657"",""qkd_transcript_version"":1}",3344420800,20000,9890,1979,7911,7911,800,0.4945,0.04,0.030303030303030304,0.10819009100101112,0.06922688226376958,30,990,107,989,137,1979,0.10819009100101112,0.06137512639029322,0.030719482619240096,0.09206798866855524,0.06137512639029322,2559331,,,,,,,,,,,,,,,,,,,,,,,,,,,,,,,,,,assumed,none,none,0,0,0,0,0,0,0,0,The classical BB84 channel is assumed authenticated externally.,,,,"{""implementation"":""cpython"",""platform"":""Windows-11-10.0.26200-SP0"",""processor"":""Intel64 Family 6 Model 158 Stepping 12, GenuineIntel"",""python"":""3.14.7""}",,,,,,,,,,,,,,,,,,,,,,,,,3344420800,"{""events"":[{""detail"":""QKD-ASSUMED"",""sequence"":0,""source"":""session"",""stage"":""session"",""state"":""started""},{""detail"":""BB84 post-processing completed."",""sequence"":1,""source"":""qkd"",""stage"":""bb84"",""state"":""completed""},{""detail"":""The classical BB84 channel is assumed authenticated externally."",""sequence"":2,""source"":""qkd"",""stage"":""classical_authentication"",""state"":""assumed_not_executed""},{""detail"":""Final key released after all profile checks."",""sequence"":3,""source"":""qkd"",""stage"":""key_release"",""state"":""released""},{""detail"":""Authenticated QKD key released."",""sequence"":4,""source"":""session"",""stage"":""session"",""state"":""established""}],""version"":1}"
1,4a47f7b5-7400-4833-af6f-b502236998b8,E2,pauli-z-dominant,7,1,eafcdacf-9f23-4290-b8e6-0d06ba663426,false,,0,247,2026-09-08T07:56:54.172542+00:00,1041910419293255228,QKD-ASSUMED,6392,3.14.7,CPython,2.5.0,0.16.0,0.16.0,50.0.1,0.1.0,Windows,11,10.0.26200,AMD64,"Intel64 Family 6 Model 158 Stepping 12, GenuineIntel",ac46477bb374bde1c0ace1ef0bcfbc26b199dcfa,true,1,E2,pauli-z-dominant,7,1041910419293255228,1,QKD-ASSUMED,QKD-ASSUMED,20000,"{""cascade_initial_block_factor"":0.73,""cascade_maximum_initial_block_size"":null,""cascade_maximum_lookback_steps"":null,""cascade_passes"":4,""phase_error_abort_threshold"":0.11,""sample_fraction"":0.2,""security_margin_bits"":0,""verification_tag_length"":32}",,[],"{""condition_id"":""pauli-z-dominant"",""experiment_kind"":""E2"",""qkd_stages"":[{""px"":0.02,""py"":0.01,""pz"":0.08,""type"":""pauli""}],""replicate_index"":7,""seed"":1041910419293255228,""session"":{""internal_pqc_profile"":null,""profile"":""QKD-ASSUMED"",""qkd_authentication_profile"":""QKD-ASSUMED"",""qkd_postprocessing"":{""cascade_initial_block_factor"":0.73,""cascade_maximum_initial_block_size"":null,""cascade_maximum_lookback_steps"":null,""cascade_passes"":4,""phase_error_abort_threshold"":0.11,""sample_fraction"":0.2,""security_margin_bits"":0,""verification_tag_length"":32},""qkd_signal_count"":20000,""version"":1},""tags"":[],""version"":1}","[{""px"":0.02,""py"":0.01,""pz"":0.08,""type"":""pauli""}]",,authentication explicitly assumed; no runtime material,,,,,,false,1,80123a701bcd31fbf67a398f6bc26c6a,QKD-ASSUMED,established,,qkd_bitstring,1497,"[{""algorithm"":""privacy-amplified-bitstring"",""bit_length"":1497,""byte_length"":188,""encoding"":""big-endian packed bits with explicit bit length"",""position"":1,""protocol"":""BB84"",""source"":""qkd""}]","{""pqc_exchange"":null,""qkd_classical"":{""algorithm"":""none"",""executed"":false,""mechanism"":""assumed"",""purpose"":""QKD classical transcript authentication"",""trust_assumption"":""The classical BB84 channel is assumed authenticated externally."",""verified"":null}}","{""qkd_transcript_hash_sha384"":""440c16494d92b60fc080633ce87e02e756d1ea8d5f1550ba7fac52dca411ea7d2cb6715bbda9ef75cd52aa750e182ef6"",""qkd_transcript_version"":1}",3335088100,20000,10081,2017,8064,8064,1497,0.50405,0.07485,0.036036036036036036,0.08742632612966601,0.061973227565691624,36,999,89,1018,125,2017,0.08742632612966601,0.05802995734550144,0.033854166666666664,0.08174494006681077,0.05802995734550144,2550498,,,,,,,,,,,,,,,,,,,,,,,,,,,,,,,,,,assumed,none,none,0,0,0,0,0,0,0,0,The classical BB84 channel is assumed authenticated externally.,,,,"{""implementation"":""cpython"",""platform"":""Windows-11-10.0.26200-SP0"",""processor"":""Intel64 Family 6 Model 158 Stepping 12, GenuineIntel"",""python"":""3.14.7""}",,,,,,,,,,,,,,,,,,,,,,,,,3335088100,"{""events"":[{""detail"":""QKD-ASSUMED"",""sequence"":0,""source"":""session"",""stage"":""session"",""state"":""started""},{""detail"":""BB84 post-processing completed."",""sequence"":1,""source"":""qkd"",""stage"":""bb84"",""state"":""completed""},{""detail"":""The classical BB84 channel is assumed authenticated externally."",""sequence"":2,""source"":""qkd"",""stage"":""classical_authentication"",""state"":""assumed_not_executed""},{""detail"":""Final key released after all profile checks."",""sequence"":3,""source"":""qkd"",""stage"":""key_release"",""state"":""released""},{""detail"":""Authenticated QKD key released."",""sequence"":4,""source"":""session"",""stage"":""session"",""state"":""established""}],""version"":1}"
1,14d079a9-88ff-4528-b74a-7aac9a3538b2,E2,pauli-z-dominant,8,1,eafcdacf-9f23-4290-b8e6-0d06ba663426,false,,0,248,2026-09-08T07:56:57.631197+00:00,17410806353287412698,QKD-ASSUMED,6393,3.14.7,CPython,2.5.0,0.16.0,0.16.0,50.0.1,0.1.0,Windows,11,10.0.26200,AMD64,"Intel64 Family 6 Model 158 Stepping 12, GenuineIntel",ac46477bb374bde1c0ace1ef0bcfbc26b199dcfa,true,1,E2,pauli-z-dominant,8,17410806353287412698,1,QKD-ASSUMED,QKD-ASSUMED,20000,"{""cascade_initial_block_factor"":0.73,""cascade_maximum_initial_block_size"":null,""cascade_maximum_lookback_steps"":null,""cascade_passes"":4,""phase_error_abort_threshold"":0.11,""sample_fraction"":0.2,""security_margin_bits"":0,""verification_tag_length"":32}",,[],"{""condition_id"":""pauli-z-dominant"",""experiment_kind"":""E2"",""qkd_stages"":[{""px"":0.02,""py"":0.01,""pz"":0.08,""type"":""pauli""}],""replicate_index"":8,""seed"":17410806353287412698,""session"":{""internal_pqc_profile"":null,""profile"":""QKD-ASSUMED"",""qkd_authentication_profile"":""QKD-ASSUMED"",""qkd_postprocessing"":{""cascade_initial_block_factor"":0.73,""cascade_maximum_initial_block_size"":null,""cascade_maximum_lookback_steps"":null,""cascade_passes"":4,""phase_error_abort_threshold"":0.11,""sample_fraction"":0.2,""security_margin_bits"":0,""verification_tag_length"":32},""qkd_signal_count"":20000,""version"":1},""tags"":[],""version"":1}","[{""px"":0.02,""py"":0.01,""pz"":0.08,""type"":""pauli""}]",,authentication explicitly assumed; no runtime material,,,,,,false,1,006d05321f2a7fedb903c4945b07dfd9,QKD-ASSUMED,established,,qkd_bitstring,1253,"[{""algorithm"":""privacy-amplified-bitstring"",""bit_length"":1253,""byte_length"":157,""encoding"":""big-endian packed bits with explicit bit length"",""position"":1,""protocol"":""BB84"",""source"":""qkd""}]","{""pqc_exchange"":null,""qkd_classical"":{""algorithm"":""none"",""executed"":false,""mechanism"":""assumed"",""purpose"":""QKD classical transcript authentication"",""trust_assumption"":""The classical BB84 channel is assumed authenticated externally."",""verified"":null}}","{""qkd_transcript_hash_sha384"":""bf24cb5db2a853bdca6cf7ee17d9ec90cf9dea47298f818f1bd12cbf876b168d3c0e5f9f2b6f8a410d4b18e78824af28"",""qkd_transcript_version"":1}",3377170600,20000,10001,2001,8000,8000,1253,0.50005,0.06265,0.03153611393692777,0.09332023575638507,0.06296851574212893,31,983,95,1018,126,2001,0.09332023575638507,0.059994000599940006,0.03173957273652085,0.08729846637829336,0.059994000599940006,2571348,,,,,,,,,,,,,,,,,,,,,,,,,,,,,,,,,,assumed,none,none,0,0,0,0,0,0,0,0,The classical BB84 channel is assumed authenticated externally.,,,,"{""implementation"":""cpython"",""platform"":""Windows-11-10.0.26200-SP0"",""processor"":""Intel64 Family 6 Model 158 Stepping 12, GenuineIntel"",""python"":""3.14.7""}",,,,,,,,,,,,,,,,,,,,,,,,,3377170600,"{""events"":[{""detail"":""QKD-ASSUMED"",""sequence"":0,""source"":""session"",""stage"":""session"",""state"":""started""},{""detail"":""BB84 post-processing completed."",""sequence"":1,""source"":""qkd"",""stage"":""bb84"",""state"":""completed""},{""detail"":""The classical BB84 channel is assumed authenticated externally."",""sequence"":2,""source"":""qkd"",""stage"":""classical_authentication"",""state"":""assumed_not_executed""},{""detail"":""Final key released after all profile checks."",""sequence"":3,""source"":""qkd"",""stage"":""key_release"",""state"":""released""},{""detail"":""Authenticated QKD key released."",""sequence"":4,""source"":""session"",""stage"":""session"",""state"":""established""}],""version"":1}"
1,3511c319-2008-495e-bdde-a7bd336f04e6,E2,pauli-z-dominant,9,1,eafcdacf-9f23-4290-b8e6-0d06ba663426,false,,0,249,2026-09-08T07:57:01.067658+00:00,14385635074205012706,QKD-ASSUMED,6392,3.14.7,CPython,2.5.0,0.16.0,0.16.0,50.0.1,0.1.0,Windows,11,10.0.26200,AMD64,"Intel64 Family 6 Model 158 Stepping 12, GenuineIntel",ac46477bb374bde1c0ace1ef0bcfbc26b199dcfa,true,1,E2,pauli-z-dominant,9,14385635074205012706,1,QKD-ASSUMED,QKD-ASSUMED,20000,"{""cascade_initial_block_factor"":0.73,""cascade_maximum_initial_block_size"":null,""cascade_maximum_lookback_steps"":null,""cascade_passes"":4,""phase_error_abort_threshold"":0.11,""sample_fraction"":0.2,""security_margin_bits"":0,""verification_tag_length"":32}",,[],"{""condition_id"":""pauli-z-dominant"",""experiment_kind"":""E2"",""qkd_stages"":[{""px"":0.02,""py"":0.01,""pz"":0.08,""type"":""pauli""}],""replicate_index"":9,""seed"":14385635074205012706,""session"":{""internal_pqc_profile"":null,""profile"":""QKD-ASSUMED"",""qkd_authentication_profile"":""QKD-ASSUMED"",""qkd_postprocessing"":{""cascade_initial_block_factor"":0.73,""cascade_maximum_initial_block_size"":null,""cascade_maximum_lookback_steps"":null,""cascade_passes"":4,""phase_error_abort_threshold"":0.11,""sample_fraction"":0.2,""security_margin_bits"":0,""verification_tag_length"":32},""qkd_signal_count"":20000,""version"":1},""tags"":[],""version"":1}","[{""px"":0.02,""py"":0.01,""pz"":0.08,""type"":""pauli""}]",,authentication explicitly assumed; no runtime material,,,,,,false,1,82f18f59a61f5850d5992e71efcaf719,QKD-ASSUMED,established,,qkd_bitstring,1278,"[{""algorithm"":""privacy-amplified-bitstring"",""bit_length"":1278,""byte_length"":160,""encoding"":""big-endian packed bits with explicit bit length"",""position"":1,""protocol"":""BB84"",""source"":""qkd""}]","{""pqc_exchange"":null,""qkd_classical"":{""algorithm"":""none"",""executed"":false,""mechanism"":""assumed"",""purpose"":""QKD classical transcript authentication"",""trust_assumption"":""The classical BB84 channel is assumed authenticated externally."",""verified"":null}}","{""qkd_transcript_hash_sha384"":""4cb4402798bd79bb2ff2626e0fd08a56b551fdc6f497f5e437b457d18389b29e9b4371ab1c9ea991af90d988182ab023"",""qkd_transcript_version"":1}",3353334600,20000,10017,2004,8013,8013,1278,0.50085,0.0639,0.04004004004004004,0.08855721393034825,0.06437125748502993,40,999,89,1005,129,2004,0.08855721393034825,0.061495457721872815,0.03323323323323323,0.08960573476702509,0.061495457721872815,2612399,,,,,,,,,,,,,,,,,,,,,,,,,,,,,,,,,,assumed,none,none,0,0,0,0,0,0,0,0,The classical BB84 channel is assumed authenticated externally.,,,,"{""implementation"":""cpython"",""platform"":""Windows-11-10.0.26200-SP0"",""processor"":""Intel64 Family 6 Model 158 Stepping 12, GenuineIntel"",""python"":""3.14.7""}",,,,,,,,,,,,,,,,,,,,,,,,,3353334600,"{""events"":[{""detail"":""QKD-ASSUMED"",""sequence"":0,""source"":""session"",""stage"":""session"",""state"":""started""},{""detail"":""BB84 post-processing completed."",""sequence"":1,""source"":""qkd"",""stage"":""bb84"",""state"":""completed""},{""detail"":""The classical BB84 channel is assumed authenticated externally."",""sequence"":2,""source"":""qkd"",""stage"":""classical_authentication"",""state"":""assumed_not_executed""},{""detail"":""Final key released after all profile checks."",""sequence"":3,""source"":""qkd"",""stage"":""key_release"",""state"":""released""},{""detail"":""Authenticated QKD key released."",""sequence"":4,""source"":""session"",""stage"":""session"",""state"":""established""}],""version"":1}"
