version,run_id,experiment_kind,condition_id,replicate_index,batch.version,batch.batch_run_id,batch.shuffle,batch.order_seed,batch.warmup_runs,execution_order_index,timestamp_utc,seed,profile,artifact.experiment_record_json_bytes,environment.python_version,environment.python_implementation,environment.numpy_version,environment.liboqs_python_version,environment.liboqs_version,environment.cryptography_version,environment.quantumsec_version,environment.os,environment.os_release,environment.os_version,environment.machine_architecture,environment.cpu_identifier,environment.git_commit_sha,environment.git_worktree_dirty,config.version,config.experiment_kind,config.condition_id,config.replicate_index,config.seed,config.session.version,config.session.profile,config.session.qkd_authentication_profile,config.session.qkd_signal_count,config.session.qkd_postprocessing,config.session.internal_pqc_profile,config.tags,config_json,qkd_stages_json,provisioning.pqc_identities,provisioning.qkd_authentication_material,provisioning.qkd_authentication_material_bytes_per_direction,provisioning.pqc_alice_identity_generation_time_ns,provisioning.pqc_bob_identity_generation_time_ns,provisioning.pqc_total_identity_generation_time_ns,provisioning.pqc_public_identity_bytes,provisioning.included_in_session_timings,result.version,result.session_id,result.profile,result.status,result.abort_reason,result.established_key.type,result.established_key.bit_length,result.provenance_json,result.authentication_json,result.public_context_json,metrics.qkd.simulation_time_ns,metrics.qkd.n_raw,metrics.qkd.n_sifted,metrics.qkd.n_disclosed,metrics.qkd.n_candidate,metrics.qkd.n_reconciled,metrics.qkd.n_final,metrics.qkd.sifting_efficiency,metrics.qkd.final_secret_fraction,metrics.qkd.estimated_qber_z,metrics.qkd.estimated_qber_x,metrics.qkd.estimated_qber_aggregated,metrics.qkd.estimated_z_errors,metrics.qkd.estimated_z_trials,metrics.qkd.estimated_x_errors,metrics.qkd.estimated_x_trials,metrics.qkd.estimated_aggregate_errors,metrics.qkd.estimated_aggregate_trials,metrics.qkd.phase_error_bound,metrics.qkd.diagnostic_full_sifted_qber,metrics.qkd.diagnostic_qber_z,metrics.qkd.diagnostic_qber_x,metrics.qkd.diagnostic_qber_aggregated,metrics.qkd.transcript_bytes,metrics.pqc.internal_profile,metrics.pqc.algorithms,metrics.pqc.server_offer_time_ns,metrics.pqc.server_processing_time_ns,metrics.pqc.client_exchange_time_ns,metrics.pqc.client_processing_time_ns,metrics.pqc.key_schedule_time_ns,metrics.pqc.confirmation_time_ns,metrics.pqc.crypto_software_time_ns,metrics.pqc.ml_kem_keygen_time_ns,metrics.pqc.hqc_keygen_time_ns,metrics.pqc.server_offer_sign_time_ns,metrics.pqc.server_offer_verify_time_ns,metrics.pqc.ml_kem_encapsulate_time_ns,metrics.pqc.hqc_encapsulate_time_ns,metrics.pqc.client_exchange_sign_time_ns,metrics.pqc.client_exchange_verify_time_ns,metrics.pqc.ml_kem_decapsulate_time_ns,metrics.pqc.hqc_decapsulate_time_ns,metrics.pqc.transcript_construction_hash_time_ns,metrics.pqc.kem_combiner_encoding_time_ns,metrics.pqc.hkdf_session_time_ns,metrics.pqc.hkdf_confirmation_time_ns,metrics.pqc.finished_generation_time_ns,metrics.pqc.finished_verification_time_ns,metrics.pqc.kem_public_key_bytes,metrics.pqc.kem_ciphertext_bytes,metrics.pqc.canonical_protocol_bytes,metrics.pqc.transcript_bytes,metrics.pqc.signature_bytes,metrics.pqc.finished_bytes,metrics.pqc.public_key_provisioning_bytes,metrics.pqc.serialized_transport_bytes,metrics.qkd_authentication.mechanism,metrics.qkd_authentication.algorithm,metrics.qkd_authentication.family,metrics.qkd_authentication.authenticated_bytes,metrics.qkd_authentication.evidence_bytes,metrics.qkd_authentication.checkpoints,metrics.qkd_authentication.generation_operations,metrics.qkd_authentication.verification_operations,metrics.qkd_authentication.generation_time_ns,metrics.qkd_authentication.verification_time_ns,metrics.qkd_authentication.total_time_ns,metrics.qkd_authentication.trust_assumption,metrics.qkd_authentication.secret_bits_consumed,metrics.qkd_authentication.public_key_provisioning_bytes,metrics.qkd_authentication.forgery_bound,metrics.qkd_authentication.runtime_environment,metrics.pqc_authentication.mechanism,metrics.pqc_authentication.algorithm,metrics.pqc_authentication.executed,metrics.pqc_authentication.verified,metrics.pqc_authentication.signatures_generated,metrics.pqc_authentication.signatures_verified,metrics.pqc_authentication.signature_bytes,metrics.pqc_authentication.trust_assumption,metrics.hybrid.component_count,metrics.hybrid.component_metadata_bytes,metrics.hybrid.qkd_contribution_bits,metrics.hybrid.ml_kem_contribution_bytes,metrics.hybrid.hqc_contribution_bytes,metrics.hybrid.canonical_combiner_input_bytes,metrics.hybrid.encoding_overhead_bytes,metrics.hybrid.public_context_bytes,metrics.hybrid.encoding_time_ns,metrics.hybrid.hkdf_session_time_ns,metrics.hybrid.hkdf_confirmation_time_ns,metrics.hybrid.finished_generation_time_ns,metrics.hybrid.finished_verification_time_ns,metrics.hybrid.finished_responder_bytes,metrics.hybrid.finished_initiator_bytes,metrics.hybrid.derived_session_key_bits,metrics.orchestration_software_wall_time_ns,trace_json
1,2ee7fee2-ce9a-409b-a0e0-4668ef82e10a,E1,pqc-base,45,1,7a66a56a-33b5-4dbf-b04e-602f37844654,true,701001,10,0,2026-09-08T07:42:45.158603+00:00,,PQC-BASE,6498,3.14.7,CPython,2.5.0,0.16.0,0.16.0,50.0.1,0.1.0,Windows,11,10.0.26200,AMD64,"Intel64 Family 6 Model 158 Stepping 12, GenuineIntel",ac46477bb374bde1c0ace1ef0bcfbc26b199dcfa,true,1,E1,pqc-base,45,,1,PQC-BASE,,,,low,[],"{""condition_id"":""pqc-base"",""experiment_kind"":""E1"",""qkd_stages"":[],""replicate_index"":45,""seed"":null,""session"":{""internal_pqc_profile"":""low"",""profile"":""PQC-BASE"",""qkd_authentication_profile"":null,""qkd_postprocessing"":null,""qkd_signal_count"":null,""version"":1},""tags"":[],""version"":1}",[],persistent pre-provisioned ML-DSA identities and peer trust,,,858800,667500,1526300,3904,false,1,9bd8ea6686e2314263270172d09be916,PQC-BASE,established,,session_key,256,"[{""algorithm"":""ML-KEM-768"",""bit_length"":256,""byte_length"":32,""encoding"":""raw KEM secret via canonical PQC KDF input"",""position"":1,""protocol"":""authenticated KEM handshake"",""source"":""pqc""}]","{""pqc_exchange"":{""algorithm"":""ML-DSA-65"",""executed"":true,""mechanism"":""mutual digital signatures"",""purpose"":""PQC handshake authentication"",""trust_assumption"":""Peer ML-DSA public identities were pre-provisioned out of band."",""verified"":true},""qkd_classical"":null}","{""pqc_protocol_version"":1,""pqc_transcript_hash_sha384"":""39283d543b41a5b423f78edb33c0de01ccf6ccb97be1d01f36c4e83655b12b0e6bd266432881d2ecc3784501315882bd""}",,,,,,,,,,,,,,,,,,,,,,,,,low,"[""ML-KEM-768"",""ML-DSA-65"",""HKDF-SHA-384"",""HMAC-SHA-384""]",1572100,1092100,5003400,1170000,136700,248600,9222900,295100,,1240500,767300,298800,,4957000,772100,355700,,192600,15500,49200,24500,38900,23500,1184,1088,2585,9332,6618,96,3904,,,,,,,,,,,,,,,,,,mutual digital signatures,ML-DSA-65,true,true,2,2,6618,Peer ML-DSA public identities were pre-provisioned out of band.,,,,,,,,,,,,,,,,,9348100,"{""events"":[{""detail"":""PQC-BASE"",""sequence"":0,""source"":""session"",""stage"":""session"",""state"":""started""},{""detail"":""Responder KEM offer signed."",""sequence"":1,""source"":""pqc"",""stage"":""server_offer"",""state"":""created""},{""detail"":""Responder identity verified."",""sequence"":2,""source"":""pqc"",""stage"":""server_offer_authentication"",""state"":""verified""},{""detail"":""Initiator encapsulations signed."",""sequence"":3,""source"":""pqc"",""stage"":""client_exchange"",""state"":""created""},{""detail"":""Initiator identity verified."",""sequence"":4,""source"":""pqc"",""stage"":""client_exchange_authentication"",""state"":""verified""},{""detail"":""Role-local session and confirmation schedules started."",""sequence"":5,""source"":""pqc"",""stage"":""key_schedule"",""state"":""derived""},{""detail"":""Both role-separated Finished messages verified."",""sequence"":6,""source"":""pqc"",""stage"":""finished"",""state"":""verified""},{""detail"":""Confirmed PQC session key released."",""sequence"":7,""source"":""session"",""stage"":""session"",""state"":""established""}],""version"":1}"
1,78c9e6e6-4069-4a53-84ef-2a4add8512fa,E1,pqc-diverse,42,1,7a66a56a-33b5-4dbf-b04e-602f37844654,true,701001,10,1,2026-09-08T07:42:45.332118+00:00,,PQC-DIVERSE,6820,3.14.7,CPython,2.5.0,0.16.0,0.16.0,50.0.1,0.1.0,Windows,11,10.0.26200,AMD64,"Intel64 Family 6 Model 158 Stepping 12, GenuineIntel",ac46477bb374bde1c0ace1ef0bcfbc26b199dcfa,true,1,E1,pqc-diverse,42,,1,PQC-DIVERSE,,,,high,[],"{""condition_id"":""pqc-diverse"",""experiment_kind"":""E1"",""qkd_stages"":[],""replicate_index"":42,""seed"":null,""session"":{""internal_pqc_profile"":""high"",""profile"":""PQC-DIVERSE"",""qkd_authentication_profile"":null,""qkd_postprocessing"":null,""qkd_signal_count"":null,""version"":1},""tags"":[],""version"":1}",[],persistent pre-provisioned ML-DSA identities and peer trust,,,858800,667500,1526300,3904,false,1,b584afdcce9a37169586347eea810496,PQC-DIVERSE,established,,session_key,256,"[{""algorithm"":""ML-KEM-768"",""bit_length"":256,""byte_length"":32,""encoding"":""raw KEM secret via canonical PQC KDF input"",""position"":1,""protocol"":""authenticated KEM handshake"",""source"":""pqc""},{""algorithm"":""HQC-3"",""bit_length"":256,""byte_length"":32,""encoding"":""raw KEM secret via canonical PQC KDF input"",""position"":2,""protocol"":""authenticated KEM handshake"",""source"":""pqc""}]","{""pqc_exchange"":{""algorithm"":""ML-DSA-65"",""executed"":true,""mechanism"":""mutual digital signatures"",""purpose"":""PQC handshake authentication"",""trust_assumption"":""Peer ML-DSA public identities were pre-provisioned out of band."",""verified"":true},""qkd_classical"":null}","{""pqc_protocol_version"":1,""pqc_transcript_hash_sha384"":""744d2f97f70d4f625244bd493b47814d6868163cd92ba50541a9c70508cf467c66c2c22f0bc7a74b00a9d65f73a99c86""}",,,,,,,,,,,,,,,,,,,,,,,,,high,"[""ML-KEM-768"",""HQC-3"",""ML-DSA-65"",""HKDF-SHA-384"",""HMAC-SHA-384""]",16824100,27556300,4044800,41603400,202100,368600,90599300,293600,13232800,3252100,834800,299200,26389500,3984600,902100,354500,40282300,368100,21700,52300,27600,42500,26600,5698,10066,16105,22852,6618,96,3904,,,,,,,,,,,,,,,,,,mutual digital signatures,ML-DSA-65,true,true,2,2,6618,Peer ML-DSA public identities were pre-provisioned out of band.,,,,,,,,,,,,,,,,,90793500,"{""events"":[{""detail"":""PQC-DIVERSE"",""sequence"":0,""source"":""session"",""stage"":""session"",""state"":""started""},{""detail"":""Responder KEM offer signed."",""sequence"":1,""source"":""pqc"",""stage"":""server_offer"",""state"":""created""},{""detail"":""Responder identity verified."",""sequence"":2,""source"":""pqc"",""stage"":""server_offer_authentication"",""state"":""verified""},{""detail"":""Initiator encapsulations signed."",""sequence"":3,""source"":""pqc"",""stage"":""client_exchange"",""state"":""created""},{""detail"":""Initiator identity verified."",""sequence"":4,""source"":""pqc"",""stage"":""client_exchange_authentication"",""state"":""verified""},{""detail"":""Role-local session and confirmation schedules started."",""sequence"":5,""source"":""pqc"",""stage"":""key_schedule"",""state"":""derived""},{""detail"":""Both role-separated Finished messages verified."",""sequence"":6,""source"":""pqc"",""stage"":""finished"",""state"":""verified""},{""detail"":""Confirmed PQC session key released."",""sequence"":7,""source"":""session"",""stage"":""session"",""state"":""established""}],""version"":1}"
1,f13ed0b6-b740-45ad-86ea-bf46b9358dba,E1,pqc-base,41,1,7a66a56a-33b5-4dbf-b04e-602f37844654,true,701001,10,2,2026-09-08T07:42:45.403973+00:00,,PQC-BASE,6499,3.14.7,CPython,2.5.0,0.16.0,0.16.0,50.0.1,0.1.0,Windows,11,10.0.26200,AMD64,"Intel64 Family 6 Model 158 Stepping 12, GenuineIntel",ac46477bb374bde1c0ace1ef0bcfbc26b199dcfa,true,1,E1,pqc-base,41,,1,PQC-BASE,,,,low,[],"{""condition_id"":""pqc-base"",""experiment_kind"":""E1"",""qkd_stages"":[],""replicate_index"":41,""seed"":null,""session"":{""internal_pqc_profile"":""low"",""profile"":""PQC-BASE"",""qkd_authentication_profile"":null,""qkd_postprocessing"":null,""qkd_signal_count"":null,""version"":1},""tags"":[],""version"":1}",[],persistent pre-provisioned ML-DSA identities and peer trust,,,858800,667500,1526300,3904,false,1,b5ca2eb34123b17602d76fe79a0e59c8,PQC-BASE,established,,session_key,256,"[{""algorithm"":""ML-KEM-768"",""bit_length"":256,""byte_length"":32,""encoding"":""raw KEM secret via canonical PQC KDF input"",""position"":1,""protocol"":""authenticated KEM handshake"",""source"":""pqc""}]","{""pqc_exchange"":{""algorithm"":""ML-DSA-65"",""executed"":true,""mechanism"":""mutual digital signatures"",""purpose"":""PQC handshake authentication"",""trust_assumption"":""Peer ML-DSA public identities were pre-provisioned out of band."",""verified"":true},""qkd_classical"":null}","{""pqc_protocol_version"":1,""pqc_transcript_hash_sha384"":""b9a0b93c74ff2cd680d9393b8360cba5ecdec2c4295827d89eea6722b5df17d269c4a910d3af3b37566123dae2ed66e0""}",,,,,,,,,,,,,,,,,,,,,,,,,low,"[""ML-KEM-768"",""ML-DSA-65"",""HKDF-SHA-384"",""HMAC-SHA-384""]",3201700,1103100,4071000,1154900,143200,255900,9929800,299300,,2863400,770700,302500,,4021900,767300,352200,,198700,15800,52700,25000,40300,24400,1184,1088,2585,9332,6618,96,3904,,,,,,,,,,,,,,,,,,mutual digital signatures,ML-DSA-65,true,true,2,2,6618,Peer ML-DSA public identities were pre-provisioned out of band.,,,,,,,,,,,,,,,,,10061700,"{""events"":[{""detail"":""PQC-BASE"",""sequence"":0,""source"":""session"",""stage"":""session"",""state"":""started""},{""detail"":""Responder KEM offer signed."",""sequence"":1,""source"":""pqc"",""stage"":""server_offer"",""state"":""created""},{""detail"":""Responder identity verified."",""sequence"":2,""source"":""pqc"",""stage"":""server_offer_authentication"",""state"":""verified""},{""detail"":""Initiator encapsulations signed."",""sequence"":3,""source"":""pqc"",""stage"":""client_exchange"",""state"":""created""},{""detail"":""Initiator identity verified."",""sequence"":4,""source"":""pqc"",""stage"":""client_exchange_authentication"",""state"":""verified""},{""detail"":""Role-local session and confirmation schedules started."",""sequence"":5,""source"":""pqc"",""stage"":""key_schedule"",""state"":""derived""},{""detail"":""Both role-separated Finished messages verified."",""sequence"":6,""source"":""pqc"",""stage"":""finished"",""state"":""verified""},{""detail"":""Confirmed PQC session key released."",""sequence"":7,""source"":""session"",""stage"":""session"",""state"":""established""}],""version"":1}"
1,4ceebb74-173e-4bb6-ba7d-65c2f27dbecb,E1,pqc-base,18,1,7a66a56a-33b5-4dbf-b04e-602f37844654,true,701001,10,3,2026-09-08T07:42:45.475516+00:00,,PQC-BASE,6499,3.14.7,CPython,2.5.0,0.16.0,0.16.0,50.0.1,0.1.0,Windows,11,10.0.26200,AMD64,"Intel64 Family 6 Model 158 Stepping 12, GenuineIntel",ac46477bb374bde1c0ace1ef0bcfbc26b199dcfa,true,1,E1,pqc-base,18,,1,PQC-BASE,,,,low,[],"{""condition_id"":""pqc-base"",""experiment_kind"":""E1"",""qkd_stages"":[],""replicate_index"":18,""seed"":null,""session"":{""internal_pqc_profile"":""low"",""profile"":""PQC-BASE"",""qkd_authentication_profile"":null,""qkd_postprocessing"":null,""qkd_signal_count"":null,""version"":1},""tags"":[],""version"":1}",[],persistent pre-provisioned ML-DSA identities and peer trust,,,858800,667500,1526300,3904,false,1,96e6260f3f5a84b12647b16a0d28429c,PQC-BASE,established,,session_key,256,"[{""algorithm"":""ML-KEM-768"",""bit_length"":256,""byte_length"":32,""encoding"":""raw KEM secret via canonical PQC KDF input"",""position"":1,""protocol"":""authenticated KEM handshake"",""source"":""pqc""}]","{""pqc_exchange"":{""algorithm"":""ML-DSA-65"",""executed"":true,""mechanism"":""mutual digital signatures"",""purpose"":""PQC handshake authentication"",""trust_assumption"":""Peer ML-DSA public identities were pre-provisioned out of band."",""verified"":true},""qkd_classical"":null}","{""pqc_protocol_version"":1,""pqc_transcript_hash_sha384"":""0db28428f4dda6cbc24f23719d7467e3ef394b86c9056bc70185379efc6e6b6d5d7c58380b61e00e05d271903d911f8b""}",,,,,,,,,,,,,,,,,,,,,,,,,low,"[""ML-KEM-768"",""ML-DSA-65"",""HKDF-SHA-384"",""HMAC-SHA-384""]",2920400,1145000,4247700,1211000,143800,256300,9924200,311200,,2565300,788600,320400,,4187700,790300,362300,,212700,16300,51800,24700,41300,24000,1184,1088,2585,9332,6618,96,3904,,,,,,,,,,,,,,,,,,mutual digital signatures,ML-DSA-65,true,true,2,2,6618,Peer ML-DSA public identities were pre-provisioned out of band.,,,,,,,,,,,,,,,,,10061100,"{""events"":[{""detail"":""PQC-BASE"",""sequence"":0,""source"":""session"",""stage"":""session"",""state"":""started""},{""detail"":""Responder KEM offer signed."",""sequence"":1,""source"":""pqc"",""stage"":""server_offer"",""state"":""created""},{""detail"":""Responder identity verified."",""sequence"":2,""source"":""pqc"",""stage"":""server_offer_authentication"",""state"":""verified""},{""detail"":""Initiator encapsulations signed."",""sequence"":3,""source"":""pqc"",""stage"":""client_exchange"",""state"":""created""},{""detail"":""Initiator identity verified."",""sequence"":4,""source"":""pqc"",""stage"":""client_exchange_authentication"",""state"":""verified""},{""detail"":""Role-local session and confirmation schedules started."",""sequence"":5,""source"":""pqc"",""stage"":""key_schedule"",""state"":""derived""},{""detail"":""Both role-separated Finished messages verified."",""sequence"":6,""source"":""pqc"",""stage"":""finished"",""state"":""verified""},{""detail"":""Confirmed PQC session key released."",""sequence"":7,""source"":""session"",""stage"":""session"",""state"":""established""}],""version"":1}"
1,0f84792e-f422-4a3d-aaa2-bdf7813155d8,E1,pqc-base,34,1,7a66a56a-33b5-4dbf-b04e-602f37844654,true,701001,10,4,2026-09-08T07:42:45.550484+00:00,,PQC-BASE,6500,3.14.7,CPython,2.5.0,0.16.0,0.16.0,50.0.1,0.1.0,Windows,11,10.0.26200,AMD64,"Intel64 Family 6 Model 158 Stepping 12, GenuineIntel",ac46477bb374bde1c0ace1ef0bcfbc26b199dcfa,true,1,E1,pqc-base,34,,1,PQC-BASE,,,,low,[],"{""condition_id"":""pqc-base"",""experiment_kind"":""E1"",""qkd_stages"":[],""replicate_index"":34,""seed"":null,""session"":{""internal_pqc_profile"":""low"",""profile"":""PQC-BASE"",""qkd_authentication_profile"":null,""qkd_postprocessing"":null,""qkd_signal_count"":null,""version"":1},""tags"":[],""version"":1}",[],persistent pre-provisioned ML-DSA identities and peer trust,,,858800,667500,1526300,3904,false,1,e9c4cf272d1e98ab153c39034603db6c,PQC-BASE,established,,session_key,256,"[{""algorithm"":""ML-KEM-768"",""bit_length"":256,""byte_length"":32,""encoding"":""raw KEM secret via canonical PQC KDF input"",""position"":1,""protocol"":""authenticated KEM handshake"",""source"":""pqc""}]","{""pqc_exchange"":{""algorithm"":""ML-DSA-65"",""executed"":true,""mechanism"":""mutual digital signatures"",""purpose"":""PQC handshake authentication"",""trust_assumption"":""Peer ML-DSA public identities were pre-provisioned out of band."",""verified"":true},""qkd_classical"":null}","{""pqc_protocol_version"":1,""pqc_transcript_hash_sha384"":""474168e04961a13e5516d1ec37a4f358553197a90e31d85dd608ca9a474885d06ba5ece93207a7431bacb6302147c6d5""}",,,,,,,,,,,,,,,,,,,,,,,,,low,"[""ML-KEM-768"",""ML-DSA-65"",""HKDF-SHA-384"",""HMAC-SHA-384""]",2775500,1104400,7259300,1146400,136000,247800,12669400,306300,,2427900,771800,302700,,7212500,763000,349800,,188300,15600,49400,24200,37900,24500,1184,1088,2585,9332,6618,96,3904,,,,,,,,,,,,,,,,,,mutual digital signatures,ML-DSA-65,true,true,2,2,6618,Peer ML-DSA public identities were pre-provisioned out of band.,,,,,,,,,,,,,,,,,12793700,"{""events"":[{""detail"":""PQC-BASE"",""sequence"":0,""source"":""session"",""stage"":""session"",""state"":""started""},{""detail"":""Responder KEM offer signed."",""sequence"":1,""source"":""pqc"",""stage"":""server_offer"",""state"":""created""},{""detail"":""Responder identity verified."",""sequence"":2,""source"":""pqc"",""stage"":""server_offer_authentication"",""state"":""verified""},{""detail"":""Initiator encapsulations signed."",""sequence"":3,""source"":""pqc"",""stage"":""client_exchange"",""state"":""created""},{""detail"":""Initiator identity verified."",""sequence"":4,""source"":""pqc"",""stage"":""client_exchange_authentication"",""state"":""verified""},{""detail"":""Role-local session and confirmation schedules started."",""sequence"":5,""source"":""pqc"",""stage"":""key_schedule"",""state"":""derived""},{""detail"":""Both role-separated Finished messages verified."",""sequence"":6,""source"":""pqc"",""stage"":""finished"",""state"":""verified""},{""detail"":""Confirmed PQC session key released."",""sequence"":7,""source"":""session"",""stage"":""session"",""state"":""established""}],""version"":1}"
1,e6fbca2e-17ff-4e6d-aa4b-11ed0a40bb2b,E1,pqc-base,21,1,7a66a56a-33b5-4dbf-b04e-602f37844654,true,701001,10,5,2026-09-08T07:42:45.621002+00:00,,PQC-BASE,6500,3.14.7,CPython,2.5.0,0.16.0,0.16.0,50.0.1,0.1.0,Windows,11,10.0.26200,AMD64,"Intel64 Family 6 Model 158 Stepping 12, GenuineIntel",ac46477bb374bde1c0ace1ef0bcfbc26b199dcfa,true,1,E1,pqc-base,21,,1,PQC-BASE,,,,low,[],"{""condition_id"":""pqc-base"",""experiment_kind"":""E1"",""qkd_stages"":[],""replicate_index"":21,""seed"":null,""session"":{""internal_pqc_profile"":""low"",""profile"":""PQC-BASE"",""qkd_authentication_profile"":null,""qkd_postprocessing"":null,""qkd_signal_count"":null,""version"":1},""tags"":[],""version"":1}",[],persistent pre-provisioned ML-DSA identities and peer trust,,,858800,667500,1526300,3904,false,1,da58b7b807359f1373d33e1451ebaef3,PQC-BASE,established,,session_key,256,"[{""algorithm"":""ML-KEM-768"",""bit_length"":256,""byte_length"":32,""encoding"":""raw KEM secret via canonical PQC KDF input"",""position"":1,""protocol"":""authenticated KEM handshake"",""source"":""pqc""}]","{""pqc_exchange"":{""algorithm"":""ML-DSA-65"",""executed"":true,""mechanism"":""mutual digital signatures"",""purpose"":""PQC handshake authentication"",""trust_assumption"":""Peer ML-DSA public identities were pre-provisioned out of band."",""verified"":true},""qkd_classical"":null}","{""pqc_protocol_version"":1,""pqc_transcript_hash_sha384"":""4f38e73dd57ed203a84d2113e28323ceb6c74d1b71823b90482f3020a53bb8c9a8fc936855da1d1d99183195065625f8""}",,,,,,,,,,,,,,,,,,,,,,,,,low,"[""ML-KEM-768"",""ML-DSA-65"",""HKDF-SHA-384"",""HMAC-SHA-384""]",5683200,1095700,3211000,1155000,135900,250300,11531100,293400,,5353100,770300,298400,,3167600,768400,352200,,190000,15300,47900,24500,38800,23600,1184,1088,2585,9332,6618,96,3904,,,,,,,,,,,,,,,,,,mutual digital signatures,ML-DSA-65,true,true,2,2,6618,Peer ML-DSA public identities were pre-provisioned out of band.,,,,,,,,,,,,,,,,,11654900,"{""events"":[{""detail"":""PQC-BASE"",""sequence"":0,""source"":""session"",""stage"":""session"",""state"":""started""},{""detail"":""Responder KEM offer signed."",""sequence"":1,""source"":""pqc"",""stage"":""server_offer"",""state"":""created""},{""detail"":""Responder identity verified."",""sequence"":2,""source"":""pqc"",""stage"":""server_offer_authentication"",""state"":""verified""},{""detail"":""Initiator encapsulations signed."",""sequence"":3,""source"":""pqc"",""stage"":""client_exchange"",""state"":""created""},{""detail"":""Initiator identity verified."",""sequence"":4,""source"":""pqc"",""stage"":""client_exchange_authentication"",""state"":""verified""},{""detail"":""Role-local session and confirmation schedules started."",""sequence"":5,""source"":""pqc"",""stage"":""key_schedule"",""state"":""derived""},{""detail"":""Both role-separated Finished messages verified."",""sequence"":6,""source"":""pqc"",""stage"":""finished"",""state"":""verified""},{""detail"":""Confirmed PQC session key released."",""sequence"":7,""source"":""session"",""stage"":""session"",""state"":""established""}],""version"":1}"
1,16fe262f-f7c4-4217-bc2f-d3e5d09b6506,E1,pqc-base,11,1,7a66a56a-33b5-4dbf-b04e-602f37844654,true,701001,10,6,2026-09-08T07:42:45.692675+00:00,,PQC-BASE,6500,3.14.7,CPython,2.5.0,0.16.0,0.16.0,50.0.1,0.1.0,Windows,11,10.0.26200,AMD64,"Intel64 Family 6 Model 158 Stepping 12, GenuineIntel",ac46477bb374bde1c0ace1ef0bcfbc26b199dcfa,true,1,E1,pqc-base,11,,1,PQC-BASE,,,,low,[],"{""condition_id"":""pqc-base"",""experiment_kind"":""E1"",""qkd_stages"":[],""replicate_index"":11,""seed"":null,""session"":{""internal_pqc_profile"":""low"",""profile"":""PQC-BASE"",""qkd_authentication_profile"":null,""qkd_postprocessing"":null,""qkd_signal_count"":null,""version"":1},""tags"":[],""version"":1}",[],persistent pre-provisioned ML-DSA identities and peer trust,,,858800,667500,1526300,3904,false,1,e15b4d1f9dca714734609de43228c59a,PQC-BASE,established,,session_key,256,"[{""algorithm"":""ML-KEM-768"",""bit_length"":256,""byte_length"":32,""encoding"":""raw KEM secret via canonical PQC KDF input"",""position"":1,""protocol"":""authenticated KEM handshake"",""source"":""pqc""}]","{""pqc_exchange"":{""algorithm"":""ML-DSA-65"",""executed"":true,""mechanism"":""mutual digital signatures"",""purpose"":""PQC handshake authentication"",""trust_assumption"":""Peer ML-DSA public identities were pre-provisioned out of band."",""verified"":true},""qkd_classical"":null}","{""pqc_protocol_version"":1,""pqc_transcript_hash_sha384"":""947653cb9276f2f41f4c717c2d13ca3bea8180aa399a0e1ef4ad2003e00e2acb15b525800cc3fcb3721e63c965f044be""}",,,,,,,,,,,,,,,,,,,,,,,,,low,"[""ML-KEM-768"",""ML-DSA-65"",""HKDF-SHA-384"",""HMAC-SHA-384""]",2430600,1093600,7430400,1158200,135700,248400,12496900,292600,,2101800,769800,298000,,7385600,768200,350300,,190200,15000,48400,24500,38400,23400,1184,1088,2585,9332,6618,96,3904,,,,,,,,,,,,,,,,,,mutual digital signatures,ML-DSA-65,true,true,2,2,6618,Peer ML-DSA public identities were pre-provisioned out of band.,,,,,,,,,,,,,,,,,12618700,"{""events"":[{""detail"":""PQC-BASE"",""sequence"":0,""source"":""session"",""stage"":""session"",""state"":""started""},{""detail"":""Responder KEM offer signed."",""sequence"":1,""source"":""pqc"",""stage"":""server_offer"",""state"":""created""},{""detail"":""Responder identity verified."",""sequence"":2,""source"":""pqc"",""stage"":""server_offer_authentication"",""state"":""verified""},{""detail"":""Initiator encapsulations signed."",""sequence"":3,""source"":""pqc"",""stage"":""client_exchange"",""state"":""created""},{""detail"":""Initiator identity verified."",""sequence"":4,""source"":""pqc"",""stage"":""client_exchange_authentication"",""state"":""verified""},{""detail"":""Role-local session and confirmation schedules started."",""sequence"":5,""source"":""pqc"",""stage"":""key_schedule"",""state"":""derived""},{""detail"":""Both role-separated Finished messages verified."",""sequence"":6,""source"":""pqc"",""stage"":""finished"",""state"":""verified""},{""detail"":""Confirmed PQC session key released."",""sequence"":7,""source"":""session"",""stage"":""session"",""state"":""established""}],""version"":1}"
1,4bfbf42b-6a59-4a6f-9116-400cb0f2ed49,E1,pqc-base,42,1,7a66a56a-33b5-4dbf-b04e-602f37844654,true,701001,10,7,2026-09-08T07:42:45.763709+00:00,,PQC-BASE,6500,3.14.7,CPython,2.5.0,0.16.0,0.16.0,50.0.1,0.1.0,Windows,11,10.0.26200,AMD64,"Intel64 Family 6 Model 158 Stepping 12, GenuineIntel",ac46477bb374bde1c0ace1ef0bcfbc26b199dcfa,true,1,E1,pqc-base,42,,1,PQC-BASE,,,,low,[],"{""condition_id"":""pqc-base"",""experiment_kind"":""E1"",""qkd_stages"":[],""replicate_index"":42,""seed"":null,""session"":{""internal_pqc_profile"":""low"",""profile"":""PQC-BASE"",""qkd_authentication_profile"":null,""qkd_postprocessing"":null,""qkd_signal_count"":null,""version"":1},""tags"":[],""version"":1}",[],persistent pre-provisioned ML-DSA identities and peer trust,,,858800,667500,1526300,3904,false,1,949570194ab4ef47bfc8b9a491af8872,PQC-BASE,established,,session_key,256,"[{""algorithm"":""ML-KEM-768"",""bit_length"":256,""byte_length"":32,""encoding"":""raw KEM secret via canonical PQC KDF input"",""position"":1,""protocol"":""authenticated KEM handshake"",""source"":""pqc""}]","{""pqc_exchange"":{""algorithm"":""ML-DSA-65"",""executed"":true,""mechanism"":""mutual digital signatures"",""purpose"":""PQC handshake authentication"",""trust_assumption"":""Peer ML-DSA public identities were pre-provisioned out of band."",""verified"":true},""qkd_classical"":null}","{""pqc_protocol_version"":1,""pqc_transcript_hash_sha384"":""48129b4cdc74c45655e373b44dbec4ff7af6980b080dbf2065768e3a34f048323cc1af849dd1254a96cd0345cbde44fd""}",,,,,,,,,,,,,,,,,,,,,,,,,low,"[""ML-KEM-768"",""ML-DSA-65"",""HKDF-SHA-384"",""HMAC-SHA-384""]",2307800,1244700,8234100,1188700,139600,250300,13365200,313700,,1949800,849600,346800,,8159500,778500,358700,,215200,15800,50000,24200,39900,24200,1184,1088,2585,9332,6618,96,3904,,,,,,,,,,,,,,,,,,mutual digital signatures,ML-DSA-65,true,true,2,2,6618,Peer ML-DSA public identities were pre-provisioned out of band.,,,,,,,,,,,,,,,,,13502700,"{""events"":[{""detail"":""PQC-BASE"",""sequence"":0,""source"":""session"",""stage"":""session"",""state"":""started""},{""detail"":""Responder KEM offer signed."",""sequence"":1,""source"":""pqc"",""stage"":""server_offer"",""state"":""created""},{""detail"":""Responder identity verified."",""sequence"":2,""source"":""pqc"",""stage"":""server_offer_authentication"",""state"":""verified""},{""detail"":""Initiator encapsulations signed."",""sequence"":3,""source"":""pqc"",""stage"":""client_exchange"",""state"":""created""},{""detail"":""Initiator identity verified."",""sequence"":4,""source"":""pqc"",""stage"":""client_exchange_authentication"",""state"":""verified""},{""detail"":""Role-local session and confirmation schedules started."",""sequence"":5,""source"":""pqc"",""stage"":""key_schedule"",""state"":""derived""},{""detail"":""Both role-separated Finished messages verified."",""sequence"":6,""source"":""pqc"",""stage"":""finished"",""state"":""verified""},{""detail"":""Confirmed PQC session key released."",""sequence"":7,""source"":""session"",""stage"":""session"",""state"":""established""}],""version"":1}"
1,b453122c-02bd-409b-9173-0f2ec7ebcf2e,E1,pqc-diverse,12,1,7a66a56a-33b5-4dbf-b04e-602f37844654,true,701001,10,8,2026-09-08T07:42:45.910559+00:00,,PQC-DIVERSE,6820,3.14.7,CPython,2.5.0,0.16.0,0.16.0,50.0.1,0.1.0,Windows,11,10.0.26200,AMD64,"Intel64 Family 6 Model 158 Stepping 12, GenuineIntel",ac46477bb374bde1c0ace1ef0bcfbc26b199dcfa,true,1,E1,pqc-diverse,12,,1,PQC-DIVERSE,,,,high,[],"{""condition_id"":""pqc-diverse"",""experiment_kind"":""E1"",""qkd_stages"":[],""replicate_index"":12,""seed"":null,""session"":{""internal_pqc_profile"":""high"",""profile"":""PQC-DIVERSE"",""qkd_authentication_profile"":null,""qkd_postprocessing"":null,""qkd_signal_count"":null,""version"":1},""tags"":[],""version"":1}",[],persistent pre-provisioned ML-DSA identities and peer trust,,,858800,667500,1526300,3904,false,1,f1d08f2b69984b5103a6801787c32c0c,PQC-DIVERSE,established,,session_key,256,"[{""algorithm"":""ML-KEM-768"",""bit_length"":256,""byte_length"":32,""encoding"":""raw KEM secret via canonical PQC KDF input"",""position"":1,""protocol"":""authenticated KEM handshake"",""source"":""pqc""},{""algorithm"":""HQC-3"",""bit_length"":256,""byte_length"":32,""encoding"":""raw KEM secret via canonical PQC KDF input"",""position"":2,""protocol"":""authenticated KEM handshake"",""source"":""pqc""}]","{""pqc_exchange"":{""algorithm"":""ML-DSA-65"",""executed"":true,""mechanism"":""mutual digital signatures"",""purpose"":""PQC handshake authentication"",""trust_assumption"":""Peer ML-DSA public identities were pre-provisioned out of band."",""verified"":true},""qkd_classical"":null}","{""pqc_protocol_version"":1,""pqc_transcript_hash_sha384"":""82c01c66decba12c238a03bb26eebef4177f76a561fe22ecc2cf54f2f4824550da48f67f70dc50c64f6dc73335050da7""}",,,,,,,,,,,,,,,,,,,,,,,,,high,"[""ML-KEM-768"",""HQC-3"",""ML-DSA-65"",""HKDF-SHA-384"",""HMAC-SHA-384""]",15816600,27622400,2779000,41502900,193300,363100,88277300,293800,13213000,2261700,853600,311800,26413400,2712200,900300,356700,40188100,371000,20400,51700,27000,40200,23900,5698,10066,16105,22852,6618,96,3904,,,,,,,,,,,,,,,,,,mutual digital signatures,ML-DSA-65,true,true,2,2,6618,Peer ML-DSA public identities were pre-provisioned out of band.,,,,,,,,,,,,,,,,,88461500,"{""events"":[{""detail"":""PQC-DIVERSE"",""sequence"":0,""source"":""session"",""stage"":""session"",""state"":""started""},{""detail"":""Responder KEM offer signed."",""sequence"":1,""source"":""pqc"",""stage"":""server_offer"",""state"":""created""},{""detail"":""Responder identity verified."",""sequence"":2,""source"":""pqc"",""stage"":""server_offer_authentication"",""state"":""verified""},{""detail"":""Initiator encapsulations signed."",""sequence"":3,""source"":""pqc"",""stage"":""client_exchange"",""state"":""created""},{""detail"":""Initiator identity verified."",""sequence"":4,""source"":""pqc"",""stage"":""client_exchange_authentication"",""state"":""verified""},{""detail"":""Role-local session and confirmation schedules started."",""sequence"":5,""source"":""pqc"",""stage"":""key_schedule"",""state"":""derived""},{""detail"":""Both role-separated Finished messages verified."",""sequence"":6,""source"":""pqc"",""stage"":""finished"",""state"":""verified""},{""detail"":""Confirmed PQC session key released."",""sequence"":7,""source"":""session"",""stage"":""session"",""state"":""established""}],""version"":1}"
1,f5cc2e96-f8ba-4053-819c-48c133e313d7,E1,pqc-base,3,1,7a66a56a-33b5-4dbf-b04e-602f37844654,true,701001,10,9,2026-09-08T07:42:45.979306+00:00,,PQC-BASE,6496,3.14.7,CPython,2.5.0,0.16.0,0.16.0,50.0.1,0.1.0,Windows,11,10.0.26200,AMD64,"Intel64 Family 6 Model 158 Stepping 12, GenuineIntel",ac46477bb374bde1c0ace1ef0bcfbc26b199dcfa,true,1,E1,pqc-base,3,,1,PQC-BASE,,,,low,[],"{""condition_id"":""pqc-base"",""experiment_kind"":""E1"",""qkd_stages"":[],""replicate_index"":3,""seed"":null,""session"":{""internal_pqc_profile"":""low"",""profile"":""PQC-BASE"",""qkd_authentication_profile"":null,""qkd_postprocessing"":null,""qkd_signal_count"":null,""version"":1},""tags"":[],""version"":1}",[],persistent pre-provisioned ML-DSA identities and peer trust,,,858800,667500,1526300,3904,false,1,4a451f69d0c20a541876061df2dae910,PQC-BASE,established,,session_key,256,"[{""algorithm"":""ML-KEM-768"",""bit_length"":256,""byte_length"":32,""encoding"":""raw KEM secret via canonical PQC KDF input"",""position"":1,""protocol"":""authenticated KEM handshake"",""source"":""pqc""}]","{""pqc_exchange"":{""algorithm"":""ML-DSA-65"",""executed"":true,""mechanism"":""mutual digital signatures"",""purpose"":""PQC handshake authentication"",""trust_assumption"":""Peer ML-DSA public identities were pre-provisioned out of band."",""verified"":true},""qkd_classical"":null}","{""pqc_protocol_version"":1,""pqc_transcript_hash_sha384"":""084afe1d54063364f3d889a571bdf56cdc374dc3a16e576905776464ca86f54fac5adab72cbb01421c713bdce0e9a345""}",,,,,,,,,,,,,,,,,,,,,,,,,low,"[""ML-KEM-768"",""ML-DSA-65"",""HKDF-SHA-384"",""HMAC-SHA-384""]",5300800,1117400,1776700,1151700,137900,249600,9734100,306700,,4952800,775000,313100,,1731200,764000,355300,,188500,15400,50400,24700,38000,23900,1184,1088,2585,9332,6618,96,3904,,,,,,,,,,,,,,,,,,mutual digital signatures,ML-DSA-65,true,true,2,2,6618,Peer ML-DSA public identities were pre-provisioned out of band.,,,,,,,,,,,,,,,,,9855600,"{""events"":[{""detail"":""PQC-BASE"",""sequence"":0,""source"":""session"",""stage"":""session"",""state"":""started""},{""detail"":""Responder KEM offer signed."",""sequence"":1,""source"":""pqc"",""stage"":""server_offer"",""state"":""created""},{""detail"":""Responder identity verified."",""sequence"":2,""source"":""pqc"",""stage"":""server_offer_authentication"",""state"":""verified""},{""detail"":""Initiator encapsulations signed."",""sequence"":3,""source"":""pqc"",""stage"":""client_exchange"",""state"":""created""},{""detail"":""Initiator identity verified."",""sequence"":4,""source"":""pqc"",""stage"":""client_exchange_authentication"",""state"":""verified""},{""detail"":""Role-local session and confirmation schedules started."",""sequence"":5,""source"":""pqc"",""stage"":""key_schedule"",""state"":""derived""},{""detail"":""Both role-separated Finished messages verified."",""sequence"":6,""source"":""pqc"",""stage"":""finished"",""state"":""verified""},{""detail"":""Confirmed PQC session key released."",""sequence"":7,""source"":""session"",""stage"":""session"",""state"":""established""}],""version"":1}"
1,bbb7eff9-ffc3-42ed-a240-06fb80e8160e,E1,pqc-diverse,5,1,7a66a56a-33b5-4dbf-b04e-602f37844654,true,701001,10,10,2026-09-08T07:42:46.132383+00:00,,PQC-DIVERSE,6819,3.14.7,CPython,2.5.0,0.16.0,0.16.0,50.0.1,0.1.0,Windows,11,10.0.26200,AMD64,"Intel64 Family 6 Model 158 Stepping 12, GenuineIntel",ac46477bb374bde1c0ace1ef0bcfbc26b199dcfa,true,1,E1,pqc-diverse,5,,1,PQC-DIVERSE,,,,high,[],"{""condition_id"":""pqc-diverse"",""experiment_kind"":""E1"",""qkd_stages"":[],""replicate_index"":5,""seed"":null,""session"":{""internal_pqc_profile"":""high"",""profile"":""PQC-DIVERSE"",""qkd_authentication_profile"":null,""qkd_postprocessing"":null,""qkd_signal_count"":null,""version"":1},""tags"":[],""version"":1}",[],persistent pre-provisioned ML-DSA identities and peer trust,,,858800,667500,1526300,3904,false,1,1cebc2c923a1cf53dbd1e6df1f7b3cf3,PQC-DIVERSE,established,,session_key,256,"[{""algorithm"":""ML-KEM-768"",""bit_length"":256,""byte_length"":32,""encoding"":""raw KEM secret via canonical PQC KDF input"",""position"":1,""protocol"":""authenticated KEM handshake"",""source"":""pqc""},{""algorithm"":""HQC-3"",""bit_length"":256,""byte_length"":32,""encoding"":""raw KEM secret via canonical PQC KDF input"",""position"":2,""protocol"":""authenticated KEM handshake"",""source"":""pqc""}]","{""pqc_exchange"":{""algorithm"":""ML-DSA-65"",""executed"":true,""mechanism"":""mutual digital signatures"",""purpose"":""PQC handshake authentication"",""trust_assumption"":""Peer ML-DSA public identities were pre-provisioned out of band."",""verified"":true},""qkd_classical"":null}","{""pqc_protocol_version"":1,""pqc_transcript_hash_sha384"":""3fea0f9105e9d5cd87d7658dae4e782af8e3adaf549a1692af933607cb730e8a47a054df04279f79125f6c197e859d52""}",,,,,,,,,,,,,,,,,,,,,,,,,high,"[""ML-KEM-768"",""HQC-3"",""ML-DSA-65"",""HKDF-SHA-384"",""HMAC-SHA-384""]",19318800,27626700,4802100,41586400,195500,340500,93870000,299900,13212900,5756800,853500,308400,26419900,4729000,907500,361000,40249100,366500,20600,51800,25500,39600,23900,5698,10066,16105,22852,6618,96,3904,,,,,,,,,,,,,,,,,,mutual digital signatures,ML-DSA-65,true,true,2,2,6618,Peer ML-DSA public identities were pre-provisioned out of band.,,,,,,,,,,,,,,,,,94063200,"{""events"":[{""detail"":""PQC-DIVERSE"",""sequence"":0,""source"":""session"",""stage"":""session"",""state"":""started""},{""detail"":""Responder KEM offer signed."",""sequence"":1,""source"":""pqc"",""stage"":""server_offer"",""state"":""created""},{""detail"":""Responder identity verified."",""sequence"":2,""source"":""pqc"",""stage"":""server_offer_authentication"",""state"":""verified""},{""detail"":""Initiator encapsulations signed."",""sequence"":3,""source"":""pqc"",""stage"":""client_exchange"",""state"":""created""},{""detail"":""Initiator identity verified."",""sequence"":4,""source"":""pqc"",""stage"":""client_exchange_authentication"",""state"":""verified""},{""detail"":""Role-local session and confirmation schedules started."",""sequence"":5,""source"":""pqc"",""stage"":""key_schedule"",""state"":""derived""},{""detail"":""Both role-separated Finished messages verified."",""sequence"":6,""source"":""pqc"",""stage"":""finished"",""state"":""verified""},{""detail"":""Confirmed PQC session key released."",""sequence"":7,""source"":""session"",""stage"":""session"",""state"":""established""}],""version"":1}"
1,14989391-a992-4048-9b4d-382cf6c64cb9,E1,pqc-base,12,1,7a66a56a-33b5-4dbf-b04e-602f37844654,true,701001,10,11,2026-09-08T07:42:46.198900+00:00,,PQC-BASE,6499,3.14.7,CPython,2.5.0,0.16.0,0.16.0,50.0.1,0.1.0,Windows,11,10.0.26200,AMD64,"Intel64 Family 6 Model 158 Stepping 12, GenuineIntel",ac46477bb374bde1c0ace1ef0bcfbc26b199dcfa,true,1,E1,pqc-base,12,,1,PQC-BASE,,,,low,[],"{""condition_id"":""pqc-base"",""experiment_kind"":""E1"",""qkd_stages"":[],""replicate_index"":12,""seed"":null,""session"":{""internal_pqc_profile"":""low"",""profile"":""PQC-BASE"",""qkd_authentication_profile"":null,""qkd_postprocessing"":null,""qkd_signal_count"":null,""version"":1},""tags"":[],""version"":1}",[],persistent pre-provisioned ML-DSA identities and peer trust,,,858800,667500,1526300,3904,false,1,98cf5c0e7a209ef367119d2f06a20702,PQC-BASE,established,,session_key,256,"[{""algorithm"":""ML-KEM-768"",""bit_length"":256,""byte_length"":32,""encoding"":""raw KEM secret via canonical PQC KDF input"",""position"":1,""protocol"":""authenticated KEM handshake"",""source"":""pqc""}]","{""pqc_exchange"":{""algorithm"":""ML-DSA-65"",""executed"":true,""mechanism"":""mutual digital signatures"",""purpose"":""PQC handshake authentication"",""trust_assumption"":""Peer ML-DSA public identities were pre-provisioned out of band."",""verified"":true},""qkd_classical"":null}","{""pqc_protocol_version"":1,""pqc_transcript_hash_sha384"":""4c8b394a08207a501ea1b1122f750b4bd1cff2a2acd167624702750136d7839c29faa47161309252b6debee3136b3bfe""}",,,,,,,,,,,,,,,,,,,,,,,,,low,"[""ML-KEM-768"",""ML-DSA-65"",""HKDF-SHA-384"",""HMAC-SHA-384""]",1876200,1096900,3426900,1140600,132200,251200,7924000,295600,,1544300,771600,298800,,3383300,762700,345300,,188000,14700,46200,24800,37500,23500,1184,1088,2585,9332,6618,96,3904,,,,,,,,,,,,,,,,,,mutual digital signatures,ML-DSA-65,true,true,2,2,6618,Peer ML-DSA public identities were pre-provisioned out of band.,,,,,,,,,,,,,,,,,8042500,"{""events"":[{""detail"":""PQC-BASE"",""sequence"":0,""source"":""session"",""stage"":""session"",""state"":""started""},{""detail"":""Responder KEM offer signed."",""sequence"":1,""source"":""pqc"",""stage"":""server_offer"",""state"":""created""},{""detail"":""Responder identity verified."",""sequence"":2,""source"":""pqc"",""stage"":""server_offer_authentication"",""state"":""verified""},{""detail"":""Initiator encapsulations signed."",""sequence"":3,""source"":""pqc"",""stage"":""client_exchange"",""state"":""created""},{""detail"":""Initiator identity verified."",""sequence"":4,""source"":""pqc"",""stage"":""client_exchange_authentication"",""state"":""verified""},{""detail"":""Role-local session and confirmation schedules started."",""sequence"":5,""source"":""pqc"",""stage"":""key_schedule"",""state"":""derived""},{""detail"":""Both role-separated Finished messages verified."",""sequence"":6,""source"":""pqc"",""stage"":""finished"",""state"":""verified""},{""detail"":""Confirmed PQC session key released."",""sequence"":7,""source"":""session"",""stage"":""session"",""state"":""established""}],""version"":1}"
1,26ae4870-135c-4787-97fb-98174c2841e6,E1,pqc-base,1,1,7a66a56a-33b5-4dbf-b04e-602f37844654,true,701001,10,12,2026-09-08T07:42:46.264911+00:00,,PQC-BASE,6497,3.14.7,CPython,2.5.0,0.16.0,0.16.0,50.0.1,0.1.0,Windows,11,10.0.26200,AMD64,"Intel64 Family 6 Model 158 Stepping 12, GenuineIntel",ac46477bb374bde1c0ace1ef0bcfbc26b199dcfa,true,1,E1,pqc-base,1,,1,PQC-BASE,,,,low,[],"{""condition_id"":""pqc-base"",""experiment_kind"":""E1"",""qkd_stages"":[],""replicate_index"":1,""seed"":null,""session"":{""internal_pqc_profile"":""low"",""profile"":""PQC-BASE"",""qkd_authentication_profile"":null,""qkd_postprocessing"":null,""qkd_signal_count"":null,""version"":1},""tags"":[],""version"":1}",[],persistent pre-provisioned ML-DSA identities and peer trust,,,858800,667500,1526300,3904,false,1,e10cc5b88b6a7f7871b356c0e7a8979b,PQC-BASE,established,,session_key,256,"[{""algorithm"":""ML-KEM-768"",""bit_length"":256,""byte_length"":32,""encoding"":""raw KEM secret via canonical PQC KDF input"",""position"":1,""protocol"":""authenticated KEM handshake"",""source"":""pqc""}]","{""pqc_exchange"":{""algorithm"":""ML-DSA-65"",""executed"":true,""mechanism"":""mutual digital signatures"",""purpose"":""PQC handshake authentication"",""trust_assumption"":""Peer ML-DSA public identities were pre-provisioned out of band."",""verified"":true},""qkd_classical"":null}","{""pqc_protocol_version"":1,""pqc_transcript_hash_sha384"":""8906d2e0ea3025c0ce5ff8e8a853864694569151f7a8d2b86c88c5be6f7f85b13e2c204f53d3790254dbc57edb09ac1b""}",,,,,,,,,,,,,,,,,,,,,,,,,low,"[""ML-KEM-768"",""ML-DSA-65"",""HKDF-SHA-384"",""HMAC-SHA-384""]",2255600,1094300,3211900,1141400,133300,251600,8088100,292700,,1926900,770200,298200,,3168700,762900,345500,,187000,14700,46600,24500,38200,27200,1184,1088,2585,9332,6618,96,3904,,,,,,,,,,,,,,,,,,mutual digital signatures,ML-DSA-65,true,true,2,2,6618,Peer ML-DSA public identities were pre-provisioned out of band.,,,,,,,,,,,,,,,,,8205000,"{""events"":[{""detail"":""PQC-BASE"",""sequence"":0,""source"":""session"",""stage"":""session"",""state"":""started""},{""detail"":""Responder KEM offer signed."",""sequence"":1,""source"":""pqc"",""stage"":""server_offer"",""state"":""created""},{""detail"":""Responder identity verified."",""sequence"":2,""source"":""pqc"",""stage"":""server_offer_authentication"",""state"":""verified""},{""detail"":""Initiator encapsulations signed."",""sequence"":3,""source"":""pqc"",""stage"":""client_exchange"",""state"":""created""},{""detail"":""Initiator identity verified."",""sequence"":4,""source"":""pqc"",""stage"":""client_exchange_authentication"",""state"":""verified""},{""detail"":""Role-local session and confirmation schedules started."",""sequence"":5,""source"":""pqc"",""stage"":""key_schedule"",""state"":""derived""},{""detail"":""Both role-separated Finished messages verified."",""sequence"":6,""source"":""pqc"",""stage"":""finished"",""state"":""verified""},{""detail"":""Confirmed PQC session key released."",""sequence"":7,""source"":""session"",""stage"":""session"",""state"":""established""}],""version"":1}"
1,18632517-72ac-4ab8-85a8-25f0dafd6328,E1,pqc-base,17,1,7a66a56a-33b5-4dbf-b04e-602f37844654,true,701001,10,13,2026-09-08T07:42:46.329112+00:00,,PQC-BASE,6499,3.14.7,CPython,2.5.0,0.16.0,0.16.0,50.0.1,0.1.0,Windows,11,10.0.26200,AMD64,"Intel64 Family 6 Model 158 Stepping 12, GenuineIntel",ac46477bb374bde1c0ace1ef0bcfbc26b199dcfa,true,1,E1,pqc-base,17,,1,PQC-BASE,,,,low,[],"{""condition_id"":""pqc-base"",""experiment_kind"":""E1"",""qkd_stages"":[],""replicate_index"":17,""seed"":null,""session"":{""internal_pqc_profile"":""low"",""profile"":""PQC-BASE"",""qkd_authentication_profile"":null,""qkd_postprocessing"":null,""qkd_signal_count"":null,""version"":1},""tags"":[],""version"":1}",[],persistent pre-provisioned ML-DSA identities and peer trust,,,858800,667500,1526300,3904,false,1,b2a63eb23d92e06ae7825d5bf375444a,PQC-BASE,established,,session_key,256,"[{""algorithm"":""ML-KEM-768"",""bit_length"":256,""byte_length"":32,""encoding"":""raw KEM secret via canonical PQC KDF input"",""position"":1,""protocol"":""authenticated KEM handshake"",""source"":""pqc""}]","{""pqc_exchange"":{""algorithm"":""ML-DSA-65"",""executed"":true,""mechanism"":""mutual digital signatures"",""purpose"":""PQC handshake authentication"",""trust_assumption"":""Peer ML-DSA public identities were pre-provisioned out of band."",""verified"":true},""qkd_classical"":null}","{""pqc_protocol_version"":1,""pqc_transcript_hash_sha384"":""f335af3eeb5711b9c945de6bed0c24afeaa42f9bfa00108e2e1fd62d9392f3732ec22cd10c7508022ffcc402368706fd""}",,,,,,,,,,,,,,,,,,,,,,,,,low,"[""ML-KEM-768"",""ML-DSA-65"",""HKDF-SHA-384"",""HMAC-SHA-384""]",1986800,1093900,1261900,1159200,133400,247600,5882800,294400,,1656800,768000,298700,,1218900,762800,363500,,187700,14500,46200,24200,38000,23500,1184,1088,2585,9332,6618,96,3904,,,,,,,,,,,,,,,,,,mutual digital signatures,ML-DSA-65,true,true,2,2,6618,Peer ML-DSA public identities were pre-provisioned out of band.,,,,,,,,,,,,,,,,,6007800,"{""events"":[{""detail"":""PQC-BASE"",""sequence"":0,""source"":""session"",""stage"":""session"",""state"":""started""},{""detail"":""Responder KEM offer signed."",""sequence"":1,""source"":""pqc"",""stage"":""server_offer"",""state"":""created""},{""detail"":""Responder identity verified."",""sequence"":2,""source"":""pqc"",""stage"":""server_offer_authentication"",""state"":""verified""},{""detail"":""Initiator encapsulations signed."",""sequence"":3,""source"":""pqc"",""stage"":""client_exchange"",""state"":""created""},{""detail"":""Initiator identity verified."",""sequence"":4,""source"":""pqc"",""stage"":""client_exchange_authentication"",""state"":""verified""},{""detail"":""Role-local session and confirmation schedules started."",""sequence"":5,""source"":""pqc"",""stage"":""key_schedule"",""state"":""derived""},{""detail"":""Both role-separated Finished messages verified."",""sequence"":6,""source"":""pqc"",""stage"":""finished"",""state"":""verified""},{""detail"":""Confirmed PQC session key released."",""sequence"":7,""source"":""session"",""stage"":""session"",""state"":""established""}],""version"":1}"
1,1c55f619-a04a-4768-b531-84c52e6db6d7,E1,pqc-diverse,18,1,7a66a56a-33b5-4dbf-b04e-602f37844654,true,701001,10,14,2026-09-08T07:42:46.476652+00:00,,PQC-DIVERSE,6821,3.14.7,CPython,2.5.0,0.16.0,0.16.0,50.0.1,0.1.0,Windows,11,10.0.26200,AMD64,"Intel64 Family 6 Model 158 Stepping 12, GenuineIntel",ac46477bb374bde1c0ace1ef0bcfbc26b199dcfa,true,1,E1,pqc-diverse,18,,1,PQC-DIVERSE,,,,high,[],"{""condition_id"":""pqc-diverse"",""experiment_kind"":""E1"",""qkd_stages"":[],""replicate_index"":18,""seed"":null,""session"":{""internal_pqc_profile"":""high"",""profile"":""PQC-DIVERSE"",""qkd_authentication_profile"":null,""qkd_postprocessing"":null,""qkd_signal_count"":null,""version"":1},""tags"":[],""version"":1}",[],persistent pre-provisioned ML-DSA identities and peer trust,,,858800,667500,1526300,3904,false,1,15c5cfba53e0962d287fbac4def2b0a1,PQC-DIVERSE,established,,session_key,256,"[{""algorithm"":""ML-KEM-768"",""bit_length"":256,""byte_length"":32,""encoding"":""raw KEM secret via canonical PQC KDF input"",""position"":1,""protocol"":""authenticated KEM handshake"",""source"":""pqc""},{""algorithm"":""HQC-3"",""bit_length"":256,""byte_length"":32,""encoding"":""raw KEM secret via canonical PQC KDF input"",""position"":2,""protocol"":""authenticated KEM handshake"",""source"":""pqc""}]","{""pqc_exchange"":{""algorithm"":""ML-DSA-65"",""executed"":true,""mechanism"":""mutual digital signatures"",""purpose"":""PQC handshake authentication"",""trust_assumption"":""Peer ML-DSA public identities were pre-provisioned out of band."",""verified"":true},""qkd_classical"":null}","{""pqc_protocol_version"":1,""pqc_transcript_hash_sha384"":""caff69e8f965cb691d5fcb25501f264dc39c985b0ef8bb043be3e4688cdf4b21601d04c92b4e55809de43001b631d314""}",,,,,,,,,,,,,,,,,,,,,,,,,high,"[""ML-KEM-768"",""HQC-3"",""ML-DSA-65"",""HKDF-SHA-384"",""HMAC-SHA-384""]",15658600,27696700,2246400,41666700,195400,341700,87805500,312300,13324500,1959100,863500,311900,26474200,2179500,901600,352800,40352000,360000,20600,51100,25400,39700,23900,5698,10066,16105,22852,6618,96,3904,,,,,,,,,,,,,,,,,,mutual digital signatures,ML-DSA-65,true,true,2,2,6618,Peer ML-DSA public identities were pre-provisioned out of band.,,,,,,,,,,,,,,,,,87998000,"{""events"":[{""detail"":""PQC-DIVERSE"",""sequence"":0,""source"":""session"",""stage"":""session"",""state"":""started""},{""detail"":""Responder KEM offer signed."",""sequence"":1,""source"":""pqc"",""stage"":""server_offer"",""state"":""created""},{""detail"":""Responder identity verified."",""sequence"":2,""source"":""pqc"",""stage"":""server_offer_authentication"",""state"":""verified""},{""detail"":""Initiator encapsulations signed."",""sequence"":3,""source"":""pqc"",""stage"":""client_exchange"",""state"":""created""},{""detail"":""Initiator identity verified."",""sequence"":4,""source"":""pqc"",""stage"":""client_exchange_authentication"",""state"":""verified""},{""detail"":""Role-local session and confirmation schedules started."",""sequence"":5,""source"":""pqc"",""stage"":""key_schedule"",""state"":""derived""},{""detail"":""Both role-separated Finished messages verified."",""sequence"":6,""source"":""pqc"",""stage"":""finished"",""state"":""verified""},{""detail"":""Confirmed PQC session key released."",""sequence"":7,""source"":""session"",""stage"":""session"",""state"":""established""}],""version"":1}"
1,c4e0b4e4-51a1-4e15-afd0-ee2825ede28e,E1,pqc-diverse,48,1,7a66a56a-33b5-4dbf-b04e-602f37844654,true,701001,10,15,2026-09-08T07:42:46.621970+00:00,,PQC-DIVERSE,6821,3.14.7,CPython,2.5.0,0.16.0,0.16.0,50.0.1,0.1.0,Windows,11,10.0.26200,AMD64,"Intel64 Family 6 Model 158 Stepping 12, GenuineIntel",ac46477bb374bde1c0ace1ef0bcfbc26b199dcfa,true,1,E1,pqc-diverse,48,,1,PQC-DIVERSE,,,,high,[],"{""condition_id"":""pqc-diverse"",""experiment_kind"":""E1"",""qkd_stages"":[],""replicate_index"":48,""seed"":null,""session"":{""internal_pqc_profile"":""high"",""profile"":""PQC-DIVERSE"",""qkd_authentication_profile"":null,""qkd_postprocessing"":null,""qkd_signal_count"":null,""version"":1},""tags"":[],""version"":1}",[],persistent pre-provisioned ML-DSA identities and peer trust,,,858800,667500,1526300,3904,false,1,b792c40e926021679228ce203ce8f3b5,PQC-DIVERSE,established,,session_key,256,"[{""algorithm"":""ML-KEM-768"",""bit_length"":256,""byte_length"":32,""encoding"":""raw KEM secret via canonical PQC KDF input"",""position"":1,""protocol"":""authenticated KEM handshake"",""source"":""pqc""},{""algorithm"":""HQC-3"",""bit_length"":256,""byte_length"":32,""encoding"":""raw KEM secret via canonical PQC KDF input"",""position"":2,""protocol"":""authenticated KEM handshake"",""source"":""pqc""}]","{""pqc_exchange"":{""algorithm"":""ML-DSA-65"",""executed"":true,""mechanism"":""mutual digital signatures"",""purpose"":""PQC handshake authentication"",""trust_assumption"":""Peer ML-DSA public identities were pre-provisioned out of band."",""verified"":true},""qkd_classical"":null}","{""pqc_protocol_version"":1,""pqc_transcript_hash_sha384"":""16a1beeb23df8a572c88a901f52e67b49a561f76cf803d10f41db47ba6a73db70c1db1ee712ad80de2f87dabfe4d0952""}",,,,,,,,,,,,,,,,,,,,,,,,,high,"[""ML-KEM-768"",""HQC-3"",""ML-DSA-65"",""HKDF-SHA-384"",""HMAC-SHA-384""]",14891900,27602300,2192200,41492200,192200,339200,86710000,297200,13244100,1306600,838600,300800,26422900,2124900,898400,357100,40181700,345500,20100,51100,25400,39900,23700,5698,10066,16105,22852,6618,96,3904,,,,,,,,,,,,,,,,,,mutual digital signatures,ML-DSA-65,true,true,2,2,6618,Peer ML-DSA public identities were pre-provisioned out of band.,,,,,,,,,,,,,,,,,86886800,"{""events"":[{""detail"":""PQC-DIVERSE"",""sequence"":0,""source"":""session"",""stage"":""session"",""state"":""started""},{""detail"":""Responder KEM offer signed."",""sequence"":1,""source"":""pqc"",""stage"":""server_offer"",""state"":""created""},{""detail"":""Responder identity verified."",""sequence"":2,""source"":""pqc"",""stage"":""server_offer_authentication"",""state"":""verified""},{""detail"":""Initiator encapsulations signed."",""sequence"":3,""source"":""pqc"",""stage"":""client_exchange"",""state"":""created""},{""detail"":""Initiator identity verified."",""sequence"":4,""source"":""pqc"",""stage"":""client_exchange_authentication"",""state"":""verified""},{""detail"":""Role-local session and confirmation schedules started."",""sequence"":5,""source"":""pqc"",""stage"":""key_schedule"",""state"":""derived""},{""detail"":""Both role-separated Finished messages verified."",""sequence"":6,""source"":""pqc"",""stage"":""finished"",""state"":""verified""},{""detail"":""Confirmed PQC session key released."",""sequence"":7,""source"":""session"",""stage"":""session"",""state"":""established""}],""version"":1}"
1,f523c7c5-adbc-4c87-aa87-ef53194b95f9,E1,pqc-diverse,41,1,7a66a56a-33b5-4dbf-b04e-602f37844654,true,701001,10,16,2026-09-08T07:42:46.769365+00:00,,PQC-DIVERSE,6821,3.14.7,CPython,2.5.0,0.16.0,0.16.0,50.0.1,0.1.0,Windows,11,10.0.26200,AMD64,"Intel64 Family 6 Model 158 Stepping 12, GenuineIntel",ac46477bb374bde1c0ace1ef0bcfbc26b199dcfa,true,1,E1,pqc-diverse,41,,1,PQC-DIVERSE,,,,high,[],"{""condition_id"":""pqc-diverse"",""experiment_kind"":""E1"",""qkd_stages"":[],""replicate_index"":41,""seed"":null,""session"":{""internal_pqc_profile"":""high"",""profile"":""PQC-DIVERSE"",""qkd_authentication_profile"":null,""qkd_postprocessing"":null,""qkd_signal_count"":null,""version"":1},""tags"":[],""version"":1}",[],persistent pre-provisioned ML-DSA identities and peer trust,,,858800,667500,1526300,3904,false,1,b3a14b8d93f457283532e32de5a4fbf6,PQC-DIVERSE,established,,session_key,256,"[{""algorithm"":""ML-KEM-768"",""bit_length"":256,""byte_length"":32,""encoding"":""raw KEM secret via canonical PQC KDF input"",""position"":1,""protocol"":""authenticated KEM handshake"",""source"":""pqc""},{""algorithm"":""HQC-3"",""bit_length"":256,""byte_length"":32,""encoding"":""raw KEM secret via canonical PQC KDF input"",""position"":2,""protocol"":""authenticated KEM handshake"",""source"":""pqc""}]","{""pqc_exchange"":{""algorithm"":""ML-DSA-65"",""executed"":true,""mechanism"":""mutual digital signatures"",""purpose"":""PQC handshake authentication"",""trust_assumption"":""Peer ML-DSA public identities were pre-provisioned out of band."",""verified"":true},""qkd_classical"":null}","{""pqc_protocol_version"":1,""pqc_transcript_hash_sha384"":""26428f98336ca3c0dbebccb15b78ef1f650dca7a2763c8bea93179d7716d2c593b36ec744369c2a9a61e80fd34dae4fe""}",,,,,,,,,,,,,,,,,,,,,,,,,high,"[""ML-KEM-768"",""HQC-3"",""ML-DSA-65"",""HKDF-SHA-384"",""HMAC-SHA-384""]",15198800,28583400,3094400,41489500,195000,344800,88905900,295000,13240600,1619700,838900,299300,27403600,3023500,903200,356800,40173500,350400,21400,52700,25700,40400,24000,5698,10066,16105,22852,6618,96,3904,,,,,,,,,,,,,,,,,,mutual digital signatures,ML-DSA-65,true,true,2,2,6618,Peer ML-DSA public identities were pre-provisioned out of band.,,,,,,,,,,,,,,,,,89088100,"{""events"":[{""detail"":""PQC-DIVERSE"",""sequence"":0,""source"":""session"",""stage"":""session"",""state"":""started""},{""detail"":""Responder KEM offer signed."",""sequence"":1,""source"":""pqc"",""stage"":""server_offer"",""state"":""created""},{""detail"":""Responder identity verified."",""sequence"":2,""source"":""pqc"",""stage"":""server_offer_authentication"",""state"":""verified""},{""detail"":""Initiator encapsulations signed."",""sequence"":3,""source"":""pqc"",""stage"":""client_exchange"",""state"":""created""},{""detail"":""Initiator identity verified."",""sequence"":4,""source"":""pqc"",""stage"":""client_exchange_authentication"",""state"":""verified""},{""detail"":""Role-local session and confirmation schedules started."",""sequence"":5,""source"":""pqc"",""stage"":""key_schedule"",""state"":""derived""},{""detail"":""Both role-separated Finished messages verified."",""sequence"":6,""source"":""pqc"",""stage"":""finished"",""state"":""verified""},{""detail"":""Confirmed PQC session key released."",""sequence"":7,""source"":""session"",""stage"":""session"",""state"":""established""}],""version"":1}"
1,b923b50b-1bb0-4fff-a4bf-4b16aaf07708,E1,pqc-base,4,1,7a66a56a-33b5-4dbf-b04e-602f37844654,true,701001,10,17,2026-09-08T07:42:46.841293+00:00,,PQC-BASE,6499,3.14.7,CPython,2.5.0,0.16.0,0.16.0,50.0.1,0.1.0,Windows,11,10.0.26200,AMD64,"Intel64 Family 6 Model 158 Stepping 12, GenuineIntel",ac46477bb374bde1c0ace1ef0bcfbc26b199dcfa,true,1,E1,pqc-base,4,,1,PQC-BASE,,,,low,[],"{""condition_id"":""pqc-base"",""experiment_kind"":""E1"",""qkd_stages"":[],""replicate_index"":4,""seed"":null,""session"":{""internal_pqc_profile"":""low"",""profile"":""PQC-BASE"",""qkd_authentication_profile"":null,""qkd_postprocessing"":null,""qkd_signal_count"":null,""version"":1},""tags"":[],""version"":1}",[],persistent pre-provisioned ML-DSA identities and peer trust,,,858800,667500,1526300,3904,false,1,5607f12ab37a75ee0f90e9019bcaf034,PQC-BASE,established,,session_key,256,"[{""algorithm"":""ML-KEM-768"",""bit_length"":256,""byte_length"":32,""encoding"":""raw KEM secret via canonical PQC KDF input"",""position"":1,""protocol"":""authenticated KEM handshake"",""source"":""pqc""}]","{""pqc_exchange"":{""algorithm"":""ML-DSA-65"",""executed"":true,""mechanism"":""mutual digital signatures"",""purpose"":""PQC handshake authentication"",""trust_assumption"":""Peer ML-DSA public identities were pre-provisioned out of band."",""verified"":true},""qkd_classical"":null}","{""pqc_protocol_version"":1,""pqc_transcript_hash_sha384"":""a07fd21e5e4e683c469f3f41807d1ad3c4bf3b3c0728abb70dfffc4002dcf7f8809347c18b1421747045def908eac35f""}",,,,,,,,,,,,,,,,,,,,,,,,,low,"[""ML-KEM-768"",""ML-DSA-65"",""HKDF-SHA-384"",""HMAC-SHA-384""]",7118000,1102400,3940700,1197900,140500,252700,13752200,299500,,6782300,771000,304500,,3892600,779700,368000,,202000,16600,50200,24400,39200,23300,1184,1088,2585,9332,6618,96,3904,,,,,,,,,,,,,,,,,,mutual digital signatures,ML-DSA-65,true,true,2,2,6618,Peer ML-DSA public identities were pre-provisioned out of band.,,,,,,,,,,,,,,,,,13880400,"{""events"":[{""detail"":""PQC-BASE"",""sequence"":0,""source"":""session"",""stage"":""session"",""state"":""started""},{""detail"":""Responder KEM offer signed."",""sequence"":1,""source"":""pqc"",""stage"":""server_offer"",""state"":""created""},{""detail"":""Responder identity verified."",""sequence"":2,""source"":""pqc"",""stage"":""server_offer_authentication"",""state"":""verified""},{""detail"":""Initiator encapsulations signed."",""sequence"":3,""source"":""pqc"",""stage"":""client_exchange"",""state"":""created""},{""detail"":""Initiator identity verified."",""sequence"":4,""source"":""pqc"",""stage"":""client_exchange_authentication"",""state"":""verified""},{""detail"":""Role-local session and confirmation schedules started."",""sequence"":5,""source"":""pqc"",""stage"":""key_schedule"",""state"":""derived""},{""detail"":""Both role-separated Finished messages verified."",""sequence"":6,""source"":""pqc"",""stage"":""finished"",""state"":""verified""},{""detail"":""Confirmed PQC session key released."",""sequence"":7,""source"":""session"",""stage"":""session"",""state"":""established""}],""version"":1}"
1,c76a493b-33f3-4100-aef3-8144e724dd79,E1,pqc-diverse,47,1,7a66a56a-33b5-4dbf-b04e-602f37844654,true,701001,10,18,2026-09-08T07:42:46.988905+00:00,,PQC-DIVERSE,6821,3.14.7,CPython,2.5.0,0.16.0,0.16.0,50.0.1,0.1.0,Windows,11,10.0.26200,AMD64,"Intel64 Family 6 Model 158 Stepping 12, GenuineIntel",ac46477bb374bde1c0ace1ef0bcfbc26b199dcfa,true,1,E1,pqc-diverse,47,,1,PQC-DIVERSE,,,,high,[],"{""condition_id"":""pqc-diverse"",""experiment_kind"":""E1"",""qkd_stages"":[],""replicate_index"":47,""seed"":null,""session"":{""internal_pqc_profile"":""high"",""profile"":""PQC-DIVERSE"",""qkd_authentication_profile"":null,""qkd_postprocessing"":null,""qkd_signal_count"":null,""version"":1},""tags"":[],""version"":1}",[],persistent pre-provisioned ML-DSA identities and peer trust,,,858800,667500,1526300,3904,false,1,53f1ef970f6f539ef2a533eca05020ee,PQC-DIVERSE,established,,session_key,256,"[{""algorithm"":""ML-KEM-768"",""bit_length"":256,""byte_length"":32,""encoding"":""raw KEM secret via canonical PQC KDF input"",""position"":1,""protocol"":""authenticated KEM handshake"",""source"":""pqc""},{""algorithm"":""HQC-3"",""bit_length"":256,""byte_length"":32,""encoding"":""raw KEM secret via canonical PQC KDF input"",""position"":2,""protocol"":""authenticated KEM handshake"",""source"":""pqc""}]","{""pqc_exchange"":{""algorithm"":""ML-DSA-65"",""executed"":true,""mechanism"":""mutual digital signatures"",""purpose"":""PQC handshake authentication"",""trust_assumption"":""Peer ML-DSA public identities were pre-provisioned out of band."",""verified"":true},""qkd_classical"":null}","{""pqc_protocol_version"":1,""pqc_transcript_hash_sha384"":""d6deccbe150eae1d53de228aba1ebcdbd5321e81179b4f51c99fed3518485de3d7c868fd0d7a5c4ad55e73f9d5475b75""}",,,,,,,,,,,,,,,,,,,,,,,,,high,"[""ML-KEM-768"",""HQC-3"",""ML-DSA-65"",""HKDF-SHA-384"",""HMAC-SHA-384""]",18577200,27614200,1446300,41549700,199700,349700,89736800,292900,13249500,4989700,835500,302300,26440000,1381500,899400,353200,40237900,357800,22000,53300,26300,45900,24100,5698,10066,16105,22852,6618,96,3904,,,,,,,,,,,,,,,,,,mutual digital signatures,ML-DSA-65,true,true,2,2,6618,Peer ML-DSA public identities were pre-provisioned out of band.,,,,,,,,,,,,,,,,,89927500,"{""events"":[{""detail"":""PQC-DIVERSE"",""sequence"":0,""source"":""session"",""stage"":""session"",""state"":""started""},{""detail"":""Responder KEM offer signed."",""sequence"":1,""source"":""pqc"",""stage"":""server_offer"",""state"":""created""},{""detail"":""Responder identity verified."",""sequence"":2,""source"":""pqc"",""stage"":""server_offer_authentication"",""state"":""verified""},{""detail"":""Initiator encapsulations signed."",""sequence"":3,""source"":""pqc"",""stage"":""client_exchange"",""state"":""created""},{""detail"":""Initiator identity verified."",""sequence"":4,""source"":""pqc"",""stage"":""client_exchange_authentication"",""state"":""verified""},{""detail"":""Role-local session and confirmation schedules started."",""sequence"":5,""source"":""pqc"",""stage"":""key_schedule"",""state"":""derived""},{""detail"":""Both role-separated Finished messages verified."",""sequence"":6,""source"":""pqc"",""stage"":""finished"",""state"":""verified""},{""detail"":""Confirmed PQC session key released."",""sequence"":7,""source"":""session"",""stage"":""session"",""state"":""established""}],""version"":1}"
1,3caa5f99-09cd-4c0a-8dfb-4523e3a38823,E1,pqc-diverse,6,1,7a66a56a-33b5-4dbf-b04e-602f37844654,true,701001,10,19,2026-09-08T07:42:47.136679+00:00,,PQC-DIVERSE,6819,3.14.7,CPython,2.5.0,0.16.0,0.16.0,50.0.1,0.1.0,Windows,11,10.0.26200,AMD64,"Intel64 Family 6 Model 158 Stepping 12, GenuineIntel",ac46477bb374bde1c0ace1ef0bcfbc26b199dcfa,true,1,E1,pqc-diverse,6,,1,PQC-DIVERSE,,,,high,[],"{""condition_id"":""pqc-diverse"",""experiment_kind"":""E1"",""qkd_stages"":[],""replicate_index"":6,""seed"":null,""session"":{""internal_pqc_profile"":""high"",""profile"":""PQC-DIVERSE"",""qkd_authentication_profile"":null,""qkd_postprocessing"":null,""qkd_signal_count"":null,""version"":1},""tags"":[],""version"":1}",[],persistent pre-provisioned ML-DSA identities and peer trust,,,858800,667500,1526300,3904,false,1,561a615cba031df9b235f2fee36b991e,PQC-DIVERSE,established,,session_key,256,"[{""algorithm"":""ML-KEM-768"",""bit_length"":256,""byte_length"":32,""encoding"":""raw KEM secret via canonical PQC KDF input"",""position"":1,""protocol"":""authenticated KEM handshake"",""source"":""pqc""},{""algorithm"":""HQC-3"",""bit_length"":256,""byte_length"":32,""encoding"":""raw KEM secret via canonical PQC KDF input"",""position"":2,""protocol"":""authenticated KEM handshake"",""source"":""pqc""}]","{""pqc_exchange"":{""algorithm"":""ML-DSA-65"",""executed"":true,""mechanism"":""mutual digital signatures"",""purpose"":""PQC handshake authentication"",""trust_assumption"":""Peer ML-DSA public identities were pre-provisioned out of band."",""verified"":true},""qkd_classical"":null}","{""pqc_protocol_version"":1,""pqc_transcript_hash_sha384"":""85706c04374bf717faa6c5bc967e467778417f70340b03eaee0d65296fd86274cffa4bb34d2dc9a312950fa2886d06cf""}",,,,,,,,,,,,,,,,,,,,,,,,,high,"[""ML-KEM-768"",""HQC-3"",""ML-DSA-65"",""HKDF-SHA-384"",""HMAC-SHA-384""]",17102500,27704200,1964300,41491100,195700,345100,88802900,292900,13247200,3516100,834800,304500,26526800,1896500,901700,356900,40176900,351800,21100,52100,25700,41000,24200,5698,10066,16105,22852,6618,96,3904,,,,,,,,,,,,,,,,,,mutual digital signatures,ML-DSA-65,true,true,2,2,6618,Peer ML-DSA public identities were pre-provisioned out of band.,,,,,,,,,,,,,,,,,88986600,"{""events"":[{""detail"":""PQC-DIVERSE"",""sequence"":0,""source"":""session"",""stage"":""session"",""state"":""started""},{""detail"":""Responder KEM offer signed."",""sequence"":1,""source"":""pqc"",""stage"":""server_offer"",""state"":""created""},{""detail"":""Responder identity verified."",""sequence"":2,""source"":""pqc"",""stage"":""server_offer_authentication"",""state"":""verified""},{""detail"":""Initiator encapsulations signed."",""sequence"":3,""source"":""pqc"",""stage"":""client_exchange"",""state"":""created""},{""detail"":""Initiator identity verified."",""sequence"":4,""source"":""pqc"",""stage"":""client_exchange_authentication"",""state"":""verified""},{""detail"":""Role-local session and confirmation schedules started."",""sequence"":5,""source"":""pqc"",""stage"":""key_schedule"",""state"":""derived""},{""detail"":""Both role-separated Finished messages verified."",""sequence"":6,""source"":""pqc"",""stage"":""finished"",""state"":""verified""},{""detail"":""Confirmed PQC session key released."",""sequence"":7,""source"":""session"",""stage"":""session"",""state"":""established""}],""version"":1}"
1,6019972d-1ab0-4bbe-8008-dcf980c45d3c,E1,pqc-diverse,33,1,7a66a56a-33b5-4dbf-b04e-602f37844654,true,701001,10,20,2026-09-08T07:42:47.285331+00:00,,PQC-DIVERSE,6821,3.14.7,CPython,2.5.0,0.16.0,0.16.0,50.0.1,0.1.0,Windows,11,10.0.26200,AMD64,"Intel64 Family 6 Model 158 Stepping 12, GenuineIntel",ac46477bb374bde1c0ace1ef0bcfbc26b199dcfa,true,1,E1,pqc-diverse,33,,1,PQC-DIVERSE,,,,high,[],"{""condition_id"":""pqc-diverse"",""experiment_kind"":""E1"",""qkd_stages"":[],""replicate_index"":33,""seed"":null,""session"":{""internal_pqc_profile"":""high"",""profile"":""PQC-DIVERSE"",""qkd_authentication_profile"":null,""qkd_postprocessing"":null,""qkd_signal_count"":null,""version"":1},""tags"":[],""version"":1}",[],persistent pre-provisioned ML-DSA identities and peer trust,,,858800,667500,1526300,3904,false,1,5fb865d40784b7153020acf51c90cb89,PQC-DIVERSE,established,,session_key,256,"[{""algorithm"":""ML-KEM-768"",""bit_length"":256,""byte_length"":32,""encoding"":""raw KEM secret via canonical PQC KDF input"",""position"":1,""protocol"":""authenticated KEM handshake"",""source"":""pqc""},{""algorithm"":""HQC-3"",""bit_length"":256,""byte_length"":32,""encoding"":""raw KEM secret via canonical PQC KDF input"",""position"":2,""protocol"":""authenticated KEM handshake"",""source"":""pqc""}]","{""pqc_exchange"":{""algorithm"":""ML-DSA-65"",""executed"":true,""mechanism"":""mutual digital signatures"",""purpose"":""PQC handshake authentication"",""trust_assumption"":""Peer ML-DSA public identities were pre-provisioned out of band."",""verified"":true},""qkd_classical"":null}","{""pqc_protocol_version"":1,""pqc_transcript_hash_sha384"":""8db50689d6996a1d006e46caf528e545af46b393a9719277ed37cdb9b1a48bb8ac25ebe9f6873baa2d9fbf1ff3eb25db""}",,,,,,,,,,,,,,,,,,,,,,,,,high,"[""ML-KEM-768"",""HQC-3"",""ML-DSA-65"",""HKDF-SHA-384"",""HMAC-SHA-384""]",15108000,27686800,5006600,41485000,195400,340000,89821800,352900,13319200,1385300,852500,329400,26464600,4932100,904500,357100,40168400,351500,21100,52400,25900,39800,23900,5698,10066,16105,22852,6618,96,3904,,,,,,,,,,,,,,,,,,mutual digital signatures,ML-DSA-65,true,true,2,2,6618,Peer ML-DSA public identities were pre-provisioned out of band.,,,,,,,,,,,,,,,,,89997800,"{""events"":[{""detail"":""PQC-DIVERSE"",""sequence"":0,""source"":""session"",""stage"":""session"",""state"":""started""},{""detail"":""Responder KEM offer signed."",""sequence"":1,""source"":""pqc"",""stage"":""server_offer"",""state"":""created""},{""detail"":""Responder identity verified."",""sequence"":2,""source"":""pqc"",""stage"":""server_offer_authentication"",""state"":""verified""},{""detail"":""Initiator encapsulations signed."",""sequence"":3,""source"":""pqc"",""stage"":""client_exchange"",""state"":""created""},{""detail"":""Initiator identity verified."",""sequence"":4,""source"":""pqc"",""stage"":""client_exchange_authentication"",""state"":""verified""},{""detail"":""Role-local session and confirmation schedules started."",""sequence"":5,""source"":""pqc"",""stage"":""key_schedule"",""state"":""derived""},{""detail"":""Both role-separated Finished messages verified."",""sequence"":6,""source"":""pqc"",""stage"":""finished"",""state"":""verified""},{""detail"":""Confirmed PQC session key released."",""sequence"":7,""source"":""session"",""stage"":""session"",""state"":""established""}],""version"":1}"
1,59d2e482-c658-4f62-bf6e-87f515efd28b,E1,pqc-diverse,30,1,7a66a56a-33b5-4dbf-b04e-602f37844654,true,701001,10,21,2026-09-08T07:42:47.433081+00:00,,PQC-DIVERSE,6821,3.14.7,CPython,2.5.0,0.16.0,0.16.0,50.0.1,0.1.0,Windows,11,10.0.26200,AMD64,"Intel64 Family 6 Model 158 Stepping 12, GenuineIntel",ac46477bb374bde1c0ace1ef0bcfbc26b199dcfa,true,1,E1,pqc-diverse,30,,1,PQC-DIVERSE,,,,high,[],"{""condition_id"":""pqc-diverse"",""experiment_kind"":""E1"",""qkd_stages"":[],""replicate_index"":30,""seed"":null,""session"":{""internal_pqc_profile"":""high"",""profile"":""PQC-DIVERSE"",""qkd_authentication_profile"":null,""qkd_postprocessing"":null,""qkd_signal_count"":null,""version"":1},""tags"":[],""version"":1}",[],persistent pre-provisioned ML-DSA identities and peer trust,,,858800,667500,1526300,3904,false,1,27c13b94ba1c52c719614f97942291a1,PQC-DIVERSE,established,,session_key,256,"[{""algorithm"":""ML-KEM-768"",""bit_length"":256,""byte_length"":32,""encoding"":""raw KEM secret via canonical PQC KDF input"",""position"":1,""protocol"":""authenticated KEM handshake"",""source"":""pqc""},{""algorithm"":""HQC-3"",""bit_length"":256,""byte_length"":32,""encoding"":""raw KEM secret via canonical PQC KDF input"",""position"":2,""protocol"":""authenticated KEM handshake"",""source"":""pqc""}]","{""pqc_exchange"":{""algorithm"":""ML-DSA-65"",""executed"":true,""mechanism"":""mutual digital signatures"",""purpose"":""PQC handshake authentication"",""trust_assumption"":""Peer ML-DSA public identities were pre-provisioned out of band."",""verified"":true},""qkd_classical"":null}","{""pqc_protocol_version"":1,""pqc_transcript_hash_sha384"":""7367ee77e184bf9c0514d8fc39d7979fb3ff9a56c15b1b4e05d805bfe2649b5c3dce68143310febab01e67b328c58d3e""}",,,,,,,,,,,,,,,,,,,,,,,,,high,"[""ML-KEM-768"",""HQC-3"",""ML-DSA-65"",""HKDF-SHA-384"",""HMAC-SHA-384""]",18088100,27672700,1484200,41669400,203000,355200,89472600,294900,13250500,4496400,838300,301600,26493200,1409900,923100,369200,40306700,381700,21800,52400,27400,39700,23600,5698,10066,16105,22852,6618,96,3904,,,,,,,,,,,,,,,,,,mutual digital signatures,ML-DSA-65,true,true,2,2,6618,Peer ML-DSA public identities were pre-provisioned out of band.,,,,,,,,,,,,,,,,,89668600,"{""events"":[{""detail"":""PQC-DIVERSE"",""sequence"":0,""source"":""session"",""stage"":""session"",""state"":""started""},{""detail"":""Responder KEM offer signed."",""sequence"":1,""source"":""pqc"",""stage"":""server_offer"",""state"":""created""},{""detail"":""Responder identity verified."",""sequence"":2,""source"":""pqc"",""stage"":""server_offer_authentication"",""state"":""verified""},{""detail"":""Initiator encapsulations signed."",""sequence"":3,""source"":""pqc"",""stage"":""client_exchange"",""state"":""created""},{""detail"":""Initiator identity verified."",""sequence"":4,""source"":""pqc"",""stage"":""client_exchange_authentication"",""state"":""verified""},{""detail"":""Role-local session and confirmation schedules started."",""sequence"":5,""source"":""pqc"",""stage"":""key_schedule"",""state"":""derived""},{""detail"":""Both role-separated Finished messages verified."",""sequence"":6,""source"":""pqc"",""stage"":""finished"",""state"":""verified""},{""detail"":""Confirmed PQC session key released."",""sequence"":7,""source"":""session"",""stage"":""session"",""state"":""established""}],""version"":1}"
1,528f1393-5e0a-4054-90ef-73eeeea7cd9b,E1,pqc-diverse,19,1,7a66a56a-33b5-4dbf-b04e-602f37844654,true,701001,10,22,2026-09-08T07:42:47.579142+00:00,,PQC-DIVERSE,6821,3.14.7,CPython,2.5.0,0.16.0,0.16.0,50.0.1,0.1.0,Windows,11,10.0.26200,AMD64,"Intel64 Family 6 Model 158 Stepping 12, GenuineIntel",ac46477bb374bde1c0ace1ef0bcfbc26b199dcfa,true,1,E1,pqc-diverse,19,,1,PQC-DIVERSE,,,,high,[],"{""condition_id"":""pqc-diverse"",""experiment_kind"":""E1"",""qkd_stages"":[],""replicate_index"":19,""seed"":null,""session"":{""internal_pqc_profile"":""high"",""profile"":""PQC-DIVERSE"",""qkd_authentication_profile"":null,""qkd_postprocessing"":null,""qkd_signal_count"":null,""version"":1},""tags"":[],""version"":1}",[],persistent pre-provisioned ML-DSA identities and peer trust,,,858800,667500,1526300,3904,false,1,5e7312be7b06312aa566702c462cb5a3,PQC-DIVERSE,established,,session_key,256,"[{""algorithm"":""ML-KEM-768"",""bit_length"":256,""byte_length"":32,""encoding"":""raw KEM secret via canonical PQC KDF input"",""position"":1,""protocol"":""authenticated KEM handshake"",""source"":""pqc""},{""algorithm"":""HQC-3"",""bit_length"":256,""byte_length"":32,""encoding"":""raw KEM secret via canonical PQC KDF input"",""position"":2,""protocol"":""authenticated KEM handshake"",""source"":""pqc""}]","{""pqc_exchange"":{""algorithm"":""ML-DSA-65"",""executed"":true,""mechanism"":""mutual digital signatures"",""purpose"":""PQC handshake authentication"",""trust_assumption"":""Peer ML-DSA public identities were pre-provisioned out of band."",""verified"":true},""qkd_classical"":null}","{""pqc_protocol_version"":1,""pqc_transcript_hash_sha384"":""a4beff837188af3bff29cdcebbbb8eb882bc410161b2f6f5fc7708ac73f304bb203096d7b5f39a685c92b3d5675feb17""}",,,,,,,,,,,,,,,,,,,,,,,,,high,"[""ML-KEM-768"",""HQC-3"",""ML-DSA-65"",""HKDF-SHA-384"",""HMAC-SHA-384""]",15816800,27568000,1560400,41556200,195800,344600,87041800,293600,13341700,2130000,839300,305700,26384900,1487100,935700,362800,40172800,370300,20900,51200,25500,40900,24200,5698,10066,16105,22852,6618,96,3904,,,,,,,,,,,,,,,,,,mutual digital signatures,ML-DSA-65,true,true,2,2,6618,Peer ML-DSA public identities were pre-provisioned out of band.,,,,,,,,,,,,,,,,,87229900,"{""events"":[{""detail"":""PQC-DIVERSE"",""sequence"":0,""source"":""session"",""stage"":""session"",""state"":""started""},{""detail"":""Responder KEM offer signed."",""sequence"":1,""source"":""pqc"",""stage"":""server_offer"",""state"":""created""},{""detail"":""Responder identity verified."",""sequence"":2,""source"":""pqc"",""stage"":""server_offer_authentication"",""state"":""verified""},{""detail"":""Initiator encapsulations signed."",""sequence"":3,""source"":""pqc"",""stage"":""client_exchange"",""state"":""created""},{""detail"":""Initiator identity verified."",""sequence"":4,""source"":""pqc"",""stage"":""client_exchange_authentication"",""state"":""verified""},{""detail"":""Role-local session and confirmation schedules started."",""sequence"":5,""source"":""pqc"",""stage"":""key_schedule"",""state"":""derived""},{""detail"":""Both role-separated Finished messages verified."",""sequence"":6,""source"":""pqc"",""stage"":""finished"",""state"":""verified""},{""detail"":""Confirmed PQC session key released."",""sequence"":7,""source"":""session"",""stage"":""session"",""state"":""established""}],""version"":1}"
1,e30f2fb0-be89-4df9-b3af-c9d0d971db74,E1,pqc-diverse,40,1,7a66a56a-33b5-4dbf-b04e-602f37844654,true,701001,10,23,2026-09-08T07:42:47.735748+00:00,,PQC-DIVERSE,6822,3.14.7,CPython,2.5.0,0.16.0,0.16.0,50.0.1,0.1.0,Windows,11,10.0.26200,AMD64,"Intel64 Family 6 Model 158 Stepping 12, GenuineIntel",ac46477bb374bde1c0ace1ef0bcfbc26b199dcfa,true,1,E1,pqc-diverse,40,,1,PQC-DIVERSE,,,,high,[],"{""condition_id"":""pqc-diverse"",""experiment_kind"":""E1"",""qkd_stages"":[],""replicate_index"":40,""seed"":null,""session"":{""internal_pqc_profile"":""high"",""profile"":""PQC-DIVERSE"",""qkd_authentication_profile"":null,""qkd_postprocessing"":null,""qkd_signal_count"":null,""version"":1},""tags"":[],""version"":1}",[],persistent pre-provisioned ML-DSA identities and peer trust,,,858800,667500,1526300,3904,false,1,39584e801ce4462c94444c64d2c27fe3,PQC-DIVERSE,established,,session_key,256,"[{""algorithm"":""ML-KEM-768"",""bit_length"":256,""byte_length"":32,""encoding"":""raw KEM secret via canonical PQC KDF input"",""position"":1,""protocol"":""authenticated KEM handshake"",""source"":""pqc""},{""algorithm"":""HQC-3"",""bit_length"":256,""byte_length"":32,""encoding"":""raw KEM secret via canonical PQC KDF input"",""position"":2,""protocol"":""authenticated KEM handshake"",""source"":""pqc""}]","{""pqc_exchange"":{""algorithm"":""ML-DSA-65"",""executed"":true,""mechanism"":""mutual digital signatures"",""purpose"":""PQC handshake authentication"",""trust_assumption"":""Peer ML-DSA public identities were pre-provisioned out of band."",""verified"":true},""qkd_classical"":null}","{""pqc_protocol_version"":1,""pqc_transcript_hash_sha384"":""def4350dd5991f4bd337b28a591457c9fa547eca56700f7b6bb2a1af0b3fbaa12edbc6f07e78a7694127401f873d2f7c""}",,,,,,,,,,,,,,,,,,,,,,,,,high,"[""ML-KEM-768"",""HQC-3"",""ML-DSA-65"",""HKDF-SHA-384"",""HMAC-SHA-384""]",23595400,27629000,4311200,41498600,193400,344600,97572200,293900,13234300,10023400,843300,307100,26436500,4242200,901500,354000,40184500,356000,20700,51500,26000,39800,23600,5698,10066,16105,22852,6618,96,3904,,,,,,,,,,,,,,,,,,mutual digital signatures,ML-DSA-65,true,true,2,2,6618,Peer ML-DSA public identities were pre-provisioned out of band.,,,,,,,,,,,,,,,,,97754400,"{""events"":[{""detail"":""PQC-DIVERSE"",""sequence"":0,""source"":""session"",""stage"":""session"",""state"":""started""},{""detail"":""Responder KEM offer signed."",""sequence"":1,""source"":""pqc"",""stage"":""server_offer"",""state"":""created""},{""detail"":""Responder identity verified."",""sequence"":2,""source"":""pqc"",""stage"":""server_offer_authentication"",""state"":""verified""},{""detail"":""Initiator encapsulations signed."",""sequence"":3,""source"":""pqc"",""stage"":""client_exchange"",""state"":""created""},{""detail"":""Initiator identity verified."",""sequence"":4,""source"":""pqc"",""stage"":""client_exchange_authentication"",""state"":""verified""},{""detail"":""Role-local session and confirmation schedules started."",""sequence"":5,""source"":""pqc"",""stage"":""key_schedule"",""state"":""derived""},{""detail"":""Both role-separated Finished messages verified."",""sequence"":6,""source"":""pqc"",""stage"":""finished"",""state"":""verified""},{""detail"":""Confirmed PQC session key released."",""sequence"":7,""source"":""session"",""stage"":""session"",""state"":""established""}],""version"":1}"
1,3ed47b29-6ddc-4cda-ba16-1d23791b1801,E1,pqc-base,38,1,7a66a56a-33b5-4dbf-b04e-602f37844654,true,701001,10,24,2026-09-08T07:42:47.800062+00:00,,PQC-BASE,6499,3.14.7,CPython,2.5.0,0.16.0,0.16.0,50.0.1,0.1.0,Windows,11,10.0.26200,AMD64,"Intel64 Family 6 Model 158 Stepping 12, GenuineIntel",ac46477bb374bde1c0ace1ef0bcfbc26b199dcfa,true,1,E1,pqc-base,38,,1,PQC-BASE,,,,low,[],"{""condition_id"":""pqc-base"",""experiment_kind"":""E1"",""qkd_stages"":[],""replicate_index"":38,""seed"":null,""session"":{""internal_pqc_profile"":""low"",""profile"":""PQC-BASE"",""qkd_authentication_profile"":null,""qkd_postprocessing"":null,""qkd_signal_count"":null,""version"":1},""tags"":[],""version"":1}",[],persistent pre-provisioned ML-DSA identities and peer trust,,,858800,667500,1526300,3904,false,1,5464be95ba3c74e01d27e839e4028475,PQC-BASE,established,,session_key,256,"[{""algorithm"":""ML-KEM-768"",""bit_length"":256,""byte_length"":32,""encoding"":""raw KEM secret via canonical PQC KDF input"",""position"":1,""protocol"":""authenticated KEM handshake"",""source"":""pqc""}]","{""pqc_exchange"":{""algorithm"":""ML-DSA-65"",""executed"":true,""mechanism"":""mutual digital signatures"",""purpose"":""PQC handshake authentication"",""trust_assumption"":""Peer ML-DSA public identities were pre-provisioned out of band."",""verified"":true},""qkd_classical"":null}","{""pqc_protocol_version"":1,""pqc_transcript_hash_sha384"":""de4a87c96697ad79d2764f0130975ffca4916ea8dba3ecd8a81b9058c368381965aceddcc3585a99bb02c76e9c10a301""}",,,,,,,,,,,,,,,,,,,,,,,,,low,"[""ML-KEM-768"",""ML-DSA-65"",""HKDF-SHA-384"",""HMAC-SHA-384""]",2283700,1094400,1285700,1162700,134200,247600,6208300,294100,,1954000,768200,299400,,1242200,781800,347500,,186100,15000,49200,24800,37800,23500,1184,1088,2585,9332,6618,96,3904,,,,,,,,,,,,,,,,,,mutual digital signatures,ML-DSA-65,true,true,2,2,6618,Peer ML-DSA public identities were pre-provisioned out of band.,,,,,,,,,,,,,,,,,6327400,"{""events"":[{""detail"":""PQC-BASE"",""sequence"":0,""source"":""session"",""stage"":""session"",""state"":""started""},{""detail"":""Responder KEM offer signed."",""sequence"":1,""source"":""pqc"",""stage"":""server_offer"",""state"":""created""},{""detail"":""Responder identity verified."",""sequence"":2,""source"":""pqc"",""stage"":""server_offer_authentication"",""state"":""verified""},{""detail"":""Initiator encapsulations signed."",""sequence"":3,""source"":""pqc"",""stage"":""client_exchange"",""state"":""created""},{""detail"":""Initiator identity verified."",""sequence"":4,""source"":""pqc"",""stage"":""client_exchange_authentication"",""state"":""verified""},{""detail"":""Role-local session and confirmation schedules started."",""sequence"":5,""source"":""pqc"",""stage"":""key_schedule"",""state"":""derived""},{""detail"":""Both role-separated Finished messages verified."",""sequence"":6,""source"":""pqc"",""stage"":""finished"",""state"":""verified""},{""detail"":""Confirmed PQC session key released."",""sequence"":7,""source"":""session"",""stage"":""session"",""state"":""established""}],""version"":1}"
1,3e23108f-2c18-4d24-9917-d3582a4338c4,E1,pqc-base,5,1,7a66a56a-33b5-4dbf-b04e-602f37844654,true,701001,10,25,2026-09-08T07:42:47.864942+00:00,,PQC-BASE,6497,3.14.7,CPython,2.5.0,0.16.0,0.16.0,50.0.1,0.1.0,Windows,11,10.0.26200,AMD64,"Intel64 Family 6 Model 158 Stepping 12, GenuineIntel",ac46477bb374bde1c0ace1ef0bcfbc26b199dcfa,true,1,E1,pqc-base,5,,1,PQC-BASE,,,,low,[],"{""condition_id"":""pqc-base"",""experiment_kind"":""E1"",""qkd_stages"":[],""replicate_index"":5,""seed"":null,""session"":{""internal_pqc_profile"":""low"",""profile"":""PQC-BASE"",""qkd_authentication_profile"":null,""qkd_postprocessing"":null,""qkd_signal_count"":null,""version"":1},""tags"":[],""version"":1}",[],persistent pre-provisioned ML-DSA identities and peer trust,,,858800,667500,1526300,3904,false,1,d64d192dfe7cdd4b68b4b7f7066584a1,PQC-BASE,established,,session_key,256,"[{""algorithm"":""ML-KEM-768"",""bit_length"":256,""byte_length"":32,""encoding"":""raw KEM secret via canonical PQC KDF input"",""position"":1,""protocol"":""authenticated KEM handshake"",""source"":""pqc""}]","{""pqc_exchange"":{""algorithm"":""ML-DSA-65"",""executed"":true,""mechanism"":""mutual digital signatures"",""purpose"":""PQC handshake authentication"",""trust_assumption"":""Peer ML-DSA public identities were pre-provisioned out of band."",""verified"":true},""qkd_classical"":null}","{""pqc_protocol_version"":1,""pqc_transcript_hash_sha384"":""3bf51e4aa06c9a198d47fa935ba9a7106aae49e1eb65f40775a2ad7e9894a0529d1e945514f65051854a751dbd518550""}",,,,,,,,,,,,,,,,,,,,,,,,,low,"[""ML-KEM-768"",""ML-DSA-65"",""HKDF-SHA-384"",""HMAC-SHA-384""]",2046400,1099600,2150600,1148000,134500,252200,6831300,291200,,1720500,772600,300200,,2107500,763700,350900,,188700,15300,46900,25000,38300,24300,1184,1088,2585,9332,6618,96,3904,,,,,,,,,,,,,,,,,,mutual digital signatures,ML-DSA-65,true,true,2,2,6618,Peer ML-DSA public identities were pre-provisioned out of band.,,,,,,,,,,,,,,,,,6957400,"{""events"":[{""detail"":""PQC-BASE"",""sequence"":0,""source"":""session"",""stage"":""session"",""state"":""started""},{""detail"":""Responder KEM offer signed."",""sequence"":1,""source"":""pqc"",""stage"":""server_offer"",""state"":""created""},{""detail"":""Responder identity verified."",""sequence"":2,""source"":""pqc"",""stage"":""server_offer_authentication"",""state"":""verified""},{""detail"":""Initiator encapsulations signed."",""sequence"":3,""source"":""pqc"",""stage"":""client_exchange"",""state"":""created""},{""detail"":""Initiator identity verified."",""sequence"":4,""source"":""pqc"",""stage"":""client_exchange_authentication"",""state"":""verified""},{""detail"":""Role-local session and confirmation schedules started."",""sequence"":5,""source"":""pqc"",""stage"":""key_schedule"",""state"":""derived""},{""detail"":""Both role-separated Finished messages verified."",""sequence"":6,""source"":""pqc"",""stage"":""finished"",""state"":""verified""},{""detail"":""Confirmed PQC session key released."",""sequence"":7,""source"":""session"",""stage"":""session"",""state"":""established""}],""version"":1}"
1,9d43c069-5c71-454e-a157-ef73b3f8825b,E1,pqc-base,36,1,7a66a56a-33b5-4dbf-b04e-602f37844654,true,701001,10,26,2026-09-08T07:42:47.931881+00:00,,PQC-BASE,6499,3.14.7,CPython,2.5.0,0.16.0,0.16.0,50.0.1,0.1.0,Windows,11,10.0.26200,AMD64,"Intel64 Family 6 Model 158 Stepping 12, GenuineIntel",ac46477bb374bde1c0ace1ef0bcfbc26b199dcfa,true,1,E1,pqc-base,36,,1,PQC-BASE,,,,low,[],"{""condition_id"":""pqc-base"",""experiment_kind"":""E1"",""qkd_stages"":[],""replicate_index"":36,""seed"":null,""session"":{""internal_pqc_profile"":""low"",""profile"":""PQC-BASE"",""qkd_authentication_profile"":null,""qkd_postprocessing"":null,""qkd_signal_count"":null,""version"":1},""tags"":[],""version"":1}",[],persistent pre-provisioned ML-DSA identities and peer trust,,,858800,667500,1526300,3904,false,1,208fea1947a430a9c3154228f3c08cec,PQC-BASE,established,,session_key,256,"[{""algorithm"":""ML-KEM-768"",""bit_length"":256,""byte_length"":32,""encoding"":""raw KEM secret via canonical PQC KDF input"",""position"":1,""protocol"":""authenticated KEM handshake"",""source"":""pqc""}]","{""pqc_exchange"":{""algorithm"":""ML-DSA-65"",""executed"":true,""mechanism"":""mutual digital signatures"",""purpose"":""PQC handshake authentication"",""trust_assumption"":""Peer ML-DSA public identities were pre-provisioned out of band."",""verified"":true},""qkd_classical"":null}","{""pqc_protocol_version"":1,""pqc_transcript_hash_sha384"":""92a0c770e69a4c6e6aaf5d383d0a05ac84392584a413c962f0abdabb87aed7d34a09bcf11328632d42273f642cc13196""}",,,,,,,,,,,,,,,,,,,,,,,,,low,"[""ML-KEM-768"",""ML-DSA-65"",""HKDF-SHA-384"",""HMAC-SHA-384""]",1577700,1100300,4360600,1147000,135900,252300,8573800,302100,,1238600,773400,300100,,4317600,762900,348300,,191500,15400,47600,24900,37800,23900,1184,1088,2585,9332,6618,96,3904,,,,,,,,,,,,,,,,,,mutual digital signatures,ML-DSA-65,true,true,2,2,6618,Peer ML-DSA public identities were pre-provisioned out of band.,,,,,,,,,,,,,,,,,8694200,"{""events"":[{""detail"":""PQC-BASE"",""sequence"":0,""source"":""session"",""stage"":""session"",""state"":""started""},{""detail"":""Responder KEM offer signed."",""sequence"":1,""source"":""pqc"",""stage"":""server_offer"",""state"":""created""},{""detail"":""Responder identity verified."",""sequence"":2,""source"":""pqc"",""stage"":""server_offer_authentication"",""state"":""verified""},{""detail"":""Initiator encapsulations signed."",""sequence"":3,""source"":""pqc"",""stage"":""client_exchange"",""state"":""created""},{""detail"":""Initiator identity verified."",""sequence"":4,""source"":""pqc"",""stage"":""client_exchange_authentication"",""state"":""verified""},{""detail"":""Role-local session and confirmation schedules started."",""sequence"":5,""source"":""pqc"",""stage"":""key_schedule"",""state"":""derived""},{""detail"":""Both role-separated Finished messages verified."",""sequence"":6,""source"":""pqc"",""stage"":""finished"",""state"":""verified""},{""detail"":""Confirmed PQC session key released."",""sequence"":7,""source"":""session"",""stage"":""session"",""state"":""established""}],""version"":1}"
1,03148b82-e923-4521-b5ac-27177fbd1d61,E1,pqc-base,22,1,7a66a56a-33b5-4dbf-b04e-602f37844654,true,701001,10,27,2026-09-08T07:42:47.998239+00:00,,PQC-BASE,6499,3.14.7,CPython,2.5.0,0.16.0,0.16.0,50.0.1,0.1.0,Windows,11,10.0.26200,AMD64,"Intel64 Family 6 Model 158 Stepping 12, GenuineIntel",ac46477bb374bde1c0ace1ef0bcfbc26b199dcfa,true,1,E1,pqc-base,22,,1,PQC-BASE,,,,low,[],"{""condition_id"":""pqc-base"",""experiment_kind"":""E1"",""qkd_stages"":[],""replicate_index"":22,""seed"":null,""session"":{""internal_pqc_profile"":""low"",""profile"":""PQC-BASE"",""qkd_authentication_profile"":null,""qkd_postprocessing"":null,""qkd_signal_count"":null,""version"":1},""tags"":[],""version"":1}",[],persistent pre-provisioned ML-DSA identities and peer trust,,,858800,667500,1526300,3904,false,1,a8f85d6f8a5c7aca2c54915a57a293e6,PQC-BASE,established,,session_key,256,"[{""algorithm"":""ML-KEM-768"",""bit_length"":256,""byte_length"":32,""encoding"":""raw KEM secret via canonical PQC KDF input"",""position"":1,""protocol"":""authenticated KEM handshake"",""source"":""pqc""}]","{""pqc_exchange"":{""algorithm"":""ML-DSA-65"",""executed"":true,""mechanism"":""mutual digital signatures"",""purpose"":""PQC handshake authentication"",""trust_assumption"":""Peer ML-DSA public identities were pre-provisioned out of band."",""verified"":true},""qkd_classical"":null}","{""pqc_protocol_version"":1,""pqc_transcript_hash_sha384"":""a6667c9bcb3cb55e679b587ae9cffa7fe184567181dc00c6d9f2d52b61aad98bacddfc87d247581d363c74c23a37ac92""}",,,,,,,,,,,,,,,,,,,,,,,,,low,"[""ML-KEM-768"",""ML-DSA-65"",""HKDF-SHA-384"",""HMAC-SHA-384""]",1943700,1092200,3589300,1145100,133200,249300,8152800,292500,,1615600,766800,298900,,3546700,765700,346400,,187700,14900,47100,25000,38200,23300,1184,1088,2585,9332,6618,96,3904,,,,,,,,,,,,,,,,,,mutual digital signatures,ML-DSA-65,true,true,2,2,6618,Peer ML-DSA public identities were pre-provisioned out of band.,,,,,,,,,,,,,,,,,8271000,"{""events"":[{""detail"":""PQC-BASE"",""sequence"":0,""source"":""session"",""stage"":""session"",""state"":""started""},{""detail"":""Responder KEM offer signed."",""sequence"":1,""source"":""pqc"",""stage"":""server_offer"",""state"":""created""},{""detail"":""Responder identity verified."",""sequence"":2,""source"":""pqc"",""stage"":""server_offer_authentication"",""state"":""verified""},{""detail"":""Initiator encapsulations signed."",""sequence"":3,""source"":""pqc"",""stage"":""client_exchange"",""state"":""created""},{""detail"":""Initiator identity verified."",""sequence"":4,""source"":""pqc"",""stage"":""client_exchange_authentication"",""state"":""verified""},{""detail"":""Role-local session and confirmation schedules started."",""sequence"":5,""source"":""pqc"",""stage"":""key_schedule"",""state"":""derived""},{""detail"":""Both role-separated Finished messages verified."",""sequence"":6,""source"":""pqc"",""stage"":""finished"",""state"":""verified""},{""detail"":""Confirmed PQC session key released."",""sequence"":7,""source"":""session"",""stage"":""session"",""state"":""established""}],""version"":1}"
1,7662643b-1c61-4c0c-8061-1d3dd2db00cc,E1,pqc-diverse,23,1,7a66a56a-33b5-4dbf-b04e-602f37844654,true,701001,10,28,2026-09-08T07:42:48.144902+00:00,,PQC-DIVERSE,6821,3.14.7,CPython,2.5.0,0.16.0,0.16.0,50.0.1,0.1.0,Windows,11,10.0.26200,AMD64,"Intel64 Family 6 Model 158 Stepping 12, GenuineIntel",ac46477bb374bde1c0ace1ef0bcfbc26b199dcfa,true,1,E1,pqc-diverse,23,,1,PQC-DIVERSE,,,,high,[],"{""condition_id"":""pqc-diverse"",""experiment_kind"":""E1"",""qkd_stages"":[],""replicate_index"":23,""seed"":null,""session"":{""internal_pqc_profile"":""high"",""profile"":""PQC-DIVERSE"",""qkd_authentication_profile"":null,""qkd_postprocessing"":null,""qkd_signal_count"":null,""version"":1},""tags"":[],""version"":1}",[],persistent pre-provisioned ML-DSA identities and peer trust,,,858800,667500,1526300,3904,false,1,c481c3d222ea49b8d234bf155168c7e6,PQC-DIVERSE,established,,session_key,256,"[{""algorithm"":""ML-KEM-768"",""bit_length"":256,""byte_length"":32,""encoding"":""raw KEM secret via canonical PQC KDF input"",""position"":1,""protocol"":""authenticated KEM handshake"",""source"":""pqc""},{""algorithm"":""HQC-3"",""bit_length"":256,""byte_length"":32,""encoding"":""raw KEM secret via canonical PQC KDF input"",""position"":2,""protocol"":""authenticated KEM handshake"",""source"":""pqc""}]","{""pqc_exchange"":{""algorithm"":""ML-DSA-65"",""executed"":true,""mechanism"":""mutual digital signatures"",""purpose"":""PQC handshake authentication"",""trust_assumption"":""Peer ML-DSA public identities were pre-provisioned out of band."",""verified"":true},""qkd_classical"":null}","{""pqc_protocol_version"":1,""pqc_transcript_hash_sha384"":""5877da29c01a94ce09cab2858b4947c16d563d9c680089d8007f9bc160ee57201e08d35c9ee79f769e0f2de957a1aea0""}",,,,,,,,,,,,,,,,,,,,,,,,,high,"[""ML-KEM-768"",""HQC-3"",""ML-DSA-65"",""HKDF-SHA-384"",""HMAC-SHA-384""]",16128300,27545900,1461100,41662400,195100,342900,87335700,292900,13251000,2540900,837900,300300,26373900,1400000,982600,380200,40230200,357500,21300,51800,25900,40500,24100,5698,10066,16105,22852,6618,96,3904,,,,,,,,,,,,,,,,,,mutual digital signatures,ML-DSA-65,true,true,2,2,6618,Peer ML-DSA public identities were pre-provisioned out of band.,,,,,,,,,,,,,,,,,87527600,"{""events"":[{""detail"":""PQC-DIVERSE"",""sequence"":0,""source"":""session"",""stage"":""session"",""state"":""started""},{""detail"":""Responder KEM offer signed."",""sequence"":1,""source"":""pqc"",""stage"":""server_offer"",""state"":""created""},{""detail"":""Responder identity verified."",""sequence"":2,""source"":""pqc"",""stage"":""server_offer_authentication"",""state"":""verified""},{""detail"":""Initiator encapsulations signed."",""sequence"":3,""source"":""pqc"",""stage"":""client_exchange"",""state"":""created""},{""detail"":""Initiator identity verified."",""sequence"":4,""source"":""pqc"",""stage"":""client_exchange_authentication"",""state"":""verified""},{""detail"":""Role-local session and confirmation schedules started."",""sequence"":5,""source"":""pqc"",""stage"":""key_schedule"",""state"":""derived""},{""detail"":""Both role-separated Finished messages verified."",""sequence"":6,""source"":""pqc"",""stage"":""finished"",""state"":""verified""},{""detail"":""Confirmed PQC session key released."",""sequence"":7,""source"":""session"",""stage"":""session"",""state"":""established""}],""version"":1}"
1,0c70cab3-604f-4cbc-a677-b6f658f39346,E1,pqc-base,19,1,7a66a56a-33b5-4dbf-b04e-602f37844654,true,701001,10,29,2026-09-08T07:42:48.211323+00:00,,PQC-BASE,6499,3.14.7,CPython,2.5.0,0.16.0,0.16.0,50.0.1,0.1.0,Windows,11,10.0.26200,AMD64,"Intel64 Family 6 Model 158 Stepping 12, GenuineIntel",ac46477bb374bde1c0ace1ef0bcfbc26b199dcfa,true,1,E1,pqc-base,19,,1,PQC-BASE,,,,low,[],"{""condition_id"":""pqc-base"",""experiment_kind"":""E1"",""qkd_stages"":[],""replicate_index"":19,""seed"":null,""session"":{""internal_pqc_profile"":""low"",""profile"":""PQC-BASE"",""qkd_authentication_profile"":null,""qkd_postprocessing"":null,""qkd_signal_count"":null,""version"":1},""tags"":[],""version"":1}",[],persistent pre-provisioned ML-DSA identities and peer trust,,,858800,667500,1526300,3904,false,1,c102b20a7c23fc5ba9619b7a747ee3c0,PQC-BASE,established,,session_key,256,"[{""algorithm"":""ML-KEM-768"",""bit_length"":256,""byte_length"":32,""encoding"":""raw KEM secret via canonical PQC KDF input"",""position"":1,""protocol"":""authenticated KEM handshake"",""source"":""pqc""}]","{""pqc_exchange"":{""algorithm"":""ML-DSA-65"",""executed"":true,""mechanism"":""mutual digital signatures"",""purpose"":""PQC handshake authentication"",""trust_assumption"":""Peer ML-DSA public identities were pre-provisioned out of band."",""verified"":true},""qkd_classical"":null}","{""pqc_protocol_version"":1,""pqc_transcript_hash_sha384"":""5a98516bf7a72927b887db0fc5358311f0964ddfd975d6df36b4a8f4ba0471636f55db97b77504ecf8cea3a7c983d13a""}",,,,,,,,,,,,,,,,,,,,,,,,,low,"[""ML-KEM-768"",""ML-DSA-65"",""HKDF-SHA-384"",""HMAC-SHA-384""]",3992700,1106500,1264600,1150600,138800,248400,7901600,317700,,3634100,768700,310400,,1220400,762300,355800,,189800,15000,51900,24200,38100,23200,1184,1088,2585,9332,6618,96,3904,,,,,,,,,,,,,,,,,,mutual digital signatures,ML-DSA-65,true,true,2,2,6618,Peer ML-DSA public identities were pre-provisioned out of band.,,,,,,,,,,,,,,,,,8023700,"{""events"":[{""detail"":""PQC-BASE"",""sequence"":0,""source"":""session"",""stage"":""session"",""state"":""started""},{""detail"":""Responder KEM offer signed."",""sequence"":1,""source"":""pqc"",""stage"":""server_offer"",""state"":""created""},{""detail"":""Responder identity verified."",""sequence"":2,""source"":""pqc"",""stage"":""server_offer_authentication"",""state"":""verified""},{""detail"":""Initiator encapsulations signed."",""sequence"":3,""source"":""pqc"",""stage"":""client_exchange"",""state"":""created""},{""detail"":""Initiator identity verified."",""sequence"":4,""source"":""pqc"",""stage"":""client_exchange_authentication"",""state"":""verified""},{""detail"":""Role-local session and confirmation schedules started."",""sequence"":5,""source"":""pqc"",""stage"":""key_schedule"",""state"":""derived""},{""detail"":""Both role-separated Finished messages verified."",""sequence"":6,""source"":""pqc"",""stage"":""finished"",""state"":""verified""},{""detail"":""Confirmed PQC session key released."",""sequence"":7,""source"":""session"",""stage"":""session"",""state"":""established""}],""version"":1}"
1,2ca1a3e3-ac69-42b3-91fa-7dbebc1f7afa,E1,pqc-diverse,1,1,7a66a56a-33b5-4dbf-b04e-602f37844654,true,701001,10,30,2026-09-08T07:42:48.370193+00:00,,PQC-DIVERSE,6821,3.14.7,CPython,2.5.0,0.16.0,0.16.0,50.0.1,0.1.0,Windows,11,10.0.26200,AMD64,"Intel64 Family 6 Model 158 Stepping 12, GenuineIntel",ac46477bb374bde1c0ace1ef0bcfbc26b199dcfa,true,1,E1,pqc-diverse,1,,1,PQC-DIVERSE,,,,high,[],"{""condition_id"":""pqc-diverse"",""experiment_kind"":""E1"",""qkd_stages"":[],""replicate_index"":1,""seed"":null,""session"":{""internal_pqc_profile"":""high"",""profile"":""PQC-DIVERSE"",""qkd_authentication_profile"":null,""qkd_postprocessing"":null,""qkd_signal_count"":null,""version"":1},""tags"":[],""version"":1}",[],persistent pre-provisioned ML-DSA identities and peer trust,,,858800,667500,1526300,3904,false,1,921dd8686f4c3ae5d7043f63655beb9d,PQC-DIVERSE,established,,session_key,256,"[{""algorithm"":""ML-KEM-768"",""bit_length"":256,""byte_length"":32,""encoding"":""raw KEM secret via canonical PQC KDF input"",""position"":1,""protocol"":""authenticated KEM handshake"",""source"":""pqc""},{""algorithm"":""HQC-3"",""bit_length"":256,""byte_length"":32,""encoding"":""raw KEM secret via canonical PQC KDF input"",""position"":2,""protocol"":""authenticated KEM handshake"",""source"":""pqc""}]","{""pqc_exchange"":{""algorithm"":""ML-DSA-65"",""executed"":true,""mechanism"":""mutual digital signatures"",""purpose"":""PQC handshake authentication"",""trust_assumption"":""Peer ML-DSA public identities were pre-provisioned out of band."",""verified"":true},""qkd_classical"":null}","{""pqc_protocol_version"":1,""pqc_transcript_hash_sha384"":""eaf2cce9929e0f4c739e2217e18cc6069b16d8a3b0751b8a08fbebe603548e69d7689b499cd5fca4915b5b240ae3df4c""}",,,,,,,,,,,,,,,,,,,,,,,,,high,"[""ML-KEM-768"",""HQC-3"",""ML-DSA-65"",""HKDF-SHA-384"",""HMAC-SHA-384""]",21826000,27591800,8960800,41538700,238200,369100,100524600,303600,13256800,8214300,848000,309000,26394700,8889500,902900,357900,40212200,385200,28100,68200,28000,41900,23900,5698,10066,16105,22852,6618,96,3904,,,,,,,,,,,,,,,,,,mutual digital signatures,ML-DSA-65,true,true,2,2,6618,Peer ML-DSA public identities were pre-provisioned out of band.,,,,,,,,,,,,,,,,,100719600,"{""events"":[{""detail"":""PQC-DIVERSE"",""sequence"":0,""source"":""session"",""stage"":""session"",""state"":""started""},{""detail"":""Responder KEM offer signed."",""sequence"":1,""source"":""pqc"",""stage"":""server_offer"",""state"":""created""},{""detail"":""Responder identity verified."",""sequence"":2,""source"":""pqc"",""stage"":""server_offer_authentication"",""state"":""verified""},{""detail"":""Initiator encapsulations signed."",""sequence"":3,""source"":""pqc"",""stage"":""client_exchange"",""state"":""created""},{""detail"":""Initiator identity verified."",""sequence"":4,""source"":""pqc"",""stage"":""client_exchange_authentication"",""state"":""verified""},{""detail"":""Role-local session and confirmation schedules started."",""sequence"":5,""source"":""pqc"",""stage"":""key_schedule"",""state"":""derived""},{""detail"":""Both role-separated Finished messages verified."",""sequence"":6,""source"":""pqc"",""stage"":""finished"",""state"":""verified""},{""detail"":""Confirmed PQC session key released."",""sequence"":7,""source"":""session"",""stage"":""session"",""state"":""established""}],""version"":1}"
1,8c78d49d-0441-4cd1-a3d4-7abad8865e67,E1,pqc-diverse,38,1,7a66a56a-33b5-4dbf-b04e-602f37844654,true,701001,10,31,2026-09-08T07:42:48.524042+00:00,,PQC-DIVERSE,6821,3.14.7,CPython,2.5.0,0.16.0,0.16.0,50.0.1,0.1.0,Windows,11,10.0.26200,AMD64,"Intel64 Family 6 Model 158 Stepping 12, GenuineIntel",ac46477bb374bde1c0ace1ef0bcfbc26b199dcfa,true,1,E1,pqc-diverse,38,,1,PQC-DIVERSE,,,,high,[],"{""condition_id"":""pqc-diverse"",""experiment_kind"":""E1"",""qkd_stages"":[],""replicate_index"":38,""seed"":null,""session"":{""internal_pqc_profile"":""high"",""profile"":""PQC-DIVERSE"",""qkd_authentication_profile"":null,""qkd_postprocessing"":null,""qkd_signal_count"":null,""version"":1},""tags"":[],""version"":1}",[],persistent pre-provisioned ML-DSA identities and peer trust,,,858800,667500,1526300,3904,false,1,41acf14baf771aa0cde85c7b99bf23af,PQC-DIVERSE,established,,session_key,256,"[{""algorithm"":""ML-KEM-768"",""bit_length"":256,""byte_length"":32,""encoding"":""raw KEM secret via canonical PQC KDF input"",""position"":1,""protocol"":""authenticated KEM handshake"",""source"":""pqc""},{""algorithm"":""HQC-3"",""bit_length"":256,""byte_length"":32,""encoding"":""raw KEM secret via canonical PQC KDF input"",""position"":2,""protocol"":""authenticated KEM handshake"",""source"":""pqc""}]","{""pqc_exchange"":{""algorithm"":""ML-DSA-65"",""executed"":true,""mechanism"":""mutual digital signatures"",""purpose"":""PQC handshake authentication"",""trust_assumption"":""Peer ML-DSA public identities were pre-provisioned out of band."",""verified"":true},""qkd_classical"":null}","{""pqc_protocol_version"":1,""pqc_transcript_hash_sha384"":""cfbe5b8f23ffe46a1619c83081219a48ddfaf9450b931cd8500aa435809b1a7021b647887984130552166e1c5a411192""}",,,,,,,,,,,,,,,,,,,,,,,,,high,"[""ML-KEM-768"",""HQC-3"",""ML-DSA-65"",""HKDF-SHA-384"",""HMAC-SHA-384""]",16037400,27627900,7368200,41504700,194600,342300,93075100,292800,13230300,2470500,836000,302300,26451400,7300200,898300,355100,40194400,350900,20500,51900,26000,39600,24200,5698,10066,16105,22852,6618,96,3904,,,,,,,,,,,,,,,,,,mutual digital signatures,ML-DSA-65,true,true,2,2,6618,Peer ML-DSA public identities were pre-provisioned out of band.,,,,,,,,,,,,,,,,,93256700,"{""events"":[{""detail"":""PQC-DIVERSE"",""sequence"":0,""source"":""session"",""stage"":""session"",""state"":""started""},{""detail"":""Responder KEM offer signed."",""sequence"":1,""source"":""pqc"",""stage"":""server_offer"",""state"":""created""},{""detail"":""Responder identity verified."",""sequence"":2,""source"":""pqc"",""stage"":""server_offer_authentication"",""state"":""verified""},{""detail"":""Initiator encapsulations signed."",""sequence"":3,""source"":""pqc"",""stage"":""client_exchange"",""state"":""created""},{""detail"":""Initiator identity verified."",""sequence"":4,""source"":""pqc"",""stage"":""client_exchange_authentication"",""state"":""verified""},{""detail"":""Role-local session and confirmation schedules started."",""sequence"":5,""source"":""pqc"",""stage"":""key_schedule"",""state"":""derived""},{""detail"":""Both role-separated Finished messages verified."",""sequence"":6,""source"":""pqc"",""stage"":""finished"",""state"":""verified""},{""detail"":""Confirmed PQC session key released."",""sequence"":7,""source"":""session"",""stage"":""session"",""state"":""established""}],""version"":1}"
1,5a1c510d-9248-4a66-8443-1f19a16f0594,E1,pqc-diverse,13,1,7a66a56a-33b5-4dbf-b04e-602f37844654,true,701001,10,32,2026-09-08T07:42:48.670424+00:00,,PQC-DIVERSE,6821,3.14.7,CPython,2.5.0,0.16.0,0.16.0,50.0.1,0.1.0,Windows,11,10.0.26200,AMD64,"Intel64 Family 6 Model 158 Stepping 12, GenuineIntel",ac46477bb374bde1c0ace1ef0bcfbc26b199dcfa,true,1,E1,pqc-diverse,13,,1,PQC-DIVERSE,,,,high,[],"{""condition_id"":""pqc-diverse"",""experiment_kind"":""E1"",""qkd_stages"":[],""replicate_index"":13,""seed"":null,""session"":{""internal_pqc_profile"":""high"",""profile"":""PQC-DIVERSE"",""qkd_authentication_profile"":null,""qkd_postprocessing"":null,""qkd_signal_count"":null,""version"":1},""tags"":[],""version"":1}",[],persistent pre-provisioned ML-DSA identities and peer trust,,,858800,667500,1526300,3904,false,1,e46780043da4427fe8ae19a3d09e6328,PQC-DIVERSE,established,,session_key,256,"[{""algorithm"":""ML-KEM-768"",""bit_length"":256,""byte_length"":32,""encoding"":""raw KEM secret via canonical PQC KDF input"",""position"":1,""protocol"":""authenticated KEM handshake"",""source"":""pqc""},{""algorithm"":""HQC-3"",""bit_length"":256,""byte_length"":32,""encoding"":""raw KEM secret via canonical PQC KDF input"",""position"":2,""protocol"":""authenticated KEM handshake"",""source"":""pqc""}]","{""pqc_exchange"":{""algorithm"":""ML-DSA-65"",""executed"":true,""mechanism"":""mutual digital signatures"",""purpose"":""PQC handshake authentication"",""trust_assumption"":""Peer ML-DSA public identities were pre-provisioned out of band."",""verified"":true},""qkd_classical"":null}","{""pqc_protocol_version"":1,""pqc_transcript_hash_sha384"":""1b3682fbfb7d942eca9596ce889e7603d748570232735ad907cffdbc982e59ad57aab28e4d902d5e167cf0b25c564121""}",,,,,,,,,,,,,,,,,,,,,,,,,high,"[""ML-KEM-768"",""HQC-3"",""ML-DSA-65"",""HKDF-SHA-384"",""HMAC-SHA-384""]",15732100,27595800,1809600,41517300,202000,345100,87201900,297500,13230200,2158500,836400,301300,26421100,1743900,902600,355700,40200600,354000,22000,56500,26600,40900,24500,5698,10066,16105,22852,6618,96,3904,,,,,,,,,,,,,,,,,,mutual digital signatures,ML-DSA-65,true,true,2,2,6618,Peer ML-DSA public identities were pre-provisioned out of band.,,,,,,,,,,,,,,,,,87388000,"{""events"":[{""detail"":""PQC-DIVERSE"",""sequence"":0,""source"":""session"",""stage"":""session"",""state"":""started""},{""detail"":""Responder KEM offer signed."",""sequence"":1,""source"":""pqc"",""stage"":""server_offer"",""state"":""created""},{""detail"":""Responder identity verified."",""sequence"":2,""source"":""pqc"",""stage"":""server_offer_authentication"",""state"":""verified""},{""detail"":""Initiator encapsulations signed."",""sequence"":3,""source"":""pqc"",""stage"":""client_exchange"",""state"":""created""},{""detail"":""Initiator identity verified."",""sequence"":4,""source"":""pqc"",""stage"":""client_exchange_authentication"",""state"":""verified""},{""detail"":""Role-local session and confirmation schedules started."",""sequence"":5,""source"":""pqc"",""stage"":""key_schedule"",""state"":""derived""},{""detail"":""Both role-separated Finished messages verified."",""sequence"":6,""source"":""pqc"",""stage"":""finished"",""state"":""verified""},{""detail"":""Confirmed PQC session key released."",""sequence"":7,""source"":""session"",""stage"":""session"",""state"":""established""}],""version"":1}"
1,4bfaeece-c0dc-43b8-8110-f5bb9b5d9af2,E1,pqc-diverse,17,1,7a66a56a-33b5-4dbf-b04e-602f37844654,true,701001,10,33,2026-09-08T07:42:48.817127+00:00,,PQC-DIVERSE,6821,3.14.7,CPython,2.5.0,0.16.0,0.16.0,50.0.1,0.1.0,Windows,11,10.0.26200,AMD64,"Intel64 Family 6 Model 158 Stepping 12, GenuineIntel",ac46477bb374bde1c0ace1ef0bcfbc26b199dcfa,true,1,E1,pqc-diverse,17,,1,PQC-DIVERSE,,,,high,[],"{""condition_id"":""pqc-diverse"",""experiment_kind"":""E1"",""qkd_stages"":[],""replicate_index"":17,""seed"":null,""session"":{""internal_pqc_profile"":""high"",""profile"":""PQC-DIVERSE"",""qkd_authentication_profile"":null,""qkd_postprocessing"":null,""qkd_signal_count"":null,""version"":1},""tags"":[],""version"":1}",[],persistent pre-provisioned ML-DSA identities and peer trust,,,858800,667500,1526300,3904,false,1,b7d2a3bad0cb5dadf0004583f9c21bd8,PQC-DIVERSE,established,,session_key,256,"[{""algorithm"":""ML-KEM-768"",""bit_length"":256,""byte_length"":32,""encoding"":""raw KEM secret via canonical PQC KDF input"",""position"":1,""protocol"":""authenticated KEM handshake"",""source"":""pqc""},{""algorithm"":""HQC-3"",""bit_length"":256,""byte_length"":32,""encoding"":""raw KEM secret via canonical PQC KDF input"",""position"":2,""protocol"":""authenticated KEM handshake"",""source"":""pqc""}]","{""pqc_exchange"":{""algorithm"":""ML-DSA-65"",""executed"":true,""mechanism"":""mutual digital signatures"",""purpose"":""PQC handshake authentication"",""trust_assumption"":""Peer ML-DSA public identities were pre-provisioned out of band."",""verified"":true},""qkd_classical"":null}","{""pqc_protocol_version"":1,""pqc_transcript_hash_sha384"":""2d4501c9a12d133c18037cb66e8774e140d7bb1253ce4ee8574d1652e535d8406fe245cccf9367ef6b848d3148afb07a""}",,,,,,,,,,,,,,,,,,,,,,,,,high,"[""ML-KEM-768"",""HQC-3"",""ML-DSA-65"",""HKDF-SHA-384"",""HMAC-SHA-384""]",17110300,27699300,1455900,41498100,195600,339600,88298800,293200,13226100,3546000,836900,300100,26522100,1386100,902400,356300,40182600,350800,20500,52700,25200,39400,23500,5698,10066,16105,22852,6618,96,3904,,,,,,,,,,,,,,,,,,mutual digital signatures,ML-DSA-65,true,true,2,2,6618,Peer ML-DSA public identities were pre-provisioned out of band.,,,,,,,,,,,,,,,,,88478200,"{""events"":[{""detail"":""PQC-DIVERSE"",""sequence"":0,""source"":""session"",""stage"":""session"",""state"":""started""},{""detail"":""Responder KEM offer signed."",""sequence"":1,""source"":""pqc"",""stage"":""server_offer"",""state"":""created""},{""detail"":""Responder identity verified."",""sequence"":2,""source"":""pqc"",""stage"":""server_offer_authentication"",""state"":""verified""},{""detail"":""Initiator encapsulations signed."",""sequence"":3,""source"":""pqc"",""stage"":""client_exchange"",""state"":""created""},{""detail"":""Initiator identity verified."",""sequence"":4,""source"":""pqc"",""stage"":""client_exchange_authentication"",""state"":""verified""},{""detail"":""Role-local session and confirmation schedules started."",""sequence"":5,""source"":""pqc"",""stage"":""key_schedule"",""state"":""derived""},{""detail"":""Both role-separated Finished messages verified."",""sequence"":6,""source"":""pqc"",""stage"":""finished"",""state"":""verified""},{""detail"":""Confirmed PQC session key released."",""sequence"":7,""source"":""session"",""stage"":""session"",""state"":""established""}],""version"":1}"
1,524662ce-2fa7-4b24-98b7-839e204e2d82,E1,pqc-diverse,34,1,7a66a56a-33b5-4dbf-b04e-602f37844654,true,701001,10,34,2026-09-08T07:42:48.977784+00:00,,PQC-DIVERSE,6825,3.14.7,CPython,2.5.0,0.16.0,0.16.0,50.0.1,0.1.0,Windows,11,10.0.26200,AMD64,"Intel64 Family 6 Model 158 Stepping 12, GenuineIntel",ac46477bb374bde1c0ace1ef0bcfbc26b199dcfa,true,1,E1,pqc-diverse,34,,1,PQC-DIVERSE,,,,high,[],"{""condition_id"":""pqc-diverse"",""experiment_kind"":""E1"",""qkd_stages"":[],""replicate_index"":34,""seed"":null,""session"":{""internal_pqc_profile"":""high"",""profile"":""PQC-DIVERSE"",""qkd_authentication_profile"":null,""qkd_postprocessing"":null,""qkd_signal_count"":null,""version"":1},""tags"":[],""version"":1}",[],persistent pre-provisioned ML-DSA identities and peer trust,,,858800,667500,1526300,3904,false,1,30b2700142ff88fedbc3705f731e8211,PQC-DIVERSE,established,,session_key,256,"[{""algorithm"":""ML-KEM-768"",""bit_length"":256,""byte_length"":32,""encoding"":""raw KEM secret via canonical PQC KDF input"",""position"":1,""protocol"":""authenticated KEM handshake"",""source"":""pqc""},{""algorithm"":""HQC-3"",""bit_length"":256,""byte_length"":32,""encoding"":""raw KEM secret via canonical PQC KDF input"",""position"":2,""protocol"":""authenticated KEM handshake"",""source"":""pqc""}]","{""pqc_exchange"":{""algorithm"":""ML-DSA-65"",""executed"":true,""mechanism"":""mutual digital signatures"",""purpose"":""PQC handshake authentication"",""trust_assumption"":""Peer ML-DSA public identities were pre-provisioned out of band."",""verified"":true},""qkd_classical"":null}","{""pqc_protocol_version"":1,""pqc_transcript_hash_sha384"":""ca081fe6a0dc08268772544df7cc09a451a223dfe10d3c95fed8696cc6a7a1e7bdc339e525e275615d30f3dc46d76393""}",,,,,,,,,,,,,,,,,,,,,,,,,high,"[""ML-KEM-768"",""HQC-3"",""ML-DSA-65"",""HKDF-SHA-384"",""HMAC-SHA-384""]",14905800,27569600,15405900,43830800,193700,351100,102256900,292800,13251900,1315800,834400,302400,26398800,15332000,933800,367600,42443900,373500,20900,50900,25700,39700,23600,5698,10066,16105,22852,6618,96,3904,,,,,,,,,,,,,,,,,,mutual digital signatures,ML-DSA-65,true,true,2,2,6618,Peer ML-DSA public identities were pre-provisioned out of band.,,,,,,,,,,,,,,,,,102448900,"{""events"":[{""detail"":""PQC-DIVERSE"",""sequence"":0,""source"":""session"",""stage"":""session"",""state"":""started""},{""detail"":""Responder KEM offer signed."",""sequence"":1,""source"":""pqc"",""stage"":""server_offer"",""state"":""created""},{""detail"":""Responder identity verified."",""sequence"":2,""source"":""pqc"",""stage"":""server_offer_authentication"",""state"":""verified""},{""detail"":""Initiator encapsulations signed."",""sequence"":3,""source"":""pqc"",""stage"":""client_exchange"",""state"":""created""},{""detail"":""Initiator identity verified."",""sequence"":4,""source"":""pqc"",""stage"":""client_exchange_authentication"",""state"":""verified""},{""detail"":""Role-local session and confirmation schedules started."",""sequence"":5,""source"":""pqc"",""stage"":""key_schedule"",""state"":""derived""},{""detail"":""Both role-separated Finished messages verified."",""sequence"":6,""source"":""pqc"",""stage"":""finished"",""state"":""verified""},{""detail"":""Confirmed PQC session key released."",""sequence"":7,""source"":""session"",""stage"":""session"",""state"":""established""}],""version"":1}"
1,f9ed25cf-5e61-4286-b0d3-31797104436f,E1,pqc-diverse,35,1,7a66a56a-33b5-4dbf-b04e-602f37844654,true,701001,10,35,2026-09-08T07:42:49.126106+00:00,,PQC-DIVERSE,6821,3.14.7,CPython,2.5.0,0.16.0,0.16.0,50.0.1,0.1.0,Windows,11,10.0.26200,AMD64,"Intel64 Family 6 Model 158 Stepping 12, GenuineIntel",ac46477bb374bde1c0ace1ef0bcfbc26b199dcfa,true,1,E1,pqc-diverse,35,,1,PQC-DIVERSE,,,,high,[],"{""condition_id"":""pqc-diverse"",""experiment_kind"":""E1"",""qkd_stages"":[],""replicate_index"":35,""seed"":null,""session"":{""internal_pqc_profile"":""high"",""profile"":""PQC-DIVERSE"",""qkd_authentication_profile"":null,""qkd_postprocessing"":null,""qkd_signal_count"":null,""version"":1},""tags"":[],""version"":1}",[],persistent pre-provisioned ML-DSA identities and peer trust,,,858800,667500,1526300,3904,false,1,d4143d30d2b9e9c8cf6032365478efde,PQC-DIVERSE,established,,session_key,256,"[{""algorithm"":""ML-KEM-768"",""bit_length"":256,""byte_length"":32,""encoding"":""raw KEM secret via canonical PQC KDF input"",""position"":1,""protocol"":""authenticated KEM handshake"",""source"":""pqc""},{""algorithm"":""HQC-3"",""bit_length"":256,""byte_length"":32,""encoding"":""raw KEM secret via canonical PQC KDF input"",""position"":2,""protocol"":""authenticated KEM handshake"",""source"":""pqc""}]","{""pqc_exchange"":{""algorithm"":""ML-DSA-65"",""executed"":true,""mechanism"":""mutual digital signatures"",""purpose"":""PQC handshake authentication"",""trust_assumption"":""Peer ML-DSA public identities were pre-provisioned out of band."",""verified"":true},""qkd_classical"":null}","{""pqc_protocol_version"":1,""pqc_transcript_hash_sha384"":""66173c21e22c09eddc90b5f24fbfc011cce045f09787dcef9b08d9603178044c3be951ac40014df86cac5b6ae2989b8a""}",,,,,,,,,,,,,,,,,,,,,,,,,high,"[""ML-KEM-768"",""HQC-3"",""ML-DSA-65"",""HKDF-SHA-384"",""HMAC-SHA-384""]",15900400,27721500,3312000,41639300,200900,357900,89132000,311600,13223500,2320800,881800,346600,26451600,3242900,899300,358800,40321100,370500,21700,51800,27100,40800,25500,5698,10066,16105,22852,6618,96,3904,,,,,,,,,,,,,,,,,,mutual digital signatures,ML-DSA-65,true,true,2,2,6618,Peer ML-DSA public identities were pre-provisioned out of band.,,,,,,,,,,,,,,,,,89326000,"{""events"":[{""detail"":""PQC-DIVERSE"",""sequence"":0,""source"":""session"",""stage"":""session"",""state"":""started""},{""detail"":""Responder KEM offer signed."",""sequence"":1,""source"":""pqc"",""stage"":""server_offer"",""state"":""created""},{""detail"":""Responder identity verified."",""sequence"":2,""source"":""pqc"",""stage"":""server_offer_authentication"",""state"":""verified""},{""detail"":""Initiator encapsulations signed."",""sequence"":3,""source"":""pqc"",""stage"":""client_exchange"",""state"":""created""},{""detail"":""Initiator identity verified."",""sequence"":4,""source"":""pqc"",""stage"":""client_exchange_authentication"",""state"":""verified""},{""detail"":""Role-local session and confirmation schedules started."",""sequence"":5,""source"":""pqc"",""stage"":""key_schedule"",""state"":""derived""},{""detail"":""Both role-separated Finished messages verified."",""sequence"":6,""source"":""pqc"",""stage"":""finished"",""state"":""verified""},{""detail"":""Confirmed PQC session key released."",""sequence"":7,""source"":""session"",""stage"":""session"",""state"":""established""}],""version"":1}"
1,a3aeec61-da5b-4fcd-8d2d-f934083326b8,E1,pqc-diverse,8,1,7a66a56a-33b5-4dbf-b04e-602f37844654,true,701001,10,36,2026-09-08T07:42:49.270911+00:00,,PQC-DIVERSE,6819,3.14.7,CPython,2.5.0,0.16.0,0.16.0,50.0.1,0.1.0,Windows,11,10.0.26200,AMD64,"Intel64 Family 6 Model 158 Stepping 12, GenuineIntel",ac46477bb374bde1c0ace1ef0bcfbc26b199dcfa,true,1,E1,pqc-diverse,8,,1,PQC-DIVERSE,,,,high,[],"{""condition_id"":""pqc-diverse"",""experiment_kind"":""E1"",""qkd_stages"":[],""replicate_index"":8,""seed"":null,""session"":{""internal_pqc_profile"":""high"",""profile"":""PQC-DIVERSE"",""qkd_authentication_profile"":null,""qkd_postprocessing"":null,""qkd_signal_count"":null,""version"":1},""tags"":[],""version"":1}",[],persistent pre-provisioned ML-DSA identities and peer trust,,,858800,667500,1526300,3904,false,1,ea84a6f12d3f72fdc40c89aae8eaeb49,PQC-DIVERSE,established,,session_key,256,"[{""algorithm"":""ML-KEM-768"",""bit_length"":256,""byte_length"":32,""encoding"":""raw KEM secret via canonical PQC KDF input"",""position"":1,""protocol"":""authenticated KEM handshake"",""source"":""pqc""},{""algorithm"":""HQC-3"",""bit_length"":256,""byte_length"":32,""encoding"":""raw KEM secret via canonical PQC KDF input"",""position"":2,""protocol"":""authenticated KEM handshake"",""source"":""pqc""}]","{""pqc_exchange"":{""algorithm"":""ML-DSA-65"",""executed"":true,""mechanism"":""mutual digital signatures"",""purpose"":""PQC handshake authentication"",""trust_assumption"":""Peer ML-DSA public identities were pre-provisioned out of band."",""verified"":true},""qkd_classical"":null}","{""pqc_protocol_version"":1,""pqc_transcript_hash_sha384"":""2234fe899caeb587f02b6be38ee6f11fab5be56842a2f036560ff12d7a4fe9406e2050c3f5de60e69924b3c2877d73fb""}",,,,,,,,,,,,,,,,,,,,,,,,,high,"[""ML-KEM-768"",""HQC-3"",""ML-DSA-65"",""HKDF-SHA-384"",""HMAC-SHA-384""]",15230100,27643900,1453600,41491900,191100,340000,86350600,290000,13227600,1668100,834900,303600,26465100,1386800,901300,355800,40180200,343400,20000,50600,25500,39500,23800,5698,10066,16105,22852,6618,96,3904,,,,,,,,,,,,,,,,,,mutual digital signatures,ML-DSA-65,true,true,2,2,6618,Peer ML-DSA public identities were pre-provisioned out of band.,,,,,,,,,,,,,,,,,86527300,"{""events"":[{""detail"":""PQC-DIVERSE"",""sequence"":0,""source"":""session"",""stage"":""session"",""state"":""started""},{""detail"":""Responder KEM offer signed."",""sequence"":1,""source"":""pqc"",""stage"":""server_offer"",""state"":""created""},{""detail"":""Responder identity verified."",""sequence"":2,""source"":""pqc"",""stage"":""server_offer_authentication"",""state"":""verified""},{""detail"":""Initiator encapsulations signed."",""sequence"":3,""source"":""pqc"",""stage"":""client_exchange"",""state"":""created""},{""detail"":""Initiator identity verified."",""sequence"":4,""source"":""pqc"",""stage"":""client_exchange_authentication"",""state"":""verified""},{""detail"":""Role-local session and confirmation schedules started."",""sequence"":5,""source"":""pqc"",""stage"":""key_schedule"",""state"":""derived""},{""detail"":""Both role-separated Finished messages verified."",""sequence"":6,""source"":""pqc"",""stage"":""finished"",""state"":""verified""},{""detail"":""Confirmed PQC session key released."",""sequence"":7,""source"":""session"",""stage"":""session"",""state"":""established""}],""version"":1}"
1,8b3de1c3-3974-48df-a452-c875958111fb,E1,pqc-diverse,36,1,7a66a56a-33b5-4dbf-b04e-602f37844654,true,701001,10,37,2026-09-08T07:42:49.419316+00:00,,PQC-DIVERSE,6821,3.14.7,CPython,2.5.0,0.16.0,0.16.0,50.0.1,0.1.0,Windows,11,10.0.26200,AMD64,"Intel64 Family 6 Model 158 Stepping 12, GenuineIntel",ac46477bb374bde1c0ace1ef0bcfbc26b199dcfa,true,1,E1,pqc-diverse,36,,1,PQC-DIVERSE,,,,high,[],"{""condition_id"":""pqc-diverse"",""experiment_kind"":""E1"",""qkd_stages"":[],""replicate_index"":36,""seed"":null,""session"":{""internal_pqc_profile"":""high"",""profile"":""PQC-DIVERSE"",""qkd_authentication_profile"":null,""qkd_postprocessing"":null,""qkd_signal_count"":null,""version"":1},""tags"":[],""version"":1}",[],persistent pre-provisioned ML-DSA identities and peer trust,,,858800,667500,1526300,3904,false,1,c654e2fbab05726df4a2425cd5893efb,PQC-DIVERSE,established,,session_key,256,"[{""algorithm"":""ML-KEM-768"",""bit_length"":256,""byte_length"":32,""encoding"":""raw KEM secret via canonical PQC KDF input"",""position"":1,""protocol"":""authenticated KEM handshake"",""source"":""pqc""},{""algorithm"":""HQC-3"",""bit_length"":256,""byte_length"":32,""encoding"":""raw KEM secret via canonical PQC KDF input"",""position"":2,""protocol"":""authenticated KEM handshake"",""source"":""pqc""}]","{""pqc_exchange"":{""algorithm"":""ML-DSA-65"",""executed"":true,""mechanism"":""mutual digital signatures"",""purpose"":""PQC handshake authentication"",""trust_assumption"":""Peer ML-DSA public identities were pre-provisioned out of band."",""verified"":true},""qkd_classical"":null}","{""pqc_protocol_version"":1,""pqc_transcript_hash_sha384"":""be126f86fcb7fb1ac8892c62c079e30c9cef6302857c4bae11e3772cf872dd9b97ff470bd7a026d82dcf8b61c59808a8""}",,,,,,,,,,,,,,,,,,,,,,,,,high,"[""ML-KEM-768"",""HQC-3"",""ML-DSA-65"",""HKDF-SHA-384"",""HMAC-SHA-384""]",16037500,27584000,3390700,41959300,203200,454500,89629200,295000,13228700,2469800,838000,300600,26407800,3325200,900200,353400,40640800,365600,22000,55400,26200,42100,51800,5698,10066,16105,22852,6618,96,3904,,,,,,,,,,,,,,,,,,mutual digital signatures,ML-DSA-65,true,true,2,2,6618,Peer ML-DSA public identities were pre-provisioned out of band.,,,,,,,,,,,,,,,,,89857100,"{""events"":[{""detail"":""PQC-DIVERSE"",""sequence"":0,""source"":""session"",""stage"":""session"",""state"":""started""},{""detail"":""Responder KEM offer signed."",""sequence"":1,""source"":""pqc"",""stage"":""server_offer"",""state"":""created""},{""detail"":""Responder identity verified."",""sequence"":2,""source"":""pqc"",""stage"":""server_offer_authentication"",""state"":""verified""},{""detail"":""Initiator encapsulations signed."",""sequence"":3,""source"":""pqc"",""stage"":""client_exchange"",""state"":""created""},{""detail"":""Initiator identity verified."",""sequence"":4,""source"":""pqc"",""stage"":""client_exchange_authentication"",""state"":""verified""},{""detail"":""Role-local session and confirmation schedules started."",""sequence"":5,""source"":""pqc"",""stage"":""key_schedule"",""state"":""derived""},{""detail"":""Both role-separated Finished messages verified."",""sequence"":6,""source"":""pqc"",""stage"":""finished"",""state"":""verified""},{""detail"":""Confirmed PQC session key released."",""sequence"":7,""source"":""session"",""stage"":""session"",""state"":""established""}],""version"":1}"
1,c49b4af2-c7b8-450e-9aff-efeca3be2732,E1,pqc-base,6,1,7a66a56a-33b5-4dbf-b04e-602f37844654,true,701001,10,38,2026-09-08T07:42:49.484940+00:00,,PQC-BASE,6497,3.14.7,CPython,2.5.0,0.16.0,0.16.0,50.0.1,0.1.0,Windows,11,10.0.26200,AMD64,"Intel64 Family 6 Model 158 Stepping 12, GenuineIntel",ac46477bb374bde1c0ace1ef0bcfbc26b199dcfa,true,1,E1,pqc-base,6,,1,PQC-BASE,,,,low,[],"{""condition_id"":""pqc-base"",""experiment_kind"":""E1"",""qkd_stages"":[],""replicate_index"":6,""seed"":null,""session"":{""internal_pqc_profile"":""low"",""profile"":""PQC-BASE"",""qkd_authentication_profile"":null,""qkd_postprocessing"":null,""qkd_signal_count"":null,""version"":1},""tags"":[],""version"":1}",[],persistent pre-provisioned ML-DSA identities and peer trust,,,858800,667500,1526300,3904,false,1,656c549f993d2a1539a647873231c239,PQC-BASE,established,,session_key,256,"[{""algorithm"":""ML-KEM-768"",""bit_length"":256,""byte_length"":32,""encoding"":""raw KEM secret via canonical PQC KDF input"",""position"":1,""protocol"":""authenticated KEM handshake"",""source"":""pqc""}]","{""pqc_exchange"":{""algorithm"":""ML-DSA-65"",""executed"":true,""mechanism"":""mutual digital signatures"",""purpose"":""PQC handshake authentication"",""trust_assumption"":""Peer ML-DSA public identities were pre-provisioned out of band."",""verified"":true},""qkd_classical"":null}","{""pqc_protocol_version"":1,""pqc_transcript_hash_sha384"":""2f05989dc76e0da2f7423303cdeca613ea2bc9ab43b22e8d672a37b0df381e93e2b9513330cc6572865aeb97650da980""}",,,,,,,,,,,,,,,,,,,,,,,,,low,"[""ML-KEM-768"",""ML-DSA-65"",""HKDF-SHA-384"",""HMAC-SHA-384""]",1573300,1094900,2748700,1143800,133700,249800,6944200,299800,,1236500,768800,298100,,2703600,765100,345300,,189100,14900,47500,25100,38700,23500,1184,1088,2585,9332,6618,96,3904,,,,,,,,,,,,,,,,,,mutual digital signatures,ML-DSA-65,true,true,2,2,6618,Peer ML-DSA public identities were pre-provisioned out of band.,,,,,,,,,,,,,,,,,7062600,"{""events"":[{""detail"":""PQC-BASE"",""sequence"":0,""source"":""session"",""stage"":""session"",""state"":""started""},{""detail"":""Responder KEM offer signed."",""sequence"":1,""source"":""pqc"",""stage"":""server_offer"",""state"":""created""},{""detail"":""Responder identity verified."",""sequence"":2,""source"":""pqc"",""stage"":""server_offer_authentication"",""state"":""verified""},{""detail"":""Initiator encapsulations signed."",""sequence"":3,""source"":""pqc"",""stage"":""client_exchange"",""state"":""created""},{""detail"":""Initiator identity verified."",""sequence"":4,""source"":""pqc"",""stage"":""client_exchange_authentication"",""state"":""verified""},{""detail"":""Role-local session and confirmation schedules started."",""sequence"":5,""source"":""pqc"",""stage"":""key_schedule"",""state"":""derived""},{""detail"":""Both role-separated Finished messages verified."",""sequence"":6,""source"":""pqc"",""stage"":""finished"",""state"":""verified""},{""detail"":""Confirmed PQC session key released."",""sequence"":7,""source"":""session"",""stage"":""session"",""state"":""established""}],""version"":1}"
1,b755c731-bf07-46ce-8c32-280b87e73069,E1,pqc-base,28,1,7a66a56a-33b5-4dbf-b04e-602f37844654,true,701001,10,39,2026-09-08T07:42:49.551657+00:00,,PQC-BASE,6499,3.14.7,CPython,2.5.0,0.16.0,0.16.0,50.0.1,0.1.0,Windows,11,10.0.26200,AMD64,"Intel64 Family 6 Model 158 Stepping 12, GenuineIntel",ac46477bb374bde1c0ace1ef0bcfbc26b199dcfa,true,1,E1,pqc-base,28,,1,PQC-BASE,,,,low,[],"{""condition_id"":""pqc-base"",""experiment_kind"":""E1"",""qkd_stages"":[],""replicate_index"":28,""seed"":null,""session"":{""internal_pqc_profile"":""low"",""profile"":""PQC-BASE"",""qkd_authentication_profile"":null,""qkd_postprocessing"":null,""qkd_signal_count"":null,""version"":1},""tags"":[],""version"":1}",[],persistent pre-provisioned ML-DSA identities and peer trust,,,858800,667500,1526300,3904,false,1,ef7a28f869bfe4c5ef32f9c374ede373,PQC-BASE,established,,session_key,256,"[{""algorithm"":""ML-KEM-768"",""bit_length"":256,""byte_length"":32,""encoding"":""raw KEM secret via canonical PQC KDF input"",""position"":1,""protocol"":""authenticated KEM handshake"",""source"":""pqc""}]","{""pqc_exchange"":{""algorithm"":""ML-DSA-65"",""executed"":true,""mechanism"":""mutual digital signatures"",""purpose"":""PQC handshake authentication"",""trust_assumption"":""Peer ML-DSA public identities were pre-provisioned out of band."",""verified"":true},""qkd_classical"":null}","{""pqc_protocol_version"":1,""pqc_transcript_hash_sha384"":""b80b2706afb987728050177c80b8c218f89058c8826ad0190f9e0ef3230362684a810df92b6306066683432b2e61af86""}",,,,,,,,,,,,,,,,,,,,,,,,,low,"[""ML-KEM-768"",""ML-DSA-65"",""HKDF-SHA-384"",""HMAC-SHA-384""]",3050600,1106400,3211000,1154000,134800,249600,8906400,301000,,2714700,772400,307500,,3168000,766600,354400,,188800,15100,47400,24200,38400,23500,1184,1088,2585,9332,6618,96,3904,,,,,,,,,,,,,,,,,,mutual digital signatures,ML-DSA-65,true,true,2,2,6618,Peer ML-DSA public identities were pre-provisioned out of band.,,,,,,,,,,,,,,,,,9024900,"{""events"":[{""detail"":""PQC-BASE"",""sequence"":0,""source"":""session"",""stage"":""session"",""state"":""started""},{""detail"":""Responder KEM offer signed."",""sequence"":1,""source"":""pqc"",""stage"":""server_offer"",""state"":""created""},{""detail"":""Responder identity verified."",""sequence"":2,""source"":""pqc"",""stage"":""server_offer_authentication"",""state"":""verified""},{""detail"":""Initiator encapsulations signed."",""sequence"":3,""source"":""pqc"",""stage"":""client_exchange"",""state"":""created""},{""detail"":""Initiator identity verified."",""sequence"":4,""source"":""pqc"",""stage"":""client_exchange_authentication"",""state"":""verified""},{""detail"":""Role-local session and confirmation schedules started."",""sequence"":5,""source"":""pqc"",""stage"":""key_schedule"",""state"":""derived""},{""detail"":""Both role-separated Finished messages verified."",""sequence"":6,""source"":""pqc"",""stage"":""finished"",""state"":""verified""},{""detail"":""Confirmed PQC session key released."",""sequence"":7,""source"":""session"",""stage"":""session"",""state"":""established""}],""version"":1}"
1,17e8f1b6-972b-4a8d-ab3a-855fd4c6c7f3,E1,pqc-diverse,27,1,7a66a56a-33b5-4dbf-b04e-602f37844654,true,701001,10,40,2026-09-08T07:42:49.697044+00:00,,PQC-DIVERSE,6821,3.14.7,CPython,2.5.0,0.16.0,0.16.0,50.0.1,0.1.0,Windows,11,10.0.26200,AMD64,"Intel64 Family 6 Model 158 Stepping 12, GenuineIntel",ac46477bb374bde1c0ace1ef0bcfbc26b199dcfa,true,1,E1,pqc-diverse,27,,1,PQC-DIVERSE,,,,high,[],"{""condition_id"":""pqc-diverse"",""experiment_kind"":""E1"",""qkd_stages"":[],""replicate_index"":27,""seed"":null,""session"":{""internal_pqc_profile"":""high"",""profile"":""PQC-DIVERSE"",""qkd_authentication_profile"":null,""qkd_postprocessing"":null,""qkd_signal_count"":null,""version"":1},""tags"":[],""version"":1}",[],persistent pre-provisioned ML-DSA identities and peer trust,,,858800,667500,1526300,3904,false,1,f6378d8ef88f5da2b3f16b5281fe6468,PQC-DIVERSE,established,,session_key,256,"[{""algorithm"":""ML-KEM-768"",""bit_length"":256,""byte_length"":32,""encoding"":""raw KEM secret via canonical PQC KDF input"",""position"":1,""protocol"":""authenticated KEM handshake"",""source"":""pqc""},{""algorithm"":""HQC-3"",""bit_length"":256,""byte_length"":32,""encoding"":""raw KEM secret via canonical PQC KDF input"",""position"":2,""protocol"":""authenticated KEM handshake"",""source"":""pqc""}]","{""pqc_exchange"":{""algorithm"":""ML-DSA-65"",""executed"":true,""mechanism"":""mutual digital signatures"",""purpose"":""PQC handshake authentication"",""trust_assumption"":""Peer ML-DSA public identities were pre-provisioned out of band."",""verified"":true},""qkd_classical"":null}","{""pqc_protocol_version"":1,""pqc_transcript_hash_sha384"":""ce95dc29a338a67034735c1a195309eda97722e55e60e08bfc411b78c580ba5da1b266e04f704db98c005c095e48c8aa""}",,,,,,,,,,,,,,,,,,,,,,,,,high,"[""ML-KEM-768"",""HQC-3"",""ML-DSA-65"",""HKDF-SHA-384"",""HMAC-SHA-384""]",16184000,27572500,1432100,41481100,193800,341100,87204600,295000,13251500,2588800,838200,303500,26395400,1371900,901700,351100,40175600,342000,20300,51700,25600,40500,23900,5698,10066,16105,22852,6618,96,3904,,,,,,,,,,,,,,,,,,mutual digital signatures,ML-DSA-65,true,true,2,2,6618,Peer ML-DSA public identities were pre-provisioned out of band.,,,,,,,,,,,,,,,,,87377700,"{""events"":[{""detail"":""PQC-DIVERSE"",""sequence"":0,""source"":""session"",""stage"":""session"",""state"":""started""},{""detail"":""Responder KEM offer signed."",""sequence"":1,""source"":""pqc"",""stage"":""server_offer"",""state"":""created""},{""detail"":""Responder identity verified."",""sequence"":2,""source"":""pqc"",""stage"":""server_offer_authentication"",""state"":""verified""},{""detail"":""Initiator encapsulations signed."",""sequence"":3,""source"":""pqc"",""stage"":""client_exchange"",""state"":""created""},{""detail"":""Initiator identity verified."",""sequence"":4,""source"":""pqc"",""stage"":""client_exchange_authentication"",""state"":""verified""},{""detail"":""Role-local session and confirmation schedules started."",""sequence"":5,""source"":""pqc"",""stage"":""key_schedule"",""state"":""derived""},{""detail"":""Both role-separated Finished messages verified."",""sequence"":6,""source"":""pqc"",""stage"":""finished"",""state"":""verified""},{""detail"":""Confirmed PQC session key released."",""sequence"":7,""source"":""session"",""stage"":""session"",""state"":""established""}],""version"":1}"
1,84b31e16-c441-4c7f-bf57-d07c1bc6b5af,E1,pqc-base,9,1,7a66a56a-33b5-4dbf-b04e-602f37844654,true,701001,10,41,2026-09-08T07:42:49.773439+00:00,,PQC-BASE,6501,3.14.7,CPython,2.5.0,0.16.0,0.16.0,50.0.1,0.1.0,Windows,11,10.0.26200,AMD64,"Intel64 Family 6 Model 158 Stepping 12, GenuineIntel",ac46477bb374bde1c0ace1ef0bcfbc26b199dcfa,true,1,E1,pqc-base,9,,1,PQC-BASE,,,,low,[],"{""condition_id"":""pqc-base"",""experiment_kind"":""E1"",""qkd_stages"":[],""replicate_index"":9,""seed"":null,""session"":{""internal_pqc_profile"":""low"",""profile"":""PQC-BASE"",""qkd_authentication_profile"":null,""qkd_postprocessing"":null,""qkd_signal_count"":null,""version"":1},""tags"":[],""version"":1}",[],persistent pre-provisioned ML-DSA identities and peer trust,,,858800,667500,1526300,3904,false,1,b7f9e56045d276d76bea1ef780ac287c,PQC-BASE,established,,session_key,256,"[{""algorithm"":""ML-KEM-768"",""bit_length"":256,""byte_length"":32,""encoding"":""raw KEM secret via canonical PQC KDF input"",""position"":1,""protocol"":""authenticated KEM handshake"",""source"":""pqc""}]","{""pqc_exchange"":{""algorithm"":""ML-DSA-65"",""executed"":true,""mechanism"":""mutual digital signatures"",""purpose"":""PQC handshake authentication"",""trust_assumption"":""Peer ML-DSA public identities were pre-provisioned out of band."",""verified"":true},""qkd_classical"":null}","{""pqc_protocol_version"":1,""pqc_transcript_hash_sha384"":""7df83167b5665a23cce3de99e0ef583e64cee6b637a5970aec4c1f981c0e5d4d5fc703e59de7c6b99baba66c0662118c""}",,,,,,,,,,,,,,,,,,,,,,,,,low,"[""ML-KEM-768"",""ML-DSA-65"",""HKDF-SHA-384"",""HMAC-SHA-384""]",10853700,1095600,4524000,1156900,137900,248700,18016800,297800,,10519100,770700,298600,,4478500,766700,352400,,192200,15400,49700,24700,38500,24000,1184,1088,2585,9332,6618,96,3904,,,,,,,,,,,,,,,,,,mutual digital signatures,ML-DSA-65,true,true,2,2,6618,Peer ML-DSA public identities were pre-provisioned out of band.,,,,,,,,,,,,,,,,,18137900,"{""events"":[{""detail"":""PQC-BASE"",""sequence"":0,""source"":""session"",""stage"":""session"",""state"":""started""},{""detail"":""Responder KEM offer signed."",""sequence"":1,""source"":""pqc"",""stage"":""server_offer"",""state"":""created""},{""detail"":""Responder identity verified."",""sequence"":2,""source"":""pqc"",""stage"":""server_offer_authentication"",""state"":""verified""},{""detail"":""Initiator encapsulations signed."",""sequence"":3,""source"":""pqc"",""stage"":""client_exchange"",""state"":""created""},{""detail"":""Initiator identity verified."",""sequence"":4,""source"":""pqc"",""stage"":""client_exchange_authentication"",""state"":""verified""},{""detail"":""Role-local session and confirmation schedules started."",""sequence"":5,""source"":""pqc"",""stage"":""key_schedule"",""state"":""derived""},{""detail"":""Both role-separated Finished messages verified."",""sequence"":6,""source"":""pqc"",""stage"":""finished"",""state"":""verified""},{""detail"":""Confirmed PQC session key released."",""sequence"":7,""source"":""session"",""stage"":""session"",""state"":""established""}],""version"":1}"
1,ec9f2c0f-5e57-4a96-9cf7-615dc480383c,E1,pqc-base,32,1,7a66a56a-33b5-4dbf-b04e-602f37844654,true,701001,10,42,2026-09-08T07:42:49.842095+00:00,,PQC-BASE,6501,3.14.7,CPython,2.5.0,0.16.0,0.16.0,50.0.1,0.1.0,Windows,11,10.0.26200,AMD64,"Intel64 Family 6 Model 158 Stepping 12, GenuineIntel",ac46477bb374bde1c0ace1ef0bcfbc26b199dcfa,true,1,E1,pqc-base,32,,1,PQC-BASE,,,,low,[],"{""condition_id"":""pqc-base"",""experiment_kind"":""E1"",""qkd_stages"":[],""replicate_index"":32,""seed"":null,""session"":{""internal_pqc_profile"":""low"",""profile"":""PQC-BASE"",""qkd_authentication_profile"":null,""qkd_postprocessing"":null,""qkd_signal_count"":null,""version"":1},""tags"":[],""version"":1}",[],persistent pre-provisioned ML-DSA identities and peer trust,,,858800,667500,1526300,3904,false,1,686f521ae93c28e36c1e9ad8f2c8258f,PQC-BASE,established,,session_key,256,"[{""algorithm"":""ML-KEM-768"",""bit_length"":256,""byte_length"":32,""encoding"":""raw KEM secret via canonical PQC KDF input"",""position"":1,""protocol"":""authenticated KEM handshake"",""source"":""pqc""}]","{""pqc_exchange"":{""algorithm"":""ML-DSA-65"",""executed"":true,""mechanism"":""mutual digital signatures"",""purpose"":""PQC handshake authentication"",""trust_assumption"":""Peer ML-DSA public identities were pre-provisioned out of band."",""verified"":true},""qkd_classical"":null}","{""pqc_protocol_version"":1,""pqc_transcript_hash_sha384"":""83a11f5238b19350f2b979765e6e7197183d60ae5d06f61e99ba128a2e973ad808b7cdbed70ef7094c217ced1d2af2fe""}",,,,,,,,,,,,,,,,,,,,,,,,,low,"[""ML-KEM-768"",""ML-DSA-65"",""HKDF-SHA-384"",""HMAC-SHA-384""]",4564800,1109400,3641100,1166800,139000,252300,10873400,297300,,4231000,771800,307700,,3589100,773500,352500,,197100,16700,50900,25100,38900,24400,1184,1088,2585,9332,6618,96,3904,,,,,,,,,,,,,,,,,,mutual digital signatures,ML-DSA-65,true,true,2,2,6618,Peer ML-DSA public identities were pre-provisioned out of band.,,,,,,,,,,,,,,,,,10999700,"{""events"":[{""detail"":""PQC-BASE"",""sequence"":0,""source"":""session"",""stage"":""session"",""state"":""started""},{""detail"":""Responder KEM offer signed."",""sequence"":1,""source"":""pqc"",""stage"":""server_offer"",""state"":""created""},{""detail"":""Responder identity verified."",""sequence"":2,""source"":""pqc"",""stage"":""server_offer_authentication"",""state"":""verified""},{""detail"":""Initiator encapsulations signed."",""sequence"":3,""source"":""pqc"",""stage"":""client_exchange"",""state"":""created""},{""detail"":""Initiator identity verified."",""sequence"":4,""source"":""pqc"",""stage"":""client_exchange_authentication"",""state"":""verified""},{""detail"":""Role-local session and confirmation schedules started."",""sequence"":5,""source"":""pqc"",""stage"":""key_schedule"",""state"":""derived""},{""detail"":""Both role-separated Finished messages verified."",""sequence"":6,""source"":""pqc"",""stage"":""finished"",""state"":""verified""},{""detail"":""Confirmed PQC session key released."",""sequence"":7,""source"":""session"",""stage"":""session"",""state"":""established""}],""version"":1}"
1,f9c74da3-2f88-46c1-84a4-2ecaff952ae9,E1,pqc-diverse,39,1,7a66a56a-33b5-4dbf-b04e-602f37844654,true,701001,10,43,2026-09-08T07:42:49.991042+00:00,,PQC-DIVERSE,6821,3.14.7,CPython,2.5.0,0.16.0,0.16.0,50.0.1,0.1.0,Windows,11,10.0.26200,AMD64,"Intel64 Family 6 Model 158 Stepping 12, GenuineIntel",ac46477bb374bde1c0ace1ef0bcfbc26b199dcfa,true,1,E1,pqc-diverse,39,,1,PQC-DIVERSE,,,,high,[],"{""condition_id"":""pqc-diverse"",""experiment_kind"":""E1"",""qkd_stages"":[],""replicate_index"":39,""seed"":null,""session"":{""internal_pqc_profile"":""high"",""profile"":""PQC-DIVERSE"",""qkd_authentication_profile"":null,""qkd_postprocessing"":null,""qkd_signal_count"":null,""version"":1},""tags"":[],""version"":1}",[],persistent pre-provisioned ML-DSA identities and peer trust,,,858800,667500,1526300,3904,false,1,9f322280a42a3c3c9a188c8f7870dde9,PQC-DIVERSE,established,,session_key,256,"[{""algorithm"":""ML-KEM-768"",""bit_length"":256,""byte_length"":32,""encoding"":""raw KEM secret via canonical PQC KDF input"",""position"":1,""protocol"":""authenticated KEM handshake"",""source"":""pqc""},{""algorithm"":""HQC-3"",""bit_length"":256,""byte_length"":32,""encoding"":""raw KEM secret via canonical PQC KDF input"",""position"":2,""protocol"":""authenticated KEM handshake"",""source"":""pqc""}]","{""pqc_exchange"":{""algorithm"":""ML-DSA-65"",""executed"":true,""mechanism"":""mutual digital signatures"",""purpose"":""PQC handshake authentication"",""trust_assumption"":""Peer ML-DSA public identities were pre-provisioned out of band."",""verified"":true},""qkd_classical"":null}","{""pqc_protocol_version"":1,""pqc_transcript_hash_sha384"":""d50a048f01ad8ac8a09636b7478b451cc0c95b0bad8fdab89c9b8c7b286a1e86b70e65a1e1d664a1c2f9b58054bbcdb2""}",,,,,,,,,,,,,,,,,,,,,,,,,high,"[""ML-KEM-768"",""HQC-3"",""ML-DSA-65"",""HKDF-SHA-384"",""HMAC-SHA-384""]",17207600,27572900,3630100,41530500,197700,348200,90487000,293900,13228300,3640100,837600,302700,26398100,3570900,900500,355400,40217000,353200,21400,52500,26300,40800,24300,5698,10066,16105,22852,6618,96,3904,,,,,,,,,,,,,,,,,,mutual digital signatures,ML-DSA-65,true,true,2,2,6618,Peer ML-DSA public identities were pre-provisioned out of band.,,,,,,,,,,,,,,,,,90670000,"{""events"":[{""detail"":""PQC-DIVERSE"",""sequence"":0,""source"":""session"",""stage"":""session"",""state"":""started""},{""detail"":""Responder KEM offer signed."",""sequence"":1,""source"":""pqc"",""stage"":""server_offer"",""state"":""created""},{""detail"":""Responder identity verified."",""sequence"":2,""source"":""pqc"",""stage"":""server_offer_authentication"",""state"":""verified""},{""detail"":""Initiator encapsulations signed."",""sequence"":3,""source"":""pqc"",""stage"":""client_exchange"",""state"":""created""},{""detail"":""Initiator identity verified."",""sequence"":4,""source"":""pqc"",""stage"":""client_exchange_authentication"",""state"":""verified""},{""detail"":""Role-local session and confirmation schedules started."",""sequence"":5,""source"":""pqc"",""stage"":""key_schedule"",""state"":""derived""},{""detail"":""Both role-separated Finished messages verified."",""sequence"":6,""source"":""pqc"",""stage"":""finished"",""state"":""verified""},{""detail"":""Confirmed PQC session key released."",""sequence"":7,""source"":""session"",""stage"":""session"",""state"":""established""}],""version"":1}"
1,f248713f-2002-4d83-9706-d1cba7567ac0,E1,pqc-diverse,16,1,7a66a56a-33b5-4dbf-b04e-602f37844654,true,701001,10,44,2026-09-08T07:42:50.136313+00:00,,PQC-DIVERSE,6821,3.14.7,CPython,2.5.0,0.16.0,0.16.0,50.0.1,0.1.0,Windows,11,10.0.26200,AMD64,"Intel64 Family 6 Model 158 Stepping 12, GenuineIntel",ac46477bb374bde1c0ace1ef0bcfbc26b199dcfa,true,1,E1,pqc-diverse,16,,1,PQC-DIVERSE,,,,high,[],"{""condition_id"":""pqc-diverse"",""experiment_kind"":""E1"",""qkd_stages"":[],""replicate_index"":16,""seed"":null,""session"":{""internal_pqc_profile"":""high"",""profile"":""PQC-DIVERSE"",""qkd_authentication_profile"":null,""qkd_postprocessing"":null,""qkd_signal_count"":null,""version"":1},""tags"":[],""version"":1}",[],persistent pre-provisioned ML-DSA identities and peer trust,,,858800,667500,1526300,3904,false,1,2c99d568053b6ff433ea86ef800eade0,PQC-DIVERSE,established,,session_key,256,"[{""algorithm"":""ML-KEM-768"",""bit_length"":256,""byte_length"":32,""encoding"":""raw KEM secret via canonical PQC KDF input"",""position"":1,""protocol"":""authenticated KEM handshake"",""source"":""pqc""},{""algorithm"":""HQC-3"",""bit_length"":256,""byte_length"":32,""encoding"":""raw KEM secret via canonical PQC KDF input"",""position"":2,""protocol"":""authenticated KEM handshake"",""source"":""pqc""}]","{""pqc_exchange"":{""algorithm"":""ML-DSA-65"",""executed"":true,""mechanism"":""mutual digital signatures"",""purpose"":""PQC handshake authentication"",""trust_assumption"":""Peer ML-DSA public identities were pre-provisioned out of band."",""verified"":true},""qkd_classical"":null}","{""pqc_protocol_version"":1,""pqc_transcript_hash_sha384"":""4743396867fecf07917c7c2d043a65f7dbb1cd5bdcad17246dd8ced20b2c5a60cb70bec74ce0f3636ca7eafc36e00af9""}",,,,,,,,,,,,,,,,,,,,,,,,,high,"[""ML-KEM-768"",""HQC-3"",""ML-DSA-65"",""HKDF-SHA-384"",""HMAC-SHA-384""]",14954300,27704400,1814800,41497200,192400,343300,86506400,295400,13288000,1320200,838300,303300,26522400,1747500,899600,355300,40183600,350500,20600,51600,26000,40000,23300,5698,10066,16105,22852,6618,96,3904,,,,,,,,,,,,,,,,,,mutual digital signatures,ML-DSA-65,true,true,2,2,6618,Peer ML-DSA public identities were pre-provisioned out of band.,,,,,,,,,,,,,,,,,86689800,"{""events"":[{""detail"":""PQC-DIVERSE"",""sequence"":0,""source"":""session"",""stage"":""session"",""state"":""started""},{""detail"":""Responder KEM offer signed."",""sequence"":1,""source"":""pqc"",""stage"":""server_offer"",""state"":""created""},{""detail"":""Responder identity verified."",""sequence"":2,""source"":""pqc"",""stage"":""server_offer_authentication"",""state"":""verified""},{""detail"":""Initiator encapsulations signed."",""sequence"":3,""source"":""pqc"",""stage"":""client_exchange"",""state"":""created""},{""detail"":""Initiator identity verified."",""sequence"":4,""source"":""pqc"",""stage"":""client_exchange_authentication"",""state"":""verified""},{""detail"":""Role-local session and confirmation schedules started."",""sequence"":5,""source"":""pqc"",""stage"":""key_schedule"",""state"":""derived""},{""detail"":""Both role-separated Finished messages verified."",""sequence"":6,""source"":""pqc"",""stage"":""finished"",""state"":""verified""},{""detail"":""Confirmed PQC session key released."",""sequence"":7,""source"":""session"",""stage"":""session"",""state"":""established""}],""version"":1}"
1,87b432bf-6621-4a56-8d0f-b26810f368d2,E1,pqc-diverse,24,1,7a66a56a-33b5-4dbf-b04e-602f37844654,true,701001,10,45,2026-09-08T07:42:50.285627+00:00,,PQC-DIVERSE,6821,3.14.7,CPython,2.5.0,0.16.0,0.16.0,50.0.1,0.1.0,Windows,11,10.0.26200,AMD64,"Intel64 Family 6 Model 158 Stepping 12, GenuineIntel",ac46477bb374bde1c0ace1ef0bcfbc26b199dcfa,true,1,E1,pqc-diverse,24,,1,PQC-DIVERSE,,,,high,[],"{""condition_id"":""pqc-diverse"",""experiment_kind"":""E1"",""qkd_stages"":[],""replicate_index"":24,""seed"":null,""session"":{""internal_pqc_profile"":""high"",""profile"":""PQC-DIVERSE"",""qkd_authentication_profile"":null,""qkd_postprocessing"":null,""qkd_signal_count"":null,""version"":1},""tags"":[],""version"":1}",[],persistent pre-provisioned ML-DSA identities and peer trust,,,858800,667500,1526300,3904,false,1,c88f12b7f7b2c21b5546cf76f353b7df,PQC-DIVERSE,established,,session_key,256,"[{""algorithm"":""ML-KEM-768"",""bit_length"":256,""byte_length"":32,""encoding"":""raw KEM secret via canonical PQC KDF input"",""position"":1,""protocol"":""authenticated KEM handshake"",""source"":""pqc""},{""algorithm"":""HQC-3"",""bit_length"":256,""byte_length"":32,""encoding"":""raw KEM secret via canonical PQC KDF input"",""position"":2,""protocol"":""authenticated KEM handshake"",""source"":""pqc""}]","{""pqc_exchange"":{""algorithm"":""ML-DSA-65"",""executed"":true,""mechanism"":""mutual digital signatures"",""purpose"":""PQC handshake authentication"",""trust_assumption"":""Peer ML-DSA public identities were pre-provisioned out of band."",""verified"":true},""qkd_classical"":null}","{""pqc_protocol_version"":1,""pqc_transcript_hash_sha384"":""39702a1b3a2b6b468ba516caedd8a572e2e359072d1930e741851f9d39d8be0c75ba3b710ad51217b7dab41ee62a3501""}",,,,,,,,,,,,,,,,,,,,,,,,,high,"[""ML-KEM-768"",""HQC-3"",""ML-DSA-65"",""HKDF-SHA-384"",""HMAC-SHA-384""]",18325700,27608900,2876800,41470900,193000,337900,90813200,291700,13271300,4714800,838800,303800,26429300,2811100,897500,356500,40162400,342600,20500,51200,25400,39800,23900,5698,10066,16105,22852,6618,96,3904,,,,,,,,,,,,,,,,,,mutual digital signatures,ML-DSA-65,true,true,2,2,6618,Peer ML-DSA public identities were pre-provisioned out of band.,,,,,,,,,,,,,,,,,90984600,"{""events"":[{""detail"":""PQC-DIVERSE"",""sequence"":0,""source"":""session"",""stage"":""session"",""state"":""started""},{""detail"":""Responder KEM offer signed."",""sequence"":1,""source"":""pqc"",""stage"":""server_offer"",""state"":""created""},{""detail"":""Responder identity verified."",""sequence"":2,""source"":""pqc"",""stage"":""server_offer_authentication"",""state"":""verified""},{""detail"":""Initiator encapsulations signed."",""sequence"":3,""source"":""pqc"",""stage"":""client_exchange"",""state"":""created""},{""detail"":""Initiator identity verified."",""sequence"":4,""source"":""pqc"",""stage"":""client_exchange_authentication"",""state"":""verified""},{""detail"":""Role-local session and confirmation schedules started."",""sequence"":5,""source"":""pqc"",""stage"":""key_schedule"",""state"":""derived""},{""detail"":""Both role-separated Finished messages verified."",""sequence"":6,""source"":""pqc"",""stage"":""finished"",""state"":""verified""},{""detail"":""Confirmed PQC session key released."",""sequence"":7,""source"":""session"",""stage"":""session"",""state"":""established""}],""version"":1}"
1,8ae2ff8d-227b-499b-b01c-777e71afb6a9,E1,pqc-base,48,1,7a66a56a-33b5-4dbf-b04e-602f37844654,true,701001,10,46,2026-09-08T07:42:50.356283+00:00,,PQC-BASE,6501,3.14.7,CPython,2.5.0,0.16.0,0.16.0,50.0.1,0.1.0,Windows,11,10.0.26200,AMD64,"Intel64 Family 6 Model 158 Stepping 12, GenuineIntel",ac46477bb374bde1c0ace1ef0bcfbc26b199dcfa,true,1,E1,pqc-base,48,,1,PQC-BASE,,,,low,[],"{""condition_id"":""pqc-base"",""experiment_kind"":""E1"",""qkd_stages"":[],""replicate_index"":48,""seed"":null,""session"":{""internal_pqc_profile"":""low"",""profile"":""PQC-BASE"",""qkd_authentication_profile"":null,""qkd_postprocessing"":null,""qkd_signal_count"":null,""version"":1},""tags"":[],""version"":1}",[],persistent pre-provisioned ML-DSA identities and peer trust,,,858800,667500,1526300,3904,false,1,83e602f3f000acfdaa101ad20ef49a83,PQC-BASE,established,,session_key,256,"[{""algorithm"":""ML-KEM-768"",""bit_length"":256,""byte_length"":32,""encoding"":""raw KEM secret via canonical PQC KDF input"",""position"":1,""protocol"":""authenticated KEM handshake"",""source"":""pqc""}]","{""pqc_exchange"":{""algorithm"":""ML-DSA-65"",""executed"":true,""mechanism"":""mutual digital signatures"",""purpose"":""PQC handshake authentication"",""trust_assumption"":""Peer ML-DSA public identities were pre-provisioned out of band."",""verified"":true},""qkd_classical"":null}","{""pqc_protocol_version"":1,""pqc_transcript_hash_sha384"":""d24e76f475c479035e69c9cd1dc2d504ea4e52156d5df8d4769b2711cb4883a534959c03238a7492e380e18398efb080""}",,,,,,,,,,,,,,,,,,,,,,,,,low,"[""ML-KEM-768"",""ML-DSA-65"",""HKDF-SHA-384"",""HMAC-SHA-384""]",3605100,1095800,6320900,1164900,137200,248700,12572600,302900,,3265800,771100,298600,,6259600,772900,351400,,193100,15500,48900,24500,38100,23400,1184,1088,2585,9332,6618,96,3904,,,,,,,,,,,,,,,,,,mutual digital signatures,ML-DSA-65,true,true,2,2,6618,Peer ML-DSA public identities were pre-provisioned out of band.,,,,,,,,,,,,,,,,,12695100,"{""events"":[{""detail"":""PQC-BASE"",""sequence"":0,""source"":""session"",""stage"":""session"",""state"":""started""},{""detail"":""Responder KEM offer signed."",""sequence"":1,""source"":""pqc"",""stage"":""server_offer"",""state"":""created""},{""detail"":""Responder identity verified."",""sequence"":2,""source"":""pqc"",""stage"":""server_offer_authentication"",""state"":""verified""},{""detail"":""Initiator encapsulations signed."",""sequence"":3,""source"":""pqc"",""stage"":""client_exchange"",""state"":""created""},{""detail"":""Initiator identity verified."",""sequence"":4,""source"":""pqc"",""stage"":""client_exchange_authentication"",""state"":""verified""},{""detail"":""Role-local session and confirmation schedules started."",""sequence"":5,""source"":""pqc"",""stage"":""key_schedule"",""state"":""derived""},{""detail"":""Both role-separated Finished messages verified."",""sequence"":6,""source"":""pqc"",""stage"":""finished"",""state"":""verified""},{""detail"":""Confirmed PQC session key released."",""sequence"":7,""source"":""session"",""stage"":""session"",""state"":""established""}],""version"":1}"
1,4fe3b7f9-2055-47eb-b8ad-b6a698786861,E1,pqc-diverse,15,1,7a66a56a-33b5-4dbf-b04e-602f37844654,true,701001,10,47,2026-09-08T07:42:50.505018+00:00,,PQC-DIVERSE,6821,3.14.7,CPython,2.5.0,0.16.0,0.16.0,50.0.1,0.1.0,Windows,11,10.0.26200,AMD64,"Intel64 Family 6 Model 158 Stepping 12, GenuineIntel",ac46477bb374bde1c0ace1ef0bcfbc26b199dcfa,true,1,E1,pqc-diverse,15,,1,PQC-DIVERSE,,,,high,[],"{""condition_id"":""pqc-diverse"",""experiment_kind"":""E1"",""qkd_stages"":[],""replicate_index"":15,""seed"":null,""session"":{""internal_pqc_profile"":""high"",""profile"":""PQC-DIVERSE"",""qkd_authentication_profile"":null,""qkd_postprocessing"":null,""qkd_signal_count"":null,""version"":1},""tags"":[],""version"":1}",[],persistent pre-provisioned ML-DSA identities and peer trust,,,858800,667500,1526300,3904,false,1,7d4c4908090aaca6c1a98e37d22a68f4,PQC-DIVERSE,established,,session_key,256,"[{""algorithm"":""ML-KEM-768"",""bit_length"":256,""byte_length"":32,""encoding"":""raw KEM secret via canonical PQC KDF input"",""position"":1,""protocol"":""authenticated KEM handshake"",""source"":""pqc""},{""algorithm"":""HQC-3"",""bit_length"":256,""byte_length"":32,""encoding"":""raw KEM secret via canonical PQC KDF input"",""position"":2,""protocol"":""authenticated KEM handshake"",""source"":""pqc""}]","{""pqc_exchange"":{""algorithm"":""ML-DSA-65"",""executed"":true,""mechanism"":""mutual digital signatures"",""purpose"":""PQC handshake authentication"",""trust_assumption"":""Peer ML-DSA public identities were pre-provisioned out of band."",""verified"":true},""qkd_classical"":null}","{""pqc_protocol_version"":1,""pqc_transcript_hash_sha384"":""316f67c9f56a0ceac040c8c5b666f4dedde482b1a54587e3f45106c42cc3f4e1b13ae59fcf0109f70f2131b58affea1d""}",,,,,,,,,,,,,,,,,,,,,,,,,high,"[""ML-KEM-768"",""HQC-3"",""ML-DSA-65"",""HKDF-SHA-384"",""HMAC-SHA-384""]",18093900,28337300,2006700,41521600,194900,342500,90496900,343800,13347700,4334100,899100,353400,27032400,1933600,900700,356500,40204000,359800,20300,51300,25100,39900,24300,5698,10066,16105,22852,6618,96,3904,,,,,,,,,,,,,,,,,,mutual digital signatures,ML-DSA-65,true,true,2,2,6618,Peer ML-DSA public identities were pre-provisioned out of band.,,,,,,,,,,,,,,,,,90686600,"{""events"":[{""detail"":""PQC-DIVERSE"",""sequence"":0,""source"":""session"",""stage"":""session"",""state"":""started""},{""detail"":""Responder KEM offer signed."",""sequence"":1,""source"":""pqc"",""stage"":""server_offer"",""state"":""created""},{""detail"":""Responder identity verified."",""sequence"":2,""source"":""pqc"",""stage"":""server_offer_authentication"",""state"":""verified""},{""detail"":""Initiator encapsulations signed."",""sequence"":3,""source"":""pqc"",""stage"":""client_exchange"",""state"":""created""},{""detail"":""Initiator identity verified."",""sequence"":4,""source"":""pqc"",""stage"":""client_exchange_authentication"",""state"":""verified""},{""detail"":""Role-local session and confirmation schedules started."",""sequence"":5,""source"":""pqc"",""stage"":""key_schedule"",""state"":""derived""},{""detail"":""Both role-separated Finished messages verified."",""sequence"":6,""source"":""pqc"",""stage"":""finished"",""state"":""verified""},{""detail"":""Confirmed PQC session key released."",""sequence"":7,""source"":""session"",""stage"":""session"",""state"":""established""}],""version"":1}"
1,fac3bed6-8c21-4497-9892-0ad900d7d1fb,E1,pqc-diverse,28,1,7a66a56a-33b5-4dbf-b04e-602f37844654,true,701001,10,48,2026-09-08T07:42:50.658694+00:00,,PQC-DIVERSE,6821,3.14.7,CPython,2.5.0,0.16.0,0.16.0,50.0.1,0.1.0,Windows,11,10.0.26200,AMD64,"Intel64 Family 6 Model 158 Stepping 12, GenuineIntel",ac46477bb374bde1c0ace1ef0bcfbc26b199dcfa,true,1,E1,pqc-diverse,28,,1,PQC-DIVERSE,,,,high,[],"{""condition_id"":""pqc-diverse"",""experiment_kind"":""E1"",""qkd_stages"":[],""replicate_index"":28,""seed"":null,""session"":{""internal_pqc_profile"":""high"",""profile"":""PQC-DIVERSE"",""qkd_authentication_profile"":null,""qkd_postprocessing"":null,""qkd_signal_count"":null,""version"":1},""tags"":[],""version"":1}",[],persistent pre-provisioned ML-DSA identities and peer trust,,,858800,667500,1526300,3904,false,1,b06ae87ab1555949f0ee88eedbf8d0c4,PQC-DIVERSE,established,,session_key,256,"[{""algorithm"":""ML-KEM-768"",""bit_length"":256,""byte_length"":32,""encoding"":""raw KEM secret via canonical PQC KDF input"",""position"":1,""protocol"":""authenticated KEM handshake"",""source"":""pqc""},{""algorithm"":""HQC-3"",""bit_length"":256,""byte_length"":32,""encoding"":""raw KEM secret via canonical PQC KDF input"",""position"":2,""protocol"":""authenticated KEM handshake"",""source"":""pqc""}]","{""pqc_exchange"":{""algorithm"":""ML-DSA-65"",""executed"":true,""mechanism"":""mutual digital signatures"",""purpose"":""PQC handshake authentication"",""trust_assumption"":""Peer ML-DSA public identities were pre-provisioned out of band."",""verified"":true},""qkd_classical"":null}","{""pqc_protocol_version"":1,""pqc_transcript_hash_sha384"":""db56f8ae3f78297af407a495e43e03c07b119ff648ac2b434a71ee88b6a8724ebdb1b31a604db195454ba760e1ec627e""}",,,,,,,,,,,,,,,,,,,,,,,,,high,"[""ML-KEM-768"",""HQC-3"",""ML-DSA-65"",""HKDF-SHA-384"",""HMAC-SHA-384""]",16906400,27726000,8767400,41503600,190100,342400,95435900,297600,13223800,3339100,839100,302100,26544900,8700100,900100,358900,40188400,346200,20400,50200,28300,39900,24000,5698,10066,16105,22852,6618,96,3904,,,,,,,,,,,,,,,,,,mutual digital signatures,ML-DSA-65,true,true,2,2,6618,Peer ML-DSA public identities were pre-provisioned out of band.,,,,,,,,,,,,,,,,,95614900,"{""events"":[{""detail"":""PQC-DIVERSE"",""sequence"":0,""source"":""session"",""stage"":""session"",""state"":""started""},{""detail"":""Responder KEM offer signed."",""sequence"":1,""source"":""pqc"",""stage"":""server_offer"",""state"":""created""},{""detail"":""Responder identity verified."",""sequence"":2,""source"":""pqc"",""stage"":""server_offer_authentication"",""state"":""verified""},{""detail"":""Initiator encapsulations signed."",""sequence"":3,""source"":""pqc"",""stage"":""client_exchange"",""state"":""created""},{""detail"":""Initiator identity verified."",""sequence"":4,""source"":""pqc"",""stage"":""client_exchange_authentication"",""state"":""verified""},{""detail"":""Role-local session and confirmation schedules started."",""sequence"":5,""source"":""pqc"",""stage"":""key_schedule"",""state"":""derived""},{""detail"":""Both role-separated Finished messages verified."",""sequence"":6,""source"":""pqc"",""stage"":""finished"",""state"":""verified""},{""detail"":""Confirmed PQC session key released."",""sequence"":7,""source"":""session"",""stage"":""session"",""state"":""established""}],""version"":1}"
1,8fc15b35-4be1-4d0d-8378-2e306c37016d,E1,pqc-diverse,10,1,7a66a56a-33b5-4dbf-b04e-602f37844654,true,701001,10,49,2026-09-08T07:42:50.809804+00:00,,PQC-DIVERSE,6821,3.14.7,CPython,2.5.0,0.16.0,0.16.0,50.0.1,0.1.0,Windows,11,10.0.26200,AMD64,"Intel64 Family 6 Model 158 Stepping 12, GenuineIntel",ac46477bb374bde1c0ace1ef0bcfbc26b199dcfa,true,1,E1,pqc-diverse,10,,1,PQC-DIVERSE,,,,high,[],"{""condition_id"":""pqc-diverse"",""experiment_kind"":""E1"",""qkd_stages"":[],""replicate_index"":10,""seed"":null,""session"":{""internal_pqc_profile"":""high"",""profile"":""PQC-DIVERSE"",""qkd_authentication_profile"":null,""qkd_postprocessing"":null,""qkd_signal_count"":null,""version"":1},""tags"":[],""version"":1}",[],persistent pre-provisioned ML-DSA identities and peer trust,,,858800,667500,1526300,3904,false,1,646c3f84fde6d030753868eabc392f95,PQC-DIVERSE,established,,session_key,256,"[{""algorithm"":""ML-KEM-768"",""bit_length"":256,""byte_length"":32,""encoding"":""raw KEM secret via canonical PQC KDF input"",""position"":1,""protocol"":""authenticated KEM handshake"",""source"":""pqc""},{""algorithm"":""HQC-3"",""bit_length"":256,""byte_length"":32,""encoding"":""raw KEM secret via canonical PQC KDF input"",""position"":2,""protocol"":""authenticated KEM handshake"",""source"":""pqc""}]","{""pqc_exchange"":{""algorithm"":""ML-DSA-65"",""executed"":true,""mechanism"":""mutual digital signatures"",""purpose"":""PQC handshake authentication"",""trust_assumption"":""Peer ML-DSA public identities were pre-provisioned out of band."",""verified"":true},""qkd_classical"":null}","{""pqc_protocol_version"":1,""pqc_transcript_hash_sha384"":""f12d80766c106842a620ac7c3ada81102ec9520723226cbcf8b6c19fcde0403641a1d8cbc261ba4c05f7acf7a6cf049a""}",,,,,,,,,,,,,,,,,,,,,,,,,high,"[""ML-KEM-768"",""HQC-3"",""ML-DSA-65"",""HKDF-SHA-384"",""HMAC-SHA-384""]",17499900,27622400,5582400,41509600,194800,343600,92752700,293500,13223500,3938600,838700,301500,26442600,5514300,904500,355300,40192600,350900,20600,52100,25900,40600,24400,5698,10066,16105,22852,6618,96,3904,,,,,,,,,,,,,,,,,,mutual digital signatures,ML-DSA-65,true,true,2,2,6618,Peer ML-DSA public identities were pre-provisioned out of band.,,,,,,,,,,,,,,,,,92932700,"{""events"":[{""detail"":""PQC-DIVERSE"",""sequence"":0,""source"":""session"",""stage"":""session"",""state"":""started""},{""detail"":""Responder KEM offer signed."",""sequence"":1,""source"":""pqc"",""stage"":""server_offer"",""state"":""created""},{""detail"":""Responder identity verified."",""sequence"":2,""source"":""pqc"",""stage"":""server_offer_authentication"",""state"":""verified""},{""detail"":""Initiator encapsulations signed."",""sequence"":3,""source"":""pqc"",""stage"":""client_exchange"",""state"":""created""},{""detail"":""Initiator identity verified."",""sequence"":4,""source"":""pqc"",""stage"":""client_exchange_authentication"",""state"":""verified""},{""detail"":""Role-local session and confirmation schedules started."",""sequence"":5,""source"":""pqc"",""stage"":""key_schedule"",""state"":""derived""},{""detail"":""Both role-separated Finished messages verified."",""sequence"":6,""source"":""pqc"",""stage"":""finished"",""state"":""verified""},{""detail"":""Confirmed PQC session key released."",""sequence"":7,""source"":""session"",""stage"":""session"",""state"":""established""}],""version"":1}"
1,aef69863-a172-4c8d-993e-052d6f82e335,E1,pqc-base,27,1,7a66a56a-33b5-4dbf-b04e-602f37844654,true,701001,10,50,2026-09-08T07:42:50.874431+00:00,,PQC-BASE,6499,3.14.7,CPython,2.5.0,0.16.0,0.16.0,50.0.1,0.1.0,Windows,11,10.0.26200,AMD64,"Intel64 Family 6 Model 158 Stepping 12, GenuineIntel",ac46477bb374bde1c0ace1ef0bcfbc26b199dcfa,true,1,E1,pqc-base,27,,1,PQC-BASE,,,,low,[],"{""condition_id"":""pqc-base"",""experiment_kind"":""E1"",""qkd_stages"":[],""replicate_index"":27,""seed"":null,""session"":{""internal_pqc_profile"":""low"",""profile"":""PQC-BASE"",""qkd_authentication_profile"":null,""qkd_postprocessing"":null,""qkd_signal_count"":null,""version"":1},""tags"":[],""version"":1}",[],persistent pre-provisioned ML-DSA identities and peer trust,,,858800,667500,1526300,3904,false,1,3a4fb9651f5facb278369535215aec8e,PQC-BASE,established,,session_key,256,"[{""algorithm"":""ML-KEM-768"",""bit_length"":256,""byte_length"":32,""encoding"":""raw KEM secret via canonical PQC KDF input"",""position"":1,""protocol"":""authenticated KEM handshake"",""source"":""pqc""}]","{""pqc_exchange"":{""algorithm"":""ML-DSA-65"",""executed"":true,""mechanism"":""mutual digital signatures"",""purpose"":""PQC handshake authentication"",""trust_assumption"":""Peer ML-DSA public identities were pre-provisioned out of band."",""verified"":true},""qkd_classical"":null}","{""pqc_protocol_version"":1,""pqc_transcript_hash_sha384"":""ea01d2d4756bde574bf9197d1d5e657da496fb115d464507d305a3d8ecd22b3cf84d2cca157180d438698e8ca4d09b0e""}",,,,,,,,,,,,,,,,,,,,,,,,,low,"[""ML-KEM-768"",""ML-DSA-65"",""HKDF-SHA-384"",""HMAC-SHA-384""]",2218100,1128200,1300400,1147600,136700,252000,6183000,297800,,1875600,787700,306700,,1253200,764600,347300,,191500,16100,48600,24700,37900,23400,1184,1088,2585,9332,6618,96,3904,,,,,,,,,,,,,,,,,,mutual digital signatures,ML-DSA-65,true,true,2,2,6618,Peer ML-DSA public identities were pre-provisioned out of band.,,,,,,,,,,,,,,,,,6308900,"{""events"":[{""detail"":""PQC-BASE"",""sequence"":0,""source"":""session"",""stage"":""session"",""state"":""started""},{""detail"":""Responder KEM offer signed."",""sequence"":1,""source"":""pqc"",""stage"":""server_offer"",""state"":""created""},{""detail"":""Responder identity verified."",""sequence"":2,""source"":""pqc"",""stage"":""server_offer_authentication"",""state"":""verified""},{""detail"":""Initiator encapsulations signed."",""sequence"":3,""source"":""pqc"",""stage"":""client_exchange"",""state"":""created""},{""detail"":""Initiator identity verified."",""sequence"":4,""source"":""pqc"",""stage"":""client_exchange_authentication"",""state"":""verified""},{""detail"":""Role-local session and confirmation schedules started."",""sequence"":5,""source"":""pqc"",""stage"":""key_schedule"",""state"":""derived""},{""detail"":""Both role-separated Finished messages verified."",""sequence"":6,""source"":""pqc"",""stage"":""finished"",""state"":""verified""},{""detail"":""Confirmed PQC session key released."",""sequence"":7,""source"":""session"",""stage"":""session"",""state"":""established""}],""version"":1}"
1,32176305-9b66-4857-860a-e706c36db5fe,E1,pqc-base,14,1,7a66a56a-33b5-4dbf-b04e-602f37844654,true,701001,10,51,2026-09-08T07:42:50.941621+00:00,,PQC-BASE,6499,3.14.7,CPython,2.5.0,0.16.0,0.16.0,50.0.1,0.1.0,Windows,11,10.0.26200,AMD64,"Intel64 Family 6 Model 158 Stepping 12, GenuineIntel",ac46477bb374bde1c0ace1ef0bcfbc26b199dcfa,true,1,E1,pqc-base,14,,1,PQC-BASE,,,,low,[],"{""condition_id"":""pqc-base"",""experiment_kind"":""E1"",""qkd_stages"":[],""replicate_index"":14,""seed"":null,""session"":{""internal_pqc_profile"":""low"",""profile"":""PQC-BASE"",""qkd_authentication_profile"":null,""qkd_postprocessing"":null,""qkd_signal_count"":null,""version"":1},""tags"":[],""version"":1}",[],persistent pre-provisioned ML-DSA identities and peer trust,,,858800,667500,1526300,3904,false,1,dab3a26b01fd6894afbb5422ed22cb31,PQC-BASE,established,,session_key,256,"[{""algorithm"":""ML-KEM-768"",""bit_length"":256,""byte_length"":32,""encoding"":""raw KEM secret via canonical PQC KDF input"",""position"":1,""protocol"":""authenticated KEM handshake"",""source"":""pqc""}]","{""pqc_exchange"":{""algorithm"":""ML-DSA-65"",""executed"":true,""mechanism"":""mutual digital signatures"",""purpose"":""PQC handshake authentication"",""trust_assumption"":""Peer ML-DSA public identities were pre-provisioned out of band."",""verified"":true},""qkd_classical"":null}","{""pqc_protocol_version"":1,""pqc_transcript_hash_sha384"":""355c658d4576a460d4935ee5540454a9af4a07a669618b15b3403ad441e0a231e4f5f00c5fb3ecdbb4dd65d64c791ca1""}",,,,,,,,,,,,,,,,,,,,,,,,,low,"[""ML-KEM-768"",""ML-DSA-65"",""HKDF-SHA-384"",""HMAC-SHA-384""]",3237700,1114400,2856500,1149100,135400,252600,8745700,295500,,2905500,778000,307700,,2809700,765700,347600,,193200,15700,47600,24500,38600,24300,1184,1088,2585,9332,6618,96,3904,,,,,,,,,,,,,,,,,,mutual digital signatures,ML-DSA-65,true,true,2,2,6618,Peer ML-DSA public identities were pre-provisioned out of band.,,,,,,,,,,,,,,,,,8872000,"{""events"":[{""detail"":""PQC-BASE"",""sequence"":0,""source"":""session"",""stage"":""session"",""state"":""started""},{""detail"":""Responder KEM offer signed."",""sequence"":1,""source"":""pqc"",""stage"":""server_offer"",""state"":""created""},{""detail"":""Responder identity verified."",""sequence"":2,""source"":""pqc"",""stage"":""server_offer_authentication"",""state"":""verified""},{""detail"":""Initiator encapsulations signed."",""sequence"":3,""source"":""pqc"",""stage"":""client_exchange"",""state"":""created""},{""detail"":""Initiator identity verified."",""sequence"":4,""source"":""pqc"",""stage"":""client_exchange_authentication"",""state"":""verified""},{""detail"":""Role-local session and confirmation schedules started."",""sequence"":5,""source"":""pqc"",""stage"":""key_schedule"",""state"":""derived""},{""detail"":""Both role-separated Finished messages verified."",""sequence"":6,""source"":""pqc"",""stage"":""finished"",""state"":""verified""},{""detail"":""Confirmed PQC session key released."",""sequence"":7,""source"":""session"",""stage"":""session"",""state"":""established""}],""version"":1}"
1,6bba2edf-ca40-4adf-9ae5-363c4fe170ea,E1,pqc-base,16,1,7a66a56a-33b5-4dbf-b04e-602f37844654,true,701001,10,52,2026-09-08T07:42:51.009395+00:00,,PQC-BASE,6499,3.14.7,CPython,2.5.0,0.16.0,0.16.0,50.0.1,0.1.0,Windows,11,10.0.26200,AMD64,"Intel64 Family 6 Model 158 Stepping 12, GenuineIntel",ac46477bb374bde1c0ace1ef0bcfbc26b199dcfa,true,1,E1,pqc-base,16,,1,PQC-BASE,,,,low,[],"{""condition_id"":""pqc-base"",""experiment_kind"":""E1"",""qkd_stages"":[],""replicate_index"":16,""seed"":null,""session"":{""internal_pqc_profile"":""low"",""profile"":""PQC-BASE"",""qkd_authentication_profile"":null,""qkd_postprocessing"":null,""qkd_signal_count"":null,""version"":1},""tags"":[],""version"":1}",[],persistent pre-provisioned ML-DSA identities and peer trust,,,858800,667500,1526300,3904,false,1,69cb92f724acbea0ff31985bd3bc277d,PQC-BASE,established,,session_key,256,"[{""algorithm"":""ML-KEM-768"",""bit_length"":256,""byte_length"":32,""encoding"":""raw KEM secret via canonical PQC KDF input"",""position"":1,""protocol"":""authenticated KEM handshake"",""source"":""pqc""}]","{""pqc_exchange"":{""algorithm"":""ML-DSA-65"",""executed"":true,""mechanism"":""mutual digital signatures"",""purpose"":""PQC handshake authentication"",""trust_assumption"":""Peer ML-DSA public identities were pre-provisioned out of band."",""verified"":true},""qkd_classical"":null}","{""pqc_protocol_version"":1,""pqc_transcript_hash_sha384"":""bd0f39f4e815f7814da8d74583f9c2b43fcfb5d1324845ac62630fb2707b32aa46b21027593fb57bd83e445dd769fd28""}",,,,,,,,,,,,,,,,,,,,,,,,,low,"[""ML-KEM-768"",""ML-DSA-65"",""HKDF-SHA-384"",""HMAC-SHA-384""]",4671900,1127800,2203500,1149200,138300,252300,9543000,296000,,4332600,784800,309400,,2154900,766700,347200,,193100,16200,49100,25000,39100,23700,1184,1088,2585,9332,6618,96,3904,,,,,,,,,,,,,,,,,,mutual digital signatures,ML-DSA-65,true,true,2,2,6618,Peer ML-DSA public identities were pre-provisioned out of band.,,,,,,,,,,,,,,,,,9668900,"{""events"":[{""detail"":""PQC-BASE"",""sequence"":0,""source"":""session"",""stage"":""session"",""state"":""started""},{""detail"":""Responder KEM offer signed."",""sequence"":1,""source"":""pqc"",""stage"":""server_offer"",""state"":""created""},{""detail"":""Responder identity verified."",""sequence"":2,""source"":""pqc"",""stage"":""server_offer_authentication"",""state"":""verified""},{""detail"":""Initiator encapsulations signed."",""sequence"":3,""source"":""pqc"",""stage"":""client_exchange"",""state"":""created""},{""detail"":""Initiator identity verified."",""sequence"":4,""source"":""pqc"",""stage"":""client_exchange_authentication"",""state"":""verified""},{""detail"":""Role-local session and confirmation schedules started."",""sequence"":5,""source"":""pqc"",""stage"":""key_schedule"",""state"":""derived""},{""detail"":""Both role-separated Finished messages verified."",""sequence"":6,""source"":""pqc"",""stage"":""finished"",""state"":""verified""},{""detail"":""Confirmed PQC session key released."",""sequence"":7,""source"":""session"",""stage"":""session"",""state"":""established""}],""version"":1}"
1,e4f1740e-4e4c-4d14-8cd1-d73016ba2674,E1,pqc-diverse,2,1,7a66a56a-33b5-4dbf-b04e-602f37844654,true,701001,10,53,2026-09-08T07:42:51.160296+00:00,,PQC-DIVERSE,6819,3.14.7,CPython,2.5.0,0.16.0,0.16.0,50.0.1,0.1.0,Windows,11,10.0.26200,AMD64,"Intel64 Family 6 Model 158 Stepping 12, GenuineIntel",ac46477bb374bde1c0ace1ef0bcfbc26b199dcfa,true,1,E1,pqc-diverse,2,,1,PQC-DIVERSE,,,,high,[],"{""condition_id"":""pqc-diverse"",""experiment_kind"":""E1"",""qkd_stages"":[],""replicate_index"":2,""seed"":null,""session"":{""internal_pqc_profile"":""high"",""profile"":""PQC-DIVERSE"",""qkd_authentication_profile"":null,""qkd_postprocessing"":null,""qkd_signal_count"":null,""version"":1},""tags"":[],""version"":1}",[],persistent pre-provisioned ML-DSA identities and peer trust,,,858800,667500,1526300,3904,false,1,243f56ddbe42737b092ec79128cab1c8,PQC-DIVERSE,established,,session_key,256,"[{""algorithm"":""ML-KEM-768"",""bit_length"":256,""byte_length"":32,""encoding"":""raw KEM secret via canonical PQC KDF input"",""position"":1,""protocol"":""authenticated KEM handshake"",""source"":""pqc""},{""algorithm"":""HQC-3"",""bit_length"":256,""byte_length"":32,""encoding"":""raw KEM secret via canonical PQC KDF input"",""position"":2,""protocol"":""authenticated KEM handshake"",""source"":""pqc""}]","{""pqc_exchange"":{""algorithm"":""ML-DSA-65"",""executed"":true,""mechanism"":""mutual digital signatures"",""purpose"":""PQC handshake authentication"",""trust_assumption"":""Peer ML-DSA public identities were pre-provisioned out of band."",""verified"":true},""qkd_classical"":null}","{""pqc_protocol_version"":1,""pqc_transcript_hash_sha384"":""27edd733f4bf3196a32bdde888495ae84d7a9b0db641b27334698e91841a6961c7c2361991ab26c47af550fde51742d2""}",,,,,,,,,,,,,,,,,,,,,,,,,high,"[""ML-KEM-768"",""HQC-3"",""ML-DSA-65"",""HKDF-SHA-384"",""HMAC-SHA-384""]",17383500,28108200,4648600,41915300,196200,344600,92596400,292700,13243500,3802500,836400,302900,26930300,4574300,919400,447600,40467100,377700,21500,50900,25800,40500,23600,5698,10066,16105,22852,6618,96,3904,,,,,,,,,,,,,,,,,,mutual digital signatures,ML-DSA-65,true,true,2,2,6618,Peer ML-DSA public identities were pre-provisioned out of band.,,,,,,,,,,,,,,,,,92793100,"{""events"":[{""detail"":""PQC-DIVERSE"",""sequence"":0,""source"":""session"",""stage"":""session"",""state"":""started""},{""detail"":""Responder KEM offer signed."",""sequence"":1,""source"":""pqc"",""stage"":""server_offer"",""state"":""created""},{""detail"":""Responder identity verified."",""sequence"":2,""source"":""pqc"",""stage"":""server_offer_authentication"",""state"":""verified""},{""detail"":""Initiator encapsulations signed."",""sequence"":3,""source"":""pqc"",""stage"":""client_exchange"",""state"":""created""},{""detail"":""Initiator identity verified."",""sequence"":4,""source"":""pqc"",""stage"":""client_exchange_authentication"",""state"":""verified""},{""detail"":""Role-local session and confirmation schedules started."",""sequence"":5,""source"":""pqc"",""stage"":""key_schedule"",""state"":""derived""},{""detail"":""Both role-separated Finished messages verified."",""sequence"":6,""source"":""pqc"",""stage"":""finished"",""state"":""verified""},{""detail"":""Confirmed PQC session key released."",""sequence"":7,""source"":""session"",""stage"":""session"",""state"":""established""}],""version"":1}"
1,cd9ea172-1bc0-4609-9e0a-b98ea5f831c1,E1,pqc-base,35,1,7a66a56a-33b5-4dbf-b04e-602f37844654,true,701001,10,54,2026-09-08T07:42:51.230580+00:00,,PQC-BASE,6501,3.14.7,CPython,2.5.0,0.16.0,0.16.0,50.0.1,0.1.0,Windows,11,10.0.26200,AMD64,"Intel64 Family 6 Model 158 Stepping 12, GenuineIntel",ac46477bb374bde1c0ace1ef0bcfbc26b199dcfa,true,1,E1,pqc-base,35,,1,PQC-BASE,,,,low,[],"{""condition_id"":""pqc-base"",""experiment_kind"":""E1"",""qkd_stages"":[],""replicate_index"":35,""seed"":null,""session"":{""internal_pqc_profile"":""low"",""profile"":""PQC-BASE"",""qkd_authentication_profile"":null,""qkd_postprocessing"":null,""qkd_signal_count"":null,""version"":1},""tags"":[],""version"":1}",[],persistent pre-provisioned ML-DSA identities and peer trust,,,858800,667500,1526300,3904,false,1,3070cff93b14e96354209bd1e1e36052,PQC-BASE,established,,session_key,256,"[{""algorithm"":""ML-KEM-768"",""bit_length"":256,""byte_length"":32,""encoding"":""raw KEM secret via canonical PQC KDF input"",""position"":1,""protocol"":""authenticated KEM handshake"",""source"":""pqc""}]","{""pqc_exchange"":{""algorithm"":""ML-DSA-65"",""executed"":true,""mechanism"":""mutual digital signatures"",""purpose"":""PQC handshake authentication"",""trust_assumption"":""Peer ML-DSA public identities were pre-provisioned out of band."",""verified"":true},""qkd_classical"":null}","{""pqc_protocol_version"":1,""pqc_transcript_hash_sha384"":""c40301517b5713b4fdaf67bb069f514492e630856d9dfcb6f55b435bb9164b2b10750a9a6e56ccc814b3f6776676686b""}",,,,,,,,,,,,,,,,,,,,,,,,,low,"[""ML-KEM-768"",""ML-DSA-65"",""HKDF-SHA-384"",""HMAC-SHA-384""]",3969900,1110900,5251200,1145100,133500,247200,11857800,297000,,3633400,778600,303400,,5206000,763300,347200,,188700,14800,48100,24300,37900,23100,1184,1088,2585,9332,6618,96,3904,,,,,,,,,,,,,,,,,,mutual digital signatures,ML-DSA-65,true,true,2,2,6618,Peer ML-DSA public identities were pre-provisioned out of band.,,,,,,,,,,,,,,,,,11980200,"{""events"":[{""detail"":""PQC-BASE"",""sequence"":0,""source"":""session"",""stage"":""session"",""state"":""started""},{""detail"":""Responder KEM offer signed."",""sequence"":1,""source"":""pqc"",""stage"":""server_offer"",""state"":""created""},{""detail"":""Responder identity verified."",""sequence"":2,""source"":""pqc"",""stage"":""server_offer_authentication"",""state"":""verified""},{""detail"":""Initiator encapsulations signed."",""sequence"":3,""source"":""pqc"",""stage"":""client_exchange"",""state"":""created""},{""detail"":""Initiator identity verified."",""sequence"":4,""source"":""pqc"",""stage"":""client_exchange_authentication"",""state"":""verified""},{""detail"":""Role-local session and confirmation schedules started."",""sequence"":5,""source"":""pqc"",""stage"":""key_schedule"",""state"":""derived""},{""detail"":""Both role-separated Finished messages verified."",""sequence"":6,""source"":""pqc"",""stage"":""finished"",""state"":""verified""},{""detail"":""Confirmed PQC session key released."",""sequence"":7,""source"":""session"",""stage"":""session"",""state"":""established""}],""version"":1}"
1,6779b250-61b9-46c6-ab4a-5e3172c60fe7,E1,pqc-base,25,1,7a66a56a-33b5-4dbf-b04e-602f37844654,true,701001,10,55,2026-09-08T07:42:51.295795+00:00,,PQC-BASE,6499,3.14.7,CPython,2.5.0,0.16.0,0.16.0,50.0.1,0.1.0,Windows,11,10.0.26200,AMD64,"Intel64 Family 6 Model 158 Stepping 12, GenuineIntel",ac46477bb374bde1c0ace1ef0bcfbc26b199dcfa,true,1,E1,pqc-base,25,,1,PQC-BASE,,,,low,[],"{""condition_id"":""pqc-base"",""experiment_kind"":""E1"",""qkd_stages"":[],""replicate_index"":25,""seed"":null,""session"":{""internal_pqc_profile"":""low"",""profile"":""PQC-BASE"",""qkd_authentication_profile"":null,""qkd_postprocessing"":null,""qkd_signal_count"":null,""version"":1},""tags"":[],""version"":1}",[],persistent pre-provisioned ML-DSA identities and peer trust,,,858800,667500,1526300,3904,false,1,0dc67cb8e592bb7514557eb326f788ba,PQC-BASE,established,,session_key,256,"[{""algorithm"":""ML-KEM-768"",""bit_length"":256,""byte_length"":32,""encoding"":""raw KEM secret via canonical PQC KDF input"",""position"":1,""protocol"":""authenticated KEM handshake"",""source"":""pqc""}]","{""pqc_exchange"":{""algorithm"":""ML-DSA-65"",""executed"":true,""mechanism"":""mutual digital signatures"",""purpose"":""PQC handshake authentication"",""trust_assumption"":""Peer ML-DSA public identities were pre-provisioned out of band."",""verified"":true},""qkd_classical"":null}","{""pqc_protocol_version"":1,""pqc_transcript_hash_sha384"":""76a8c298fa3ee743edf049e3052725b7efd44c4da65465fe9a89d991275813dcb5a6987c49e49a55bfd69ef42c39ead7""}",,,,,,,,,,,,,,,,,,,,,,,,,low,"[""ML-KEM-768"",""ML-DSA-65"",""HKDF-SHA-384"",""HMAC-SHA-384""]",1564700,1091700,2064000,1144800,130700,246400,6242300,294800,,1234200,768200,298000,,2021300,765400,346200,,184300,15000,46100,24100,37800,23600,1184,1088,2585,9332,6618,96,3904,,,,,,,,,,,,,,,,,,mutual digital signatures,ML-DSA-65,true,true,2,2,6618,Peer ML-DSA public identities were pre-provisioned out of band.,,,,,,,,,,,,,,,,,6359200,"{""events"":[{""detail"":""PQC-BASE"",""sequence"":0,""source"":""session"",""stage"":""session"",""state"":""started""},{""detail"":""Responder KEM offer signed."",""sequence"":1,""source"":""pqc"",""stage"":""server_offer"",""state"":""created""},{""detail"":""Responder identity verified."",""sequence"":2,""source"":""pqc"",""stage"":""server_offer_authentication"",""state"":""verified""},{""detail"":""Initiator encapsulations signed."",""sequence"":3,""source"":""pqc"",""stage"":""client_exchange"",""state"":""created""},{""detail"":""Initiator identity verified."",""sequence"":4,""source"":""pqc"",""stage"":""client_exchange_authentication"",""state"":""verified""},{""detail"":""Role-local session and confirmation schedules started."",""sequence"":5,""source"":""pqc"",""stage"":""key_schedule"",""state"":""derived""},{""detail"":""Both role-separated Finished messages verified."",""sequence"":6,""source"":""pqc"",""stage"":""finished"",""state"":""verified""},{""detail"":""Confirmed PQC session key released."",""sequence"":7,""source"":""session"",""stage"":""session"",""state"":""established""}],""version"":1}"
1,9e63ce99-3872-45c9-be1b-7f08d57ac2fb,E1,pqc-base,40,1,7a66a56a-33b5-4dbf-b04e-602f37844654,true,701001,10,56,2026-09-08T07:42:51.367577+00:00,,PQC-BASE,6501,3.14.7,CPython,2.5.0,0.16.0,0.16.0,50.0.1,0.1.0,Windows,11,10.0.26200,AMD64,"Intel64 Family 6 Model 158 Stepping 12, GenuineIntel",ac46477bb374bde1c0ace1ef0bcfbc26b199dcfa,true,1,E1,pqc-base,40,,1,PQC-BASE,,,,low,[],"{""condition_id"":""pqc-base"",""experiment_kind"":""E1"",""qkd_stages"":[],""replicate_index"":40,""seed"":null,""session"":{""internal_pqc_profile"":""low"",""profile"":""PQC-BASE"",""qkd_authentication_profile"":null,""qkd_postprocessing"":null,""qkd_signal_count"":null,""version"":1},""tags"":[],""version"":1}",[],persistent pre-provisioned ML-DSA identities and peer trust,,,858800,667500,1526300,3904,false,1,eb5e7fdb0c1ce785587803173dede4d4,PQC-BASE,established,,session_key,256,"[{""algorithm"":""ML-KEM-768"",""bit_length"":256,""byte_length"":32,""encoding"":""raw KEM secret via canonical PQC KDF input"",""position"":1,""protocol"":""authenticated KEM handshake"",""source"":""pqc""}]","{""pqc_exchange"":{""algorithm"":""ML-DSA-65"",""executed"":true,""mechanism"":""mutual digital signatures"",""purpose"":""PQC handshake authentication"",""trust_assumption"":""Peer ML-DSA public identities were pre-provisioned out of band."",""verified"":true},""qkd_classical"":null}","{""pqc_protocol_version"":1,""pqc_transcript_hash_sha384"":""4f26f89c96a94282763e26cdc49e33d147898e2473a51c8fe425e72ea31ed58b3ee2afa6874d218635653f8e3747fb1d""}",,,,,,,,,,,,,,,,,,,,,,,,,low,"[""ML-KEM-768"",""ML-DSA-65"",""HKDF-SHA-384"",""HMAC-SHA-384""]",2420000,1098800,7646500,1152300,133700,247700,12699000,302300,,2081200,767300,305200,,7603100,766300,353200,,186400,15100,47200,24100,37900,23500,1184,1088,2585,9332,6618,96,3904,,,,,,,,,,,,,,,,,,mutual digital signatures,ML-DSA-65,true,true,2,2,6618,Peer ML-DSA public identities were pre-provisioned out of band.,,,,,,,,,,,,,,,,,12816900,"{""events"":[{""detail"":""PQC-BASE"",""sequence"":0,""source"":""session"",""stage"":""session"",""state"":""started""},{""detail"":""Responder KEM offer signed."",""sequence"":1,""source"":""pqc"",""stage"":""server_offer"",""state"":""created""},{""detail"":""Responder identity verified."",""sequence"":2,""source"":""pqc"",""stage"":""server_offer_authentication"",""state"":""verified""},{""detail"":""Initiator encapsulations signed."",""sequence"":3,""source"":""pqc"",""stage"":""client_exchange"",""state"":""created""},{""detail"":""Initiator identity verified."",""sequence"":4,""source"":""pqc"",""stage"":""client_exchange_authentication"",""state"":""verified""},{""detail"":""Role-local session and confirmation schedules started."",""sequence"":5,""source"":""pqc"",""stage"":""key_schedule"",""state"":""derived""},{""detail"":""Both role-separated Finished messages verified."",""sequence"":6,""source"":""pqc"",""stage"":""finished"",""state"":""verified""},{""detail"":""Confirmed PQC session key released."",""sequence"":7,""source"":""session"",""stage"":""session"",""state"":""established""}],""version"":1}"
1,81f63caf-5e6f-4808-aa02-0cdf3feb386b,E1,pqc-base,10,1,7a66a56a-33b5-4dbf-b04e-602f37844654,true,701001,10,57,2026-09-08T07:42:51.441419+00:00,,PQC-BASE,6502,3.14.7,CPython,2.5.0,0.16.0,0.16.0,50.0.1,0.1.0,Windows,11,10.0.26200,AMD64,"Intel64 Family 6 Model 158 Stepping 12, GenuineIntel",ac46477bb374bde1c0ace1ef0bcfbc26b199dcfa,true,1,E1,pqc-base,10,,1,PQC-BASE,,,,low,[],"{""condition_id"":""pqc-base"",""experiment_kind"":""E1"",""qkd_stages"":[],""replicate_index"":10,""seed"":null,""session"":{""internal_pqc_profile"":""low"",""profile"":""PQC-BASE"",""qkd_authentication_profile"":null,""qkd_postprocessing"":null,""qkd_signal_count"":null,""version"":1},""tags"":[],""version"":1}",[],persistent pre-provisioned ML-DSA identities and peer trust,,,858800,667500,1526300,3904,false,1,f3a2e2b2b52f147442700dbeb1991c31,PQC-BASE,established,,session_key,256,"[{""algorithm"":""ML-KEM-768"",""bit_length"":256,""byte_length"":32,""encoding"":""raw KEM secret via canonical PQC KDF input"",""position"":1,""protocol"":""authenticated KEM handshake"",""source"":""pqc""}]","{""pqc_exchange"":{""algorithm"":""ML-DSA-65"",""executed"":true,""mechanism"":""mutual digital signatures"",""purpose"":""PQC handshake authentication"",""trust_assumption"":""Peer ML-DSA public identities were pre-provisioned out of band."",""verified"":true},""qkd_classical"":null}","{""pqc_protocol_version"":1,""pqc_transcript_hash_sha384"":""a8f3aa94f13d2e326f63abc581a6b1a7a48044191219ce5cc69d08583fa89b42ac4e8aa1f62f356da0fec47a70dfd59e""}",,,,,,,,,,,,,,,,,,,,,,,,,low,"[""ML-KEM-768"",""ML-DSA-65"",""HKDF-SHA-384"",""HMAC-SHA-384""]",10008400,1209400,2891800,1258300,151000,259000,15777900,294200,,9672000,814200,348100,,2808500,803800,381800,,243100,18800,55800,25200,44200,24100,1184,1088,2585,9332,6618,96,3904,,,,,,,,,,,,,,,,,,mutual digital signatures,ML-DSA-65,true,true,2,2,6618,Peer ML-DSA public identities were pre-provisioned out of band.,,,,,,,,,,,,,,,,,15933000,"{""events"":[{""detail"":""PQC-BASE"",""sequence"":0,""source"":""session"",""stage"":""session"",""state"":""started""},{""detail"":""Responder KEM offer signed."",""sequence"":1,""source"":""pqc"",""stage"":""server_offer"",""state"":""created""},{""detail"":""Responder identity verified."",""sequence"":2,""source"":""pqc"",""stage"":""server_offer_authentication"",""state"":""verified""},{""detail"":""Initiator encapsulations signed."",""sequence"":3,""source"":""pqc"",""stage"":""client_exchange"",""state"":""created""},{""detail"":""Initiator identity verified."",""sequence"":4,""source"":""pqc"",""stage"":""client_exchange_authentication"",""state"":""verified""},{""detail"":""Role-local session and confirmation schedules started."",""sequence"":5,""source"":""pqc"",""stage"":""key_schedule"",""state"":""derived""},{""detail"":""Both role-separated Finished messages verified."",""sequence"":6,""source"":""pqc"",""stage"":""finished"",""state"":""verified""},{""detail"":""Confirmed PQC session key released."",""sequence"":7,""source"":""session"",""stage"":""session"",""state"":""established""}],""version"":1}"
1,710dde9d-e857-4437-8c23-dfa58bd37068,E1,pqc-base,23,1,7a66a56a-33b5-4dbf-b04e-602f37844654,true,701001,10,58,2026-09-08T07:42:51.506492+00:00,,PQC-BASE,6499,3.14.7,CPython,2.5.0,0.16.0,0.16.0,50.0.1,0.1.0,Windows,11,10.0.26200,AMD64,"Intel64 Family 6 Model 158 Stepping 12, GenuineIntel",ac46477bb374bde1c0ace1ef0bcfbc26b199dcfa,true,1,E1,pqc-base,23,,1,PQC-BASE,,,,low,[],"{""condition_id"":""pqc-base"",""experiment_kind"":""E1"",""qkd_stages"":[],""replicate_index"":23,""seed"":null,""session"":{""internal_pqc_profile"":""low"",""profile"":""PQC-BASE"",""qkd_authentication_profile"":null,""qkd_postprocessing"":null,""qkd_signal_count"":null,""version"":1},""tags"":[],""version"":1}",[],persistent pre-provisioned ML-DSA identities and peer trust,,,858800,667500,1526300,3904,false,1,a8af48136fe549c29c82fc1c546e2a6f,PQC-BASE,established,,session_key,256,"[{""algorithm"":""ML-KEM-768"",""bit_length"":256,""byte_length"":32,""encoding"":""raw KEM secret via canonical PQC KDF input"",""position"":1,""protocol"":""authenticated KEM handshake"",""source"":""pqc""}]","{""pqc_exchange"":{""algorithm"":""ML-DSA-65"",""executed"":true,""mechanism"":""mutual digital signatures"",""purpose"":""PQC handshake authentication"",""trust_assumption"":""Peer ML-DSA public identities were pre-provisioned out of band."",""verified"":true},""qkd_classical"":null}","{""pqc_protocol_version"":1,""pqc_transcript_hash_sha384"":""93200881584556ffb39fdc1058863d4d7e98f037e02974a0a64ae62f37552c6d600df85c68bb6bd2980ce345e645fd77""}",,,,,,,,,,,,,,,,,,,,,,,,,low,"[""ML-KEM-768"",""ML-DSA-65"",""HKDF-SHA-384"",""HMAC-SHA-384""]",1560600,1099700,1786500,1153400,134800,249000,5984000,293400,,1231500,772300,300600,,1737400,765400,349700,,191100,15000,48000,24300,38700,24000,1184,1088,2585,9332,6618,96,3904,,,,,,,,,,,,,,,,,,mutual digital signatures,ML-DSA-65,true,true,2,2,6618,Peer ML-DSA public identities were pre-provisioned out of band.,,,,,,,,,,,,,,,,,6106500,"{""events"":[{""detail"":""PQC-BASE"",""sequence"":0,""source"":""session"",""stage"":""session"",""state"":""started""},{""detail"":""Responder KEM offer signed."",""sequence"":1,""source"":""pqc"",""stage"":""server_offer"",""state"":""created""},{""detail"":""Responder identity verified."",""sequence"":2,""source"":""pqc"",""stage"":""server_offer_authentication"",""state"":""verified""},{""detail"":""Initiator encapsulations signed."",""sequence"":3,""source"":""pqc"",""stage"":""client_exchange"",""state"":""created""},{""detail"":""Initiator identity verified."",""sequence"":4,""source"":""pqc"",""stage"":""client_exchange_authentication"",""state"":""verified""},{""detail"":""Role-local session and confirmation schedules started."",""sequence"":5,""source"":""pqc"",""stage"":""key_schedule"",""state"":""derived""},{""detail"":""Both role-separated Finished messages verified."",""sequence"":6,""source"":""pqc"",""stage"":""finished"",""state"":""verified""},{""detail"":""Confirmed PQC session key released."",""sequence"":7,""source"":""session"",""stage"":""session"",""state"":""established""}],""version"":1}"
1,6d595ff1-8b6c-4083-bef3-ec229f7dca53,E1,pqc-base,47,1,7a66a56a-33b5-4dbf-b04e-602f37844654,true,701001,10,59,2026-09-08T07:42:51.586284+00:00,,PQC-BASE,6503,3.14.7,CPython,2.5.0,0.16.0,0.16.0,50.0.1,0.1.0,Windows,11,10.0.26200,AMD64,"Intel64 Family 6 Model 158 Stepping 12, GenuineIntel",ac46477bb374bde1c0ace1ef0bcfbc26b199dcfa,true,1,E1,pqc-base,47,,1,PQC-BASE,,,,low,[],"{""condition_id"":""pqc-base"",""experiment_kind"":""E1"",""qkd_stages"":[],""replicate_index"":47,""seed"":null,""session"":{""internal_pqc_profile"":""low"",""profile"":""PQC-BASE"",""qkd_authentication_profile"":null,""qkd_postprocessing"":null,""qkd_signal_count"":null,""version"":1},""tags"":[],""version"":1}",[],persistent pre-provisioned ML-DSA identities and peer trust,,,858800,667500,1526300,3904,false,1,597dc359aa8e711a5d40fdecc95bb502,PQC-BASE,established,,session_key,256,"[{""algorithm"":""ML-KEM-768"",""bit_length"":256,""byte_length"":32,""encoding"":""raw KEM secret via canonical PQC KDF input"",""position"":1,""protocol"":""authenticated KEM handshake"",""source"":""pqc""}]","{""pqc_exchange"":{""algorithm"":""ML-DSA-65"",""executed"":true,""mechanism"":""mutual digital signatures"",""purpose"":""PQC handshake authentication"",""trust_assumption"":""Peer ML-DSA public identities were pre-provisioned out of band."",""verified"":true},""qkd_classical"":null}","{""pqc_protocol_version"":1,""pqc_transcript_hash_sha384"":""bcce08d1e1932dd24baad7e7b7bf89da191f617dbf6b21417dbf0799cf26e6c7d4f4c9333324082126aa14690d2523af""}",,,,,,,,,,,,,,,,,,,,,,,,,low,"[""ML-KEM-768"",""ML-DSA-65"",""HKDF-SHA-384"",""HMAC-SHA-384""]",1874200,1094300,17496600,1170400,137800,251000,22024300,292600,,1546600,770700,297400,,17449600,776100,352200,,194800,15200,49000,24500,38700,23300,1184,1088,2585,9332,6618,96,3904,,,,,,,,,,,,,,,,,,mutual digital signatures,ML-DSA-65,true,true,2,2,6618,Peer ML-DSA public identities were pre-provisioned out of band.,,,,,,,,,,,,,,,,,22148100,"{""events"":[{""detail"":""PQC-BASE"",""sequence"":0,""source"":""session"",""stage"":""session"",""state"":""started""},{""detail"":""Responder KEM offer signed."",""sequence"":1,""source"":""pqc"",""stage"":""server_offer"",""state"":""created""},{""detail"":""Responder identity verified."",""sequence"":2,""source"":""pqc"",""stage"":""server_offer_authentication"",""state"":""verified""},{""detail"":""Initiator encapsulations signed."",""sequence"":3,""source"":""pqc"",""stage"":""client_exchange"",""state"":""created""},{""detail"":""Initiator identity verified."",""sequence"":4,""source"":""pqc"",""stage"":""client_exchange_authentication"",""state"":""verified""},{""detail"":""Role-local session and confirmation schedules started."",""sequence"":5,""source"":""pqc"",""stage"":""key_schedule"",""state"":""derived""},{""detail"":""Both role-separated Finished messages verified."",""sequence"":6,""source"":""pqc"",""stage"":""finished"",""state"":""verified""},{""detail"":""Confirmed PQC session key released."",""sequence"":7,""source"":""session"",""stage"":""session"",""state"":""established""}],""version"":1}"
1,8a4725f1-cba5-4b7d-84e0-edab0d234978,E1,pqc-diverse,29,1,7a66a56a-33b5-4dbf-b04e-602f37844654,true,701001,10,60,2026-09-08T07:42:51.733171+00:00,,PQC-DIVERSE,6821,3.14.7,CPython,2.5.0,0.16.0,0.16.0,50.0.1,0.1.0,Windows,11,10.0.26200,AMD64,"Intel64 Family 6 Model 158 Stepping 12, GenuineIntel",ac46477bb374bde1c0ace1ef0bcfbc26b199dcfa,true,1,E1,pqc-diverse,29,,1,PQC-DIVERSE,,,,high,[],"{""condition_id"":""pqc-diverse"",""experiment_kind"":""E1"",""qkd_stages"":[],""replicate_index"":29,""seed"":null,""session"":{""internal_pqc_profile"":""high"",""profile"":""PQC-DIVERSE"",""qkd_authentication_profile"":null,""qkd_postprocessing"":null,""qkd_signal_count"":null,""version"":1},""tags"":[],""version"":1}",[],persistent pre-provisioned ML-DSA identities and peer trust,,,858800,667500,1526300,3904,false,1,7350a7e2a6cfd6d6542913d7e728317d,PQC-DIVERSE,established,,session_key,256,"[{""algorithm"":""ML-KEM-768"",""bit_length"":256,""byte_length"":32,""encoding"":""raw KEM secret via canonical PQC KDF input"",""position"":1,""protocol"":""authenticated KEM handshake"",""source"":""pqc""},{""algorithm"":""HQC-3"",""bit_length"":256,""byte_length"":32,""encoding"":""raw KEM secret via canonical PQC KDF input"",""position"":2,""protocol"":""authenticated KEM handshake"",""source"":""pqc""}]","{""pqc_exchange"":{""algorithm"":""ML-DSA-65"",""executed"":true,""mechanism"":""mutual digital signatures"",""purpose"":""PQC handshake authentication"",""trust_assumption"":""Peer ML-DSA public identities were pre-provisioned out of band."",""verified"":true},""qkd_classical"":null}","{""pqc_protocol_version"":1,""pqc_transcript_hash_sha384"":""cedc5fcd1cffd7c8a847838a6fc94f90fcf9356f0433f4407ebffd20fc660893ae29a2b478eded10610eee43247d531a""}",,,,,,,,,,,,,,,,,,,,,,,,,high,"[""ML-KEM-768"",""HQC-3"",""ML-DSA-65"",""HKDF-SHA-384"",""HMAC-SHA-384""]",15424500,27577400,2920000,41537700,192600,336800,87989000,291800,13250000,1832500,839600,305500,26397200,2857100,900700,351300,40226100,350400,20000,50900,25500,38800,23600,5698,10066,16105,22852,6618,96,3904,,,,,,,,,,,,,,,,,,mutual digital signatures,ML-DSA-65,true,true,2,2,6618,Peer ML-DSA public identities were pre-provisioned out of band.,,,,,,,,,,,,,,,,,88169900,"{""events"":[{""detail"":""PQC-DIVERSE"",""sequence"":0,""source"":""session"",""stage"":""session"",""state"":""started""},{""detail"":""Responder KEM offer signed."",""sequence"":1,""source"":""pqc"",""stage"":""server_offer"",""state"":""created""},{""detail"":""Responder identity verified."",""sequence"":2,""source"":""pqc"",""stage"":""server_offer_authentication"",""state"":""verified""},{""detail"":""Initiator encapsulations signed."",""sequence"":3,""source"":""pqc"",""stage"":""client_exchange"",""state"":""created""},{""detail"":""Initiator identity verified."",""sequence"":4,""source"":""pqc"",""stage"":""client_exchange_authentication"",""state"":""verified""},{""detail"":""Role-local session and confirmation schedules started."",""sequence"":5,""source"":""pqc"",""stage"":""key_schedule"",""state"":""derived""},{""detail"":""Both role-separated Finished messages verified."",""sequence"":6,""source"":""pqc"",""stage"":""finished"",""state"":""verified""},{""detail"":""Confirmed PQC session key released."",""sequence"":7,""source"":""session"",""stage"":""session"",""state"":""established""}],""version"":1}"
1,bb699145-659c-4e59-a315-44a654783f48,E1,pqc-base,15,1,7a66a56a-33b5-4dbf-b04e-602f37844654,true,701001,10,61,2026-09-08T07:42:51.798052+00:00,,PQC-BASE,6499,3.14.7,CPython,2.5.0,0.16.0,0.16.0,50.0.1,0.1.0,Windows,11,10.0.26200,AMD64,"Intel64 Family 6 Model 158 Stepping 12, GenuineIntel",ac46477bb374bde1c0ace1ef0bcfbc26b199dcfa,true,1,E1,pqc-base,15,,1,PQC-BASE,,,,low,[],"{""condition_id"":""pqc-base"",""experiment_kind"":""E1"",""qkd_stages"":[],""replicate_index"":15,""seed"":null,""session"":{""internal_pqc_profile"":""low"",""profile"":""PQC-BASE"",""qkd_authentication_profile"":null,""qkd_postprocessing"":null,""qkd_signal_count"":null,""version"":1},""tags"":[],""version"":1}",[],persistent pre-provisioned ML-DSA identities and peer trust,,,858800,667500,1526300,3904,false,1,97b5d11df41ee67d6f7bcbfab7e1fb41,PQC-BASE,established,,session_key,256,"[{""algorithm"":""ML-KEM-768"",""bit_length"":256,""byte_length"":32,""encoding"":""raw KEM secret via canonical PQC KDF input"",""position"":1,""protocol"":""authenticated KEM handshake"",""source"":""pqc""}]","{""pqc_exchange"":{""algorithm"":""ML-DSA-65"",""executed"":true,""mechanism"":""mutual digital signatures"",""purpose"":""PQC handshake authentication"",""trust_assumption"":""Peer ML-DSA public identities were pre-provisioned out of band."",""verified"":true},""qkd_classical"":null}","{""pqc_protocol_version"":1,""pqc_transcript_hash_sha384"":""86697a1b6191b331d55950de1ea6be85e6628a1a2a69d77aad587e7f8e090fd78dd04baabc711d4bdccd31509588cfe1""}",,,,,,,,,,,,,,,,,,,,,,,,,low,"[""ML-KEM-768"",""ML-DSA-65"",""HKDF-SHA-384"",""HMAC-SHA-384""]",1563900,1092600,2574000,1145500,133400,251900,6761300,291900,,1235900,770000,297500,,2531700,765900,346200,,187000,15000,47800,24800,37500,23300,1184,1088,2585,9332,6618,96,3904,,,,,,,,,,,,,,,,,,mutual digital signatures,ML-DSA-65,true,true,2,2,6618,Peer ML-DSA public identities were pre-provisioned out of band.,,,,,,,,,,,,,,,,,6878700,"{""events"":[{""detail"":""PQC-BASE"",""sequence"":0,""source"":""session"",""stage"":""session"",""state"":""started""},{""detail"":""Responder KEM offer signed."",""sequence"":1,""source"":""pqc"",""stage"":""server_offer"",""state"":""created""},{""detail"":""Responder identity verified."",""sequence"":2,""source"":""pqc"",""stage"":""server_offer_authentication"",""state"":""verified""},{""detail"":""Initiator encapsulations signed."",""sequence"":3,""source"":""pqc"",""stage"":""client_exchange"",""state"":""created""},{""detail"":""Initiator identity verified."",""sequence"":4,""source"":""pqc"",""stage"":""client_exchange_authentication"",""state"":""verified""},{""detail"":""Role-local session and confirmation schedules started."",""sequence"":5,""source"":""pqc"",""stage"":""key_schedule"",""state"":""derived""},{""detail"":""Both role-separated Finished messages verified."",""sequence"":6,""source"":""pqc"",""stage"":""finished"",""state"":""verified""},{""detail"":""Confirmed PQC session key released."",""sequence"":7,""source"":""session"",""stage"":""session"",""state"":""established""}],""version"":1}"
1,befc4d17-e895-4130-b84d-98875d802bca,E1,pqc-base,8,1,7a66a56a-33b5-4dbf-b04e-602f37844654,true,701001,10,62,2026-09-08T07:42:51.862719+00:00,,PQC-BASE,6497,3.14.7,CPython,2.5.0,0.16.0,0.16.0,50.0.1,0.1.0,Windows,11,10.0.26200,AMD64,"Intel64 Family 6 Model 158 Stepping 12, GenuineIntel",ac46477bb374bde1c0ace1ef0bcfbc26b199dcfa,true,1,E1,pqc-base,8,,1,PQC-BASE,,,,low,[],"{""condition_id"":""pqc-base"",""experiment_kind"":""E1"",""qkd_stages"":[],""replicate_index"":8,""seed"":null,""session"":{""internal_pqc_profile"":""low"",""profile"":""PQC-BASE"",""qkd_authentication_profile"":null,""qkd_postprocessing"":null,""qkd_signal_count"":null,""version"":1},""tags"":[],""version"":1}",[],persistent pre-provisioned ML-DSA identities and peer trust,,,858800,667500,1526300,3904,false,1,b8b680454df7c0698924ee656fe7f2f4,PQC-BASE,established,,session_key,256,"[{""algorithm"":""ML-KEM-768"",""bit_length"":256,""byte_length"":32,""encoding"":""raw KEM secret via canonical PQC KDF input"",""position"":1,""protocol"":""authenticated KEM handshake"",""source"":""pqc""}]","{""pqc_exchange"":{""algorithm"":""ML-DSA-65"",""executed"":true,""mechanism"":""mutual digital signatures"",""purpose"":""PQC handshake authentication"",""trust_assumption"":""Peer ML-DSA public identities were pre-provisioned out of band."",""verified"":true},""qkd_classical"":null}","{""pqc_protocol_version"":1,""pqc_transcript_hash_sha384"":""1b7d7da621928c094d10faae2229995111d2631a76e8cbf99e357f5a6e75c2949dc49051b90d673c15417c5b7f6a50d0""}",,,,,,,,,,,,,,,,,,,,,,,,,low,"[""ML-KEM-768"",""ML-DSA-65"",""HKDF-SHA-384"",""HMAC-SHA-384""]",1561500,1094500,2214100,1144100,133100,249300,6396600,293100,,1231900,771700,297400,,2172100,763300,347300,,188500,15300,46400,24800,38300,23500,1184,1088,2585,9332,6618,96,3904,,,,,,,,,,,,,,,,,,mutual digital signatures,ML-DSA-65,true,true,2,2,6618,Peer ML-DSA public identities were pre-provisioned out of band.,,,,,,,,,,,,,,,,,6516000,"{""events"":[{""detail"":""PQC-BASE"",""sequence"":0,""source"":""session"",""stage"":""session"",""state"":""started""},{""detail"":""Responder KEM offer signed."",""sequence"":1,""source"":""pqc"",""stage"":""server_offer"",""state"":""created""},{""detail"":""Responder identity verified."",""sequence"":2,""source"":""pqc"",""stage"":""server_offer_authentication"",""state"":""verified""},{""detail"":""Initiator encapsulations signed."",""sequence"":3,""source"":""pqc"",""stage"":""client_exchange"",""state"":""created""},{""detail"":""Initiator identity verified."",""sequence"":4,""source"":""pqc"",""stage"":""client_exchange_authentication"",""state"":""verified""},{""detail"":""Role-local session and confirmation schedules started."",""sequence"":5,""source"":""pqc"",""stage"":""key_schedule"",""state"":""derived""},{""detail"":""Both role-separated Finished messages verified."",""sequence"":6,""source"":""pqc"",""stage"":""finished"",""state"":""verified""},{""detail"":""Confirmed PQC session key released."",""sequence"":7,""source"":""session"",""stage"":""session"",""state"":""established""}],""version"":1}"
1,32536232-3fd1-406f-bd86-cddc443b2a30,E1,pqc-diverse,22,1,7a66a56a-33b5-4dbf-b04e-602f37844654,true,701001,10,63,2026-09-08T07:42:52.008574+00:00,,PQC-DIVERSE,6821,3.14.7,CPython,2.5.0,0.16.0,0.16.0,50.0.1,0.1.0,Windows,11,10.0.26200,AMD64,"Intel64 Family 6 Model 158 Stepping 12, GenuineIntel",ac46477bb374bde1c0ace1ef0bcfbc26b199dcfa,true,1,E1,pqc-diverse,22,,1,PQC-DIVERSE,,,,high,[],"{""condition_id"":""pqc-diverse"",""experiment_kind"":""E1"",""qkd_stages"":[],""replicate_index"":22,""seed"":null,""session"":{""internal_pqc_profile"":""high"",""profile"":""PQC-DIVERSE"",""qkd_authentication_profile"":null,""qkd_postprocessing"":null,""qkd_signal_count"":null,""version"":1},""tags"":[],""version"":1}",[],persistent pre-provisioned ML-DSA identities and peer trust,,,858800,667500,1526300,3904,false,1,69f7f4c10ef17914b265109f91843046,PQC-DIVERSE,established,,session_key,256,"[{""algorithm"":""ML-KEM-768"",""bit_length"":256,""byte_length"":32,""encoding"":""raw KEM secret via canonical PQC KDF input"",""position"":1,""protocol"":""authenticated KEM handshake"",""source"":""pqc""},{""algorithm"":""HQC-3"",""bit_length"":256,""byte_length"":32,""encoding"":""raw KEM secret via canonical PQC KDF input"",""position"":2,""protocol"":""authenticated KEM handshake"",""source"":""pqc""}]","{""pqc_exchange"":{""algorithm"":""ML-DSA-65"",""executed"":true,""mechanism"":""mutual digital signatures"",""purpose"":""PQC handshake authentication"",""trust_assumption"":""Peer ML-DSA public identities were pre-provisioned out of band."",""verified"":true},""qkd_classical"":null}","{""pqc_protocol_version"":1,""pqc_transcript_hash_sha384"":""a70f60f1619ad1c0c2a80e9c885390830f4ba999135d2a5178ee92b40ce4fb082fa30ca03f66fff9b8ec152dea0661a0""}",,,,,,,,,,,,,,,,,,,,,,,,,high,"[""ML-KEM-768"",""HQC-3"",""ML-DSA-65"",""HKDF-SHA-384"",""HMAC-SHA-384""]",16386300,27606500,1819300,41495300,194400,345700,87847500,294100,13214900,2830200,855100,307300,26404000,1755900,898200,352600,40187900,347900,20800,51900,25900,39700,23700,5698,10066,16105,22852,6618,96,3904,,,,,,,,,,,,,,,,,,mutual digital signatures,ML-DSA-65,true,true,2,2,6618,Peer ML-DSA public identities were pre-provisioned out of band.,,,,,,,,,,,,,,,,,88026800,"{""events"":[{""detail"":""PQC-DIVERSE"",""sequence"":0,""source"":""session"",""stage"":""session"",""state"":""started""},{""detail"":""Responder KEM offer signed."",""sequence"":1,""source"":""pqc"",""stage"":""server_offer"",""state"":""created""},{""detail"":""Responder identity verified."",""sequence"":2,""source"":""pqc"",""stage"":""server_offer_authentication"",""state"":""verified""},{""detail"":""Initiator encapsulations signed."",""sequence"":3,""source"":""pqc"",""stage"":""client_exchange"",""state"":""created""},{""detail"":""Initiator identity verified."",""sequence"":4,""source"":""pqc"",""stage"":""client_exchange_authentication"",""state"":""verified""},{""detail"":""Role-local session and confirmation schedules started."",""sequence"":5,""source"":""pqc"",""stage"":""key_schedule"",""state"":""derived""},{""detail"":""Both role-separated Finished messages verified."",""sequence"":6,""source"":""pqc"",""stage"":""finished"",""state"":""verified""},{""detail"":""Confirmed PQC session key released."",""sequence"":7,""source"":""session"",""stage"":""session"",""state"":""established""}],""version"":1}"
1,2b8b039b-75dc-46a5-92fa-8e30bf4bb4ba,E1,pqc-diverse,0,1,7a66a56a-33b5-4dbf-b04e-602f37844654,true,701001,10,64,2026-09-08T07:42:52.154080+00:00,,PQC-DIVERSE,6819,3.14.7,CPython,2.5.0,0.16.0,0.16.0,50.0.1,0.1.0,Windows,11,10.0.26200,AMD64,"Intel64 Family 6 Model 158 Stepping 12, GenuineIntel",ac46477bb374bde1c0ace1ef0bcfbc26b199dcfa,true,1,E1,pqc-diverse,0,,1,PQC-DIVERSE,,,,high,[],"{""condition_id"":""pqc-diverse"",""experiment_kind"":""E1"",""qkd_stages"":[],""replicate_index"":0,""seed"":null,""session"":{""internal_pqc_profile"":""high"",""profile"":""PQC-DIVERSE"",""qkd_authentication_profile"":null,""qkd_postprocessing"":null,""qkd_signal_count"":null,""version"":1},""tags"":[],""version"":1}",[],persistent pre-provisioned ML-DSA identities and peer trust,,,858800,667500,1526300,3904,false,1,b67a4241754983c846875003ef7c228b,PQC-DIVERSE,established,,session_key,256,"[{""algorithm"":""ML-KEM-768"",""bit_length"":256,""byte_length"":32,""encoding"":""raw KEM secret via canonical PQC KDF input"",""position"":1,""protocol"":""authenticated KEM handshake"",""source"":""pqc""},{""algorithm"":""HQC-3"",""bit_length"":256,""byte_length"":32,""encoding"":""raw KEM secret via canonical PQC KDF input"",""position"":2,""protocol"":""authenticated KEM handshake"",""source"":""pqc""}]","{""pqc_exchange"":{""algorithm"":""ML-DSA-65"",""executed"":true,""mechanism"":""mutual digital signatures"",""purpose"":""PQC handshake authentication"",""trust_assumption"":""Peer ML-DSA public identities were pre-provisioned out of band."",""verified"":true},""qkd_classical"":null}","{""pqc_protocol_version"":1,""pqc_transcript_hash_sha384"":""9cd8edbf2ddfa3636cb7e6b2b9c4ec9d7df7425dd6c49d4ab482dd543330fbc0dacd7a6fa26b82689e1428c1633400bc""}",,,,,,,,,,,,,,,,,,,,,,,,,high,"[""ML-KEM-768"",""HQC-3"",""ML-DSA-65"",""HKDF-SHA-384"",""HMAC-SHA-384""]",15618800,27625800,1448800,41695800,219900,367600,86976700,294600,13228600,2050900,836100,301700,26449800,1382900,901700,353100,40369700,389400,23100,62000,28600,46300,25100,5698,10066,16105,22852,6618,96,3904,,,,,,,,,,,,,,,,,,mutual digital signatures,ML-DSA-65,true,true,2,2,6618,Peer ML-DSA public identities were pre-provisioned out of band.,,,,,,,,,,,,,,,,,87198200,"{""events"":[{""detail"":""PQC-DIVERSE"",""sequence"":0,""source"":""session"",""stage"":""session"",""state"":""started""},{""detail"":""Responder KEM offer signed."",""sequence"":1,""source"":""pqc"",""stage"":""server_offer"",""state"":""created""},{""detail"":""Responder identity verified."",""sequence"":2,""source"":""pqc"",""stage"":""server_offer_authentication"",""state"":""verified""},{""detail"":""Initiator encapsulations signed."",""sequence"":3,""source"":""pqc"",""stage"":""client_exchange"",""state"":""created""},{""detail"":""Initiator identity verified."",""sequence"":4,""source"":""pqc"",""stage"":""client_exchange_authentication"",""state"":""verified""},{""detail"":""Role-local session and confirmation schedules started."",""sequence"":5,""source"":""pqc"",""stage"":""key_schedule"",""state"":""derived""},{""detail"":""Both role-separated Finished messages verified."",""sequence"":6,""source"":""pqc"",""stage"":""finished"",""state"":""verified""},{""detail"":""Confirmed PQC session key released."",""sequence"":7,""source"":""session"",""stage"":""session"",""state"":""established""}],""version"":1}"
1,ba4733ad-4d0b-451a-aba7-a396ad2d3daa,E1,pqc-base,0,1,7a66a56a-33b5-4dbf-b04e-602f37844654,true,701001,10,65,2026-09-08T07:42:52.219428+00:00,,PQC-BASE,6497,3.14.7,CPython,2.5.0,0.16.0,0.16.0,50.0.1,0.1.0,Windows,11,10.0.26200,AMD64,"Intel64 Family 6 Model 158 Stepping 12, GenuineIntel",ac46477bb374bde1c0ace1ef0bcfbc26b199dcfa,true,1,E1,pqc-base,0,,1,PQC-BASE,,,,low,[],"{""condition_id"":""pqc-base"",""experiment_kind"":""E1"",""qkd_stages"":[],""replicate_index"":0,""seed"":null,""session"":{""internal_pqc_profile"":""low"",""profile"":""PQC-BASE"",""qkd_authentication_profile"":null,""qkd_postprocessing"":null,""qkd_signal_count"":null,""version"":1},""tags"":[],""version"":1}",[],persistent pre-provisioned ML-DSA identities and peer trust,,,858800,667500,1526300,3904,false,1,8c1dadbeb9af50d395f2793799002fd6,PQC-BASE,established,,session_key,256,"[{""algorithm"":""ML-KEM-768"",""bit_length"":256,""byte_length"":32,""encoding"":""raw KEM secret via canonical PQC KDF input"",""position"":1,""protocol"":""authenticated KEM handshake"",""source"":""pqc""}]","{""pqc_exchange"":{""algorithm"":""ML-DSA-65"",""executed"":true,""mechanism"":""mutual digital signatures"",""purpose"":""PQC handshake authentication"",""trust_assumption"":""Peer ML-DSA public identities were pre-provisioned out of band."",""verified"":true},""qkd_classical"":null}","{""pqc_protocol_version"":1,""pqc_transcript_hash_sha384"":""2cbadee22b9d7667b9e78490d2ed740ecebe19fad4e9c06acc5c102dff1d91d9aa5465f8a7d85d3c077e648ca123b64f""}",,,,,,,,,,,,,,,,,,,,,,,,,low,"[""ML-KEM-768"",""ML-DSA-65"",""HKDF-SHA-384"",""HMAC-SHA-384""]",1986200,1091200,2554100,1143100,133400,247400,7155400,292200,,1658400,767500,298100,,2511600,763700,345100,,187100,14700,47100,24500,37600,23500,1184,1088,2585,9332,6618,96,3904,,,,,,,,,,,,,,,,,,mutual digital signatures,ML-DSA-65,true,true,2,2,6618,Peer ML-DSA public identities were pre-provisioned out of band.,,,,,,,,,,,,,,,,,7272600,"{""events"":[{""detail"":""PQC-BASE"",""sequence"":0,""source"":""session"",""stage"":""session"",""state"":""started""},{""detail"":""Responder KEM offer signed."",""sequence"":1,""source"":""pqc"",""stage"":""server_offer"",""state"":""created""},{""detail"":""Responder identity verified."",""sequence"":2,""source"":""pqc"",""stage"":""server_offer_authentication"",""state"":""verified""},{""detail"":""Initiator encapsulations signed."",""sequence"":3,""source"":""pqc"",""stage"":""client_exchange"",""state"":""created""},{""detail"":""Initiator identity verified."",""sequence"":4,""source"":""pqc"",""stage"":""client_exchange_authentication"",""state"":""verified""},{""detail"":""Role-local session and confirmation schedules started."",""sequence"":5,""source"":""pqc"",""stage"":""key_schedule"",""state"":""derived""},{""detail"":""Both role-separated Finished messages verified."",""sequence"":6,""source"":""pqc"",""stage"":""finished"",""state"":""verified""},{""detail"":""Confirmed PQC session key released."",""sequence"":7,""source"":""session"",""stage"":""session"",""state"":""established""}],""version"":1}"
1,16ef3738-f763-46b8-98b4-c70436bad7c8,E1,pqc-diverse,9,1,7a66a56a-33b5-4dbf-b04e-602f37844654,true,701001,10,66,2026-09-08T07:42:52.367402+00:00,,PQC-DIVERSE,6819,3.14.7,CPython,2.5.0,0.16.0,0.16.0,50.0.1,0.1.0,Windows,11,10.0.26200,AMD64,"Intel64 Family 6 Model 158 Stepping 12, GenuineIntel",ac46477bb374bde1c0ace1ef0bcfbc26b199dcfa,true,1,E1,pqc-diverse,9,,1,PQC-DIVERSE,,,,high,[],"{""condition_id"":""pqc-diverse"",""experiment_kind"":""E1"",""qkd_stages"":[],""replicate_index"":9,""seed"":null,""session"":{""internal_pqc_profile"":""high"",""profile"":""PQC-DIVERSE"",""qkd_authentication_profile"":null,""qkd_postprocessing"":null,""qkd_signal_count"":null,""version"":1},""tags"":[],""version"":1}",[],persistent pre-provisioned ML-DSA identities and peer trust,,,858800,667500,1526300,3904,false,1,e5c7cfb9a25ac1157d76aa5b758b1157,PQC-DIVERSE,established,,session_key,256,"[{""algorithm"":""ML-KEM-768"",""bit_length"":256,""byte_length"":32,""encoding"":""raw KEM secret via canonical PQC KDF input"",""position"":1,""protocol"":""authenticated KEM handshake"",""source"":""pqc""},{""algorithm"":""HQC-3"",""bit_length"":256,""byte_length"":32,""encoding"":""raw KEM secret via canonical PQC KDF input"",""position"":2,""protocol"":""authenticated KEM handshake"",""source"":""pqc""}]","{""pqc_exchange"":{""algorithm"":""ML-DSA-65"",""executed"":true,""mechanism"":""mutual digital signatures"",""purpose"":""PQC handshake authentication"",""trust_assumption"":""Peer ML-DSA public identities were pre-provisioned out of band."",""verified"":true},""qkd_classical"":null}","{""pqc_protocol_version"":1,""pqc_transcript_hash_sha384"":""e3391a8a9a6d94e0eaece11d9469f6c288f9d97d06d1bebddc99d987a7f705f2bea901738a070994df8e055e339014e4""}",,,,,,,,,,,,,,,,,,,,,,,,,high,"[""ML-KEM-768"",""HQC-3"",""ML-DSA-65"",""HKDF-SHA-384"",""HMAC-SHA-384""]",15255200,27573900,4676200,41519800,194000,341200,89560300,298900,13222800,1688800,837300,302100,26398900,4613900,902400,352100,40205400,349300,20600,51900,26000,40500,23800,5698,10066,16105,22852,6618,96,3904,,,,,,,,,,,,,,,,,,mutual digital signatures,ML-DSA-65,true,true,2,2,6618,Peer ML-DSA public identities were pre-provisioned out of band.,,,,,,,,,,,,,,,,,89740900,"{""events"":[{""detail"":""PQC-DIVERSE"",""sequence"":0,""source"":""session"",""stage"":""session"",""state"":""started""},{""detail"":""Responder KEM offer signed."",""sequence"":1,""source"":""pqc"",""stage"":""server_offer"",""state"":""created""},{""detail"":""Responder identity verified."",""sequence"":2,""source"":""pqc"",""stage"":""server_offer_authentication"",""state"":""verified""},{""detail"":""Initiator encapsulations signed."",""sequence"":3,""source"":""pqc"",""stage"":""client_exchange"",""state"":""created""},{""detail"":""Initiator identity verified."",""sequence"":4,""source"":""pqc"",""stage"":""client_exchange_authentication"",""state"":""verified""},{""detail"":""Role-local session and confirmation schedules started."",""sequence"":5,""source"":""pqc"",""stage"":""key_schedule"",""state"":""derived""},{""detail"":""Both role-separated Finished messages verified."",""sequence"":6,""source"":""pqc"",""stage"":""finished"",""state"":""verified""},{""detail"":""Confirmed PQC session key released."",""sequence"":7,""source"":""session"",""stage"":""session"",""state"":""established""}],""version"":1}"
1,fc5e1593-1abb-43f4-9176-b0c20927781c,E1,pqc-base,13,1,7a66a56a-33b5-4dbf-b04e-602f37844654,true,701001,10,67,2026-09-08T07:42:52.432523+00:00,,PQC-BASE,6499,3.14.7,CPython,2.5.0,0.16.0,0.16.0,50.0.1,0.1.0,Windows,11,10.0.26200,AMD64,"Intel64 Family 6 Model 158 Stepping 12, GenuineIntel",ac46477bb374bde1c0ace1ef0bcfbc26b199dcfa,true,1,E1,pqc-base,13,,1,PQC-BASE,,,,low,[],"{""condition_id"":""pqc-base"",""experiment_kind"":""E1"",""qkd_stages"":[],""replicate_index"":13,""seed"":null,""session"":{""internal_pqc_profile"":""low"",""profile"":""PQC-BASE"",""qkd_authentication_profile"":null,""qkd_postprocessing"":null,""qkd_signal_count"":null,""version"":1},""tags"":[],""version"":1}",[],persistent pre-provisioned ML-DSA identities and peer trust,,,858800,667500,1526300,3904,false,1,50b21d0a499934771e5704912839b486,PQC-BASE,established,,session_key,256,"[{""algorithm"":""ML-KEM-768"",""bit_length"":256,""byte_length"":32,""encoding"":""raw KEM secret via canonical PQC KDF input"",""position"":1,""protocol"":""authenticated KEM handshake"",""source"":""pqc""}]","{""pqc_exchange"":{""algorithm"":""ML-DSA-65"",""executed"":true,""mechanism"":""mutual digital signatures"",""purpose"":""PQC handshake authentication"",""trust_assumption"":""Peer ML-DSA public identities were pre-provisioned out of band."",""verified"":true},""qkd_classical"":null}","{""pqc_protocol_version"":1,""pqc_transcript_hash_sha384"":""81ed368792439ac31ae0fe369d284930cee2292f6e5179129b83f951b9b08660e7d0d5363c3e1730d5a62be165eef6d6""}",,,,,,,,,,,,,,,,,,,,,,,,,low,"[""ML-KEM-768"",""ML-DSA-65"",""HKDF-SHA-384"",""HMAC-SHA-384""]",2474200,1092900,1601500,1149400,136200,252300,6706500,297000,,2140700,769200,297600,,1558100,764300,350500,,190500,15300,48700,24800,38600,24000,1184,1088,2585,9332,6618,96,3904,,,,,,,,,,,,,,,,,,mutual digital signatures,ML-DSA-65,true,true,2,2,6618,Peer ML-DSA public identities were pre-provisioned out of band.,,,,,,,,,,,,,,,,,6829700,"{""events"":[{""detail"":""PQC-BASE"",""sequence"":0,""source"":""session"",""stage"":""session"",""state"":""started""},{""detail"":""Responder KEM offer signed."",""sequence"":1,""source"":""pqc"",""stage"":""server_offer"",""state"":""created""},{""detail"":""Responder identity verified."",""sequence"":2,""source"":""pqc"",""stage"":""server_offer_authentication"",""state"":""verified""},{""detail"":""Initiator encapsulations signed."",""sequence"":3,""source"":""pqc"",""stage"":""client_exchange"",""state"":""created""},{""detail"":""Initiator identity verified."",""sequence"":4,""source"":""pqc"",""stage"":""client_exchange_authentication"",""state"":""verified""},{""detail"":""Role-local session and confirmation schedules started."",""sequence"":5,""source"":""pqc"",""stage"":""key_schedule"",""state"":""derived""},{""detail"":""Both role-separated Finished messages verified."",""sequence"":6,""source"":""pqc"",""stage"":""finished"",""state"":""verified""},{""detail"":""Confirmed PQC session key released."",""sequence"":7,""source"":""session"",""stage"":""session"",""state"":""established""}],""version"":1}"
1,4b05e4dc-16a6-4daa-9b5e-f11f48192d5b,E1,pqc-diverse,37,1,7a66a56a-33b5-4dbf-b04e-602f37844654,true,701001,10,68,2026-09-08T07:42:52.582334+00:00,,PQC-DIVERSE,6821,3.14.7,CPython,2.5.0,0.16.0,0.16.0,50.0.1,0.1.0,Windows,11,10.0.26200,AMD64,"Intel64 Family 6 Model 158 Stepping 12, GenuineIntel",ac46477bb374bde1c0ace1ef0bcfbc26b199dcfa,true,1,E1,pqc-diverse,37,,1,PQC-DIVERSE,,,,high,[],"{""condition_id"":""pqc-diverse"",""experiment_kind"":""E1"",""qkd_stages"":[],""replicate_index"":37,""seed"":null,""session"":{""internal_pqc_profile"":""high"",""profile"":""PQC-DIVERSE"",""qkd_authentication_profile"":null,""qkd_postprocessing"":null,""qkd_signal_count"":null,""version"":1},""tags"":[],""version"":1}",[],persistent pre-provisioned ML-DSA identities and peer trust,,,858800,667500,1526300,3904,false,1,62acb1009c161caafb318cd6087c89e0,PQC-DIVERSE,established,,session_key,256,"[{""algorithm"":""ML-KEM-768"",""bit_length"":256,""byte_length"":32,""encoding"":""raw KEM secret via canonical PQC KDF input"",""position"":1,""protocol"":""authenticated KEM handshake"",""source"":""pqc""},{""algorithm"":""HQC-3"",""bit_length"":256,""byte_length"":32,""encoding"":""raw KEM secret via canonical PQC KDF input"",""position"":2,""protocol"":""authenticated KEM handshake"",""source"":""pqc""}]","{""pqc_exchange"":{""algorithm"":""ML-DSA-65"",""executed"":true,""mechanism"":""mutual digital signatures"",""purpose"":""PQC handshake authentication"",""trust_assumption"":""Peer ML-DSA public identities were pre-provisioned out of band."",""verified"":true},""qkd_classical"":null}","{""pqc_protocol_version"":1,""pqc_transcript_hash_sha384"":""5dc40a798e8c8d91ae9cd6f43c3d49eb174ea9ac6933128b8cc9826ecf25ad3b8d79f383bba54b41ef1f3fced62c9d1b""}",,,,,,,,,,,,,,,,,,,,,,,,,high,"[""ML-KEM-768"",""HQC-3"",""ML-DSA-65"",""HKDF-SHA-384"",""HMAC-SHA-384""]",16888400,27570100,1950000,41547100,192300,339200,88487100,294200,13225100,3324500,838800,301300,26394300,1886200,900800,353500,40231200,356600,20200,50400,25400,38200,23400,5698,10066,16105,22852,6618,96,3904,,,,,,,,,,,,,,,,,,mutual digital signatures,ML-DSA-65,true,true,2,2,6618,Peer ML-DSA public identities were pre-provisioned out of band.,,,,,,,,,,,,,,,,,88672400,"{""events"":[{""detail"":""PQC-DIVERSE"",""sequence"":0,""source"":""session"",""stage"":""session"",""state"":""started""},{""detail"":""Responder KEM offer signed."",""sequence"":1,""source"":""pqc"",""stage"":""server_offer"",""state"":""created""},{""detail"":""Responder identity verified."",""sequence"":2,""source"":""pqc"",""stage"":""server_offer_authentication"",""state"":""verified""},{""detail"":""Initiator encapsulations signed."",""sequence"":3,""source"":""pqc"",""stage"":""client_exchange"",""state"":""created""},{""detail"":""Initiator identity verified."",""sequence"":4,""source"":""pqc"",""stage"":""client_exchange_authentication"",""state"":""verified""},{""detail"":""Role-local session and confirmation schedules started."",""sequence"":5,""source"":""pqc"",""stage"":""key_schedule"",""state"":""derived""},{""detail"":""Both role-separated Finished messages verified."",""sequence"":6,""source"":""pqc"",""stage"":""finished"",""state"":""verified""},{""detail"":""Confirmed PQC session key released."",""sequence"":7,""source"":""session"",""stage"":""session"",""state"":""established""}],""version"":1}"
1,58e696a1-940a-45ff-9c67-08fb1c89081c,E1,pqc-diverse,21,1,7a66a56a-33b5-4dbf-b04e-602f37844654,true,701001,10,69,2026-09-08T07:42:52.732763+00:00,,PQC-DIVERSE,6821,3.14.7,CPython,2.5.0,0.16.0,0.16.0,50.0.1,0.1.0,Windows,11,10.0.26200,AMD64,"Intel64 Family 6 Model 158 Stepping 12, GenuineIntel",ac46477bb374bde1c0ace1ef0bcfbc26b199dcfa,true,1,E1,pqc-diverse,21,,1,PQC-DIVERSE,,,,high,[],"{""condition_id"":""pqc-diverse"",""experiment_kind"":""E1"",""qkd_stages"":[],""replicate_index"":21,""seed"":null,""session"":{""internal_pqc_profile"":""high"",""profile"":""PQC-DIVERSE"",""qkd_authentication_profile"":null,""qkd_postprocessing"":null,""qkd_signal_count"":null,""version"":1},""tags"":[],""version"":1}",[],persistent pre-provisioned ML-DSA identities and peer trust,,,858800,667500,1526300,3904,false,1,b693de5ca53b21d7111d05f6ef4efece,PQC-DIVERSE,established,,session_key,256,"[{""algorithm"":""ML-KEM-768"",""bit_length"":256,""byte_length"":32,""encoding"":""raw KEM secret via canonical PQC KDF input"",""position"":1,""protocol"":""authenticated KEM handshake"",""source"":""pqc""},{""algorithm"":""HQC-3"",""bit_length"":256,""byte_length"":32,""encoding"":""raw KEM secret via canonical PQC KDF input"",""position"":2,""protocol"":""authenticated KEM handshake"",""source"":""pqc""}]","{""pqc_exchange"":{""algorithm"":""ML-DSA-65"",""executed"":true,""mechanism"":""mutual digital signatures"",""purpose"":""PQC handshake authentication"",""trust_assumption"":""Peer ML-DSA public identities were pre-provisioned out of band."",""verified"":true},""qkd_classical"":null}","{""pqc_protocol_version"":1,""pqc_transcript_hash_sha384"":""a2c03cd7e56fdff50bafd9decd65d554ca8de03ccb403212d89356c7c14c814dba61ff26f600054a5ef16bd3f1f775e8""}",,,,,,,,,,,,,,,,,,,,,,,,,high,"[""ML-KEM-768"",""HQC-3"",""ML-DSA-65"",""HKDF-SHA-384"",""HMAC-SHA-384""]",17509200,27603500,5091000,41524500,194200,340000,92262400,291700,13232500,3937700,837300,304100,26422800,5014800,915000,361400,40174600,360400,21100,50900,25300,40600,23900,5698,10066,16105,22852,6618,96,3904,,,,,,,,,,,,,,,,,,mutual digital signatures,ML-DSA-65,true,true,2,2,6618,Peer ML-DSA public identities were pre-provisioned out of band.,,,,,,,,,,,,,,,,,92441000,"{""events"":[{""detail"":""PQC-DIVERSE"",""sequence"":0,""source"":""session"",""stage"":""session"",""state"":""started""},{""detail"":""Responder KEM offer signed."",""sequence"":1,""source"":""pqc"",""stage"":""server_offer"",""state"":""created""},{""detail"":""Responder identity verified."",""sequence"":2,""source"":""pqc"",""stage"":""server_offer_authentication"",""state"":""verified""},{""detail"":""Initiator encapsulations signed."",""sequence"":3,""source"":""pqc"",""stage"":""client_exchange"",""state"":""created""},{""detail"":""Initiator identity verified."",""sequence"":4,""source"":""pqc"",""stage"":""client_exchange_authentication"",""state"":""verified""},{""detail"":""Role-local session and confirmation schedules started."",""sequence"":5,""source"":""pqc"",""stage"":""key_schedule"",""state"":""derived""},{""detail"":""Both role-separated Finished messages verified."",""sequence"":6,""source"":""pqc"",""stage"":""finished"",""state"":""verified""},{""detail"":""Confirmed PQC session key released."",""sequence"":7,""source"":""session"",""stage"":""session"",""state"":""established""}],""version"":1}"
1,ed97b852-17f2-4ea7-ac15-5e1bb7ea42c5,E1,pqc-diverse,43,1,7a66a56a-33b5-4dbf-b04e-602f37844654,true,701001,10,70,2026-09-08T07:42:52.880051+00:00,,PQC-DIVERSE,6821,3.14.7,CPython,2.5.0,0.16.0,0.16.0,50.0.1,0.1.0,Windows,11,10.0.26200,AMD64,"Intel64 Family 6 Model 158 Stepping 12, GenuineIntel",ac46477bb374bde1c0ace1ef0bcfbc26b199dcfa,true,1,E1,pqc-diverse,43,,1,PQC-DIVERSE,,,,high,[],"{""condition_id"":""pqc-diverse"",""experiment_kind"":""E1"",""qkd_stages"":[],""replicate_index"":43,""seed"":null,""session"":{""internal_pqc_profile"":""high"",""profile"":""PQC-DIVERSE"",""qkd_authentication_profile"":null,""qkd_postprocessing"":null,""qkd_signal_count"":null,""version"":1},""tags"":[],""version"":1}",[],persistent pre-provisioned ML-DSA identities and peer trust,,,858800,667500,1526300,3904,false,1,15023fbebe6414625ea1503d38ebc6b3,PQC-DIVERSE,established,,session_key,256,"[{""algorithm"":""ML-KEM-768"",""bit_length"":256,""byte_length"":32,""encoding"":""raw KEM secret via canonical PQC KDF input"",""position"":1,""protocol"":""authenticated KEM handshake"",""source"":""pqc""},{""algorithm"":""HQC-3"",""bit_length"":256,""byte_length"":32,""encoding"":""raw KEM secret via canonical PQC KDF input"",""position"":2,""protocol"":""authenticated KEM handshake"",""source"":""pqc""}]","{""pqc_exchange"":{""algorithm"":""ML-DSA-65"",""executed"":true,""mechanism"":""mutual digital signatures"",""purpose"":""PQC handshake authentication"",""trust_assumption"":""Peer ML-DSA public identities were pre-provisioned out of band."",""verified"":true},""qkd_classical"":null}","{""pqc_protocol_version"":1,""pqc_transcript_hash_sha384"":""ffa7a119eb392ad783c81ca59e29903fb69f9991ef6f45592f9a867a2e7f1cbc57e612b9aa0c32d64d6e1c0f74b67390""}",,,,,,,,,,,,,,,,,,,,,,,,,high,"[""ML-KEM-768"",""HQC-3"",""ML-DSA-65"",""HKDF-SHA-384"",""HMAC-SHA-384""]",16983600,27591300,2120800,41567700,193500,338200,88795100,294100,13223600,3421900,837700,301100,26414600,2048800,919700,359700,40216700,360000,19900,51100,25500,39800,23400,5698,10066,16105,22852,6618,96,3904,,,,,,,,,,,,,,,,,,mutual digital signatures,ML-DSA-65,true,true,2,2,6618,Peer ML-DSA public identities were pre-provisioned out of band.,,,,,,,,,,,,,,,,,88979300,"{""events"":[{""detail"":""PQC-DIVERSE"",""sequence"":0,""source"":""session"",""stage"":""session"",""state"":""started""},{""detail"":""Responder KEM offer signed."",""sequence"":1,""source"":""pqc"",""stage"":""server_offer"",""state"":""created""},{""detail"":""Responder identity verified."",""sequence"":2,""source"":""pqc"",""stage"":""server_offer_authentication"",""state"":""verified""},{""detail"":""Initiator encapsulations signed."",""sequence"":3,""source"":""pqc"",""stage"":""client_exchange"",""state"":""created""},{""detail"":""Initiator identity verified."",""sequence"":4,""source"":""pqc"",""stage"":""client_exchange_authentication"",""state"":""verified""},{""detail"":""Role-local session and confirmation schedules started."",""sequence"":5,""source"":""pqc"",""stage"":""key_schedule"",""state"":""derived""},{""detail"":""Both role-separated Finished messages verified."",""sequence"":6,""source"":""pqc"",""stage"":""finished"",""state"":""verified""},{""detail"":""Confirmed PQC session key released."",""sequence"":7,""source"":""session"",""stage"":""session"",""state"":""established""}],""version"":1}"
1,00fe75d0-10c2-44df-8c3e-d0391cb34ac8,E1,pqc-diverse,25,1,7a66a56a-33b5-4dbf-b04e-602f37844654,true,701001,10,71,2026-09-08T07:42:53.027088+00:00,,PQC-DIVERSE,6821,3.14.7,CPython,2.5.0,0.16.0,0.16.0,50.0.1,0.1.0,Windows,11,10.0.26200,AMD64,"Intel64 Family 6 Model 158 Stepping 12, GenuineIntel",ac46477bb374bde1c0ace1ef0bcfbc26b199dcfa,true,1,E1,pqc-diverse,25,,1,PQC-DIVERSE,,,,high,[],"{""condition_id"":""pqc-diverse"",""experiment_kind"":""E1"",""qkd_stages"":[],""replicate_index"":25,""seed"":null,""session"":{""internal_pqc_profile"":""high"",""profile"":""PQC-DIVERSE"",""qkd_authentication_profile"":null,""qkd_postprocessing"":null,""qkd_signal_count"":null,""version"":1},""tags"":[],""version"":1}",[],persistent pre-provisioned ML-DSA identities and peer trust,,,858800,667500,1526300,3904,false,1,142c0c497277d5b426c023cecc8a9d39,PQC-DIVERSE,established,,session_key,256,"[{""algorithm"":""ML-KEM-768"",""bit_length"":256,""byte_length"":32,""encoding"":""raw KEM secret via canonical PQC KDF input"",""position"":1,""protocol"":""authenticated KEM handshake"",""source"":""pqc""},{""algorithm"":""HQC-3"",""bit_length"":256,""byte_length"":32,""encoding"":""raw KEM secret via canonical PQC KDF input"",""position"":2,""protocol"":""authenticated KEM handshake"",""source"":""pqc""}]","{""pqc_exchange"":{""algorithm"":""ML-DSA-65"",""executed"":true,""mechanism"":""mutual digital signatures"",""purpose"":""PQC handshake authentication"",""trust_assumption"":""Peer ML-DSA public identities were pre-provisioned out of band."",""verified"":true},""qkd_classical"":null}","{""pqc_protocol_version"":1,""pqc_transcript_hash_sha384"":""5285784d46100e2cb4dfa050d5240e2dd6b40ba67bff09293796236b6af39a16f82882cff0e95713fe693490009a5be7""}",,,,,,,,,,,,,,,,,,,,,,,,,high,"[""ML-KEM-768"",""HQC-3"",""ML-DSA-65"",""HKDF-SHA-384"",""HMAC-SHA-384""]",16834800,27664200,1961000,41567600,192000,338600,88558200,297700,13212400,3281700,843000,302300,26478500,1893800,903900,355300,40248100,355300,19000,50500,25300,38900,23600,5698,10066,16105,22852,6618,96,3904,,,,,,,,,,,,,,,,,,mutual digital signatures,ML-DSA-65,true,true,2,2,6618,Peer ML-DSA public identities were pre-provisioned out of band.,,,,,,,,,,,,,,,,,88742000,"{""events"":[{""detail"":""PQC-DIVERSE"",""sequence"":0,""source"":""session"",""stage"":""session"",""state"":""started""},{""detail"":""Responder KEM offer signed."",""sequence"":1,""source"":""pqc"",""stage"":""server_offer"",""state"":""created""},{""detail"":""Responder identity verified."",""sequence"":2,""source"":""pqc"",""stage"":""server_offer_authentication"",""state"":""verified""},{""detail"":""Initiator encapsulations signed."",""sequence"":3,""source"":""pqc"",""stage"":""client_exchange"",""state"":""created""},{""detail"":""Initiator identity verified."",""sequence"":4,""source"":""pqc"",""stage"":""client_exchange_authentication"",""state"":""verified""},{""detail"":""Role-local session and confirmation schedules started."",""sequence"":5,""source"":""pqc"",""stage"":""key_schedule"",""state"":""derived""},{""detail"":""Both role-separated Finished messages verified."",""sequence"":6,""source"":""pqc"",""stage"":""finished"",""state"":""verified""},{""detail"":""Confirmed PQC session key released."",""sequence"":7,""source"":""session"",""stage"":""session"",""state"":""established""}],""version"":1}"
1,8345aaff-68ea-4c97-bc89-e3cfc534ee58,E1,pqc-base,44,1,7a66a56a-33b5-4dbf-b04e-602f37844654,true,701001,10,72,2026-09-08T07:42:53.103725+00:00,,PQC-BASE,6503,3.14.7,CPython,2.5.0,0.16.0,0.16.0,50.0.1,0.1.0,Windows,11,10.0.26200,AMD64,"Intel64 Family 6 Model 158 Stepping 12, GenuineIntel",ac46477bb374bde1c0ace1ef0bcfbc26b199dcfa,true,1,E1,pqc-base,44,,1,PQC-BASE,,,,low,[],"{""condition_id"":""pqc-base"",""experiment_kind"":""E1"",""qkd_stages"":[],""replicate_index"":44,""seed"":null,""session"":{""internal_pqc_profile"":""low"",""profile"":""PQC-BASE"",""qkd_authentication_profile"":null,""qkd_postprocessing"":null,""qkd_signal_count"":null,""version"":1},""tags"":[],""version"":1}",[],persistent pre-provisioned ML-DSA identities and peer trust,,,858800,667500,1526300,3904,false,1,259193d9314f239242196dcfab0c445f,PQC-BASE,established,,session_key,256,"[{""algorithm"":""ML-KEM-768"",""bit_length"":256,""byte_length"":32,""encoding"":""raw KEM secret via canonical PQC KDF input"",""position"":1,""protocol"":""authenticated KEM handshake"",""source"":""pqc""}]","{""pqc_exchange"":{""algorithm"":""ML-DSA-65"",""executed"":true,""mechanism"":""mutual digital signatures"",""purpose"":""PQC handshake authentication"",""trust_assumption"":""Peer ML-DSA public identities were pre-provisioned out of band."",""verified"":true},""qkd_classical"":null}","{""pqc_protocol_version"":1,""pqc_transcript_hash_sha384"":""e138d2293510fac486170ba12d7640e78044403b004931e48600fd833a269b2b686660621c0aaee6a1cf593ebc6b063f""}",,,,,,,,,,,,,,,,,,,,,,,,,low,"[""ML-KEM-768"",""ML-DSA-65"",""HKDF-SHA-384"",""HMAC-SHA-384""]",11114800,1105700,4133400,1153100,146900,252700,17906600,296200,,10779400,774900,301900,,4088200,763100,353500,,192300,16700,54800,25100,40400,24300,1184,1088,2585,9332,6618,96,3904,,,,,,,,,,,,,,,,,,mutual digital signatures,ML-DSA-65,true,true,2,2,6618,Peer ML-DSA public identities were pre-provisioned out of band.,,,,,,,,,,,,,,,,,18036700,"{""events"":[{""detail"":""PQC-BASE"",""sequence"":0,""source"":""session"",""stage"":""session"",""state"":""started""},{""detail"":""Responder KEM offer signed."",""sequence"":1,""source"":""pqc"",""stage"":""server_offer"",""state"":""created""},{""detail"":""Responder identity verified."",""sequence"":2,""source"":""pqc"",""stage"":""server_offer_authentication"",""state"":""verified""},{""detail"":""Initiator encapsulations signed."",""sequence"":3,""source"":""pqc"",""stage"":""client_exchange"",""state"":""created""},{""detail"":""Initiator identity verified."",""sequence"":4,""source"":""pqc"",""stage"":""client_exchange_authentication"",""state"":""verified""},{""detail"":""Role-local session and confirmation schedules started."",""sequence"":5,""source"":""pqc"",""stage"":""key_schedule"",""state"":""derived""},{""detail"":""Both role-separated Finished messages verified."",""sequence"":6,""source"":""pqc"",""stage"":""finished"",""state"":""verified""},{""detail"":""Confirmed PQC session key released."",""sequence"":7,""source"":""session"",""stage"":""session"",""state"":""established""}],""version"":1}"
1,a6b26456-bbf3-47b6-84fc-27651d36ee99,E1,pqc-diverse,49,1,7a66a56a-33b5-4dbf-b04e-602f37844654,true,701001,10,73,2026-09-08T07:42:53.255076+00:00,,PQC-DIVERSE,6821,3.14.7,CPython,2.5.0,0.16.0,0.16.0,50.0.1,0.1.0,Windows,11,10.0.26200,AMD64,"Intel64 Family 6 Model 158 Stepping 12, GenuineIntel",ac46477bb374bde1c0ace1ef0bcfbc26b199dcfa,true,1,E1,pqc-diverse,49,,1,PQC-DIVERSE,,,,high,[],"{""condition_id"":""pqc-diverse"",""experiment_kind"":""E1"",""qkd_stages"":[],""replicate_index"":49,""seed"":null,""session"":{""internal_pqc_profile"":""high"",""profile"":""PQC-DIVERSE"",""qkd_authentication_profile"":null,""qkd_postprocessing"":null,""qkd_signal_count"":null,""version"":1},""tags"":[],""version"":1}",[],persistent pre-provisioned ML-DSA identities and peer trust,,,858800,667500,1526300,3904,false,1,e3752ae67eaa6662ed2248214ed482ea,PQC-DIVERSE,established,,session_key,256,"[{""algorithm"":""ML-KEM-768"",""bit_length"":256,""byte_length"":32,""encoding"":""raw KEM secret via canonical PQC KDF input"",""position"":1,""protocol"":""authenticated KEM handshake"",""source"":""pqc""},{""algorithm"":""HQC-3"",""bit_length"":256,""byte_length"":32,""encoding"":""raw KEM secret via canonical PQC KDF input"",""position"":2,""protocol"":""authenticated KEM handshake"",""source"":""pqc""}]","{""pqc_exchange"":{""algorithm"":""ML-DSA-65"",""executed"":true,""mechanism"":""mutual digital signatures"",""purpose"":""PQC handshake authentication"",""trust_assumption"":""Peer ML-DSA public identities were pre-provisioned out of band."",""verified"":true},""qkd_classical"":null}","{""pqc_protocol_version"":1,""pqc_transcript_hash_sha384"":""565a7b6b46e9cf6aa5690f30596074618363caa8f6f33d497529bae106bf4b6d0cf788949262c2a5e316d44af617c63f""}",,,,,,,,,,,,,,,,,,,,,,,,,high,"[""ML-KEM-768"",""HQC-3"",""ML-DSA-65"",""HKDF-SHA-384"",""HMAC-SHA-384""]",20967100,27662900,1884500,41486800,192600,340000,92533900,294500,13251700,7374900,838500,305400,26480400,1815700,899600,358300,40173600,348500,19800,51700,25400,39800,23700,5698,10066,16105,22852,6618,96,3904,,,,,,,,,,,,,,,,,,mutual digital signatures,ML-DSA-65,true,true,2,2,6618,Peer ML-DSA public identities were pre-provisioned out of band.,,,,,,,,,,,,,,,,,92711800,"{""events"":[{""detail"":""PQC-DIVERSE"",""sequence"":0,""source"":""session"",""stage"":""session"",""state"":""started""},{""detail"":""Responder KEM offer signed."",""sequence"":1,""source"":""pqc"",""stage"":""server_offer"",""state"":""created""},{""detail"":""Responder identity verified."",""sequence"":2,""source"":""pqc"",""stage"":""server_offer_authentication"",""state"":""verified""},{""detail"":""Initiator encapsulations signed."",""sequence"":3,""source"":""pqc"",""stage"":""client_exchange"",""state"":""created""},{""detail"":""Initiator identity verified."",""sequence"":4,""source"":""pqc"",""stage"":""client_exchange_authentication"",""state"":""verified""},{""detail"":""Role-local session and confirmation schedules started."",""sequence"":5,""source"":""pqc"",""stage"":""key_schedule"",""state"":""derived""},{""detail"":""Both role-separated Finished messages verified."",""sequence"":6,""source"":""pqc"",""stage"":""finished"",""state"":""verified""},{""detail"":""Confirmed PQC session key released."",""sequence"":7,""source"":""session"",""stage"":""session"",""state"":""established""}],""version"":1}"
1,c8a61b73-9d42-433a-ab12-7a236c3c7789,E1,pqc-diverse,45,1,7a66a56a-33b5-4dbf-b04e-602f37844654,true,701001,10,74,2026-09-08T07:42:53.401451+00:00,,PQC-DIVERSE,6821,3.14.7,CPython,2.5.0,0.16.0,0.16.0,50.0.1,0.1.0,Windows,11,10.0.26200,AMD64,"Intel64 Family 6 Model 158 Stepping 12, GenuineIntel",ac46477bb374bde1c0ace1ef0bcfbc26b199dcfa,true,1,E1,pqc-diverse,45,,1,PQC-DIVERSE,,,,high,[],"{""condition_id"":""pqc-diverse"",""experiment_kind"":""E1"",""qkd_stages"":[],""replicate_index"":45,""seed"":null,""session"":{""internal_pqc_profile"":""high"",""profile"":""PQC-DIVERSE"",""qkd_authentication_profile"":null,""qkd_postprocessing"":null,""qkd_signal_count"":null,""version"":1},""tags"":[],""version"":1}",[],persistent pre-provisioned ML-DSA identities and peer trust,,,858800,667500,1526300,3904,false,1,ebb69a109c39d9a901ad7e34bd25c0df,PQC-DIVERSE,established,,session_key,256,"[{""algorithm"":""ML-KEM-768"",""bit_length"":256,""byte_length"":32,""encoding"":""raw KEM secret via canonical PQC KDF input"",""position"":1,""protocol"":""authenticated KEM handshake"",""source"":""pqc""},{""algorithm"":""HQC-3"",""bit_length"":256,""byte_length"":32,""encoding"":""raw KEM secret via canonical PQC KDF input"",""position"":2,""protocol"":""authenticated KEM handshake"",""source"":""pqc""}]","{""pqc_exchange"":{""algorithm"":""ML-DSA-65"",""executed"":true,""mechanism"":""mutual digital signatures"",""purpose"":""PQC handshake authentication"",""trust_assumption"":""Peer ML-DSA public identities were pre-provisioned out of band."",""verified"":true},""qkd_classical"":null}","{""pqc_protocol_version"":1,""pqc_transcript_hash_sha384"":""ab071d55991b7ebd1d1aa791802744c45fb7343c106abf78343097f60ab03c92c755384125deb3d64c31f207a8ecd3c0""}",,,,,,,,,,,,,,,,,,,,,,,,,high,"[""ML-KEM-768"",""HQC-3"",""ML-DSA-65"",""HKDF-SHA-384"",""HMAC-SHA-384""]",15283700,27593400,3142000,41473700,194800,343600,88031200,294600,13249900,1695300,837600,302800,26414200,3075900,900400,354300,40163600,350100,20300,51200,25600,41100,24500,5698,10066,16105,22852,6618,96,3904,,,,,,,,,,,,,,,,,,mutual digital signatures,ML-DSA-65,true,true,2,2,6618,Peer ML-DSA public identities were pre-provisioned out of band.,,,,,,,,,,,,,,,,,88215500,"{""events"":[{""detail"":""PQC-DIVERSE"",""sequence"":0,""source"":""session"",""stage"":""session"",""state"":""started""},{""detail"":""Responder KEM offer signed."",""sequence"":1,""source"":""pqc"",""stage"":""server_offer"",""state"":""created""},{""detail"":""Responder identity verified."",""sequence"":2,""source"":""pqc"",""stage"":""server_offer_authentication"",""state"":""verified""},{""detail"":""Initiator encapsulations signed."",""sequence"":3,""source"":""pqc"",""stage"":""client_exchange"",""state"":""created""},{""detail"":""Initiator identity verified."",""sequence"":4,""source"":""pqc"",""stage"":""client_exchange_authentication"",""state"":""verified""},{""detail"":""Role-local session and confirmation schedules started."",""sequence"":5,""source"":""pqc"",""stage"":""key_schedule"",""state"":""derived""},{""detail"":""Both role-separated Finished messages verified."",""sequence"":6,""source"":""pqc"",""stage"":""finished"",""state"":""verified""},{""detail"":""Confirmed PQC session key released."",""sequence"":7,""source"":""session"",""stage"":""session"",""state"":""established""}],""version"":1}"
1,1b49047d-bab4-42e7-9f20-f229929f3171,E1,pqc-diverse,7,1,7a66a56a-33b5-4dbf-b04e-602f37844654,true,701001,10,75,2026-09-08T07:42:53.558470+00:00,,PQC-DIVERSE,6819,3.14.7,CPython,2.5.0,0.16.0,0.16.0,50.0.1,0.1.0,Windows,11,10.0.26200,AMD64,"Intel64 Family 6 Model 158 Stepping 12, GenuineIntel",ac46477bb374bde1c0ace1ef0bcfbc26b199dcfa,true,1,E1,pqc-diverse,7,,1,PQC-DIVERSE,,,,high,[],"{""condition_id"":""pqc-diverse"",""experiment_kind"":""E1"",""qkd_stages"":[],""replicate_index"":7,""seed"":null,""session"":{""internal_pqc_profile"":""high"",""profile"":""PQC-DIVERSE"",""qkd_authentication_profile"":null,""qkd_postprocessing"":null,""qkd_signal_count"":null,""version"":1},""tags"":[],""version"":1}",[],persistent pre-provisioned ML-DSA identities and peer trust,,,858800,667500,1526300,3904,false,1,ce20aa260e635286fcfab62569c3160d,PQC-DIVERSE,established,,session_key,256,"[{""algorithm"":""ML-KEM-768"",""bit_length"":256,""byte_length"":32,""encoding"":""raw KEM secret via canonical PQC KDF input"",""position"":1,""protocol"":""authenticated KEM handshake"",""source"":""pqc""},{""algorithm"":""HQC-3"",""bit_length"":256,""byte_length"":32,""encoding"":""raw KEM secret via canonical PQC KDF input"",""position"":2,""protocol"":""authenticated KEM handshake"",""source"":""pqc""}]","{""pqc_exchange"":{""algorithm"":""ML-DSA-65"",""executed"":true,""mechanism"":""mutual digital signatures"",""purpose"":""PQC handshake authentication"",""trust_assumption"":""Peer ML-DSA public identities were pre-provisioned out of band."",""verified"":true},""qkd_classical"":null}","{""pqc_protocol_version"":1,""pqc_transcript_hash_sha384"":""a01ecc3c2e7a271f3e0b7262c58e56b918f8237055db8a1bc656257e50d8a0e824528b6ecdd991fc36213084c299c5b8""}",,,,,,,,,,,,,,,,,,,,,,,,,high,"[""ML-KEM-768"",""HQC-3"",""ML-DSA-65"",""HKDF-SHA-384"",""HMAC-SHA-384""]",18446500,28374900,8617200,41495400,193300,336600,97463900,373000,13537200,4481400,854300,333900,27146400,8546100,904800,357000,40175200,349300,19800,51900,24900,39100,23700,5698,10066,16105,22852,6618,96,3904,,,,,,,,,,,,,,,,,,mutual digital signatures,ML-DSA-65,true,true,2,2,6618,Peer ML-DSA public identities were pre-provisioned out of band.,,,,,,,,,,,,,,,,,97643200,"{""events"":[{""detail"":""PQC-DIVERSE"",""sequence"":0,""source"":""session"",""stage"":""session"",""state"":""started""},{""detail"":""Responder KEM offer signed."",""sequence"":1,""source"":""pqc"",""stage"":""server_offer"",""state"":""created""},{""detail"":""Responder identity verified."",""sequence"":2,""source"":""pqc"",""stage"":""server_offer_authentication"",""state"":""verified""},{""detail"":""Initiator encapsulations signed."",""sequence"":3,""source"":""pqc"",""stage"":""client_exchange"",""state"":""created""},{""detail"":""Initiator identity verified."",""sequence"":4,""source"":""pqc"",""stage"":""client_exchange_authentication"",""state"":""verified""},{""detail"":""Role-local session and confirmation schedules started."",""sequence"":5,""source"":""pqc"",""stage"":""key_schedule"",""state"":""derived""},{""detail"":""Both role-separated Finished messages verified."",""sequence"":6,""source"":""pqc"",""stage"":""finished"",""state"":""verified""},{""detail"":""Confirmed PQC session key released."",""sequence"":7,""source"":""session"",""stage"":""session"",""state"":""established""}],""version"":1}"
1,583297a0-8434-4746-9415-965ca126c0e5,E1,pqc-base,30,1,7a66a56a-33b5-4dbf-b04e-602f37844654,true,701001,10,76,2026-09-08T07:42:53.623750+00:00,,PQC-BASE,6499,3.14.7,CPython,2.5.0,0.16.0,0.16.0,50.0.1,0.1.0,Windows,11,10.0.26200,AMD64,"Intel64 Family 6 Model 158 Stepping 12, GenuineIntel",ac46477bb374bde1c0ace1ef0bcfbc26b199dcfa,true,1,E1,pqc-base,30,,1,PQC-BASE,,,,low,[],"{""condition_id"":""pqc-base"",""experiment_kind"":""E1"",""qkd_stages"":[],""replicate_index"":30,""seed"":null,""session"":{""internal_pqc_profile"":""low"",""profile"":""PQC-BASE"",""qkd_authentication_profile"":null,""qkd_postprocessing"":null,""qkd_signal_count"":null,""version"":1},""tags"":[],""version"":1}",[],persistent pre-provisioned ML-DSA identities and peer trust,,,858800,667500,1526300,3904,false,1,8b7b0f7a126661be00ad8c66f104db40,PQC-BASE,established,,session_key,256,"[{""algorithm"":""ML-KEM-768"",""bit_length"":256,""byte_length"":32,""encoding"":""raw KEM secret via canonical PQC KDF input"",""position"":1,""protocol"":""authenticated KEM handshake"",""source"":""pqc""}]","{""pqc_exchange"":{""algorithm"":""ML-DSA-65"",""executed"":true,""mechanism"":""mutual digital signatures"",""purpose"":""PQC handshake authentication"",""trust_assumption"":""Peer ML-DSA public identities were pre-provisioned out of band."",""verified"":true},""qkd_classical"":null}","{""pqc_protocol_version"":1,""pqc_transcript_hash_sha384"":""29874c335579c57d7fb2fb0115ac64b0fe9f335244f52e1071a41fce74aacb076c9ea9eaf3e2494ac912e4bcb4e5c188""}",,,,,,,,,,,,,,,,,,,,,,,,,low,"[""ML-KEM-768"",""ML-DSA-65"",""HKDF-SHA-384"",""HMAC-SHA-384""]",2170800,1110100,2041000,1152900,135100,251100,6861000,302600,,1829600,773000,307400,,1993200,765900,349700,,193000,15000,48200,25100,39100,24200,1184,1088,2585,9332,6618,96,3904,,,,,,,,,,,,,,,,,,mutual digital signatures,ML-DSA-65,true,true,2,2,6618,Peer ML-DSA public identities were pre-provisioned out of band.,,,,,,,,,,,,,,,,,6985900,"{""events"":[{""detail"":""PQC-BASE"",""sequence"":0,""source"":""session"",""stage"":""session"",""state"":""started""},{""detail"":""Responder KEM offer signed."",""sequence"":1,""source"":""pqc"",""stage"":""server_offer"",""state"":""created""},{""detail"":""Responder identity verified."",""sequence"":2,""source"":""pqc"",""stage"":""server_offer_authentication"",""state"":""verified""},{""detail"":""Initiator encapsulations signed."",""sequence"":3,""source"":""pqc"",""stage"":""client_exchange"",""state"":""created""},{""detail"":""Initiator identity verified."",""sequence"":4,""source"":""pqc"",""stage"":""client_exchange_authentication"",""state"":""verified""},{""detail"":""Role-local session and confirmation schedules started."",""sequence"":5,""source"":""pqc"",""stage"":""key_schedule"",""state"":""derived""},{""detail"":""Both role-separated Finished messages verified."",""sequence"":6,""source"":""pqc"",""stage"":""finished"",""state"":""verified""},{""detail"":""Confirmed PQC session key released."",""sequence"":7,""source"":""session"",""stage"":""session"",""state"":""established""}],""version"":1}"
1,117ff06c-f53d-469f-8af7-35f1a823d428,E1,pqc-diverse,44,1,7a66a56a-33b5-4dbf-b04e-602f37844654,true,701001,10,77,2026-09-08T07:42:53.768049+00:00,,PQC-DIVERSE,6821,3.14.7,CPython,2.5.0,0.16.0,0.16.0,50.0.1,0.1.0,Windows,11,10.0.26200,AMD64,"Intel64 Family 6 Model 158 Stepping 12, GenuineIntel",ac46477bb374bde1c0ace1ef0bcfbc26b199dcfa,true,1,E1,pqc-diverse,44,,1,PQC-DIVERSE,,,,high,[],"{""condition_id"":""pqc-diverse"",""experiment_kind"":""E1"",""qkd_stages"":[],""replicate_index"":44,""seed"":null,""session"":{""internal_pqc_profile"":""high"",""profile"":""PQC-DIVERSE"",""qkd_authentication_profile"":null,""qkd_postprocessing"":null,""qkd_signal_count"":null,""version"":1},""tags"":[],""version"":1}",[],persistent pre-provisioned ML-DSA identities and peer trust,,,858800,667500,1526300,3904,false,1,a12c80edec7f161b2ef780d5459f5072,PQC-DIVERSE,established,,session_key,256,"[{""algorithm"":""ML-KEM-768"",""bit_length"":256,""byte_length"":32,""encoding"":""raw KEM secret via canonical PQC KDF input"",""position"":1,""protocol"":""authenticated KEM handshake"",""source"":""pqc""},{""algorithm"":""HQC-3"",""bit_length"":256,""byte_length"":32,""encoding"":""raw KEM secret via canonical PQC KDF input"",""position"":2,""protocol"":""authenticated KEM handshake"",""source"":""pqc""}]","{""pqc_exchange"":{""algorithm"":""ML-DSA-65"",""executed"":true,""mechanism"":""mutual digital signatures"",""purpose"":""PQC handshake authentication"",""trust_assumption"":""Peer ML-DSA public identities were pre-provisioned out of band."",""verified"":true},""qkd_classical"":null}","{""pqc_protocol_version"":1,""pqc_transcript_hash_sha384"":""5e342a06faead086ed2c3272e76e5403ecaf1be0fafdd8a196a8c2553a17a7f2808ae8024a1408f3054b7460c7b8aa4f""}",,,,,,,,,,,,,,,,,,,,,,,,,high,"[""ML-KEM-768"",""HQC-3"",""ML-DSA-65"",""HKDF-SHA-384"",""HMAC-SHA-384""]",14875700,27621500,1453700,41733000,196900,346600,86227400,295500,13228700,1307200,838100,304300,26442100,1384900,899900,356700,40415000,363300,20300,52000,26100,40500,24500,5698,10066,16105,22852,6618,96,3904,,,,,,,,,,,,,,,,,,mutual digital signatures,ML-DSA-65,true,true,2,2,6618,Peer ML-DSA public identities were pre-provisioned out of band.,,,,,,,,,,,,,,,,,86416900,"{""events"":[{""detail"":""PQC-DIVERSE"",""sequence"":0,""source"":""session"",""stage"":""session"",""state"":""started""},{""detail"":""Responder KEM offer signed."",""sequence"":1,""source"":""pqc"",""stage"":""server_offer"",""state"":""created""},{""detail"":""Responder identity verified."",""sequence"":2,""source"":""pqc"",""stage"":""server_offer_authentication"",""state"":""verified""},{""detail"":""Initiator encapsulations signed."",""sequence"":3,""source"":""pqc"",""stage"":""client_exchange"",""state"":""created""},{""detail"":""Initiator identity verified."",""sequence"":4,""source"":""pqc"",""stage"":""client_exchange_authentication"",""state"":""verified""},{""detail"":""Role-local session and confirmation schedules started."",""sequence"":5,""source"":""pqc"",""stage"":""key_schedule"",""state"":""derived""},{""detail"":""Both role-separated Finished messages verified."",""sequence"":6,""source"":""pqc"",""stage"":""finished"",""state"":""verified""},{""detail"":""Confirmed PQC session key released."",""sequence"":7,""source"":""session"",""stage"":""session"",""state"":""established""}],""version"":1}"
1,534bb219-e286-4f8c-81e5-bb61606ee11c,E1,pqc-base,31,1,7a66a56a-33b5-4dbf-b04e-602f37844654,true,701001,10,78,2026-09-08T07:42:53.837758+00:00,,PQC-BASE,6501,3.14.7,CPython,2.5.0,0.16.0,0.16.0,50.0.1,0.1.0,Windows,11,10.0.26200,AMD64,"Intel64 Family 6 Model 158 Stepping 12, GenuineIntel",ac46477bb374bde1c0ace1ef0bcfbc26b199dcfa,true,1,E1,pqc-base,31,,1,PQC-BASE,,,,low,[],"{""condition_id"":""pqc-base"",""experiment_kind"":""E1"",""qkd_stages"":[],""replicate_index"":31,""seed"":null,""session"":{""internal_pqc_profile"":""low"",""profile"":""PQC-BASE"",""qkd_authentication_profile"":null,""qkd_postprocessing"":null,""qkd_signal_count"":null,""version"":1},""tags"":[],""version"":1}",[],persistent pre-provisioned ML-DSA identities and peer trust,,,858800,667500,1526300,3904,false,1,7fff51ef19038aee8424ea1ed986312d,PQC-BASE,established,,session_key,256,"[{""algorithm"":""ML-KEM-768"",""bit_length"":256,""byte_length"":32,""encoding"":""raw KEM secret via canonical PQC KDF input"",""position"":1,""protocol"":""authenticated KEM handshake"",""source"":""pqc""}]","{""pqc_exchange"":{""algorithm"":""ML-DSA-65"",""executed"":true,""mechanism"":""mutual digital signatures"",""purpose"":""PQC handshake authentication"",""trust_assumption"":""Peer ML-DSA public identities were pre-provisioned out of band."",""verified"":true},""qkd_classical"":null}","{""pqc_protocol_version"":1,""pqc_transcript_hash_sha384"":""b41e9501adb3c174ff53ea9ca993d0883dfaa242811184c7bb1e59fc4963d9ae17f7fe5a1c750ffba5d8127df9f1c36d""}",,,,,,,,,,,,,,,,,,,,,,,,,low,"[""ML-KEM-768"",""ML-DSA-65"",""HKDF-SHA-384"",""HMAC-SHA-384""]",4331700,1095500,4277700,1178300,140900,259500,11283600,291300,,4003400,768800,300100,,4235000,776600,363100,,197200,16200,50900,25100,40800,24600,1184,1088,2585,9332,6618,96,3904,,,,,,,,,,,,,,,,,,mutual digital signatures,ML-DSA-65,true,true,2,2,6618,Peer ML-DSA public identities were pre-provisioned out of band.,,,,,,,,,,,,,,,,,11417400,"{""events"":[{""detail"":""PQC-BASE"",""sequence"":0,""source"":""session"",""stage"":""session"",""state"":""started""},{""detail"":""Responder KEM offer signed."",""sequence"":1,""source"":""pqc"",""stage"":""server_offer"",""state"":""created""},{""detail"":""Responder identity verified."",""sequence"":2,""source"":""pqc"",""stage"":""server_offer_authentication"",""state"":""verified""},{""detail"":""Initiator encapsulations signed."",""sequence"":3,""source"":""pqc"",""stage"":""client_exchange"",""state"":""created""},{""detail"":""Initiator identity verified."",""sequence"":4,""source"":""pqc"",""stage"":""client_exchange_authentication"",""state"":""verified""},{""detail"":""Role-local session and confirmation schedules started."",""sequence"":5,""source"":""pqc"",""stage"":""key_schedule"",""state"":""derived""},{""detail"":""Both role-separated Finished messages verified."",""sequence"":6,""source"":""pqc"",""stage"":""finished"",""state"":""verified""},{""detail"":""Confirmed PQC session key released."",""sequence"":7,""source"":""session"",""stage"":""session"",""state"":""established""}],""version"":1}"
1,5b15ca97-047e-4bb9-b74f-33183e6bde6f,E1,pqc-diverse,26,1,7a66a56a-33b5-4dbf-b04e-602f37844654,true,701001,10,79,2026-09-08T07:42:53.985616+00:00,,PQC-DIVERSE,6821,3.14.7,CPython,2.5.0,0.16.0,0.16.0,50.0.1,0.1.0,Windows,11,10.0.26200,AMD64,"Intel64 Family 6 Model 158 Stepping 12, GenuineIntel",ac46477bb374bde1c0ace1ef0bcfbc26b199dcfa,true,1,E1,pqc-diverse,26,,1,PQC-DIVERSE,,,,high,[],"{""condition_id"":""pqc-diverse"",""experiment_kind"":""E1"",""qkd_stages"":[],""replicate_index"":26,""seed"":null,""session"":{""internal_pqc_profile"":""high"",""profile"":""PQC-DIVERSE"",""qkd_authentication_profile"":null,""qkd_postprocessing"":null,""qkd_signal_count"":null,""version"":1},""tags"":[],""version"":1}",[],persistent pre-provisioned ML-DSA identities and peer trust,,,858800,667500,1526300,3904,false,1,463d2e22b33af73d7189c7f41a265e9a,PQC-DIVERSE,established,,session_key,256,"[{""algorithm"":""ML-KEM-768"",""bit_length"":256,""byte_length"":32,""encoding"":""raw KEM secret via canonical PQC KDF input"",""position"":1,""protocol"":""authenticated KEM handshake"",""source"":""pqc""},{""algorithm"":""HQC-3"",""bit_length"":256,""byte_length"":32,""encoding"":""raw KEM secret via canonical PQC KDF input"",""position"":2,""protocol"":""authenticated KEM handshake"",""source"":""pqc""}]","{""pqc_exchange"":{""algorithm"":""ML-DSA-65"",""executed"":true,""mechanism"":""mutual digital signatures"",""purpose"":""PQC handshake authentication"",""trust_assumption"":""Peer ML-DSA public identities were pre-provisioned out of band."",""verified"":true},""qkd_classical"":null}","{""pqc_protocol_version"":1,""pqc_transcript_hash_sha384"":""0b62d15b973d4030537f2bc5c2fed8726e0f63399c857a5eb74a18f909d28e0e176dff8a6fb28c34ac098081b78a2f58""}",,,,,,,,,,,,,,,,,,,,,,,,,high,"[""ML-KEM-768"",""HQC-3"",""ML-DSA-65"",""HKDF-SHA-384"",""HMAC-SHA-384""]",15226100,27615300,2035400,44307200,213800,407600,89805400,292500,13223700,1665800,838700,303200,26437700,1970400,898200,352600,42991700,403900,22900,58300,36300,44900,27300,5698,10066,16105,22852,6618,96,3904,,,,,,,,,,,,,,,,,,mutual digital signatures,ML-DSA-65,true,true,2,2,6618,Peer ML-DSA public identities were pre-provisioned out of band.,,,,,,,,,,,,,,,,,90016400,"{""events"":[{""detail"":""PQC-DIVERSE"",""sequence"":0,""source"":""session"",""stage"":""session"",""state"":""started""},{""detail"":""Responder KEM offer signed."",""sequence"":1,""source"":""pqc"",""stage"":""server_offer"",""state"":""created""},{""detail"":""Responder identity verified."",""sequence"":2,""source"":""pqc"",""stage"":""server_offer_authentication"",""state"":""verified""},{""detail"":""Initiator encapsulations signed."",""sequence"":3,""source"":""pqc"",""stage"":""client_exchange"",""state"":""created""},{""detail"":""Initiator identity verified."",""sequence"":4,""source"":""pqc"",""stage"":""client_exchange_authentication"",""state"":""verified""},{""detail"":""Role-local session and confirmation schedules started."",""sequence"":5,""source"":""pqc"",""stage"":""key_schedule"",""state"":""derived""},{""detail"":""Both role-separated Finished messages verified."",""sequence"":6,""source"":""pqc"",""stage"":""finished"",""state"":""verified""},{""detail"":""Confirmed PQC session key released."",""sequence"":7,""source"":""session"",""stage"":""session"",""state"":""established""}],""version"":1}"
1,3ef1bd0e-f8a6-4044-a692-a7a0d967029a,E1,pqc-diverse,46,1,7a66a56a-33b5-4dbf-b04e-602f37844654,true,701001,10,80,2026-09-08T07:42:54.143859+00:00,,PQC-DIVERSE,6821,3.14.7,CPython,2.5.0,0.16.0,0.16.0,50.0.1,0.1.0,Windows,11,10.0.26200,AMD64,"Intel64 Family 6 Model 158 Stepping 12, GenuineIntel",ac46477bb374bde1c0ace1ef0bcfbc26b199dcfa,true,1,E1,pqc-diverse,46,,1,PQC-DIVERSE,,,,high,[],"{""condition_id"":""pqc-diverse"",""experiment_kind"":""E1"",""qkd_stages"":[],""replicate_index"":46,""seed"":null,""session"":{""internal_pqc_profile"":""high"",""profile"":""PQC-DIVERSE"",""qkd_authentication_profile"":null,""qkd_postprocessing"":null,""qkd_signal_count"":null,""version"":1},""tags"":[],""version"":1}",[],persistent pre-provisioned ML-DSA identities and peer trust,,,858800,667500,1526300,3904,false,1,6c24693c2cea8f6baa5f7bd94dfbc098,PQC-DIVERSE,established,,session_key,256,"[{""algorithm"":""ML-KEM-768"",""bit_length"":256,""byte_length"":32,""encoding"":""raw KEM secret via canonical PQC KDF input"",""position"":1,""protocol"":""authenticated KEM handshake"",""source"":""pqc""},{""algorithm"":""HQC-3"",""bit_length"":256,""byte_length"":32,""encoding"":""raw KEM secret via canonical PQC KDF input"",""position"":2,""protocol"":""authenticated KEM handshake"",""source"":""pqc""}]","{""pqc_exchange"":{""algorithm"":""ML-DSA-65"",""executed"":true,""mechanism"":""mutual digital signatures"",""purpose"":""PQC handshake authentication"",""trust_assumption"":""Peer ML-DSA public identities were pre-provisioned out of band."",""verified"":true},""qkd_classical"":null}","{""pqc_protocol_version"":1,""pqc_transcript_hash_sha384"":""d76f6e372c740c2f5bf91252d6d8dc4ae75bd3b424055e23094dc665144fcfbb6d1e8c546eb04867a0311df762274a45""}",,,,,,,,,,,,,,,,,,,,,,,,,high,"[""ML-KEM-768"",""HQC-3"",""ML-DSA-65"",""HKDF-SHA-384"",""HMAC-SHA-384""]",16440900,27652800,3343500,41573800,196000,339200,89546200,301400,13223900,2868500,850500,306700,26451500,3273300,941600,358800,40210800,358100,19800,54700,25900,39200,23800,5698,10066,16105,22852,6618,96,3904,,,,,,,,,,,,,,,,,,mutual digital signatures,ML-DSA-65,true,true,2,2,6618,Peer ML-DSA public identities were pre-provisioned out of band.,,,,,,,,,,,,,,,,,89735800,"{""events"":[{""detail"":""PQC-DIVERSE"",""sequence"":0,""source"":""session"",""stage"":""session"",""state"":""started""},{""detail"":""Responder KEM offer signed."",""sequence"":1,""source"":""pqc"",""stage"":""server_offer"",""state"":""created""},{""detail"":""Responder identity verified."",""sequence"":2,""source"":""pqc"",""stage"":""server_offer_authentication"",""state"":""verified""},{""detail"":""Initiator encapsulations signed."",""sequence"":3,""source"":""pqc"",""stage"":""client_exchange"",""state"":""created""},{""detail"":""Initiator identity verified."",""sequence"":4,""source"":""pqc"",""stage"":""client_exchange_authentication"",""state"":""verified""},{""detail"":""Role-local session and confirmation schedules started."",""sequence"":5,""source"":""pqc"",""stage"":""key_schedule"",""state"":""derived""},{""detail"":""Both role-separated Finished messages verified."",""sequence"":6,""source"":""pqc"",""stage"":""finished"",""state"":""verified""},{""detail"":""Confirmed PQC session key released."",""sequence"":7,""source"":""session"",""stage"":""session"",""state"":""established""}],""version"":1}"
1,e0bac8ad-001d-45be-a01e-a63d1a6e0399,E1,pqc-diverse,4,1,7a66a56a-33b5-4dbf-b04e-602f37844654,true,701001,10,81,2026-09-08T07:42:54.289421+00:00,,PQC-DIVERSE,6819,3.14.7,CPython,2.5.0,0.16.0,0.16.0,50.0.1,0.1.0,Windows,11,10.0.26200,AMD64,"Intel64 Family 6 Model 158 Stepping 12, GenuineIntel",ac46477bb374bde1c0ace1ef0bcfbc26b199dcfa,true,1,E1,pqc-diverse,4,,1,PQC-DIVERSE,,,,high,[],"{""condition_id"":""pqc-diverse"",""experiment_kind"":""E1"",""qkd_stages"":[],""replicate_index"":4,""seed"":null,""session"":{""internal_pqc_profile"":""high"",""profile"":""PQC-DIVERSE"",""qkd_authentication_profile"":null,""qkd_postprocessing"":null,""qkd_signal_count"":null,""version"":1},""tags"":[],""version"":1}",[],persistent pre-provisioned ML-DSA identities and peer trust,,,858800,667500,1526300,3904,false,1,c811eeae431cfba28ebe0149115804f1,PQC-DIVERSE,established,,session_key,256,"[{""algorithm"":""ML-KEM-768"",""bit_length"":256,""byte_length"":32,""encoding"":""raw KEM secret via canonical PQC KDF input"",""position"":1,""protocol"":""authenticated KEM handshake"",""source"":""pqc""},{""algorithm"":""HQC-3"",""bit_length"":256,""byte_length"":32,""encoding"":""raw KEM secret via canonical PQC KDF input"",""position"":2,""protocol"":""authenticated KEM handshake"",""source"":""pqc""}]","{""pqc_exchange"":{""algorithm"":""ML-DSA-65"",""executed"":true,""mechanism"":""mutual digital signatures"",""purpose"":""PQC handshake authentication"",""trust_assumption"":""Peer ML-DSA public identities were pre-provisioned out of band."",""verified"":true},""qkd_classical"":null}","{""pqc_protocol_version"":1,""pqc_transcript_hash_sha384"":""b4749fe13585d10b7c837bc58a78935d4ee32704464c64baf0f0da9ba974bf73bc63080062300372c0c11f49c3cb6c4a""}",,,,,,,,,,,,,,,,,,,,,,,,,high,"[""ML-KEM-768"",""HQC-3"",""ML-DSA-65"",""HKDF-SHA-384"",""HMAC-SHA-384""]",15248700,27640900,1969900,41505000,193800,339900,86898200,291000,13230000,1677900,838900,305900,26455800,1901000,903800,358500,40185000,350600,20200,51300,26100,39700,23700,5698,10066,16105,22852,6618,96,3904,,,,,,,,,,,,,,,,,,mutual digital signatures,ML-DSA-65,true,true,2,2,6618,Peer ML-DSA public identities were pre-provisioned out of band.,,,,,,,,,,,,,,,,,87077500,"{""events"":[{""detail"":""PQC-DIVERSE"",""sequence"":0,""source"":""session"",""stage"":""session"",""state"":""started""},{""detail"":""Responder KEM offer signed."",""sequence"":1,""source"":""pqc"",""stage"":""server_offer"",""state"":""created""},{""detail"":""Responder identity verified."",""sequence"":2,""source"":""pqc"",""stage"":""server_offer_authentication"",""state"":""verified""},{""detail"":""Initiator encapsulations signed."",""sequence"":3,""source"":""pqc"",""stage"":""client_exchange"",""state"":""created""},{""detail"":""Initiator identity verified."",""sequence"":4,""source"":""pqc"",""stage"":""client_exchange_authentication"",""state"":""verified""},{""detail"":""Role-local session and confirmation schedules started."",""sequence"":5,""source"":""pqc"",""stage"":""key_schedule"",""state"":""derived""},{""detail"":""Both role-separated Finished messages verified."",""sequence"":6,""source"":""pqc"",""stage"":""finished"",""state"":""verified""},{""detail"":""Confirmed PQC session key released."",""sequence"":7,""source"":""session"",""stage"":""session"",""state"":""established""}],""version"":1}"
1,b9199586-ff9a-4dcd-9acb-27308d3407a4,E1,pqc-base,37,1,7a66a56a-33b5-4dbf-b04e-602f37844654,true,701001,10,82,2026-09-08T07:42:54.356553+00:00,,PQC-BASE,6499,3.14.7,CPython,2.5.0,0.16.0,0.16.0,50.0.1,0.1.0,Windows,11,10.0.26200,AMD64,"Intel64 Family 6 Model 158 Stepping 12, GenuineIntel",ac46477bb374bde1c0ace1ef0bcfbc26b199dcfa,true,1,E1,pqc-base,37,,1,PQC-BASE,,,,low,[],"{""condition_id"":""pqc-base"",""experiment_kind"":""E1"",""qkd_stages"":[],""replicate_index"":37,""seed"":null,""session"":{""internal_pqc_profile"":""low"",""profile"":""PQC-BASE"",""qkd_authentication_profile"":null,""qkd_postprocessing"":null,""qkd_signal_count"":null,""version"":1},""tags"":[],""version"":1}",[],persistent pre-provisioned ML-DSA identities and peer trust,,,858800,667500,1526300,3904,false,1,838ce00fd39280395eeb89229c4bdafa,PQC-BASE,established,,session_key,256,"[{""algorithm"":""ML-KEM-768"",""bit_length"":256,""byte_length"":32,""encoding"":""raw KEM secret via canonical PQC KDF input"",""position"":1,""protocol"":""authenticated KEM handshake"",""source"":""pqc""}]","{""pqc_exchange"":{""algorithm"":""ML-DSA-65"",""executed"":true,""mechanism"":""mutual digital signatures"",""purpose"":""PQC handshake authentication"",""trust_assumption"":""Peer ML-DSA public identities were pre-provisioned out of band."",""verified"":true},""qkd_classical"":null}","{""pqc_protocol_version"":1,""pqc_transcript_hash_sha384"":""0100a1e250a573241625c9b40f38361820c7c83c6f1aa57f147a2c7632fa5a2b0d93ef0e1d5271d3cc8e6b5274772287""}",,,,,,,,,,,,,,,,,,,,,,,,,low,"[""ML-KEM-768"",""ML-DSA-65"",""HKDF-SHA-384"",""HMAC-SHA-384""]",3334600,1097500,2622600,1163000,137300,251600,8606600,299300,,2998300,771700,299800,,2573400,772100,351200,,194000,14900,49600,24700,38900,23900,1184,1088,2585,9332,6618,96,3904,,,,,,,,,,,,,,,,,,mutual digital signatures,ML-DSA-65,true,true,2,2,6618,Peer ML-DSA public identities were pre-provisioned out of band.,,,,,,,,,,,,,,,,,8731000,"{""events"":[{""detail"":""PQC-BASE"",""sequence"":0,""source"":""session"",""stage"":""session"",""state"":""started""},{""detail"":""Responder KEM offer signed."",""sequence"":1,""source"":""pqc"",""stage"":""server_offer"",""state"":""created""},{""detail"":""Responder identity verified."",""sequence"":2,""source"":""pqc"",""stage"":""server_offer_authentication"",""state"":""verified""},{""detail"":""Initiator encapsulations signed."",""sequence"":3,""source"":""pqc"",""stage"":""client_exchange"",""state"":""created""},{""detail"":""Initiator identity verified."",""sequence"":4,""source"":""pqc"",""stage"":""client_exchange_authentication"",""state"":""verified""},{""detail"":""Role-local session and confirmation schedules started."",""sequence"":5,""source"":""pqc"",""stage"":""key_schedule"",""state"":""derived""},{""detail"":""Both role-separated Finished messages verified."",""sequence"":6,""source"":""pqc"",""stage"":""finished"",""state"":""verified""},{""detail"":""Confirmed PQC session key released."",""sequence"":7,""source"":""session"",""stage"":""session"",""state"":""established""}],""version"":1}"
1,eb6def31-c697-49a1-a049-bf359a9f5c50,E1,pqc-diverse,11,1,7a66a56a-33b5-4dbf-b04e-602f37844654,true,701001,10,83,2026-09-08T07:42:54.503398+00:00,,PQC-DIVERSE,6821,3.14.7,CPython,2.5.0,0.16.0,0.16.0,50.0.1,0.1.0,Windows,11,10.0.26200,AMD64,"Intel64 Family 6 Model 158 Stepping 12, GenuineIntel",ac46477bb374bde1c0ace1ef0bcfbc26b199dcfa,true,1,E1,pqc-diverse,11,,1,PQC-DIVERSE,,,,high,[],"{""condition_id"":""pqc-diverse"",""experiment_kind"":""E1"",""qkd_stages"":[],""replicate_index"":11,""seed"":null,""session"":{""internal_pqc_profile"":""high"",""profile"":""PQC-DIVERSE"",""qkd_authentication_profile"":null,""qkd_postprocessing"":null,""qkd_signal_count"":null,""version"":1},""tags"":[],""version"":1}",[],persistent pre-provisioned ML-DSA identities and peer trust,,,858800,667500,1526300,3904,false,1,74532a396bc0a544089fb5a661e9dbcd,PQC-DIVERSE,established,,session_key,256,"[{""algorithm"":""ML-KEM-768"",""bit_length"":256,""byte_length"":32,""encoding"":""raw KEM secret via canonical PQC KDF input"",""position"":1,""protocol"":""authenticated KEM handshake"",""source"":""pqc""},{""algorithm"":""HQC-3"",""bit_length"":256,""byte_length"":32,""encoding"":""raw KEM secret via canonical PQC KDF input"",""position"":2,""protocol"":""authenticated KEM handshake"",""source"":""pqc""}]","{""pqc_exchange"":{""algorithm"":""ML-DSA-65"",""executed"":true,""mechanism"":""mutual digital signatures"",""purpose"":""PQC handshake authentication"",""trust_assumption"":""Peer ML-DSA public identities were pre-provisioned out of band."",""verified"":true},""qkd_classical"":null}","{""pqc_protocol_version"":1,""pqc_transcript_hash_sha384"":""ad075f24401f85f0b9dfea6a6c7bd8210f119086ccaa753c05a6963c74a0822f97b4b5c50918200a6c7bd68ab078a944""}",,,,,,,,,,,,,,,,,,,,,,,,,high,"[""ML-KEM-768"",""HQC-3"",""ML-DSA-65"",""HKDF-SHA-384"",""HMAC-SHA-384""]",15190400,27630600,2683900,41801500,205400,351700,87863500,296400,13226000,1621900,837900,304900,26445800,2603700,932300,368900,40420000,385200,20500,53900,26600,41400,24600,5698,10066,16105,22852,6618,96,3904,,,,,,,,,,,,,,,,,,mutual digital signatures,ML-DSA-65,true,true,2,2,6618,Peer ML-DSA public identities were pre-provisioned out of band.,,,,,,,,,,,,,,,,,88060800,"{""events"":[{""detail"":""PQC-DIVERSE"",""sequence"":0,""source"":""session"",""stage"":""session"",""state"":""started""},{""detail"":""Responder KEM offer signed."",""sequence"":1,""source"":""pqc"",""stage"":""server_offer"",""state"":""created""},{""detail"":""Responder identity verified."",""sequence"":2,""source"":""pqc"",""stage"":""server_offer_authentication"",""state"":""verified""},{""detail"":""Initiator encapsulations signed."",""sequence"":3,""source"":""pqc"",""stage"":""client_exchange"",""state"":""created""},{""detail"":""Initiator identity verified."",""sequence"":4,""source"":""pqc"",""stage"":""client_exchange_authentication"",""state"":""verified""},{""detail"":""Role-local session and confirmation schedules started."",""sequence"":5,""source"":""pqc"",""stage"":""key_schedule"",""state"":""derived""},{""detail"":""Both role-separated Finished messages verified."",""sequence"":6,""source"":""pqc"",""stage"":""finished"",""state"":""verified""},{""detail"":""Confirmed PQC session key released."",""sequence"":7,""source"":""session"",""stage"":""session"",""state"":""established""}],""version"":1}"
1,e6dd04ae-3195-41fd-984e-4c3e6fe42c1f,E1,pqc-diverse,3,1,7a66a56a-33b5-4dbf-b04e-602f37844654,true,701001,10,84,2026-09-08T07:42:54.651439+00:00,,PQC-DIVERSE,6819,3.14.7,CPython,2.5.0,0.16.0,0.16.0,50.0.1,0.1.0,Windows,11,10.0.26200,AMD64,"Intel64 Family 6 Model 158 Stepping 12, GenuineIntel",ac46477bb374bde1c0ace1ef0bcfbc26b199dcfa,true,1,E1,pqc-diverse,3,,1,PQC-DIVERSE,,,,high,[],"{""condition_id"":""pqc-diverse"",""experiment_kind"":""E1"",""qkd_stages"":[],""replicate_index"":3,""seed"":null,""session"":{""internal_pqc_profile"":""high"",""profile"":""PQC-DIVERSE"",""qkd_authentication_profile"":null,""qkd_postprocessing"":null,""qkd_signal_count"":null,""version"":1},""tags"":[],""version"":1}",[],persistent pre-provisioned ML-DSA identities and peer trust,,,858800,667500,1526300,3904,false,1,82654593231f28d161e3eb4fc9d35323,PQC-DIVERSE,established,,session_key,256,"[{""algorithm"":""ML-KEM-768"",""bit_length"":256,""byte_length"":32,""encoding"":""raw KEM secret via canonical PQC KDF input"",""position"":1,""protocol"":""authenticated KEM handshake"",""source"":""pqc""},{""algorithm"":""HQC-3"",""bit_length"":256,""byte_length"":32,""encoding"":""raw KEM secret via canonical PQC KDF input"",""position"":2,""protocol"":""authenticated KEM handshake"",""source"":""pqc""}]","{""pqc_exchange"":{""algorithm"":""ML-DSA-65"",""executed"":true,""mechanism"":""mutual digital signatures"",""purpose"":""PQC handshake authentication"",""trust_assumption"":""Peer ML-DSA public identities were pre-provisioned out of band."",""verified"":true},""qkd_classical"":null}","{""pqc_protocol_version"":1,""pqc_transcript_hash_sha384"":""1d3c5e4c3d9a6bdf987f3e08bd07cec0324e34686628f277bdd04f6df0b2d24f9f18eb22d3aa4d84e9e06f030083e277""}",,,,,,,,,,,,,,,,,,,,,,,,,high,"[""ML-KEM-768"",""HQC-3"",""ML-DSA-65"",""HKDF-SHA-384"",""HMAC-SHA-384""]",18322200,27598900,2002400,41525500,192100,341900,89983000,293900,13224900,4756500,838600,300700,26422600,1937200,900200,358300,40208700,351700,19400,52100,25500,40200,23700,5698,10066,16105,22852,6618,96,3904,,,,,,,,,,,,,,,,,,mutual digital signatures,ML-DSA-65,true,true,2,2,6618,Peer ML-DSA public identities were pre-provisioned out of band.,,,,,,,,,,,,,,,,,90164800,"{""events"":[{""detail"":""PQC-DIVERSE"",""sequence"":0,""source"":""session"",""stage"":""session"",""state"":""started""},{""detail"":""Responder KEM offer signed."",""sequence"":1,""source"":""pqc"",""stage"":""server_offer"",""state"":""created""},{""detail"":""Responder identity verified."",""sequence"":2,""source"":""pqc"",""stage"":""server_offer_authentication"",""state"":""verified""},{""detail"":""Initiator encapsulations signed."",""sequence"":3,""source"":""pqc"",""stage"":""client_exchange"",""state"":""created""},{""detail"":""Initiator identity verified."",""sequence"":4,""source"":""pqc"",""stage"":""client_exchange_authentication"",""state"":""verified""},{""detail"":""Role-local session and confirmation schedules started."",""sequence"":5,""source"":""pqc"",""stage"":""key_schedule"",""state"":""derived""},{""detail"":""Both role-separated Finished messages verified."",""sequence"":6,""source"":""pqc"",""stage"":""finished"",""state"":""verified""},{""detail"":""Confirmed PQC session key released."",""sequence"":7,""source"":""session"",""stage"":""session"",""state"":""established""}],""version"":1}"
1,d7246059-ccad-4f94-ad30-9ff9c2ecdc6b,E1,pqc-diverse,14,1,7a66a56a-33b5-4dbf-b04e-602f37844654,true,701001,10,85,2026-09-08T07:42:54.798415+00:00,,PQC-DIVERSE,6821,3.14.7,CPython,2.5.0,0.16.0,0.16.0,50.0.1,0.1.0,Windows,11,10.0.26200,AMD64,"Intel64 Family 6 Model 158 Stepping 12, GenuineIntel",ac46477bb374bde1c0ace1ef0bcfbc26b199dcfa,true,1,E1,pqc-diverse,14,,1,PQC-DIVERSE,,,,high,[],"{""condition_id"":""pqc-diverse"",""experiment_kind"":""E1"",""qkd_stages"":[],""replicate_index"":14,""seed"":null,""session"":{""internal_pqc_profile"":""high"",""profile"":""PQC-DIVERSE"",""qkd_authentication_profile"":null,""qkd_postprocessing"":null,""qkd_signal_count"":null,""version"":1},""tags"":[],""version"":1}",[],persistent pre-provisioned ML-DSA identities and peer trust,,,858800,667500,1526300,3904,false,1,376d77609ef8c436f159bb531e7bd83c,PQC-DIVERSE,established,,session_key,256,"[{""algorithm"":""ML-KEM-768"",""bit_length"":256,""byte_length"":32,""encoding"":""raw KEM secret via canonical PQC KDF input"",""position"":1,""protocol"":""authenticated KEM handshake"",""source"":""pqc""},{""algorithm"":""HQC-3"",""bit_length"":256,""byte_length"":32,""encoding"":""raw KEM secret via canonical PQC KDF input"",""position"":2,""protocol"":""authenticated KEM handshake"",""source"":""pqc""}]","{""pqc_exchange"":{""algorithm"":""ML-DSA-65"",""executed"":true,""mechanism"":""mutual digital signatures"",""purpose"":""PQC handshake authentication"",""trust_assumption"":""Peer ML-DSA public identities were pre-provisioned out of band."",""verified"":true},""qkd_classical"":null}","{""pqc_protocol_version"":1,""pqc_transcript_hash_sha384"":""7935210a532c8409b911ee8fe8bf4c592eae24dbda5de593f8933ec63df053dfc5afa56d13a367fafbb28b26ec06824d""}",,,,,,,,,,,,,,,,,,,,,,,,,high,"[""ML-KEM-768"",""HQC-3"",""ML-DSA-65"",""HKDF-SHA-384"",""HMAC-SHA-384""]",17166700,27638400,2013600,41507200,192500,341700,88860100,291300,13230000,3599100,836800,303500,26459300,1946000,905100,357400,40189500,346000,20100,51500,26100,39600,24000,5698,10066,16105,22852,6618,96,3904,,,,,,,,,,,,,,,,,,mutual digital signatures,ML-DSA-65,true,true,2,2,6618,Peer ML-DSA public identities were pre-provisioned out of band.,,,,,,,,,,,,,,,,,89035100,"{""events"":[{""detail"":""PQC-DIVERSE"",""sequence"":0,""source"":""session"",""stage"":""session"",""state"":""started""},{""detail"":""Responder KEM offer signed."",""sequence"":1,""source"":""pqc"",""stage"":""server_offer"",""state"":""created""},{""detail"":""Responder identity verified."",""sequence"":2,""source"":""pqc"",""stage"":""server_offer_authentication"",""state"":""verified""},{""detail"":""Initiator encapsulations signed."",""sequence"":3,""source"":""pqc"",""stage"":""client_exchange"",""state"":""created""},{""detail"":""Initiator identity verified."",""sequence"":4,""source"":""pqc"",""stage"":""client_exchange_authentication"",""state"":""verified""},{""detail"":""Role-local session and confirmation schedules started."",""sequence"":5,""source"":""pqc"",""stage"":""key_schedule"",""state"":""derived""},{""detail"":""Both role-separated Finished messages verified."",""sequence"":6,""source"":""pqc"",""stage"":""finished"",""state"":""verified""},{""detail"":""Confirmed PQC session key released."",""sequence"":7,""source"":""session"",""stage"":""session"",""state"":""established""}],""version"":1}"
1,a3123759-8b4c-42f8-9304-26d3cca02a4d,E1,pqc-diverse,32,1,7a66a56a-33b5-4dbf-b04e-602f37844654,true,701001,10,86,2026-09-08T07:42:54.945390+00:00,,PQC-DIVERSE,6821,3.14.7,CPython,2.5.0,0.16.0,0.16.0,50.0.1,0.1.0,Windows,11,10.0.26200,AMD64,"Intel64 Family 6 Model 158 Stepping 12, GenuineIntel",ac46477bb374bde1c0ace1ef0bcfbc26b199dcfa,true,1,E1,pqc-diverse,32,,1,PQC-DIVERSE,,,,high,[],"{""condition_id"":""pqc-diverse"",""experiment_kind"":""E1"",""qkd_stages"":[],""replicate_index"":32,""seed"":null,""session"":{""internal_pqc_profile"":""high"",""profile"":""PQC-DIVERSE"",""qkd_authentication_profile"":null,""qkd_postprocessing"":null,""qkd_signal_count"":null,""version"":1},""tags"":[],""version"":1}",[],persistent pre-provisioned ML-DSA identities and peer trust,,,858800,667500,1526300,3904,false,1,de2bad3fde88be6563b0a8bfbdcc02d3,PQC-DIVERSE,established,,session_key,256,"[{""algorithm"":""ML-KEM-768"",""bit_length"":256,""byte_length"":32,""encoding"":""raw KEM secret via canonical PQC KDF input"",""position"":1,""protocol"":""authenticated KEM handshake"",""source"":""pqc""},{""algorithm"":""HQC-3"",""bit_length"":256,""byte_length"":32,""encoding"":""raw KEM secret via canonical PQC KDF input"",""position"":2,""protocol"":""authenticated KEM handshake"",""source"":""pqc""}]","{""pqc_exchange"":{""algorithm"":""ML-DSA-65"",""executed"":true,""mechanism"":""mutual digital signatures"",""purpose"":""PQC handshake authentication"",""trust_assumption"":""Peer ML-DSA public identities were pre-provisioned out of band."",""verified"":true},""qkd_classical"":null}","{""pqc_protocol_version"":1,""pqc_transcript_hash_sha384"":""60cfbf3b87cdb8e39a4a646087156e2923d70fb41f3a2df0cda1a968ce40a41ba7b94196915ff5a36eb7acf01c7584b8""}",,,,,,,,,,,,,,,,,,,,,,,,,high,"[""ML-KEM-768"",""HQC-3"",""ML-DSA-65"",""HKDF-SHA-384"",""HMAC-SHA-384""]",15712100,27594000,3461800,41512400,191400,338900,88810600,289900,13223000,2149000,840100,306000,26407600,3395000,907000,361400,40183800,346400,19300,51600,25400,39800,24100,5698,10066,16105,22852,6618,96,3904,,,,,,,,,,,,,,,,,,mutual digital signatures,ML-DSA-65,true,true,2,2,6618,Peer ML-DSA public identities were pre-provisioned out of band.,,,,,,,,,,,,,,,,,88987900,"{""events"":[{""detail"":""PQC-DIVERSE"",""sequence"":0,""source"":""session"",""stage"":""session"",""state"":""started""},{""detail"":""Responder KEM offer signed."",""sequence"":1,""source"":""pqc"",""stage"":""server_offer"",""state"":""created""},{""detail"":""Responder identity verified."",""sequence"":2,""source"":""pqc"",""stage"":""server_offer_authentication"",""state"":""verified""},{""detail"":""Initiator encapsulations signed."",""sequence"":3,""source"":""pqc"",""stage"":""client_exchange"",""state"":""created""},{""detail"":""Initiator identity verified."",""sequence"":4,""source"":""pqc"",""stage"":""client_exchange_authentication"",""state"":""verified""},{""detail"":""Role-local session and confirmation schedules started."",""sequence"":5,""source"":""pqc"",""stage"":""key_schedule"",""state"":""derived""},{""detail"":""Both role-separated Finished messages verified."",""sequence"":6,""source"":""pqc"",""stage"":""finished"",""state"":""verified""},{""detail"":""Confirmed PQC session key released."",""sequence"":7,""source"":""session"",""stage"":""session"",""state"":""established""}],""version"":1}"
1,f30bd660-89ae-4db2-ba34-b643a2043775,E1,pqc-base,46,1,7a66a56a-33b5-4dbf-b04e-602f37844654,true,701001,10,87,2026-09-08T07:42:55.015983+00:00,,PQC-BASE,6501,3.14.7,CPython,2.5.0,0.16.0,0.16.0,50.0.1,0.1.0,Windows,11,10.0.26200,AMD64,"Intel64 Family 6 Model 158 Stepping 12, GenuineIntel",ac46477bb374bde1c0ace1ef0bcfbc26b199dcfa,true,1,E1,pqc-base,46,,1,PQC-BASE,,,,low,[],"{""condition_id"":""pqc-base"",""experiment_kind"":""E1"",""qkd_stages"":[],""replicate_index"":46,""seed"":null,""session"":{""internal_pqc_profile"":""low"",""profile"":""PQC-BASE"",""qkd_authentication_profile"":null,""qkd_postprocessing"":null,""qkd_signal_count"":null,""version"":1},""tags"":[],""version"":1}",[],persistent pre-provisioned ML-DSA identities and peer trust,,,858800,667500,1526300,3904,false,1,539e99a24a1396540ed4bc528f4dce55,PQC-BASE,established,,session_key,256,"[{""algorithm"":""ML-KEM-768"",""bit_length"":256,""byte_length"":32,""encoding"":""raw KEM secret via canonical PQC KDF input"",""position"":1,""protocol"":""authenticated KEM handshake"",""source"":""pqc""}]","{""pqc_exchange"":{""algorithm"":""ML-DSA-65"",""executed"":true,""mechanism"":""mutual digital signatures"",""purpose"":""PQC handshake authentication"",""trust_assumption"":""Peer ML-DSA public identities were pre-provisioned out of band."",""verified"":true},""qkd_classical"":null}","{""pqc_protocol_version"":1,""pqc_transcript_hash_sha384"":""51cd95235289805eb72f75dfbc1c9ded45072b3af564bc5d86bb7b66811a8a42895395093cf31ec6efbdfac27086a8fb""}",,,,,,,,,,,,,,,,,,,,,,,,,low,"[""ML-KEM-768"",""ML-DSA-65"",""HKDF-SHA-384"",""HMAC-SHA-384""]",5229500,1098200,4011100,1144900,136300,248800,11868800,298100,,4893400,771800,300600,,3966900,763500,347600,,188600,15200,49500,25200,38000,23900,1184,1088,2585,9332,6618,96,3904,,,,,,,,,,,,,,,,,,mutual digital signatures,ML-DSA-65,true,true,2,2,6618,Peer ML-DSA public identities were pre-provisioned out of band.,,,,,,,,,,,,,,,,,11987400,"{""events"":[{""detail"":""PQC-BASE"",""sequence"":0,""source"":""session"",""stage"":""session"",""state"":""started""},{""detail"":""Responder KEM offer signed."",""sequence"":1,""source"":""pqc"",""stage"":""server_offer"",""state"":""created""},{""detail"":""Responder identity verified."",""sequence"":2,""source"":""pqc"",""stage"":""server_offer_authentication"",""state"":""verified""},{""detail"":""Initiator encapsulations signed."",""sequence"":3,""source"":""pqc"",""stage"":""client_exchange"",""state"":""created""},{""detail"":""Initiator identity verified."",""sequence"":4,""source"":""pqc"",""stage"":""client_exchange_authentication"",""state"":""verified""},{""detail"":""Role-local session and confirmation schedules started."",""sequence"":5,""source"":""pqc"",""stage"":""key_schedule"",""state"":""derived""},{""detail"":""Both role-separated Finished messages verified."",""sequence"":6,""source"":""pqc"",""stage"":""finished"",""state"":""verified""},{""detail"":""Confirmed PQC session key released."",""sequence"":7,""source"":""session"",""stage"":""session"",""state"":""established""}],""version"":1}"
1,2ceac9b7-5709-49c5-8bcc-7033ee8dd0d1,E1,pqc-diverse,20,1,7a66a56a-33b5-4dbf-b04e-602f37844654,true,701001,10,88,2026-09-08T07:42:55.169753+00:00,,PQC-DIVERSE,6821,3.14.7,CPython,2.5.0,0.16.0,0.16.0,50.0.1,0.1.0,Windows,11,10.0.26200,AMD64,"Intel64 Family 6 Model 158 Stepping 12, GenuineIntel",ac46477bb374bde1c0ace1ef0bcfbc26b199dcfa,true,1,E1,pqc-diverse,20,,1,PQC-DIVERSE,,,,high,[],"{""condition_id"":""pqc-diverse"",""experiment_kind"":""E1"",""qkd_stages"":[],""replicate_index"":20,""seed"":null,""session"":{""internal_pqc_profile"":""high"",""profile"":""PQC-DIVERSE"",""qkd_authentication_profile"":null,""qkd_postprocessing"":null,""qkd_signal_count"":null,""version"":1},""tags"":[],""version"":1}",[],persistent pre-provisioned ML-DSA identities and peer trust,,,858800,667500,1526300,3904,false,1,5f72bbb279579f47bfe1241938edc37a,PQC-DIVERSE,established,,session_key,256,"[{""algorithm"":""ML-KEM-768"",""bit_length"":256,""byte_length"":32,""encoding"":""raw KEM secret via canonical PQC KDF input"",""position"":1,""protocol"":""authenticated KEM handshake"",""source"":""pqc""},{""algorithm"":""HQC-3"",""bit_length"":256,""byte_length"":32,""encoding"":""raw KEM secret via canonical PQC KDF input"",""position"":2,""protocol"":""authenticated KEM handshake"",""source"":""pqc""}]","{""pqc_exchange"":{""algorithm"":""ML-DSA-65"",""executed"":true,""mechanism"":""mutual digital signatures"",""purpose"":""PQC handshake authentication"",""trust_assumption"":""Peer ML-DSA public identities were pre-provisioned out of band."",""verified"":true},""qkd_classical"":null}","{""pqc_protocol_version"":1,""pqc_transcript_hash_sha384"":""2a97f38edc24d7cd26115472bb95c18ee7f78978a74f2916b1b157ab57eb7fe56a90c74e23d6aacf6b5779de02eb28a3""}",,,,,,,,,,,,,,,,,,,,,,,,,high,"[""ML-KEM-768"",""HQC-3"",""ML-DSA-65"",""HKDF-SHA-384"",""HMAC-SHA-384""]",16354400,27574600,8937600,41530300,194300,345000,94936200,294200,13243400,2772300,838800,301500,26400400,8874900,900800,354200,40213300,352800,19900,52500,25600,42000,24700,5698,10066,16105,22852,6618,96,3904,,,,,,,,,,,,,,,,,,mutual digital signatures,ML-DSA-65,true,true,2,2,6618,Peer ML-DSA public identities were pre-provisioned out of band.,,,,,,,,,,,,,,,,,95124500,"{""events"":[{""detail"":""PQC-DIVERSE"",""sequence"":0,""source"":""session"",""stage"":""session"",""state"":""started""},{""detail"":""Responder KEM offer signed."",""sequence"":1,""source"":""pqc"",""stage"":""server_offer"",""state"":""created""},{""detail"":""Responder identity verified."",""sequence"":2,""source"":""pqc"",""stage"":""server_offer_authentication"",""state"":""verified""},{""detail"":""Initiator encapsulations signed."",""sequence"":3,""source"":""pqc"",""stage"":""client_exchange"",""state"":""created""},{""detail"":""Initiator identity verified."",""sequence"":4,""source"":""pqc"",""stage"":""client_exchange_authentication"",""state"":""verified""},{""detail"":""Role-local session and confirmation schedules started."",""sequence"":5,""source"":""pqc"",""stage"":""key_schedule"",""state"":""derived""},{""detail"":""Both role-separated Finished messages verified."",""sequence"":6,""source"":""pqc"",""stage"":""finished"",""state"":""verified""},{""detail"":""Confirmed PQC session key released."",""sequence"":7,""source"":""session"",""stage"":""session"",""state"":""established""}],""version"":1}"
1,0ec5d7c9-4228-44ec-97e2-30d92753facf,E1,pqc-base,20,1,7a66a56a-33b5-4dbf-b04e-602f37844654,true,701001,10,89,2026-09-08T07:42:55.235445+00:00,,PQC-BASE,6499,3.14.7,CPython,2.5.0,0.16.0,0.16.0,50.0.1,0.1.0,Windows,11,10.0.26200,AMD64,"Intel64 Family 6 Model 158 Stepping 12, GenuineIntel",ac46477bb374bde1c0ace1ef0bcfbc26b199dcfa,true,1,E1,pqc-base,20,,1,PQC-BASE,,,,low,[],"{""condition_id"":""pqc-base"",""experiment_kind"":""E1"",""qkd_stages"":[],""replicate_index"":20,""seed"":null,""session"":{""internal_pqc_profile"":""low"",""profile"":""PQC-BASE"",""qkd_authentication_profile"":null,""qkd_postprocessing"":null,""qkd_signal_count"":null,""version"":1},""tags"":[],""version"":1}",[],persistent pre-provisioned ML-DSA identities and peer trust,,,858800,667500,1526300,3904,false,1,c1bbfd926486e487da0539ed1af73c83,PQC-BASE,established,,session_key,256,"[{""algorithm"":""ML-KEM-768"",""bit_length"":256,""byte_length"":32,""encoding"":""raw KEM secret via canonical PQC KDF input"",""position"":1,""protocol"":""authenticated KEM handshake"",""source"":""pqc""}]","{""pqc_exchange"":{""algorithm"":""ML-DSA-65"",""executed"":true,""mechanism"":""mutual digital signatures"",""purpose"":""PQC handshake authentication"",""trust_assumption"":""Peer ML-DSA public identities were pre-provisioned out of band."",""verified"":true},""qkd_classical"":null}","{""pqc_protocol_version"":1,""pqc_transcript_hash_sha384"":""4b99165e5b4b37dab3b08aa6fe031fc934d7ffd967358e1f8886fa7300ca457f432dbffea24d11d8e78adfa111e48f8b""}",,,,,,,,,,,,,,,,,,,,,,,,,low,"[""ML-KEM-768"",""ML-DSA-65"",""HKDF-SHA-384"",""HMAC-SHA-384""]",1974100,1103600,3296400,1154300,133500,247100,7909000,300700,,1636700,770500,307300,,3253900,766800,353800,,188200,15100,46000,24600,37000,23500,1184,1088,2585,9332,6618,96,3904,,,,,,,,,,,,,,,,,,mutual digital signatures,ML-DSA-65,true,true,2,2,6618,Peer ML-DSA public identities were pre-provisioned out of band.,,,,,,,,,,,,,,,,,8026500,"{""events"":[{""detail"":""PQC-BASE"",""sequence"":0,""source"":""session"",""stage"":""session"",""state"":""started""},{""detail"":""Responder KEM offer signed."",""sequence"":1,""source"":""pqc"",""stage"":""server_offer"",""state"":""created""},{""detail"":""Responder identity verified."",""sequence"":2,""source"":""pqc"",""stage"":""server_offer_authentication"",""state"":""verified""},{""detail"":""Initiator encapsulations signed."",""sequence"":3,""source"":""pqc"",""stage"":""client_exchange"",""state"":""created""},{""detail"":""Initiator identity verified."",""sequence"":4,""source"":""pqc"",""stage"":""client_exchange_authentication"",""state"":""verified""},{""detail"":""Role-local session and confirmation schedules started."",""sequence"":5,""source"":""pqc"",""stage"":""key_schedule"",""state"":""derived""},{""detail"":""Both role-separated Finished messages verified."",""sequence"":6,""source"":""pqc"",""stage"":""finished"",""state"":""verified""},{""detail"":""Confirmed PQC session key released."",""sequence"":7,""source"":""session"",""stage"":""session"",""state"":""established""}],""version"":1}"
1,4dbc4a16-5f11-4349-afc8-22bf71beecde,E1,pqc-diverse,31,1,7a66a56a-33b5-4dbf-b04e-602f37844654,true,701001,10,90,2026-09-08T07:42:55.381995+00:00,,PQC-DIVERSE,6821,3.14.7,CPython,2.5.0,0.16.0,0.16.0,50.0.1,0.1.0,Windows,11,10.0.26200,AMD64,"Intel64 Family 6 Model 158 Stepping 12, GenuineIntel",ac46477bb374bde1c0ace1ef0bcfbc26b199dcfa,true,1,E1,pqc-diverse,31,,1,PQC-DIVERSE,,,,high,[],"{""condition_id"":""pqc-diverse"",""experiment_kind"":""E1"",""qkd_stages"":[],""replicate_index"":31,""seed"":null,""session"":{""internal_pqc_profile"":""high"",""profile"":""PQC-DIVERSE"",""qkd_authentication_profile"":null,""qkd_postprocessing"":null,""qkd_signal_count"":null,""version"":1},""tags"":[],""version"":1}",[],persistent pre-provisioned ML-DSA identities and peer trust,,,858800,667500,1526300,3904,false,1,a0e955584d90a23c7e177638533443aa,PQC-DIVERSE,established,,session_key,256,"[{""algorithm"":""ML-KEM-768"",""bit_length"":256,""byte_length"":32,""encoding"":""raw KEM secret via canonical PQC KDF input"",""position"":1,""protocol"":""authenticated KEM handshake"",""source"":""pqc""},{""algorithm"":""HQC-3"",""bit_length"":256,""byte_length"":32,""encoding"":""raw KEM secret via canonical PQC KDF input"",""position"":2,""protocol"":""authenticated KEM handshake"",""source"":""pqc""}]","{""pqc_exchange"":{""algorithm"":""ML-DSA-65"",""executed"":true,""mechanism"":""mutual digital signatures"",""purpose"":""PQC handshake authentication"",""trust_assumption"":""Peer ML-DSA public identities were pre-provisioned out of band."",""verified"":true},""qkd_classical"":null}","{""pqc_protocol_version"":1,""pqc_transcript_hash_sha384"":""adf57a38c240a40d5c6eb911bdb6a53b983c1563061308fd53197f5bd576ad6b8a195eefc52cae31dce1b9a641298498""}",,,,,,,,,,,,,,,,,,,,,,,,,high,"[""ML-KEM-768"",""HQC-3"",""ML-DSA-65"",""HKDF-SHA-384"",""HMAC-SHA-384""]",16823700,27576400,1435100,41638700,193000,341000,88007900,295500,13244300,3236100,836000,303500,26402300,1372700,899200,354000,40324100,355400,19900,50500,25700,40100,24400,5698,10066,16105,22852,6618,96,3904,,,,,,,,,,,,,,,,,,mutual digital signatures,ML-DSA-65,true,true,2,2,6618,Peer ML-DSA public identities were pre-provisioned out of band.,,,,,,,,,,,,,,,,,88194200,"{""events"":[{""detail"":""PQC-DIVERSE"",""sequence"":0,""source"":""session"",""stage"":""session"",""state"":""started""},{""detail"":""Responder KEM offer signed."",""sequence"":1,""source"":""pqc"",""stage"":""server_offer"",""state"":""created""},{""detail"":""Responder identity verified."",""sequence"":2,""source"":""pqc"",""stage"":""server_offer_authentication"",""state"":""verified""},{""detail"":""Initiator encapsulations signed."",""sequence"":3,""source"":""pqc"",""stage"":""client_exchange"",""state"":""created""},{""detail"":""Initiator identity verified."",""sequence"":4,""source"":""pqc"",""stage"":""client_exchange_authentication"",""state"":""verified""},{""detail"":""Role-local session and confirmation schedules started."",""sequence"":5,""source"":""pqc"",""stage"":""key_schedule"",""state"":""derived""},{""detail"":""Both role-separated Finished messages verified."",""sequence"":6,""source"":""pqc"",""stage"":""finished"",""state"":""verified""},{""detail"":""Confirmed PQC session key released."",""sequence"":7,""source"":""session"",""stage"":""session"",""state"":""established""}],""version"":1}"
1,d71a7eed-149b-4bd8-b337-20e8b8e81878,E1,pqc-base,43,1,7a66a56a-33b5-4dbf-b04e-602f37844654,true,701001,10,91,2026-09-08T07:42:55.450758+00:00,,PQC-BASE,6500,3.14.7,CPython,2.5.0,0.16.0,0.16.0,50.0.1,0.1.0,Windows,11,10.0.26200,AMD64,"Intel64 Family 6 Model 158 Stepping 12, GenuineIntel",ac46477bb374bde1c0ace1ef0bcfbc26b199dcfa,true,1,E1,pqc-base,43,,1,PQC-BASE,,,,low,[],"{""condition_id"":""pqc-base"",""experiment_kind"":""E1"",""qkd_stages"":[],""replicate_index"":43,""seed"":null,""session"":{""internal_pqc_profile"":""low"",""profile"":""PQC-BASE"",""qkd_authentication_profile"":null,""qkd_postprocessing"":null,""qkd_signal_count"":null,""version"":1},""tags"":[],""version"":1}",[],persistent pre-provisioned ML-DSA identities and peer trust,,,858800,667500,1526300,3904,false,1,01702ee6111d37944e6795605d56bb58,PQC-BASE,established,,session_key,256,"[{""algorithm"":""ML-KEM-768"",""bit_length"":256,""byte_length"":32,""encoding"":""raw KEM secret via canonical PQC KDF input"",""position"":1,""protocol"":""authenticated KEM handshake"",""source"":""pqc""}]","{""pqc_exchange"":{""algorithm"":""ML-DSA-65"",""executed"":true,""mechanism"":""mutual digital signatures"",""purpose"":""PQC handshake authentication"",""trust_assumption"":""Peer ML-DSA public identities were pre-provisioned out of band."",""verified"":true},""qkd_classical"":null}","{""pqc_protocol_version"":1,""pqc_transcript_hash_sha384"":""a6e3037a56c8eccb17fd909647c6397db3df168ea394f9537c8d46f95b3ede9c88168a75182275371f33f982d60bb702""}",,,,,,,,,,,,,,,,,,,,,,,,,low,"[""ML-KEM-768"",""ML-DSA-65"",""HKDF-SHA-384"",""HMAC-SHA-384""]",4902800,1096800,2379900,1149400,133500,249000,9911400,297600,,4567200,771800,299000,,2337300,766900,348900,,185600,15100,48100,24700,38400,23400,1184,1088,2585,9332,6618,96,3904,,,,,,,,,,,,,,,,,,mutual digital signatures,ML-DSA-65,true,true,2,2,6618,Peer ML-DSA public identities were pre-provisioned out of band.,,,,,,,,,,,,,,,,,10030900,"{""events"":[{""detail"":""PQC-BASE"",""sequence"":0,""source"":""session"",""stage"":""session"",""state"":""started""},{""detail"":""Responder KEM offer signed."",""sequence"":1,""source"":""pqc"",""stage"":""server_offer"",""state"":""created""},{""detail"":""Responder identity verified."",""sequence"":2,""source"":""pqc"",""stage"":""server_offer_authentication"",""state"":""verified""},{""detail"":""Initiator encapsulations signed."",""sequence"":3,""source"":""pqc"",""stage"":""client_exchange"",""state"":""created""},{""detail"":""Initiator identity verified."",""sequence"":4,""source"":""pqc"",""stage"":""client_exchange_authentication"",""state"":""verified""},{""detail"":""Role-local session and confirmation schedules started."",""sequence"":5,""source"":""pqc"",""stage"":""key_schedule"",""state"":""derived""},{""detail"":""Both role-separated Finished messages verified."",""sequence"":6,""source"":""pqc"",""stage"":""finished"",""state"":""verified""},{""detail"":""Confirmed PQC session key released."",""sequence"":7,""source"":""session"",""stage"":""session"",""state"":""established""}],""version"":1}"
1,b5562d50-4033-446b-a076-1d098af55f7f,E1,pqc-base,39,1,7a66a56a-33b5-4dbf-b04e-602f37844654,true,701001,10,92,2026-09-08T07:42:55.520732+00:00,,PQC-BASE,6499,3.14.7,CPython,2.5.0,0.16.0,0.16.0,50.0.1,0.1.0,Windows,11,10.0.26200,AMD64,"Intel64 Family 6 Model 158 Stepping 12, GenuineIntel",ac46477bb374bde1c0ace1ef0bcfbc26b199dcfa,true,1,E1,pqc-base,39,,1,PQC-BASE,,,,low,[],"{""condition_id"":""pqc-base"",""experiment_kind"":""E1"",""qkd_stages"":[],""replicate_index"":39,""seed"":null,""session"":{""internal_pqc_profile"":""low"",""profile"":""PQC-BASE"",""qkd_authentication_profile"":null,""qkd_postprocessing"":null,""qkd_signal_count"":null,""version"":1},""tags"":[],""version"":1}",[],persistent pre-provisioned ML-DSA identities and peer trust,,,858800,667500,1526300,3904,false,1,ec77e616916add4578df8720f3f8e3e3,PQC-BASE,established,,session_key,256,"[{""algorithm"":""ML-KEM-768"",""bit_length"":256,""byte_length"":32,""encoding"":""raw KEM secret via canonical PQC KDF input"",""position"":1,""protocol"":""authenticated KEM handshake"",""source"":""pqc""}]","{""pqc_exchange"":{""algorithm"":""ML-DSA-65"",""executed"":true,""mechanism"":""mutual digital signatures"",""purpose"":""PQC handshake authentication"",""trust_assumption"":""Peer ML-DSA public identities were pre-provisioned out of band."",""verified"":true},""qkd_classical"":null}","{""pqc_protocol_version"":1,""pqc_transcript_hash_sha384"":""4ab638068452b40eab70f1a30eeeb1ca2989050acdd29bde33b15b5375263b409fe2ae173063a6102c0acc153f867e4c""}",,,,,,,,,,,,,,,,,,,,,,,,,low,"[""ML-KEM-768"",""ML-DSA-65"",""HKDF-SHA-384"",""HMAC-SHA-384""]",2280900,1097100,2380300,1153400,135000,251700,7298400,295500,,1950100,769100,301700,,2337200,764600,352900,,189400,15300,48100,24800,38600,27000,1184,1088,2585,9332,6618,96,3904,,,,,,,,,,,,,,,,,,mutual digital signatures,ML-DSA-65,true,true,2,2,6618,Peer ML-DSA public identities were pre-provisioned out of band.,,,,,,,,,,,,,,,,,7422200,"{""events"":[{""detail"":""PQC-BASE"",""sequence"":0,""source"":""session"",""stage"":""session"",""state"":""started""},{""detail"":""Responder KEM offer signed."",""sequence"":1,""source"":""pqc"",""stage"":""server_offer"",""state"":""created""},{""detail"":""Responder identity verified."",""sequence"":2,""source"":""pqc"",""stage"":""server_offer_authentication"",""state"":""verified""},{""detail"":""Initiator encapsulations signed."",""sequence"":3,""source"":""pqc"",""stage"":""client_exchange"",""state"":""created""},{""detail"":""Initiator identity verified."",""sequence"":4,""source"":""pqc"",""stage"":""client_exchange_authentication"",""state"":""verified""},{""detail"":""Role-local session and confirmation schedules started."",""sequence"":5,""source"":""pqc"",""stage"":""key_schedule"",""state"":""derived""},{""detail"":""Both role-separated Finished messages verified."",""sequence"":6,""source"":""pqc"",""stage"":""finished"",""state"":""verified""},{""detail"":""Confirmed PQC session key released."",""sequence"":7,""source"":""session"",""stage"":""session"",""state"":""established""}],""version"":1}"
1,59cfdc6f-c92b-40c7-887f-5dbec7afe123,E1,pqc-base,26,1,7a66a56a-33b5-4dbf-b04e-602f37844654,true,701001,10,93,2026-09-08T07:42:55.593427+00:00,,PQC-BASE,6501,3.14.7,CPython,2.5.0,0.16.0,0.16.0,50.0.1,0.1.0,Windows,11,10.0.26200,AMD64,"Intel64 Family 6 Model 158 Stepping 12, GenuineIntel",ac46477bb374bde1c0ace1ef0bcfbc26b199dcfa,true,1,E1,pqc-base,26,,1,PQC-BASE,,,,low,[],"{""condition_id"":""pqc-base"",""experiment_kind"":""E1"",""qkd_stages"":[],""replicate_index"":26,""seed"":null,""session"":{""internal_pqc_profile"":""low"",""profile"":""PQC-BASE"",""qkd_authentication_profile"":null,""qkd_postprocessing"":null,""qkd_signal_count"":null,""version"":1},""tags"":[],""version"":1}",[],persistent pre-provisioned ML-DSA identities and peer trust,,,858800,667500,1526300,3904,false,1,5bd0f416a2291c505006f7c5d6aa91a7,PQC-BASE,established,,session_key,256,"[{""algorithm"":""ML-KEM-768"",""bit_length"":256,""byte_length"":32,""encoding"":""raw KEM secret via canonical PQC KDF input"",""position"":1,""protocol"":""authenticated KEM handshake"",""source"":""pqc""}]","{""pqc_exchange"":{""algorithm"":""ML-DSA-65"",""executed"":true,""mechanism"":""mutual digital signatures"",""purpose"":""PQC handshake authentication"",""trust_assumption"":""Peer ML-DSA public identities were pre-provisioned out of band."",""verified"":true},""qkd_classical"":null}","{""pqc_protocol_version"":1,""pqc_transcript_hash_sha384"":""d391457b63ecb25e01a8b91f8a16befabc7168d4c5b7cc9978143c6ca36ad8d516d6380ba7d57b03a43292a18b83a50b""}",,,,,,,,,,,,,,,,,,,,,,,,,low,"[""ML-KEM-768"",""ML-DSA-65"",""HKDF-SHA-384"",""HMAC-SHA-384""]",5472200,1113600,6524900,1171100,136600,250600,14669000,293800,,5142100,780000,305400,,6478000,772600,357200,,189000,15800,49200,24800,40100,24300,1184,1088,2585,9332,6618,96,3904,,,,,,,,,,,,,,,,,,mutual digital signatures,ML-DSA-65,true,true,2,2,6618,Peer ML-DSA public identities were pre-provisioned out of band.,,,,,,,,,,,,,,,,,14794100,"{""events"":[{""detail"":""PQC-BASE"",""sequence"":0,""source"":""session"",""stage"":""session"",""state"":""started""},{""detail"":""Responder KEM offer signed."",""sequence"":1,""source"":""pqc"",""stage"":""server_offer"",""state"":""created""},{""detail"":""Responder identity verified."",""sequence"":2,""source"":""pqc"",""stage"":""server_offer_authentication"",""state"":""verified""},{""detail"":""Initiator encapsulations signed."",""sequence"":3,""source"":""pqc"",""stage"":""client_exchange"",""state"":""created""},{""detail"":""Initiator identity verified."",""sequence"":4,""source"":""pqc"",""stage"":""client_exchange_authentication"",""state"":""verified""},{""detail"":""Role-local session and confirmation schedules started."",""sequence"":5,""source"":""pqc"",""stage"":""key_schedule"",""state"":""derived""},{""detail"":""Both role-separated Finished messages verified."",""sequence"":6,""source"":""pqc"",""stage"":""finished"",""state"":""verified""},{""detail"":""Confirmed PQC session key released."",""sequence"":7,""source"":""session"",""stage"":""session"",""state"":""established""}],""version"":1}"
1,a02130ec-b93f-4524-be5e-dc2e9c003338,E1,pqc-base,29,1,7a66a56a-33b5-4dbf-b04e-602f37844654,true,701001,10,94,2026-09-08T07:42:55.657872+00:00,,PQC-BASE,6499,3.14.7,CPython,2.5.0,0.16.0,0.16.0,50.0.1,0.1.0,Windows,11,10.0.26200,AMD64,"Intel64 Family 6 Model 158 Stepping 12, GenuineIntel",ac46477bb374bde1c0ace1ef0bcfbc26b199dcfa,true,1,E1,pqc-base,29,,1,PQC-BASE,,,,low,[],"{""condition_id"":""pqc-base"",""experiment_kind"":""E1"",""qkd_stages"":[],""replicate_index"":29,""seed"":null,""session"":{""internal_pqc_profile"":""low"",""profile"":""PQC-BASE"",""qkd_authentication_profile"":null,""qkd_postprocessing"":null,""qkd_signal_count"":null,""version"":1},""tags"":[],""version"":1}",[],persistent pre-provisioned ML-DSA identities and peer trust,,,858800,667500,1526300,3904,false,1,687a2d0bc07726e74cd5a567e64ec9cf,PQC-BASE,established,,session_key,256,"[{""algorithm"":""ML-KEM-768"",""bit_length"":256,""byte_length"":32,""encoding"":""raw KEM secret via canonical PQC KDF input"",""position"":1,""protocol"":""authenticated KEM handshake"",""source"":""pqc""}]","{""pqc_exchange"":{""algorithm"":""ML-DSA-65"",""executed"":true,""mechanism"":""mutual digital signatures"",""purpose"":""PQC handshake authentication"",""trust_assumption"":""Peer ML-DSA public identities were pre-provisioned out of band."",""verified"":true},""qkd_classical"":null}","{""pqc_protocol_version"":1,""pqc_transcript_hash_sha384"":""3255ec016d60d00dc26b6588641b837abc0a4b6a54d880c086051a6c9533d4e76724415284c1a9fddcd4d80bef9bd7ab""}",,,,,,,,,,,,,,,,,,,,,,,,,low,"[""ML-KEM-768"",""ML-DSA-65"",""HKDF-SHA-384"",""HMAC-SHA-384""]",1561000,1109100,2218400,1150700,134200,247200,6420600,293500,,1231700,777700,303900,,2174500,764000,352600,,185000,15300,48700,24900,39000,23800,1184,1088,2585,9332,6618,96,3904,,,,,,,,,,,,,,,,,,mutual digital signatures,ML-DSA-65,true,true,2,2,6618,Peer ML-DSA public identities were pre-provisioned out of band.,,,,,,,,,,,,,,,,,6540800,"{""events"":[{""detail"":""PQC-BASE"",""sequence"":0,""source"":""session"",""stage"":""session"",""state"":""started""},{""detail"":""Responder KEM offer signed."",""sequence"":1,""source"":""pqc"",""stage"":""server_offer"",""state"":""created""},{""detail"":""Responder identity verified."",""sequence"":2,""source"":""pqc"",""stage"":""server_offer_authentication"",""state"":""verified""},{""detail"":""Initiator encapsulations signed."",""sequence"":3,""source"":""pqc"",""stage"":""client_exchange"",""state"":""created""},{""detail"":""Initiator identity verified."",""sequence"":4,""source"":""pqc"",""stage"":""client_exchange_authentication"",""state"":""verified""},{""detail"":""Role-local session and confirmation schedules started."",""sequence"":5,""source"":""pqc"",""stage"":""key_schedule"",""state"":""derived""},{""detail"":""Both role-separated Finished messages verified."",""sequence"":6,""source"":""pqc"",""stage"":""finished"",""state"":""verified""},{""detail"":""Confirmed PQC session key released."",""sequence"":7,""source"":""session"",""stage"":""session"",""state"":""established""}],""version"":1}"
1,412a2cf5-dfc9-4c8e-b6ca-308037f9b550,E1,pqc-base,24,1,7a66a56a-33b5-4dbf-b04e-602f37844654,true,701001,10,95,2026-09-08T07:42:55.723590+00:00,,PQC-BASE,6499,3.14.7,CPython,2.5.0,0.16.0,0.16.0,50.0.1,0.1.0,Windows,11,10.0.26200,AMD64,"Intel64 Family 6 Model 158 Stepping 12, GenuineIntel",ac46477bb374bde1c0ace1ef0bcfbc26b199dcfa,true,1,E1,pqc-base,24,,1,PQC-BASE,,,,low,[],"{""condition_id"":""pqc-base"",""experiment_kind"":""E1"",""qkd_stages"":[],""replicate_index"":24,""seed"":null,""session"":{""internal_pqc_profile"":""low"",""profile"":""PQC-BASE"",""qkd_authentication_profile"":null,""qkd_postprocessing"":null,""qkd_signal_count"":null,""version"":1},""tags"":[],""version"":1}",[],persistent pre-provisioned ML-DSA identities and peer trust,,,858800,667500,1526300,3904,false,1,7784ce8d1c966b62f73c12642509407a,PQC-BASE,established,,session_key,256,"[{""algorithm"":""ML-KEM-768"",""bit_length"":256,""byte_length"":32,""encoding"":""raw KEM secret via canonical PQC KDF input"",""position"":1,""protocol"":""authenticated KEM handshake"",""source"":""pqc""}]","{""pqc_exchange"":{""algorithm"":""ML-DSA-65"",""executed"":true,""mechanism"":""mutual digital signatures"",""purpose"":""PQC handshake authentication"",""trust_assumption"":""Peer ML-DSA public identities were pre-provisioned out of band."",""verified"":true},""qkd_classical"":null}","{""pqc_protocol_version"":1,""pqc_transcript_hash_sha384"":""5ac209475119207958a9c436833ce9e47608c6207da330925152a282f0c5f2d7cf7f3af6b7cea64f5448b895ba3cff0c""}",,,,,,,,,,,,,,,,,,,,,,,,,low,"[""ML-KEM-768"",""ML-DSA-65"",""HKDF-SHA-384"",""HMAC-SHA-384""]",3081100,1096300,2253800,1155300,135400,248300,7970200,294100,,2751800,768000,300400,,2207300,765800,350900,,188500,15800,49400,25000,38300,23900,1184,1088,2585,9332,6618,96,3904,,,,,,,,,,,,,,,,,,mutual digital signatures,ML-DSA-65,true,true,2,2,6618,Peer ML-DSA public identities were pre-provisioned out of band.,,,,,,,,,,,,,,,,,8090400,"{""events"":[{""detail"":""PQC-BASE"",""sequence"":0,""source"":""session"",""stage"":""session"",""state"":""started""},{""detail"":""Responder KEM offer signed."",""sequence"":1,""source"":""pqc"",""stage"":""server_offer"",""state"":""created""},{""detail"":""Responder identity verified."",""sequence"":2,""source"":""pqc"",""stage"":""server_offer_authentication"",""state"":""verified""},{""detail"":""Initiator encapsulations signed."",""sequence"":3,""source"":""pqc"",""stage"":""client_exchange"",""state"":""created""},{""detail"":""Initiator identity verified."",""sequence"":4,""source"":""pqc"",""stage"":""client_exchange_authentication"",""state"":""verified""},{""detail"":""Role-local session and confirmation schedules started."",""sequence"":5,""source"":""pqc"",""stage"":""key_schedule"",""state"":""derived""},{""detail"":""Both role-separated Finished messages verified."",""sequence"":6,""source"":""pqc"",""stage"":""finished"",""state"":""verified""},{""detail"":""Confirmed PQC session key released."",""sequence"":7,""source"":""session"",""stage"":""session"",""state"":""established""}],""version"":1}"
1,8974de06-3fa8-4185-be62-d6a9a490c050,E1,pqc-base,7,1,7a66a56a-33b5-4dbf-b04e-602f37844654,true,701001,10,96,2026-09-08T07:42:55.789436+00:00,,PQC-BASE,6497,3.14.7,CPython,2.5.0,0.16.0,0.16.0,50.0.1,0.1.0,Windows,11,10.0.26200,AMD64,"Intel64 Family 6 Model 158 Stepping 12, GenuineIntel",ac46477bb374bde1c0ace1ef0bcfbc26b199dcfa,true,1,E1,pqc-base,7,,1,PQC-BASE,,,,low,[],"{""condition_id"":""pqc-base"",""experiment_kind"":""E1"",""qkd_stages"":[],""replicate_index"":7,""seed"":null,""session"":{""internal_pqc_profile"":""low"",""profile"":""PQC-BASE"",""qkd_authentication_profile"":null,""qkd_postprocessing"":null,""qkd_signal_count"":null,""version"":1},""tags"":[],""version"":1}",[],persistent pre-provisioned ML-DSA identities and peer trust,,,858800,667500,1526300,3904,false,1,509bab9734e4cb56b751a1e5aa818826,PQC-BASE,established,,session_key,256,"[{""algorithm"":""ML-KEM-768"",""bit_length"":256,""byte_length"":32,""encoding"":""raw KEM secret via canonical PQC KDF input"",""position"":1,""protocol"":""authenticated KEM handshake"",""source"":""pqc""}]","{""pqc_exchange"":{""algorithm"":""ML-DSA-65"",""executed"":true,""mechanism"":""mutual digital signatures"",""purpose"":""PQC handshake authentication"",""trust_assumption"":""Peer ML-DSA public identities were pre-provisioned out of band."",""verified"":true},""qkd_classical"":null}","{""pqc_protocol_version"":1,""pqc_transcript_hash_sha384"":""f36b9f25460dfc189037d6eb6c425b2a8acf1d6943a326caecc6f41d928ce63edff5cfa229af9f58b75468113684dc56""}",,,,,,,,,,,,,,,,,,,,,,,,,low,"[""ML-KEM-768"",""ML-DSA-65"",""HKDF-SHA-384"",""HMAC-SHA-384""]",1562900,1097400,3640000,1162800,135500,247300,7845900,293900,,1234700,768500,302200,,3596000,773300,351900,,186600,15300,49600,25200,38200,23600,1184,1088,2585,9332,6618,96,3904,,,,,,,,,,,,,,,,,,mutual digital signatures,ML-DSA-65,true,true,2,2,6618,Peer ML-DSA public identities were pre-provisioned out of band.,,,,,,,,,,,,,,,,,7967600,"{""events"":[{""detail"":""PQC-BASE"",""sequence"":0,""source"":""session"",""stage"":""session"",""state"":""started""},{""detail"":""Responder KEM offer signed."",""sequence"":1,""source"":""pqc"",""stage"":""server_offer"",""state"":""created""},{""detail"":""Responder identity verified."",""sequence"":2,""source"":""pqc"",""stage"":""server_offer_authentication"",""state"":""verified""},{""detail"":""Initiator encapsulations signed."",""sequence"":3,""source"":""pqc"",""stage"":""client_exchange"",""state"":""created""},{""detail"":""Initiator identity verified."",""sequence"":4,""source"":""pqc"",""stage"":""client_exchange_authentication"",""state"":""verified""},{""detail"":""Role-local session and confirmation schedules started."",""sequence"":5,""source"":""pqc"",""stage"":""key_schedule"",""state"":""derived""},{""detail"":""Both role-separated Finished messages verified."",""sequence"":6,""source"":""pqc"",""stage"":""finished"",""state"":""verified""},{""detail"":""Confirmed PQC session key released."",""sequence"":7,""source"":""session"",""stage"":""session"",""state"":""established""}],""version"":1}"
1,67427486-1fc0-4c46-a122-7939c8970a36,E1,pqc-base,33,1,7a66a56a-33b5-4dbf-b04e-602f37844654,true,701001,10,97,2026-09-08T07:42:55.859176+00:00,,PQC-BASE,6501,3.14.7,CPython,2.5.0,0.16.0,0.16.0,50.0.1,0.1.0,Windows,11,10.0.26200,AMD64,"Intel64 Family 6 Model 158 Stepping 12, GenuineIntel",ac46477bb374bde1c0ace1ef0bcfbc26b199dcfa,true,1,E1,pqc-base,33,,1,PQC-BASE,,,,low,[],"{""condition_id"":""pqc-base"",""experiment_kind"":""E1"",""qkd_stages"":[],""replicate_index"":33,""seed"":null,""session"":{""internal_pqc_profile"":""low"",""profile"":""PQC-BASE"",""qkd_authentication_profile"":null,""qkd_postprocessing"":null,""qkd_signal_count"":null,""version"":1},""tags"":[],""version"":1}",[],persistent pre-provisioned ML-DSA identities and peer trust,,,858800,667500,1526300,3904,false,1,58611ab5778d1c54c93f60158304de2c,PQC-BASE,established,,session_key,256,"[{""algorithm"":""ML-KEM-768"",""bit_length"":256,""byte_length"":32,""encoding"":""raw KEM secret via canonical PQC KDF input"",""position"":1,""protocol"":""authenticated KEM handshake"",""source"":""pqc""}]","{""pqc_exchange"":{""algorithm"":""ML-DSA-65"",""executed"":true,""mechanism"":""mutual digital signatures"",""purpose"":""PQC handshake authentication"",""trust_assumption"":""Peer ML-DSA public identities were pre-provisioned out of band."",""verified"":true},""qkd_classical"":null}","{""pqc_protocol_version"":1,""pqc_transcript_hash_sha384"":""a4c50830b56c5978654963089c7b40bb196873ca810c6c507d0a23f7156506878718c339369e6dcecc70a00edb76b0f2""}",,,,,,,,,,,,,,,,,,,,,,,,,low,"[""ML-KEM-768"",""ML-DSA-65"",""HKDF-SHA-384"",""HMAC-SHA-384""]",2750700,1093100,5902600,1167300,135900,251000,11300600,294500,,2420600,768800,297600,,5857800,774000,352300,,189400,15700,48900,25300,39500,24300,1184,1088,2585,9332,6618,96,3904,,,,,,,,,,,,,,,,,,mutual digital signatures,ML-DSA-65,true,true,2,2,6618,Peer ML-DSA public identities were pre-provisioned out of band.,,,,,,,,,,,,,,,,,11424200,"{""events"":[{""detail"":""PQC-BASE"",""sequence"":0,""source"":""session"",""stage"":""session"",""state"":""started""},{""detail"":""Responder KEM offer signed."",""sequence"":1,""source"":""pqc"",""stage"":""server_offer"",""state"":""created""},{""detail"":""Responder identity verified."",""sequence"":2,""source"":""pqc"",""stage"":""server_offer_authentication"",""state"":""verified""},{""detail"":""Initiator encapsulations signed."",""sequence"":3,""source"":""pqc"",""stage"":""client_exchange"",""state"":""created""},{""detail"":""Initiator identity verified."",""sequence"":4,""source"":""pqc"",""stage"":""client_exchange_authentication"",""state"":""verified""},{""detail"":""Role-local session and confirmation schedules started."",""sequence"":5,""source"":""pqc"",""stage"":""key_schedule"",""state"":""derived""},{""detail"":""Both role-separated Finished messages verified."",""sequence"":6,""source"":""pqc"",""stage"":""finished"",""state"":""verified""},{""detail"":""Confirmed PQC session key released."",""sequence"":7,""source"":""session"",""stage"":""session"",""state"":""established""}],""version"":1}"
1,165ef085-d180-4d81-a971-a8fa39f82246,E1,pqc-base,49,1,7a66a56a-33b5-4dbf-b04e-602f37844654,true,701001,10,98,2026-09-08T07:42:55.927373+00:00,,PQC-BASE,6501,3.14.7,CPython,2.5.0,0.16.0,0.16.0,50.0.1,0.1.0,Windows,11,10.0.26200,AMD64,"Intel64 Family 6 Model 158 Stepping 12, GenuineIntel",ac46477bb374bde1c0ace1ef0bcfbc26b199dcfa,true,1,E1,pqc-base,49,,1,PQC-BASE,,,,low,[],"{""condition_id"":""pqc-base"",""experiment_kind"":""E1"",""qkd_stages"":[],""replicate_index"":49,""seed"":null,""session"":{""internal_pqc_profile"":""low"",""profile"":""PQC-BASE"",""qkd_authentication_profile"":null,""qkd_postprocessing"":null,""qkd_signal_count"":null,""version"":1},""tags"":[],""version"":1}",[],persistent pre-provisioned ML-DSA identities and peer trust,,,858800,667500,1526300,3904,false,1,865e5456f95b993bf27bd281261a76ab,PQC-BASE,established,,session_key,256,"[{""algorithm"":""ML-KEM-768"",""bit_length"":256,""byte_length"":32,""encoding"":""raw KEM secret via canonical PQC KDF input"",""position"":1,""protocol"":""authenticated KEM handshake"",""source"":""pqc""}]","{""pqc_exchange"":{""algorithm"":""ML-DSA-65"",""executed"":true,""mechanism"":""mutual digital signatures"",""purpose"":""PQC handshake authentication"",""trust_assumption"":""Peer ML-DSA public identities were pre-provisioned out of band."",""verified"":true},""qkd_classical"":null}","{""pqc_protocol_version"":1,""pqc_transcript_hash_sha384"":""2a18207c3f5bbc7164e0fcaf0f918df171b4dee865bda4f5aa3da577802ebdf4edcf210e79c6f5419868cf5129e96928""}",,,,,,,,,,,,,,,,,,,,,,,,,low,"[""ML-KEM-768"",""ML-DSA-65"",""HKDF-SHA-384"",""HMAC-SHA-384""]",1575700,1102200,6009300,1152600,133700,251500,10225000,298000,,1241400,768300,304500,,5961200,765700,351300,,189600,15500,48000,24600,40800,24100,1184,1088,2585,9332,6618,96,3904,,,,,,,,,,,,,,,,,,mutual digital signatures,ML-DSA-65,true,true,2,2,6618,Peer ML-DSA public identities were pre-provisioned out of band.,,,,,,,,,,,,,,,,,10347800,"{""events"":[{""detail"":""PQC-BASE"",""sequence"":0,""source"":""session"",""stage"":""session"",""state"":""started""},{""detail"":""Responder KEM offer signed."",""sequence"":1,""source"":""pqc"",""stage"":""server_offer"",""state"":""created""},{""detail"":""Responder identity verified."",""sequence"":2,""source"":""pqc"",""stage"":""server_offer_authentication"",""state"":""verified""},{""detail"":""Initiator encapsulations signed."",""sequence"":3,""source"":""pqc"",""stage"":""client_exchange"",""state"":""created""},{""detail"":""Initiator identity verified."",""sequence"":4,""source"":""pqc"",""stage"":""client_exchange_authentication"",""state"":""verified""},{""detail"":""Role-local session and confirmation schedules started."",""sequence"":5,""source"":""pqc"",""stage"":""key_schedule"",""state"":""derived""},{""detail"":""Both role-separated Finished messages verified."",""sequence"":6,""source"":""pqc"",""stage"":""finished"",""state"":""verified""},{""detail"":""Confirmed PQC session key released."",""sequence"":7,""source"":""session"",""stage"":""session"",""state"":""established""}],""version"":1}"
1,7d06f68b-ef99-4107-8d2c-1438ff964117,E1,pqc-base,2,1,7a66a56a-33b5-4dbf-b04e-602f37844654,true,701001,10,99,2026-09-08T07:42:55.992339+00:00,,PQC-BASE,6497,3.14.7,CPython,2.5.0,0.16.0,0.16.0,50.0.1,0.1.0,Windows,11,10.0.26200,AMD64,"Intel64 Family 6 Model 158 Stepping 12, GenuineIntel",ac46477bb374bde1c0ace1ef0bcfbc26b199dcfa,true,1,E1,pqc-base,2,,1,PQC-BASE,,,,low,[],"{""condition_id"":""pqc-base"",""experiment_kind"":""E1"",""qkd_stages"":[],""replicate_index"":2,""seed"":null,""session"":{""internal_pqc_profile"":""low"",""profile"":""PQC-BASE"",""qkd_authentication_profile"":null,""qkd_postprocessing"":null,""qkd_signal_count"":null,""version"":1},""tags"":[],""version"":1}",[],persistent pre-provisioned ML-DSA identities and peer trust,,,858800,667500,1526300,3904,false,1,43c078553d0e1e5efc3dc340c71228cd,PQC-BASE,established,,session_key,256,"[{""algorithm"":""ML-KEM-768"",""bit_length"":256,""byte_length"":32,""encoding"":""raw KEM secret via canonical PQC KDF input"",""position"":1,""protocol"":""authenticated KEM handshake"",""source"":""pqc""}]","{""pqc_exchange"":{""algorithm"":""ML-DSA-65"",""executed"":true,""mechanism"":""mutual digital signatures"",""purpose"":""PQC handshake authentication"",""trust_assumption"":""Peer ML-DSA public identities were pre-provisioned out of band."",""verified"":true},""qkd_classical"":null}","{""pqc_protocol_version"":1,""pqc_transcript_hash_sha384"":""990f1f5d6657fd69c4fd6128448f6096818f7a5d8e96696919b8a296c2c88aad91805b0c1bf69aedb9263a5dfd26c019""}",,,,,,,,,,,,,,,,,,,,,,,,,low,"[""ML-KEM-768"",""ML-DSA-65"",""HKDF-SHA-384"",""HMAC-SHA-384""]",2766400,1111200,1644000,1147100,132300,244900,7045900,293000,,2435400,775700,304200,,1600600,763200,351100,,182800,15300,47500,24500,38500,23600,1184,1088,2585,9332,6618,96,3904,,,,,,,,,,,,,,,,,,mutual digital signatures,ML-DSA-65,true,true,2,2,6618,Peer ML-DSA public identities were pre-provisioned out of band.,,,,,,,,,,,,,,,,,7165800,"{""events"":[{""detail"":""PQC-BASE"",""sequence"":0,""source"":""session"",""stage"":""session"",""state"":""started""},{""detail"":""Responder KEM offer signed."",""sequence"":1,""source"":""pqc"",""stage"":""server_offer"",""state"":""created""},{""detail"":""Responder identity verified."",""sequence"":2,""source"":""pqc"",""stage"":""server_offer_authentication"",""state"":""verified""},{""detail"":""Initiator encapsulations signed."",""sequence"":3,""source"":""pqc"",""stage"":""client_exchange"",""state"":""created""},{""detail"":""Initiator identity verified."",""sequence"":4,""source"":""pqc"",""stage"":""client_exchange_authentication"",""state"":""verified""},{""detail"":""Role-local session and confirmation schedules started."",""sequence"":5,""source"":""pqc"",""stage"":""key_schedule"",""state"":""derived""},{""detail"":""Both role-separated Finished messages verified."",""sequence"":6,""source"":""pqc"",""stage"":""finished"",""state"":""verified""},{""detail"":""Confirmed PQC session key released."",""sequence"":7,""source"":""session"",""stage"":""session"",""state"":""established""}],""version"":1}"
